run_id,variant,rank,cause_set,set_score
phase6v2-r01-input-medium-a01,D4-S,1,NONE,0
phase6v2-r01-input-medium-a01,D4-S,2,LOAD,-0.38276290770496746
phase6v2-r01-input-medium-a01,D4-S,3,DOWNSTREAM,-0.5686258164985829
phase6v2-r01-input-medium-a01,D4-S,4,INPUT,-0.7821093679549447
phase6v2-r01-input-medium-a01,D4-S,5,OUTPUT,-0.8513456156431436
phase6v2-r01-input-medium-a01,D4-S,6,LOAD+DOWNSTREAM,-0.9513887242035504
phase6v2-r01-input-medium-a01,D4-S,7,INPUT+LOAD,-1.1648722756599121
phase6v2-r01-input-medium-a01,D4-S,8,OUTPUT+LOAD,-1.234108523348111
phase6v2-r01-input-medium-a01,D4-S,9,INPUT+DOWNSTREAM,-1.3507351844535276
phase6v2-r01-input-medium-a01,D4-S,10,OUTPUT+DOWNSTREAM,-1.4199714321417265
phase6v2-r01-input-medium-a01,D4-S,11,INPUT+OUTPUT,-1.6334549835980883
phase6v2-r01-input-load-a01,D4-S,1,LOAD,2.731845783717282
phase6v2-r01-input-load-a01,D4-S,2,OUTPUT+LOAD,1.820062932458937
phase6v2-r01-input-load-a01,D4-S,3,INPUT+LOAD,-0.9946734589142587
phase6v2-r01-input-load-a01,D4-S,4,LOAD+DOWNSTREAM,-1.166029920584407
phase6v2-r01-input-load-a01,D4-S,5,NONE,-2.731845783717282
phase6v2-r01-input-load-a01,D4-S,6,OUTPUT,-3.6436286349756273
phase6v2-r01-input-load-a01,D4-S,7,INPUT,-6.458365026348822
phase6v2-r01-input-load-a01,D4-S,8,DOWNSTREAM,-6.629721488018971
phase6v2-r01-input-load-a01,D4-S,9,INPUT+OUTPUT,-7.370147877607168
phase6v2-r01-input-load-a01,D4-S,10,OUTPUT+DOWNSTREAM,-7.541504339277316
phase6v2-r01-input-load-a01,D4-S,11,INPUT+DOWNSTREAM,-10.356240730650512
phase6v2-r01-output-medium-a01,D4-S,1,LOAD,0.2786946845095636
phase6v2-r01-output-medium-a01,D4-S,2,OUTPUT+LOAD,0.14909586607629066
phase6v2-r01-output-medium-a01,D4-S,3,NONE,-0.2786946845095636
phase6v2-r01-output-medium-a01,D4-S,4,OUTPUT,-0.4082935029428365
phase6v2-r01-output-medium-a01,D4-S,5,INPUT+LOAD,-0.5587591118136761
phase6v2-r01-output-medium-a01,D4-S,6,LOAD+DOWNSTREAM,-0.7783055726641223
phase6v2-r01-output-medium-a01,D4-S,7,INPUT,-1.1161484808328033
phase6v2-r01-output-medium-a01,D4-S,8,INPUT+OUTPUT,-1.245747299266076
phase6v2-r01-output-medium-a01,D4-S,9,DOWNSTREAM,-1.3356949416832493
phase6v2-r01-output-medium-a01,D4-S,10,OUTPUT+DOWNSTREAM,-1.4652937601165221
phase6v2-r01-output-medium-a01,D4-S,11,INPUT+DOWNSTREAM,-2.173148738006489
phase6v2-r01-load-downstream-a01,D4-S,1,LOAD,2.3371692883459714
phase6v2-r01-load-downstream-a01,D4-S,2,OUTPUT+LOAD,1.965864245931155
phase6v2-r01-load-downstream-a01,D4-S,3,INPUT+LOAD,0.5413621906663271
phase6v2-r01-load-downstream-a01,D4-S,4,LOAD+DOWNSTREAM,0.4180525974683229
phase6v2-r01-load-downstream-a01,D4-S,5,NONE,-2.3371692883459714
phase6v2-r01-load-downstream-a01,D4-S,6,OUTPUT,-2.708474330760788
phase6v2-r01-load-downstream-a01,D4-S,7,INPUT,-4.132976386025616
phase6v2-r01-load-downstream-a01,D4-S,8,DOWNSTREAM,-4.25628597922362
phase6v2-r01-load-downstream-a01,D4-S,9,INPUT+OUTPUT,-4.504281428440432
phase6v2-r01-load-downstream-a01,D4-S,10,OUTPUT+DOWNSTREAM,-4.627591021638436
phase6v2-r01-load-downstream-a01,D4-S,11,INPUT+DOWNSTREAM,-6.052093076903264
phase6v2-r01-output-downstream-control-a01,D4-S,1,NONE,0
phase6v2-r01-output-downstream-control-a01,D4-S,2,OUTPUT,-0.05313118434552516
phase6v2-r01-output-downstream-control-a01,D4-S,3,DOWNSTREAM,-0.2747896665700949
phase6v2-r01-output-downstream-control-a01,D4-S,4,INPUT,-0.3203543421664846
phase6v2-r01-output-downstream-control-a01,D4-S,5,OUTPUT+DOWNSTREAM,-0.32792085091562007
phase6v2-r01-output-downstream-control-a01,D4-S,6,LOAD,-0.3458153238821562
phase6v2-r01-output-downstream-control-a01,D4-S,7,INPUT+OUTPUT,-0.3734855265120098
phase6v2-r01-output-downstream-control-a01,D4-S,8,OUTPUT+LOAD,-0.39894650822768135
phase6v2-r01-output-downstream-control-a01,D4-S,9,INPUT+DOWNSTREAM,-0.5951440087365796
phase6v2-r01-output-downstream-control-a01,D4-S,10,LOAD+DOWNSTREAM,-0.620604990452251
phase6v2-r01-output-downstream-control-a01,D4-S,11,INPUT+LOAD,-0.6661696660486408
phase6v2-r01-downstream-medium-a01,D4-S,1,NONE,0
phase6v2-r01-downstream-medium-a01,D4-S,2,OUTPUT,-0.1361424808442246
phase6v2-r01-downstream-medium-a01,D4-S,3,INPUT,-0.16915721636251074
phase6v2-r01-downstream-medium-a01,D4-S,4,DOWNSTREAM,-0.2069693712076356
phase6v2-r01-downstream-medium-a01,D4-S,5,INPUT+OUTPUT,-0.30529969720673533
phase6v2-r01-downstream-medium-a01,D4-S,6,OUTPUT+DOWNSTREAM,-0.3431118520518602
phase6v2-r01-downstream-medium-a01,D4-S,7,INPUT+DOWNSTREAM,-0.37612658757014633
phase6v2-r01-downstream-medium-a01,D4-S,8,LOAD,-0.41956272581156684
phase6v2-r01-downstream-medium-a01,D4-S,9,OUTPUT+LOAD,-0.5557052066557915
phase6v2-r01-downstream-medium-a01,D4-S,10,INPUT+LOAD,-0.5887199421740776
phase6v2-r01-downstream-medium-a01,D4-S,11,LOAD+DOWNSTREAM,-0.6265320970192024
phase6v2-r01-output-load-control-a01,D4-S,1,LOAD,1.8819689027498732
phase6v2-r01-output-load-control-a01,D4-S,2,INPUT+LOAD,1.1514738301398801
phase6v2-r01-output-load-control-a01,D4-S,3,OUTPUT+LOAD,1.0544015498372619
phase6v2-r01-output-load-control-a01,D4-S,4,LOAD+DOWNSTREAM,0.6654646863334515
phase6v2-r01-output-load-control-a01,D4-S,5,NONE,-1.8819689027498732
phase6v2-r01-output-load-control-a01,D4-S,6,INPUT,-2.612463975359866
phase6v2-r01-output-load-control-a01,D4-S,7,OUTPUT,-2.7095362556624845
phase6v2-r01-output-load-control-a01,D4-S,8,DOWNSTREAM,-3.098473119166295
phase6v2-r01-output-load-control-a01,D4-S,9,INPUT+OUTPUT,-3.4400313282724775
phase6v2-r01-output-load-control-a01,D4-S,10,INPUT+DOWNSTREAM,-3.828968191776288
phase6v2-r01-output-load-control-a01,D4-S,11,OUTPUT+DOWNSTREAM,-3.926040472078906
phase6v2-r01-input-downstream-a01,D4-S,1,NONE,0
phase6v2-r01-input-downstream-a01,D4-S,2,LOAD,-0.07202653035614792
phase6v2-r01-input-downstream-a01,D4-S,3,OUTPUT,-0.1429190809976924
phase6v2-r01-input-downstream-a01,D4-S,4,INPUT,-0.20778519260178313
phase6v2-r01-input-downstream-a01,D4-S,5,OUTPUT+LOAD,-0.21494561135384033
phase6v2-r01-input-downstream-a01,D4-S,6,DOWNSTREAM,-0.2719761184381097
phase6v2-r01-input-downstream-a01,D4-S,7,INPUT+LOAD,-0.27981172295793105
phase6v2-r01-input-downstream-a01,D4-S,8,LOAD+DOWNSTREAM,-0.3440026487942576
phase6v2-r01-input-downstream-a01,D4-S,9,INPUT+OUTPUT,-0.35070427359947554
phase6v2-r01-input-downstream-a01,D4-S,10,OUTPUT+DOWNSTREAM,-0.4148951994358021
phase6v2-r01-input-downstream-a01,D4-S,11,INPUT+DOWNSTREAM,-0.47976131103989283
phase6v2-r01-output-control-a01,D4-S,1,NONE,0
phase6v2-r01-output-control-a01,D4-S,2,INPUT,-0.04562745727648898
phase6v2-r01-output-control-a01,D4-S,3,DOWNSTREAM,-0.05014955985544589
phase6v2-r01-output-control-a01,D4-S,4,INPUT+DOWNSTREAM,-0.09577701713193487
phase6v2-r01-output-control-a01,D4-S,5,OUTPUT,-0.11327881546164825
phase6v2-r01-output-control-a01,D4-S,6,INPUT+OUTPUT,-0.15890627273813723
phase6v2-r01-output-control-a01,D4-S,7,OUTPUT+DOWNSTREAM,-0.16342837531709414
phase6v2-r01-output-control-a01,D4-S,8,LOAD,-1.218984037493487
phase6v2-r01-output-control-a01,D4-S,9,INPUT+LOAD,-1.264611494769976
phase6v2-r01-output-control-a01,D4-S,10,LOAD+DOWNSTREAM,-1.269133597348933
phase6v2-r01-output-control-a01,D4-S,11,OUTPUT+LOAD,-1.3322628529551352
phase6v2-r01-output-downstream-a01,D4-S,1,OUTPUT+LOAD,1.0513853477398514
phase6v2-r01-output-downstream-a01,D4-S,2,LOAD,0.38360064035782504
phase6v2-r01-output-downstream-a01,D4-S,3,OUTPUT,-0.38360064035782504
phase6v2-r01-output-downstream-a01,D4-S,4,LOAD+DOWNSTREAM,-0.6469921638304325
phase6v2-r01-output-downstream-a01,D4-S,5,INPUT+LOAD,-0.9299001664752357
phase6v2-r01-output-downstream-a01,D4-S,6,NONE,-1.0513853477398514
phase6v2-r01-output-downstream-a01,D4-S,7,OUTPUT+DOWNSTREAM,-1.4141934445460826
phase6v2-r01-output-downstream-a01,D4-S,8,INPUT+OUTPUT,-1.6971014471908856
phase6v2-r01-output-downstream-a01,D4-S,9,DOWNSTREAM,-2.0819781519281086
phase6v2-r01-output-downstream-a01,D4-S,10,INPUT,-2.364886154572912
phase6v2-r01-output-downstream-a01,D4-S,11,INPUT+DOWNSTREAM,-3.3954789587611693
phase6v2-r01-baseline-a01,D4-S,1,NONE,0
phase6v2-r01-baseline-a01,D4-S,2,DOWNSTREAM,-0.5446348895381034
phase6v2-r01-baseline-a01,D4-S,3,LOAD,-0.6777440932274383
phase6v2-r01-baseline-a01,D4-S,4,INPUT,-0.7181435642950326
phase6v2-r01-baseline-a01,D4-S,5,OUTPUT,-0.9207532052838203
phase6v2-r01-baseline-a01,D4-S,6,LOAD+DOWNSTREAM,-1.2223789827655418
phase6v2-r01-baseline-a01,D4-S,7,INPUT+DOWNSTREAM,-1.262778453833136
phase6v2-r01-baseline-a01,D4-S,8,INPUT+LOAD,-1.3958876575224708
phase6v2-r01-baseline-a01,D4-S,9,OUTPUT+DOWNSTREAM,-1.4653880948219236
phase6v2-r01-baseline-a01,D4-S,10,OUTPUT+LOAD,-1.5984972985112587
phase6v2-r01-baseline-a01,D4-S,11,INPUT+OUTPUT,-1.638896769578853
phase6v2-r01-output-load-a01,D4-S,1,LOAD,2.766218997869998
phase6v2-r01-output-load-a01,D4-S,2,OUTPUT+LOAD,1.8473201410590483
phase6v2-r01-output-load-a01,D4-S,3,INPUT+LOAD,-1.1957100435414136
phase6v2-r01-output-load-a01,D4-S,4,LOAD+DOWNSTREAM,-1.365909909588821
phase6v2-r01-output-load-a01,D4-S,5,NONE,-2.766218997869998
phase6v2-r01-output-load-a01,D4-S,6,OUTPUT,-3.6851178546809478
phase6v2-r01-output-load-a01,D4-S,7,INPUT,-6.728148039281409
phase6v2-r01-output-load-a01,D4-S,8,DOWNSTREAM,-6.8983479053288175
phase6v2-r01-output-load-a01,D4-S,9,INPUT+OUTPUT,-7.647046896092359
phase6v2-r01-output-load-a01,D4-S,10,OUTPUT+DOWNSTREAM,-7.817246762139767
phase6v2-r01-output-load-a01,D4-S,11,INPUT+DOWNSTREAM,-10.860276946740228
phase6v2-r01-load-medium-a01,D4-S,1,LOAD,2.475229823990106
phase6v2-r01-load-medium-a01,D4-S,2,OUTPUT+LOAD,1.9331246344660715
phase6v2-r01-load-medium-a01,D4-S,3,LOAD+DOWNSTREAM,0.5928284783264346
phase6v2-r01-load-medium-a01,D4-S,4,INPUT+LOAD,0.536283439263888
phase6v2-r01-load-medium-a01,D4-S,5,NONE,-2.475229823990106
phase6v2-r01-load-medium-a01,D4-S,6,OUTPUT,-3.0173350135141406
phase6v2-r01-load-medium-a01,D4-S,7,DOWNSTREAM,-4.357631169653778
phase6v2-r01-load-medium-a01,D4-S,8,INPUT,-4.414176208716324
phase6v2-r01-load-medium-a01,D4-S,9,OUTPUT+DOWNSTREAM,-4.899736359177812
phase6v2-r01-load-medium-a01,D4-S,10,INPUT+OUTPUT,-4.956281398240359
phase6v2-r01-load-medium-a01,D4-S,11,INPUT+DOWNSTREAM,-6.296577554379995
phase6v2-r01-input-medium-a01,D4-SM,1,LOAD,0.05917208796082041
phase6v2-r01-input-medium-a01,D4-SM,2,NONE,-0.05917208796082041
phase6v2-r01-input-medium-a01,D4-SM,3,LOAD+DOWNSTREAM,-0.22029167103502512
phase6v2-r01-input-medium-a01,D4-SM,4,DOWNSTREAM,-0.33863584695666593
phase6v2-r01-input-medium-a01,D4-SM,5,INPUT+LOAD,-0.4261375790997522
phase6v2-r01-input-medium-a01,D4-SM,6,INPUT,-0.544481755021393
phase6v2-r01-input-medium-a01,D4-SM,7,INPUT+DOWNSTREAM,-0.8239455140172385
phase6v2-r01-input-medium-a01,D4-SM,8,OUTPUT+LOAD,-1.3247997348367024
phase6v2-r01-input-medium-a01,D4-SM,9,OUTPUT,-1.4431439107583433
phase6v2-r01-input-medium-a01,D4-SM,10,OUTPUT+DOWNSTREAM,-1.7226076697541888
phase6v2-r01-input-medium-a01,D4-SM,11,INPUT+OUTPUT,-1.9284535778189158
phase6v2-r01-input-load-a01,D4-SM,1,OUTPUT+LOAD,3.4771862486150225
phase6v2-r01-input-load-a01,D4-SM,2,LOAD,1.6925179949812215
phase6v2-r01-input-load-a01,D4-SM,3,LOAD+DOWNSTREAM,-0.32185218511415437
phase6v2-r01-input-load-a01,D4-SM,4,OUTPUT,-1.6925179949812215
phase6v2-r01-input-load-a01,D4-SM,5,INPUT+LOAD,-2.9514385388435933
phase6v2-r01-input-load-a01,D4-SM,6,NONE,-3.4771862486150225
phase6v2-r01-input-load-a01,D4-SM,7,OUTPUT+DOWNSTREAM,-3.7068881750765974
phase6v2-r01-input-load-a01,D4-SM,8,DOWNSTREAM,-5.491556428710398
phase6v2-r01-input-load-a01,D4-SM,9,INPUT+OUTPUT,-6.336474528806036
phase6v2-r01-input-load-a01,D4-SM,10,INPUT,-8.121142782439836
phase6v2-r01-input-load-a01,D4-SM,11,INPUT+DOWNSTREAM,-10.135512962535213
phase6v2-r01-output-medium-a01,D4-SM,1,OUTPUT,0.6716067729659371
phase6v2-r01-output-medium-a01,D4-SM,2,INPUT+OUTPUT,0.2548041918910676
phase6v2-r01-output-medium-a01,D4-SM,3,OUTPUT+DOWNSTREAM,0.11826806778302257
phase6v2-r01-output-medium-a01,D4-SM,4,OUTPUT+LOAD,0.06468370857655725
phase6v2-r01-output-medium-a01,D4-SM,5,NONE,-0.6716067729659371
phase6v2-r01-output-medium-a01,D4-SM,6,INPUT,-1.0884093540408064
phase6v2-r01-output-medium-a01,D4-SM,7,DOWNSTREAM,-1.2249454781488516
phase6v2-r01-output-medium-a01,D4-SM,8,LOAD,-1.278529837355317
phase6v2-r01-output-medium-a01,D4-SM,9,INPUT+DOWNSTREAM,-1.641748059223721
phase6v2-r01-output-medium-a01,D4-SM,10,INPUT+LOAD,-1.6953324184301866
phase6v2-r01-output-medium-a01,D4-SM,11,LOAD+DOWNSTREAM,-1.8318685425382313
phase6v2-r01-load-downstream-a01,D4-SM,1,LOAD+DOWNSTREAM,4.909861925608841
phase6v2-r01-load-downstream-a01,D4-SM,2,OUTPUT+LOAD,1.9390879467552253
phase6v2-r01-load-downstream-a01,D4-SM,3,LOAD,1.871271449037134
phase6v2-r01-load-downstream-a01,D4-SM,4,INPUT+LOAD,-0.5308480223495147
phase6v2-r01-load-downstream-a01,D4-SM,5,OUTPUT+DOWNSTREAM,-1.871271449037134
phase6v2-r01-load-downstream-a01,D4-SM,6,DOWNSTREAM,-1.9390879467552253
phase6v2-r01-load-downstream-a01,D4-SM,7,INPUT+DOWNSTREAM,-4.341207418141874
phase6v2-r01-load-downstream-a01,D4-SM,8,OUTPUT,-4.909861925608841
phase6v2-r01-load-downstream-a01,D4-SM,9,NONE,-4.977678423326933
phase6v2-r01-load-downstream-a01,D4-SM,10,INPUT+OUTPUT,-7.31198139699549
phase6v2-r01-load-downstream-a01,D4-SM,11,INPUT,-7.379797894713581
phase6v2-r01-output-downstream-control-a01,D4-SM,1,DOWNSTREAM,2.34145875043963
phase6v2-r01-output-downstream-control-a01,D4-SM,2,INPUT+DOWNSTREAM,2.075951401771275
phase6v2-r01-output-downstream-control-a01,D4-SM,3,OUTPUT+DOWNSTREAM,1.7418050431933414
phase6v2-r01-output-downstream-control-a01,D4-SM,4,LOAD+DOWNSTREAM,1.4327145295712507
phase6v2-r01-output-downstream-control-a01,D4-SM,5,NONE,-2.34145875043963
phase6v2-r01-output-downstream-control-a01,D4-SM,6,INPUT,-2.606966099107985
phase6v2-r01-output-downstream-control-a01,D4-SM,7,OUTPUT,-2.941112457685918
phase6v2-r01-output-downstream-control-a01,D4-SM,8,INPUT+OUTPUT,-3.206619806354273
phase6v2-r01-output-downstream-control-a01,D4-SM,9,LOAD,-3.250202971308009
phase6v2-r01-output-downstream-control-a01,D4-SM,10,INPUT+LOAD,-3.515710319976364
phase6v2-r01-output-downstream-control-a01,D4-SM,11,OUTPUT+LOAD,-3.849856678554297
phase6v2-r01-downstream-medium-a01,D4-SM,1,LOAD+DOWNSTREAM,2.40302347382747
phase6v2-r01-downstream-medium-a01,D4-SM,2,DOWNSTREAM,2.34771432241425
phase6v2-r01-downstream-medium-a01,D4-SM,3,INPUT+DOWNSTREAM,2.1564840594975636
phase6v2-r01-downstream-medium-a01,D4-SM,4,OUTPUT+DOWNSTREAM,1.3763413438838286
phase6v2-r01-downstream-medium-a01,D4-SM,5,LOAD,-2.34771432241425
phase6v2-r01-downstream-medium-a01,D4-SM,6,NONE,-2.40302347382747
phase6v2-r01-downstream-medium-a01,D4-SM,7,INPUT+LOAD,-2.538944585330936
phase6v2-r01-downstream-medium-a01,D4-SM,8,INPUT,-2.594253736744156
phase6v2-r01-downstream-medium-a01,D4-SM,9,OUTPUT+LOAD,-3.319087300944671
phase6v2-r01-downstream-medium-a01,D4-SM,10,OUTPUT,-3.374396452357891
phase6v2-r01-downstream-medium-a01,D4-SM,11,INPUT+OUTPUT,-3.5656267152745773
phase6v2-r01-output-load-control-a01,D4-SM,1,LOAD,3.1968747433839844
phase6v2-r01-output-load-control-a01,D4-SM,2,OUTPUT+LOAD,2.5422980722863127
phase6v2-r01-output-load-control-a01,D4-SM,3,LOAD+DOWNSTREAM,2.527857679866153
phase6v2-r01-output-load-control-a01,D4-SM,4,INPUT+LOAD,2.1660680270619186
phase6v2-r01-output-load-control-a01,D4-SM,5,NONE,-3.1968747433839844
phase6v2-r01-output-load-control-a01,D4-SM,6,OUTPUT,-3.851451414481656
phase6v2-r01-output-load-control-a01,D4-SM,7,DOWNSTREAM,-3.8658918069018156
phase6v2-r01-output-load-control-a01,D4-SM,8,INPUT,-4.22768145970605
phase6v2-r01-output-load-control-a01,D4-SM,9,OUTPUT+DOWNSTREAM,-4.520468477999487
phase6v2-r01-output-load-control-a01,D4-SM,10,INPUT+OUTPUT,-4.882258130803722
phase6v2-r01-output-load-control-a01,D4-SM,11,INPUT+DOWNSTREAM,-4.896698523223881
phase6v2-r01-input-downstream-a01,D4-SM,1,LOAD+DOWNSTREAM,2.5375004164534793
phase6v2-r01-input-downstream-a01,D4-SM,2,DOWNSTREAM,2.148230632557766
phase6v2-r01-input-downstream-a01,D4-SM,3,INPUT+DOWNSTREAM,1.8543881021891795
phase6v2-r01-input-downstream-a01,D4-SM,4,OUTPUT+DOWNSTREAM,1.1259944382706046
phase6v2-r01-input-downstream-a01,D4-SM,5,LOAD,-2.148230632557766
phase6v2-r01-input-downstream-a01,D4-SM,6,INPUT+LOAD,-2.4420731629263526
phase6v2-r01-input-downstream-a01,D4-SM,7,NONE,-2.5375004164534793
phase6v2-r01-input-downstream-a01,D4-SM,8,INPUT,-2.831342946822066
phase6v2-r01-input-downstream-a01,D4-SM,9,OUTPUT+LOAD,-3.170466826844928
phase6v2-r01-input-downstream-a01,D4-SM,10,OUTPUT,-3.559736610740641
phase6v2-r01-input-downstream-a01,D4-SM,11,INPUT+OUTPUT,-3.8535791411092273
phase6v2-r01-output-control-a01,D4-SM,1,DOWNSTREAM,0.01864451038132442
phase6v2-r01-output-control-a01,D4-SM,2,INPUT+DOWNSTREAM,-0.004607541955747196
phase6v2-r01-output-control-a01,D4-SM,3,NONE,-0.01864451038132442
phase6v2-r01-output-control-a01,D4-SM,4,INPUT,-0.041896562718396035
phase6v2-r01-output-control-a01,D4-SM,5,OUTPUT+DOWNSTREAM,-0.7374936891663466
phase6v2-r01-output-control-a01,D4-SM,6,OUTPUT,-0.7747827099289954
phase6v2-r01-output-control-a01,D4-SM,7,INPUT+OUTPUT,-0.7980347622660671
phase6v2-r01-output-control-a01,D4-SM,8,LOAD+DOWNSTREAM,-1.321686747223112
phase6v2-r01-output-control-a01,D4-SM,9,LOAD,-1.3589757679857608
phase6v2-r01-output-control-a01,D4-SM,10,INPUT+LOAD,-1.3822278203228324
phase6v2-r01-output-control-a01,D4-SM,11,OUTPUT+LOAD,-2.1151139675334316
phase6v2-r01-output-downstream-a01,D4-SM,1,OUTPUT+DOWNSTREAM,2.88138363693213
phase6v2-r01-output-downstream-a01,D4-SM,2,DOWNSTREAM,1.0457307263289675
phase6v2-r01-output-downstream-a01,D4-SM,3,LOAD+DOWNSTREAM,0.6537759487555034
phase6v2-r01-output-downstream-a01,D4-SM,4,INPUT+DOWNSTREAM,0.2877216803082566
phase6v2-r01-output-downstream-a01,D4-SM,5,OUTPUT,-1.0457307263289675
phase6v2-r01-output-downstream-a01,D4-SM,6,OUTPUT+LOAD,-1.4376855039024319
phase6v2-r01-output-downstream-a01,D4-SM,7,INPUT+OUTPUT,-1.8037397723496786
phase6v2-r01-output-downstream-a01,D4-SM,8,NONE,-2.88138363693213
phase6v2-r01-output-downstream-a01,D4-SM,9,LOAD,-3.2733384145055946
phase6v2-r01-output-downstream-a01,D4-SM,10,INPUT,-3.6393926829528414
phase6v2-r01-output-downstream-a01,D4-SM,11,INPUT+LOAD,-4.031347460526305
phase6v2-r01-baseline-a01,D4-SM,1,NONE,0
phase6v2-r01-baseline-a01,D4-SM,2,LOAD,-0.07981536557541508
phase6v2-r01-baseline-a01,D4-SM,3,DOWNSTREAM,-0.25706138286949776
phase6v2-r01-baseline-a01,D4-SM,4,LOAD+DOWNSTREAM,-0.33687674844491283
phase6v2-r01-baseline-a01,D4-SM,5,INPUT,-0.3695782316489462
phase6v2-r01-baseline-a01,D4-SM,6,INPUT+LOAD,-0.4493935972243613
phase6v2-r01-baseline-a01,D4-SM,7,INPUT+DOWNSTREAM,-0.626639614518444
phase6v2-r01-baseline-a01,D4-SM,8,OUTPUT,-1.356278555898598
phase6v2-r01-baseline-a01,D4-SM,9,OUTPUT+LOAD,-1.436093921474013
phase6v2-r01-baseline-a01,D4-SM,10,OUTPUT+DOWNSTREAM,-1.6133399387680956
phase6v2-r01-baseline-a01,D4-SM,11,INPUT+OUTPUT,-1.7258567875475441
phase6v2-r01-output-load-a01,D4-SM,1,OUTPUT+LOAD,3.6664810314119585
phase6v2-r01-output-load-a01,D4-SM,2,LOAD,0.7404558085703306
phase6v2-r01-output-load-a01,D4-SM,3,OUTPUT,-0.7404558085703306
phase6v2-r01-output-load-a01,D4-SM,4,LOAD+DOWNSTREAM,-1.3873580592198098
phase6v2-r01-output-load-a01,D4-SM,5,OUTPUT+DOWNSTREAM,-2.868269676360471
phase6v2-r01-output-load-a01,D4-SM,6,NONE,-3.6664810314119585
phase6v2-r01-output-load-a01,D4-SM,7,INPUT+LOAD,-4.068469786097556
phase6v2-r01-output-load-a01,D4-SM,8,INPUT+OUTPUT,-5.549381403238217
phase6v2-r01-output-load-a01,D4-SM,9,DOWNSTREAM,-5.794294899202098
phase6v2-r01-output-load-a01,D4-SM,10,INPUT,-8.475406626079845
phase6v2-r01-output-load-a01,D4-SM,11,INPUT+DOWNSTREAM,-10.603220493869985
phase6v2-r01-load-medium-a01,D4-SM,1,OUTPUT+LOAD,3.5033772404255688
phase6v2-r01-load-medium-a01,D4-SM,2,LOAD,3.4836331675826333
phase6v2-r01-load-medium-a01,D4-SM,3,LOAD+DOWNSTREAM,2.500618813237547
phase6v2-r01-load-medium-a01,D4-SM,4,INPUT+LOAD,1.0930035532677764
phase6v2-r01-load-medium-a01,D4-SM,5,OUTPUT,-3.4836331675826333
phase6v2-r01-load-medium-a01,D4-SM,6,NONE,-3.5033772404255688
phase6v2-r01-load-medium-a01,D4-SM,7,OUTPUT+DOWNSTREAM,-4.46664752192772
phase6v2-r01-load-medium-a01,D4-SM,8,DOWNSTREAM,-4.486391594770655
phase6v2-r01-load-medium-a01,D4-SM,9,INPUT+OUTPUT,-5.874262781897491
phase6v2-r01-load-medium-a01,D4-SM,10,INPUT,-5.894006854740425
phase6v2-r01-load-medium-a01,D4-SM,11,INPUT+DOWNSTREAM,-6.8770212090855125
phase6v2-r01-input-medium-a01,D4-SMT,1,NONE,0
phase6v2-r01-input-medium-a01,D4-SMT,2,LOAD,-0.017533758478846417
phase6v2-r01-input-medium-a01,D4-SMT,3,INPUT,-0.1141921086493547
phase6v2-r01-input-medium-a01,D4-SMT,4,INPUT+LOAD,-0.1317258671282011
phase6v2-r01-input-medium-a01,D4-SMT,5,DOWNSTREAM,-0.16184449588615107
phase6v2-r01-input-medium-a01,D4-SMT,6,LOAD+DOWNSTREAM,-0.1793782543649975
phase6v2-r01-input-medium-a01,D4-SMT,7,INPUT+DOWNSTREAM,-0.27603660453550577
phase6v2-r01-input-medium-a01,D4-SMT,8,OUTPUT,-0.5729035166859935
phase6v2-r01-input-medium-a01,D4-SMT,9,OUTPUT+LOAD,-0.5904372751648399
phase6v2-r01-input-medium-a01,D4-SMT,10,INPUT+OUTPUT,-0.6870956253353482
phase6v2-r01-input-medium-a01,D4-SMT,11,OUTPUT+DOWNSTREAM,-0.7347480125721446
phase6v2-r01-input-load-a01,D4-SMT,1,OUTPUT+LOAD,3.8049204739196494
phase6v2-r01-input-load-a01,D4-SMT,2,LOAD,1.8338083063201716
phase6v2-r01-input-load-a01,D4-SMT,3,LOAD+DOWNSTREAM,1.4691131885966258
phase6v2-r01-input-load-a01,D4-SMT,4,INPUT+LOAD,1.1964563061725648
phase6v2-r01-input-load-a01,D4-SMT,5,OUTPUT,-1.8338083063201716
phase6v2-r01-input-load-a01,D4-SMT,6,OUTPUT+DOWNSTREAM,-2.198503424043717
phase6v2-r01-input-load-a01,D4-SMT,7,INPUT+OUTPUT,-2.471160306467778
phase6v2-r01-input-load-a01,D4-SMT,8,NONE,-3.8049204739196494
phase6v2-r01-input-load-a01,D4-SMT,9,DOWNSTREAM,-4.169615591643195
phase6v2-r01-input-load-a01,D4-SMT,10,INPUT,-4.442272474067256
phase6v2-r01-input-load-a01,D4-SMT,11,INPUT+DOWNSTREAM,-4.8069675917908015
phase6v2-r01-output-medium-a01,D4-SMT,1,OUTPUT,0.7049420299732099
phase6v2-r01-output-medium-a01,D4-SMT,2,OUTPUT+LOAD,0.6995869440003585
phase6v2-r01-output-medium-a01,D4-SMT,3,INPUT+OUTPUT,0.6183892689893231
phase6v2-r01-output-medium-a01,D4-SMT,4,OUTPUT+DOWNSTREAM,0.1873208514728868
phase6v2-r01-output-medium-a01,D4-SMT,5,NONE,-0.7049420299732099
phase6v2-r01-output-medium-a01,D4-SMT,6,LOAD,-0.7102971159460613
phase6v2-r01-output-medium-a01,D4-SMT,7,INPUT,-0.7914947909570966
phase6v2-r01-output-medium-a01,D4-SMT,8,INPUT+LOAD,-0.796849876929948
phase6v2-r01-output-medium-a01,D4-SMT,9,DOWNSTREAM,-1.222563208473533
phase6v2-r01-output-medium-a01,D4-SMT,10,LOAD+DOWNSTREAM,-1.2279182944463845
phase6v2-r01-output-medium-a01,D4-SMT,11,INPUT+DOWNSTREAM,-1.3091159694574197
phase6v2-r01-load-downstream-a01,D4-SMT,1,LOAD+DOWNSTREAM,4.53851418767
phase6v2-r01-load-downstream-a01,D4-SMT,2,LOAD,1.9210222135052044
phase6v2-r01-load-downstream-a01,D4-SMT,3,OUTPUT+LOAD,1.8613917529300976
phase6v2-r01-load-downstream-a01,D4-SMT,4,INPUT+LOAD,1.3139422705913915
phase6v2-r01-load-downstream-a01,D4-SMT,5,DOWNSTREAM,-1.9210222135052044
phase6v2-r01-load-downstream-a01,D4-SMT,6,OUTPUT+DOWNSTREAM,-1.9806526740803112
phase6v2-r01-load-downstream-a01,D4-SMT,7,INPUT+DOWNSTREAM,-2.5281021564190174
phase6v2-r01-load-downstream-a01,D4-SMT,8,NONE,-4.53851418767
phase6v2-r01-load-downstream-a01,D4-SMT,9,OUTPUT,-4.598144648245106
phase6v2-r01-load-downstream-a01,D4-SMT,10,INPUT,-5.145594130583812
phase6v2-r01-load-downstream-a01,D4-SMT,11,INPUT+OUTPUT,-5.2052245911589194
phase6v2-r01-output-downstream-control-a01,D4-SMT,1,DOWNSTREAM,1.6312054718132982
phase6v2-r01-output-downstream-control-a01,D4-SMT,2,OUTPUT+DOWNSTREAM,1.584485107985806
phase6v2-r01-output-downstream-control-a01,D4-SMT,3,INPUT+DOWNSTREAM,1.4649221924097828
phase6v2-r01-output-downstream-control-a01,D4-SMT,4,LOAD+DOWNSTREAM,1.2871300231466603
phase6v2-r01-output-downstream-control-a01,D4-SMT,5,NONE,-1.6312054718132982
phase6v2-r01-output-downstream-control-a01,D4-SMT,6,OUTPUT,-1.6779258356407905
phase6v2-r01-output-downstream-control-a01,D4-SMT,7,INPUT,-1.7974887512168136
phase6v2-r01-output-downstream-control-a01,D4-SMT,8,INPUT+OUTPUT,-1.844209115044306
phase6v2-r01-output-downstream-control-a01,D4-SMT,9,LOAD,-1.9752809204799362
phase6v2-r01-output-downstream-control-a01,D4-SMT,10,OUTPUT+LOAD,-2.0220012843074286
phase6v2-r01-output-downstream-control-a01,D4-SMT,11,INPUT+LOAD,-2.141564199883452
phase6v2-r01-downstream-medium-a01,D4-SMT,1,DOWNSTREAM,1.2301962654426462
phase6v2-r01-downstream-medium-a01,D4-SMT,2,LOAD+DOWNSTREAM,1.1468401169722702
phase6v2-r01-downstream-medium-a01,D4-SMT,3,INPUT+DOWNSTREAM,1.1019559437299404
phase6v2-r01-downstream-medium-a01,D4-SMT,4,OUTPUT+DOWNSTREAM,0.6515076818910427
phase6v2-r01-downstream-medium-a01,D4-SMT,5,NONE,-1.2301962654426462
phase6v2-r01-downstream-medium-a01,D4-SMT,6,LOAD,-1.3135524139130221
phase6v2-r01-downstream-medium-a01,D4-SMT,7,INPUT,-1.3584365871553519
phase6v2-r01-downstream-medium-a01,D4-SMT,8,INPUT+LOAD,-1.4417927356257279
phase6v2-r01-downstream-medium-a01,D4-SMT,9,OUTPUT,-1.8088848489942495
phase6v2-r01-downstream-medium-a01,D4-SMT,10,OUTPUT+LOAD,-1.8922409974646257
phase6v2-r01-downstream-medium-a01,D4-SMT,11,INPUT+OUTPUT,-1.9371251707069552
phase6v2-r01-output-load-control-a01,D4-SMT,1,LOAD,3.1175848948819915
phase6v2-r01-output-load-control-a01,D4-SMT,2,OUTPUT+LOAD,2.685975118404819
phase6v2-r01-output-load-control-a01,D4-SMT,3,INPUT+LOAD,2.6037262291275534
phase6v2-r01-output-load-control-a01,D4-SMT,4,LOAD+DOWNSTREAM,2.538673509310986
phase6v2-r01-output-load-control-a01,D4-SMT,5,NONE,-3.1175848948819915
phase6v2-r01-output-load-control-a01,D4-SMT,6,OUTPUT,-3.549194671359164
phase6v2-r01-output-load-control-a01,D4-SMT,7,INPUT,-3.6314435606364297
phase6v2-r01-output-load-control-a01,D4-SMT,8,DOWNSTREAM,-3.696496280452997
phase6v2-r01-output-load-control-a01,D4-SMT,9,INPUT+OUTPUT,-4.063053337113602
phase6v2-r01-output-load-control-a01,D4-SMT,10,OUTPUT+DOWNSTREAM,-4.12810605693017
phase6v2-r01-output-load-control-a01,D4-SMT,11,INPUT+DOWNSTREAM,-4.210354946207435
phase6v2-r01-input-downstream-a01,D4-SMT,1,LOAD+DOWNSTREAM,1.2227938672402836
phase6v2-r01-input-downstream-a01,D4-SMT,2,DOWNSTREAM,1.1945161172768792
phase6v2-r01-input-downstream-a01,D4-SMT,3,INPUT+DOWNSTREAM,0.9980833996616729
phase6v2-r01-input-downstream-a01,D4-SMT,4,OUTPUT+DOWNSTREAM,0.5546579480150721
phase6v2-r01-input-downstream-a01,D4-SMT,5,LOAD,-1.1945161172768792
phase6v2-r01-input-downstream-a01,D4-SMT,6,NONE,-1.2227938672402836
phase6v2-r01-input-downstream-a01,D4-SMT,7,INPUT+LOAD,-1.3909488348920855
phase6v2-r01-input-downstream-a01,D4-SMT,8,INPUT,-1.41922658485549
phase6v2-r01-input-downstream-a01,D4-SMT,9,OUTPUT+LOAD,-1.8343742865386865
phase6v2-r01-input-downstream-a01,D4-SMT,10,OUTPUT,-1.8626520365020909
phase6v2-r01-input-downstream-a01,D4-SMT,11,INPUT+OUTPUT,-2.059084754117297
phase6v2-r01-output-control-a01,D4-SMT,1,NONE,0
phase6v2-r01-output-control-a01,D4-SMT,2,INPUT,-0.016762701399797963
phase6v2-r01-output-control-a01,D4-SMT,3,DOWNSTREAM,-0.32159177949180046
phase6v2-r01-output-control-a01,D4-SMT,4,INPUT+DOWNSTREAM,-0.3383544808915984
phase6v2-r01-output-control-a01,D4-SMT,5,OUTPUT,-0.5044999226870825
phase6v2-r01-output-control-a01,D4-SMT,6,INPUT+OUTPUT,-0.5212626240868805
phase6v2-r01-output-control-a01,D4-SMT,7,LOAD,-0.534287360150415
phase6v2-r01-output-control-a01,D4-SMT,8,INPUT+LOAD,-0.551050061550213
phase6v2-r01-output-control-a01,D4-SMT,9,OUTPUT+DOWNSTREAM,-0.826091702178883
phase6v2-r01-output-control-a01,D4-SMT,10,LOAD+DOWNSTREAM,-0.8558791396422154
phase6v2-r01-output-control-a01,D4-SMT,11,OUTPUT+LOAD,-1.0387872828374975
phase6v2-r01-output-downstream-a01,D4-SMT,1,OUTPUT+DOWNSTREAM,1.3261751646398252
phase6v2-r01-output-downstream-a01,D4-SMT,2,LOAD+DOWNSTREAM,0.9599930560361629
phase6v2-r01-output-downstream-a01,D4-SMT,3,DOWNSTREAM,0.5047011447154686
phase6v2-r01-output-downstream-a01,D4-SMT,4,INPUT+DOWNSTREAM,0.2658291317317689
phase6v2-r01-output-downstream-a01,D4-SMT,5,OUTPUT+LOAD,-0.5047011447154686
phase6v2-r01-output-downstream-a01,D4-SMT,6,OUTPUT,-0.9599930560361629
phase6v2-r01-output-downstream-a01,D4-SMT,7,INPUT+OUTPUT,-1.1988650690198626
phase6v2-r01-output-downstream-a01,D4-SMT,8,LOAD,-1.3261751646398252
phase6v2-r01-output-downstream-a01,D4-SMT,9,INPUT+LOAD,-1.5650471776235249
phase6v2-r01-output-downstream-a01,D4-SMT,10,NONE,-1.7814670759605196
phase6v2-r01-output-downstream-a01,D4-SMT,11,INPUT,-2.0203390889442194
phase6v2-r01-baseline-a01,D4-SMT,1,LOAD,0.15681945768440886
phase6v2-r01-baseline-a01,D4-SMT,2,INPUT+LOAD,0.10903623953144082
phase6v2-r01-baseline-a01,D4-SMT,3,NONE,-0.15681945768440886
phase6v2-r01-baseline-a01,D4-SMT,4,INPUT,-0.2046026758373769
phase6v2-r01-baseline-a01,D4-SMT,5,LOAD+DOWNSTREAM,-0.21642264601803207
phase6v2-r01-baseline-a01,D4-SMT,6,OUTPUT+LOAD,-0.30512199320078676
phase6v2-r01-baseline-a01,D4-SMT,7,DOWNSTREAM,-0.5300615613868498
phase6v2-r01-baseline-a01,D4-SMT,8,INPUT+DOWNSTREAM,-0.5778447795398178
phase6v2-r01-baseline-a01,D4-SMT,9,OUTPUT,-0.6187609085696044
phase6v2-r01-baseline-a01,D4-SMT,10,INPUT+OUTPUT,-0.6665441267225725
phase6v2-r01-baseline-a01,D4-SMT,11,OUTPUT+DOWNSTREAM,-0.9920030122720453
phase6v2-r01-output-load-a01,D4-SMT,1,OUTPUT+LOAD,4.523830631056073
phase6v2-r01-output-load-a01,D4-SMT,2,LOAD,0.4761788154347695
phase6v2-r01-output-load-a01,D4-SMT,3,LOAD+DOWNSTREAM,-0.10688563720583621
phase6v2-r01-output-load-a01,D4-SMT,4,INPUT+LOAD,-0.16117318471283726
phase6v2-r01-output-load-a01,D4-SMT,5,OUTPUT,-0.4761788154347695
phase6v2-r01-output-load-a01,D4-SMT,6,OUTPUT+DOWNSTREAM,-1.0592432680753752
phase6v2-r01-output-load-a01,D4-SMT,7,INPUT+OUTPUT,-1.1135308155823762
phase6v2-r01-output-load-a01,D4-SMT,8,NONE,-4.523830631056073
phase6v2-r01-output-load-a01,D4-SMT,9,DOWNSTREAM,-5.1068950836966795
phase6v2-r01-output-load-a01,D4-SMT,10,INPUT,-5.16118263120368
phase6v2-r01-output-load-a01,D4-SMT,11,INPUT+DOWNSTREAM,-5.744247083844286
phase6v2-r01-load-medium-a01,D4-SMT,1,OUTPUT+LOAD,3.406132993959856
phase6v2-r01-load-medium-a01,D4-SMT,2,LOAD,3.217094396371116
phase6v2-r01-load-medium-a01,D4-SMT,3,LOAD+DOWNSTREAM,2.972908243090028
phase6v2-r01-load-medium-a01,D4-SMT,4,INPUT+LOAD,2.5869234891415642
phase6v2-r01-load-medium-a01,D4-SMT,5,OUTPUT,-3.217094396371116
phase6v2-r01-load-medium-a01,D4-SMT,6,NONE,-3.406132993959856
phase6v2-r01-load-medium-a01,D4-SMT,7,OUTPUT+DOWNSTREAM,-3.4612805496522037
phase6v2-r01-load-medium-a01,D4-SMT,8,DOWNSTREAM,-3.650319147240944
phase6v2-r01-load-medium-a01,D4-SMT,9,INPUT+OUTPUT,-3.8472653036006674
phase6v2-r01-load-medium-a01,D4-SMT,10,INPUT,-4.036303901189408
phase6v2-r01-load-medium-a01,D4-SMT,11,INPUT+DOWNSTREAM,-4.280490054470496
phase6v2-r01-input-medium-a01,D4-FULL,1,LOAD,0.04173403653569663
phase6v2-r01-input-medium-a01,D4-FULL,2,NONE,-0.04173403653569663
phase6v2-r01-input-medium-a01,D4-FULL,3,LOAD+DOWNSTREAM,-0.2630705633609382
phase6v2-r01-input-medium-a01,D4-FULL,4,INPUT+LOAD,-0.2815784265593219
phase6v2-r01-input-medium-a01,D4-FULL,5,DOWNSTREAM,-0.34653863643233146
phase6v2-r01-input-medium-a01,D4-FULL,6,INPUT,-0.36504649963071517
phase6v2-r01-input-medium-a01,D4-FULL,7,INPUT+DOWNSTREAM,-0.66985109952735
phase6v2-r01-input-medium-a01,D4-FULL,8,OUTPUT+LOAD,-1.1726951374931134
phase6v2-r01-input-medium-a01,D4-FULL,9,OUTPUT,-1.2561632105645066
phase6v2-r01-input-medium-a01,D4-FULL,10,OUTPUT+DOWNSTREAM,-1.5609678104611415
phase6v2-r01-input-medium-a01,D4-FULL,11,INPUT+OUTPUT,-1.5794756736595252
phase6v2-r01-input-load-a01,D4-FULL,1,OUTPUT+LOAD,3.0379563018226006
phase6v2-r01-input-load-a01,D4-FULL,2,LOAD,2.8276429277349107
phase6v2-r01-input-load-a01,D4-FULL,3,LOAD+DOWNSTREAM,1.2581233239969314
phase6v2-r01-input-load-a01,D4-FULL,4,OUTPUT,-2.8276429277349107
phase6v2-r01-input-load-a01,D4-FULL,5,NONE,-3.0379563018226006
phase6v2-r01-input-load-a01,D4-FULL,6,OUTPUT+DOWNSTREAM,-4.39716253147289
phase6v2-r01-input-load-a01,D4-FULL,7,DOWNSTREAM,-4.60747590556058
phase6v2-r01-input-load-a01,D4-FULL,8,INPUT+LOAD,-6.95319976155975
phase6v2-r01-input-load-a01,D4-FULL,9,INPUT+OUTPUT,-12.60848561702957
phase6v2-r01-input-load-a01,D4-FULL,10,INPUT,-12.81879899111726
phase6v2-r01-input-load-a01,D4-FULL,11,INPUT+DOWNSTREAM,-14.388318594855239
phase6v2-r01-output-medium-a01,D4-FULL,1,OUTPUT,1.264438107367274
phase6v2-r01-output-medium-a01,D4-FULL,2,INPUT+OUTPUT,0.9861868210690481
phase6v2-r01-output-medium-a01,D4-FULL,3,OUTPUT+DOWNSTREAM,0.3229736381596292
phase6v2-r01-output-medium-a01,D4-FULL,4,OUTPUT+LOAD,-0.038276423444474794
phase6v2-r01-output-medium-a01,D4-FULL,5,NONE,-1.264438107367274
phase6v2-r01-output-medium-a01,D4-FULL,6,INPUT,-1.5426893936654997
phase6v2-r01-output-medium-a01,D4-FULL,7,DOWNSTREAM,-2.2059025765749185
phase6v2-r01-output-medium-a01,D4-FULL,8,INPUT+DOWNSTREAM,-2.4841538628731445
phase6v2-r01-output-medium-a01,D4-FULL,9,LOAD,-2.5671526381790226
phase6v2-r01-output-medium-a01,D4-FULL,10,INPUT+LOAD,-2.8454039244772487
phase6v2-r01-output-medium-a01,D4-FULL,11,LOAD+DOWNSTREAM,-3.508617107386667
phase6v2-r01-load-downstream-a01,D4-FULL,1,LOAD+DOWNSTREAM,4.227972850698399
phase6v2-r01-load-downstream-a01,D4-FULL,2,LOAD,2.4686053849341993
phase6v2-r01-load-downstream-a01,D4-FULL,3,OUTPUT+LOAD,2.1855167257051207
phase6v2-r01-load-downstream-a01,D4-FULL,4,INPUT+LOAD,-2.3949659019518093
phase6v2-r01-load-downstream-a01,D4-FULL,5,DOWNSTREAM,-2.4686053849341993
phase6v2-r01-load-downstream-a01,D4-FULL,6,OUTPUT+DOWNSTREAM,-2.751694044163278
phase6v2-r01-load-downstream-a01,D4-FULL,7,NONE,-4.227972850698399
phase6v2-r01-load-downstream-a01,D4-FULL,8,OUTPUT,-4.511061509927478
phase6v2-r01-load-downstream-a01,D4-FULL,9,INPUT+DOWNSTREAM,-7.332176671820208
phase6v2-r01-load-downstream-a01,D4-FULL,10,INPUT,-9.091544137584407
phase6v2-r01-load-downstream-a01,D4-FULL,11,INPUT+OUTPUT,-9.374632796813486
phase6v2-r01-output-downstream-control-a01,D4-FULL,1,OUTPUT+DOWNSTREAM,1.8709148024868139
phase6v2-r01-output-downstream-control-a01,D4-FULL,2,DOWNSTREAM,1.4032015576341283
phase6v2-r01-output-downstream-control-a01,D4-FULL,3,INPUT+DOWNSTREAM,1.2258729532590658
phase6v2-r01-output-downstream-control-a01,D4-FULL,4,LOAD+DOWNSTREAM,-0.11729134984469503
phase6v2-r01-output-downstream-control-a01,D4-FULL,5,OUTPUT,-1.4032015576341283
phase6v2-r01-output-downstream-control-a01,D4-FULL,6,INPUT+OUTPUT,-1.580530162009191
phase6v2-r01-output-downstream-control-a01,D4-FULL,7,NONE,-1.8709148024868139
phase6v2-r01-output-downstream-control-a01,D4-FULL,8,INPUT,-2.0482434068618764
phase6v2-r01-output-downstream-control-a01,D4-FULL,9,OUTPUT+LOAD,-2.923694465112952
phase6v2-r01-output-downstream-control-a01,D4-FULL,10,LOAD,-3.3914077099656375
phase6v2-r01-output-downstream-control-a01,D4-FULL,11,INPUT+LOAD,-3.5687363143407
phase6v2-r01-downstream-medium-a01,D4-FULL,1,LOAD+DOWNSTREAM,0.8521120113773746
phase6v2-r01-downstream-medium-a01,D4-FULL,2,DOWNSTREAM,0.7736627743267024
phase6v2-r01-downstream-medium-a01,D4-FULL,3,INPUT+DOWNSTREAM,0.6451321680774103
phase6v2-r01-downstream-medium-a01,D4-FULL,4,OUTPUT+DOWNSTREAM,-0.041867312497646025
phase6v2-r01-downstream-medium-a01,D4-FULL,5,LOAD,-0.7736627743267024
phase6v2-r01-downstream-medium-a01,D4-FULL,6,NONE,-0.8521120113773746
phase6v2-r01-downstream-medium-a01,D4-FULL,7,INPUT+LOAD,-0.9021933805759947
phase6v2-r01-downstream-medium-a01,D4-FULL,8,INPUT,-0.9806426176266668
phase6v2-r01-downstream-medium-a01,D4-FULL,9,OUTPUT+LOAD,-1.589192861151051
phase6v2-r01-downstream-medium-a01,D4-FULL,10,OUTPUT,-1.667642098201723
phase6v2-r01-downstream-medium-a01,D4-FULL,11,INPUT+OUTPUT,-1.7961727044510152
phase6v2-r01-output-load-control-a01,D4-FULL,1,LOAD,3.290173543197391
phase6v2-r01-output-load-control-a01,D4-FULL,2,OUTPUT+LOAD,3.1421483512237125
phase6v2-r01-output-load-control-a01,D4-FULL,3,LOAD+DOWNSTREAM,2.28176109608719
phase6v2-r01-output-load-control-a01,D4-FULL,4,INPUT+LOAD,1.4650439634015546
phase6v2-r01-output-load-control-a01,D4-FULL,5,NONE,-3.290173543197391
phase6v2-r01-output-load-control-a01,D4-FULL,6,OUTPUT,-3.438198735171069
phase6v2-r01-output-load-control-a01,D4-FULL,7,DOWNSTREAM,-4.298585990307592
phase6v2-r01-output-load-control-a01,D4-FULL,8,OUTPUT+DOWNSTREAM,-4.44661118228127
phase6v2-r01-output-load-control-a01,D4-FULL,9,INPUT,-5.115303122993227
phase6v2-r01-output-load-control-a01,D4-FULL,10,INPUT+OUTPUT,-5.2633283149669055
phase6v2-r01-output-load-control-a01,D4-FULL,11,INPUT+DOWNSTREAM,-6.123715570103428
phase6v2-r01-input-downstream-a01,D4-FULL,1,LOAD+DOWNSTREAM,0.8444772442356681
phase6v2-r01-input-downstream-a01,D4-FULL,2,DOWNSTREAM,0.5697154625264635
phase6v2-r01-input-downstream-a01,D4-FULL,3,INPUT+DOWNSTREAM,0.3745237269221094
phase6v2-r01-input-downstream-a01,D4-FULL,4,OUTPUT+DOWNSTREAM,-0.4176155526774214
phase6v2-r01-input-downstream-a01,D4-FULL,5,LOAD,-0.5697154625264635
phase6v2-r01-input-downstream-a01,D4-FULL,6,INPUT+LOAD,-0.7649071981308176
phase6v2-r01-input-downstream-a01,D4-FULL,7,NONE,-0.8444772442356681
phase6v2-r01-input-downstream-a01,D4-FULL,8,INPUT,-1.0396689798400223
phase6v2-r01-input-downstream-a01,D4-FULL,9,OUTPUT+LOAD,-1.5570464777303483
phase6v2-r01-input-downstream-a01,D4-FULL,10,OUTPUT,-1.831808259439553
phase6v2-r01-input-downstream-a01,D4-FULL,11,INPUT+OUTPUT,-2.026999995043907
phase6v2-r01-output-control-a01,D4-FULL,1,NONE,0
phase6v2-r01-output-control-a01,D4-FULL,2,INPUT,-0.015516551588532934
phase6v2-r01-output-control-a01,D4-FULL,3,DOWNSTREAM,-0.42927268157298304
phase6v2-r01-output-control-a01,D4-FULL,4,INPUT+DOWNSTREAM,-0.444789233161516
phase6v2-r01-output-control-a01,D4-FULL,5,OUTPUT,-0.6286277607648691
phase6v2-r01-output-control-a01,D4-FULL,6,INPUT+OUTPUT,-0.6441443123534021
phase6v2-r01-output-control-a01,D4-FULL,7,OUTPUT+DOWNSTREAM,-1.0579004423378522
phase6v2-r01-output-control-a01,D4-FULL,8,LOAD,-1.8670864564671659
phase6v2-r01-output-control-a01,D4-FULL,9,INPUT+LOAD,-1.8826030080556988
phase6v2-r01-output-control-a01,D4-FULL,10,LOAD+DOWNSTREAM,-2.296359138040149
phase6v2-r01-output-control-a01,D4-FULL,11,OUTPUT+LOAD,-2.495714217232035
phase6v2-r01-output-downstream-a01,D4-FULL,1,OUTPUT+DOWNSTREAM,1.5935855747832903
phase6v2-r01-output-downstream-a01,D4-FULL,2,DOWNSTREAM,0.10401792770193652
phase6v2-r01-output-downstream-a01,D4-FULL,3,OUTPUT,-0.10401792770193652
phase6v2-r01-output-downstream-a01,D4-FULL,4,INPUT+DOWNSTREAM,-0.40359477493765494
phase6v2-r01-output-downstream-a01,D4-FULL,5,INPUT+OUTPUT,-0.611630630341528
phase6v2-r01-output-downstream-a01,D4-FULL,6,LOAD+DOWNSTREAM,-0.9761062508785373
phase6v2-r01-output-downstream-a01,D4-FULL,7,OUTPUT+LOAD,-1.1841421062824105
phase6v2-r01-output-downstream-a01,D4-FULL,8,NONE,-1.5935855747832903
phase6v2-r01-output-downstream-a01,D4-FULL,9,INPUT,-2.1011982774228817
phase6v2-r01-output-downstream-a01,D4-FULL,10,LOAD,-2.673709753363764
phase6v2-r01-output-downstream-a01,D4-FULL,11,INPUT+LOAD,-3.1813224560033557
phase6v2-r01-baseline-a01,D4-FULL,1,LOAD,0.13445445592481636
phase6v2-r01-baseline-a01,D4-FULL,2,INPUT+LOAD,-0.11340035825451289
phase6v2-r01-baseline-a01,D4-FULL,3,NONE,-0.13445445592481636
phase6v2-r01-baseline-a01,D4-FULL,4,INPUT,-0.3823092701041456
phase6v2-r01-baseline-a01,D4-FULL,5,LOAD+DOWNSTREAM,-0.7018254468526395
phase6v2-r01-baseline-a01,D4-FULL,6,OUTPUT+LOAD,-0.8278318014157569
phase6v2-r01-baseline-a01,D4-FULL,7,DOWNSTREAM,-0.9707343587022721
phase6v2-r01-baseline-a01,D4-FULL,8,OUTPUT,-1.0967407132653895
phase6v2-r01-baseline-a01,D4-FULL,9,INPUT+DOWNSTREAM,-1.2185891728816014
phase6v2-r01-baseline-a01,D4-FULL,10,INPUT+OUTPUT,-1.3445955274447188
phase6v2-r01-baseline-a01,D4-FULL,11,OUTPUT+DOWNSTREAM,-1.9330206160428454
phase6v2-r01-output-load-a01,D4-FULL,1,OUTPUT+LOAD,3.665092338381793
phase6v2-r01-output-load-a01,D4-FULL,2,LOAD,1.3996780667433133
phase6v2-r01-output-load-a01,D4-FULL,3,LOAD+DOWNSTREAM,-0.9995901456271601
phase6v2-r01-output-load-a01,D4-FULL,4,OUTPUT,-1.3996780667433133
phase6v2-r01-output-load-a01,D4-FULL,5,NONE,-3.665092338381793
phase6v2-r01-output-load-a01,D4-FULL,6,OUTPUT+DOWNSTREAM,-3.7989462791137867
phase6v2-r01-output-load-a01,D4-FULL,7,DOWNSTREAM,-6.064360550752266
phase6v2-r01-output-load-a01,D4-FULL,8,INPUT+LOAD,-8.666699109257667
phase6v2-r01-output-load-a01,D4-FULL,9,INPUT+OUTPUT,-11.466055242744293
phase6v2-r01-output-load-a01,D4-FULL,10,INPUT,-13.731469514382773
phase6v2-r01-output-load-a01,D4-FULL,11,INPUT+DOWNSTREAM,-16.130737726753246
phase6v2-r01-load-medium-a01,D4-FULL,1,OUTPUT+LOAD,3.5117206867950026
phase6v2-r01-load-medium-a01,D4-FULL,2,LOAD,3.390648939083391
phase6v2-r01-load-medium-a01,D4-FULL,3,LOAD+DOWNSTREAM,2.6756275522223634
phase6v2-r01-load-medium-a01,D4-FULL,4,INPUT+LOAD,-1.3237280701105807
phase6v2-r01-load-medium-a01,D4-FULL,5,OUTPUT,-3.390648939083391
phase6v2-r01-load-medium-a01,D4-FULL,6,NONE,-3.5117206867950026
phase6v2-r01-load-medium-a01,D4-FULL,7,OUTPUT+DOWNSTREAM,-4.105670325944419
phase6v2-r01-load-medium-a01,D4-FULL,8,DOWNSTREAM,-4.22674207365603
phase6v2-r01-load-medium-a01,D4-FULL,9,INPUT+OUTPUT,-8.105025948277362
phase6v2-r01-load-medium-a01,D4-FULL,10,INPUT,-8.226097695988974
phase6v2-r01-load-medium-a01,D4-FULL,11,INPUT+DOWNSTREAM,-8.941119082850001
phase6v2-r01-input-medium-a01,D4-FULL,1,LOAD,0.04173403653569663
phase6v2-r01-input-medium-a01,D4-FULL,2,INPUT+LOAD,0.002415879531263543
phase6v2-r01-input-medium-a01,D4-FULL,3,NONE,-0.04173403653569663
phase6v2-r01-input-medium-a01,D4-FULL,4,INPUT,-0.08105219354012971
phase6v2-r01-input-medium-a01,D4-FULL,5,LOAD+DOWNSTREAM,-0.2630705633609382
phase6v2-r01-input-medium-a01,D4-FULL,6,DOWNSTREAM,-0.34653863643233146
phase6v2-r01-input-medium-a01,D4-FULL,7,INPUT+DOWNSTREAM,-0.38585679343676454
phase6v2-r01-input-medium-a01,D4-FULL,8,OUTPUT+LOAD,-0.8622411604498044
phase6v2-r01-input-medium-a01,D4-FULL,9,OUTPUT,-0.9457092335211976
phase6v2-r01-input-medium-a01,D4-FULL,10,INPUT+OUTPUT,-0.9850273905256307
phase6v2-r01-input-medium-a01,D4-FULL,11,OUTPUT+DOWNSTREAM,-1.2505138334178325
phase6v2-r01-input-load-a01,D4-FULL,1,LOAD,2.9327996147787556
phase6v2-r01-input-load-a01,D4-FULL,2,OUTPUT+LOAD,2.888569247955411
phase6v2-r01-input-load-a01,D4-FULL,3,LOAD+DOWNSTREAM,1.3632800110407763
phase6v2-r01-input-load-a01,D4-FULL,4,NONE,-2.9327996147787556
phase6v2-r01-input-load-a01,D4-FULL,5,OUTPUT,-2.9770299816021004
phase6v2-r01-input-load-a01,D4-FULL,6,DOWNSTREAM,-4.502319218516735
phase6v2-r01-input-load-a01,D4-FULL,7,OUTPUT+DOWNSTREAM,-4.54654958534008
phase6v2-r01-input-load-a01,D4-FULL,8,INPUT+LOAD,-5.224762175749781
phase6v2-r01-input-load-a01,D4-FULL,9,INPUT,-11.090361405307291
phase6v2-r01-input-load-a01,D4-FULL,10,INPUT+OUTPUT,-11.134591772130637
phase6v2-r01-input-load-a01,D4-FULL,11,INPUT+DOWNSTREAM,-12.659881009045272
phase6v2-r01-output-medium-a01,D4-FULL,1,OUTPUT,1.5299603028685504
phase6v2-r01-output-medium-a01,D4-FULL,2,INPUT+OUTPUT,0.9609746540668347
phase6v2-r01-output-medium-a01,D4-FULL,3,OUTPUT+DOWNSTREAM,0.5884958336609057
phase6v2-r01-output-medium-a01,D4-FULL,4,OUTPUT+LOAD,0.22724577205680174
phase6v2-r01-output-medium-a01,D4-FULL,5,NONE,-1.5299603028685504
phase6v2-r01-output-medium-a01,D4-FULL,6,INPUT,-2.098945951670266
phase6v2-r01-output-medium-a01,D4-FULL,7,DOWNSTREAM,-2.4714247720761953
phase6v2-r01-output-medium-a01,D4-FULL,8,LOAD,-2.832674833680299
phase6v2-r01-output-medium-a01,D4-FULL,9,INPUT+DOWNSTREAM,-3.040410420877911
phase6v2-r01-output-medium-a01,D4-FULL,10,INPUT+LOAD,-3.401660482482015
phase6v2-r01-output-medium-a01,D4-FULL,11,LOAD+DOWNSTREAM,-3.774139302887944
phase6v2-r01-load-downstream-a01,D4-FULL,1,LOAD+DOWNSTREAM,4.227972850698399
phase6v2-r01-load-downstream-a01,D4-FULL,2,LOAD,2.4686053849341993
phase6v2-r01-load-downstream-a01,D4-FULL,3,OUTPUT+LOAD,2.1866183094885465
phase6v2-r01-load-downstream-a01,D4-FULL,4,INPUT+LOAD,-1.7096177216417257
phase6v2-r01-load-downstream-a01,D4-FULL,5,DOWNSTREAM,-2.4686053849341993
phase6v2-r01-load-downstream-a01,D4-FULL,6,OUTPUT+DOWNSTREAM,-2.750592460379852
phase6v2-r01-load-downstream-a01,D4-FULL,7,NONE,-4.227972850698399
phase6v2-r01-load-downstream-a01,D4-FULL,8,OUTPUT,-4.509959926144052
phase6v2-r01-load-downstream-a01,D4-FULL,9,INPUT+DOWNSTREAM,-6.646828491510124
phase6v2-r01-load-downstream-a01,D4-FULL,10,INPUT,-8.406195957274324
phase6v2-r01-load-downstream-a01,D4-FULL,11,INPUT+OUTPUT,-8.688183032719976
phase6v2-r01-output-downstream-control-a01,D4-FULL,1,OUTPUT+DOWNSTREAM,2.0310104007325487
phase6v2-r01-output-downstream-control-a01,D4-FULL,2,DOWNSTREAM,1.2431059593883935
phase6v2-r01-output-downstream-control-a01,D4-FULL,3,INPUT+DOWNSTREAM,0.7893435917994229
phase6v2-r01-output-downstream-control-a01,D4-FULL,4,LOAD+DOWNSTREAM,-0.27738694809042985
phase6v2-r01-output-downstream-control-a01,D4-FULL,5,OUTPUT,-1.2431059593883935
phase6v2-r01-output-downstream-control-a01,D4-FULL,6,INPUT+OUTPUT,-1.6968683269773641
phase6v2-r01-output-downstream-control-a01,D4-FULL,7,NONE,-2.0310104007325487
phase6v2-r01-output-downstream-control-a01,D4-FULL,8,INPUT,-2.4847727683215193
phase6v2-r01-output-downstream-control-a01,D4-FULL,9,OUTPUT+LOAD,-2.763598866867217
phase6v2-r01-output-downstream-control-a01,D4-FULL,10,LOAD,-3.5515033082113723
phase6v2-r01-output-downstream-control-a01,D4-FULL,11,INPUT+LOAD,-4.005265675800343
phase6v2-r01-downstream-medium-a01,D4-FULL,1,LOAD+DOWNSTREAM,0.8521120113773746
phase6v2-r01-downstream-medium-a01,D4-FULL,2,DOWNSTREAM,0.7736627743267024
phase6v2-r01-downstream-medium-a01,D4-FULL,3,INPUT+DOWNSTREAM,0.6736365065787826
phase6v2-r01-downstream-medium-a01,D4-FULL,4,OUTPUT+DOWNSTREAM,0.23925478354958735
phase6v2-r01-downstream-medium-a01,D4-FULL,5,LOAD,-0.7736627743267024
phase6v2-r01-downstream-medium-a01,D4-FULL,6,NONE,-0.8521120113773746
phase6v2-r01-downstream-medium-a01,D4-FULL,7,INPUT+LOAD,-0.8736890420746222
phase6v2-r01-downstream-medium-a01,D4-FULL,8,INPUT,-0.9521382791252944
phase6v2-r01-downstream-medium-a01,D4-FULL,9,OUTPUT+LOAD,-1.3080707651038175
phase6v2-r01-downstream-medium-a01,D4-FULL,10,OUTPUT,-1.3865200021544897
phase6v2-r01-downstream-medium-a01,D4-FULL,11,INPUT+OUTPUT,-1.4865462699024095
phase6v2-r01-output-load-control-a01,D4-FULL,1,LOAD,3.290173543197391
phase6v2-r01-output-load-control-a01,D4-FULL,2,OUTPUT+LOAD,3.2046304369681806
phase6v2-r01-output-load-control-a01,D4-FULL,3,LOAD+DOWNSTREAM,2.28176109608719
phase6v2-r01-output-load-control-a01,D4-FULL,4,INPUT+LOAD,1.3983466429338631
phase6v2-r01-output-load-control-a01,D4-FULL,5,NONE,-3.290173543197391
phase6v2-r01-output-load-control-a01,D4-FULL,6,OUTPUT,-3.375716649426601
phase6v2-r01-output-load-control-a01,D4-FULL,7,DOWNSTREAM,-4.298585990307592
phase6v2-r01-output-load-control-a01,D4-FULL,8,OUTPUT+DOWNSTREAM,-4.384129096536801
phase6v2-r01-output-load-control-a01,D4-FULL,9,INPUT,-5.182000443460918
phase6v2-r01-output-load-control-a01,D4-FULL,10,INPUT+OUTPUT,-5.267543549690129
phase6v2-r01-output-load-control-a01,D4-FULL,11,INPUT+DOWNSTREAM,-6.190412890571119
phase6v2-r01-input-downstream-a01,D4-FULL,1,LOAD+DOWNSTREAM,0.742914571781429
phase6v2-r01-input-downstream-a01,D4-FULL,2,INPUT+DOWNSTREAM,0.6712781349807027
phase6v2-r01-input-downstream-a01,D4-FULL,3,DOWNSTREAM,0.4681527900722244
phase6v2-r01-input-downstream-a01,D4-FULL,4,OUTPUT+DOWNSTREAM,-0.21273617405509043
phase6v2-r01-input-downstream-a01,D4-FULL,5,INPUT+LOAD,-0.4681527900722244
phase6v2-r01-input-downstream-a01,D4-FULL,6,LOAD,-0.6712781349807027
phase6v2-r01-input-downstream-a01,D4-FULL,7,INPUT,-0.742914571781429
phase6v2-r01-input-downstream-a01,D4-FULL,8,NONE,-0.9460399166899072
phase6v2-r01-input-downstream-a01,D4-FULL,9,OUTPUT+LOAD,-1.3521670991080175
phase6v2-r01-input-downstream-a01,D4-FULL,10,INPUT+OUTPUT,-1.4238035359087438
phase6v2-r01-input-downstream-a01,D4-FULL,11,OUTPUT,-1.626928880817222
phase6v2-r01-output-control-a01,D4-FULL,1,NONE,0
phase6v2-r01-output-control-a01,D4-FULL,2,INPUT,-0.30593589532061244
phase6v2-r01-output-control-a01,D4-FULL,3,OUTPUT,-0.4070217898995153
phase6v2-r01-output-control-a01,D4-FULL,4,DOWNSTREAM,-0.42927268157298304
phase6v2-r01-output-control-a01,D4-FULL,5,INPUT+OUTPUT,-0.7129576852201278
phase6v2-r01-output-control-a01,D4-FULL,6,INPUT+DOWNSTREAM,-0.7352085768935954
phase6v2-r01-output-control-a01,D4-FULL,7,OUTPUT+DOWNSTREAM,-0.8362944714724984
phase6v2-r01-output-control-a01,D4-FULL,8,LOAD,-1.8670864564671659
phase6v2-r01-output-control-a01,D4-FULL,9,INPUT+LOAD,-2.1730223517877785
phase6v2-r01-output-control-a01,D4-FULL,10,OUTPUT+LOAD,-2.2741082463666813
phase6v2-r01-output-control-a01,D4-FULL,11,LOAD+DOWNSTREAM,-2.296359138040149
phase6v2-r01-output-downstream-a01,D4-FULL,1,OUTPUT+DOWNSTREAM,1.8571778907814336
phase6v2-r01-output-downstream-a01,D4-FULL,2,OUTPUT,0.15957438829620652
phase6v2-r01-output-downstream-a01,D4-FULL,3,DOWNSTREAM,-0.15957438829620652
phase6v2-r01-output-downstream-a01,D4-FULL,4,INPUT+OUTPUT,-0.625014948888084
phase6v2-r01-output-downstream-a01,D4-FULL,5,OUTPUT+LOAD,-0.9205497902842673
phase6v2-r01-output-downstream-a01,D4-FULL,6,INPUT+DOWNSTREAM,-0.944163725480497
phase6v2-r01-output-downstream-a01,D4-FULL,7,LOAD+DOWNSTREAM,-1.2396985668766805
phase6v2-r01-output-downstream-a01,D4-FULL,8,NONE,-1.8571778907814336
phase6v2-r01-output-downstream-a01,D4-FULL,9,INPUT,-2.6417672279657243
phase6v2-r01-output-downstream-a01,D4-FULL,10,LOAD,-2.937302069361907
phase6v2-r01-output-downstream-a01,D4-FULL,11,INPUT+LOAD,-3.721891406546198
phase6v2-r01-baseline-a01,D4-FULL,1,LOAD,0.13445445592481636
phase6v2-r01-baseline-a01,D4-FULL,2,INPUT+LOAD,-0.0977153804510073
phase6v2-r01-baseline-a01,D4-FULL,3,NONE,-0.13445445592481636
phase6v2-r01-baseline-a01,D4-FULL,4,INPUT,-0.36662429230064003
phase6v2-r01-baseline-a01,D4-FULL,5,OUTPUT+LOAD,-0.5506562572893883
phase6v2-r01-baseline-a01,D4-FULL,6,LOAD+DOWNSTREAM,-0.7018254468526395
phase6v2-r01-baseline-a01,D4-FULL,7,OUTPUT,-0.8195651691390209
phase6v2-r01-baseline-a01,D4-FULL,8,DOWNSTREAM,-0.9707343587022721
phase6v2-r01-baseline-a01,D4-FULL,9,INPUT+OUTPUT,-1.0517350055148447
phase6v2-r01-baseline-a01,D4-FULL,10,INPUT+DOWNSTREAM,-1.2029041950780959
phase6v2-r01-baseline-a01,D4-FULL,11,OUTPUT+DOWNSTREAM,-1.6558450719164768
phase6v2-r01-output-load-a01,D4-FULL,1,OUTPUT+LOAD,3.7724737528639074
phase6v2-r01-output-load-a01,D4-FULL,2,LOAD,1.2922966522611987
phase6v2-r01-output-load-a01,D4-FULL,3,LOAD+DOWNSTREAM,-1.1069715601092747
phase6v2-r01-output-load-a01,D4-FULL,4,OUTPUT,-1.2922966522611987
phase6v2-r01-output-load-a01,D4-FULL,5,OUTPUT+DOWNSTREAM,-3.691564864631672
phase6v2-r01-output-load-a01,D4-FULL,6,NONE,-3.7724737528639074
phase6v2-r01-output-load-a01,D4-FULL,7,DOWNSTREAM,-6.17174196523438
phase6v2-r01-output-load-a01,D4-FULL,8,INPUT+LOAD,-7.687496834103413
phase6v2-r01-output-load-a01,D4-FULL,9,INPUT+OUTPUT,-10.27209013862581
phase6v2-r01-output-load-a01,D4-FULL,10,INPUT,-12.75226723922852
phase6v2-r01-output-load-a01,D4-FULL,11,INPUT+DOWNSTREAM,-15.151535451598994
phase6v2-r01-load-medium-a01,D4-FULL,1,OUTPUT+LOAD,3.504640422429491
phase6v2-r01-load-medium-a01,D4-FULL,2,LOAD,3.3977292034489026
phase6v2-r01-load-medium-a01,D4-FULL,3,LOAD+DOWNSTREAM,2.682707816587875
phase6v2-r01-load-medium-a01,D4-FULL,4,INPUT+LOAD,-0.6755980257523605
phase6v2-r01-load-medium-a01,D4-FULL,5,OUTPUT,-3.3977292034489026
phase6v2-r01-load-medium-a01,D4-FULL,6,NONE,-3.504640422429491
phase6v2-r01-load-medium-a01,D4-FULL,7,OUTPUT+DOWNSTREAM,-4.112750590309931
phase6v2-r01-load-medium-a01,D4-FULL,8,DOWNSTREAM,-4.219661809290519
phase6v2-r01-load-medium-a01,D4-FULL,9,INPUT+OUTPUT,-7.471056432650165
phase6v2-r01-load-medium-a01,D4-FULL,10,INPUT,-7.577967651630754
phase6v2-r01-load-medium-a01,D4-FULL,11,INPUT+DOWNSTREAM,-8.292989038491783
phase6v2-r02-output-control-a01,D4-S,1,OUTPUT,0.02950914622413353
phase6v2-r02-output-control-a01,D4-S,2,NONE,-0.02950914622413353
phase6v2-r02-output-control-a01,D4-S,3,OUTPUT+DOWNSTREAM,-0.0648386148926518
phase6v2-r02-output-control-a01,D4-S,4,DOWNSTREAM,-0.12385690734091886
phase6v2-r02-output-control-a01,D4-S,5,INPUT+OUTPUT,-0.1619461926756412
phase6v2-r02-output-control-a01,D4-S,6,INPUT,-0.22096448512390826
phase6v2-r02-output-control-a01,D4-S,7,INPUT+DOWNSTREAM,-0.3153122462406936
phase6v2-r02-output-control-a01,D4-S,8,OUTPUT+LOAD,-1.0212908410775141
phase6v2-r02-output-control-a01,D4-S,9,LOAD,-1.080309133525781
phase6v2-r02-output-control-a01,D4-S,10,LOAD+DOWNSTREAM,-1.1746568946425664
phase6v2-r02-output-control-a01,D4-S,11,INPUT+LOAD,-1.271764472425556
phase6v2-r02-input-downstream-a01,D4-S,1,NONE,0
phase6v2-r02-input-downstream-a01,D4-S,2,LOAD,-0.024477577639871684
phase6v2-r02-input-downstream-a01,D4-S,3,OUTPUT,-0.07544395810440407
phase6v2-r02-input-downstream-a01,D4-S,4,OUTPUT+LOAD,-0.09992153574427576
phase6v2-r02-input-downstream-a01,D4-S,5,INPUT,-0.2415947831027126
phase6v2-r02-input-downstream-a01,D4-S,6,DOWNSTREAM,-0.25350472051585327
phase6v2-r02-input-downstream-a01,D4-S,7,INPUT+LOAD,-0.2660723607425843
phase6v2-r02-input-downstream-a01,D4-S,8,LOAD+DOWNSTREAM,-0.27798229815572495
phase6v2-r02-input-downstream-a01,D4-S,9,INPUT+OUTPUT,-0.31703874120711667
phase6v2-r02-input-downstream-a01,D4-S,10,OUTPUT+DOWNSTREAM,-0.32894867862025734
phase6v2-r02-input-downstream-a01,D4-S,11,INPUT+DOWNSTREAM,-0.49509950361856586
phase6v2-r02-baseline-a01,D4-S,1,DOWNSTREAM,0.01801176713210606
phase6v2-r02-baseline-a01,D4-S,2,NONE,-0.01801176713210606
phase6v2-r02-baseline-a01,D4-S,3,OUTPUT+DOWNSTREAM,-0.03246398220327956
phase6v2-r02-baseline-a01,D4-S,4,OUTPUT,-0.06848751646749168
phase6v2-r02-baseline-a01,D4-S,5,INPUT+DOWNSTREAM,-0.08622424426143716
phase6v2-r02-baseline-a01,D4-S,6,INPUT,-0.12224777852564928
phase6v2-r02-baseline-a01,D4-S,7,INPUT+OUTPUT,-0.1727235278610349
phase6v2-r02-baseline-a01,D4-S,8,LOAD+DOWNSTREAM,-1.20392144263881
phase6v2-r02-baseline-a01,D4-S,9,LOAD,-1.2399449769030222
phase6v2-r02-baseline-a01,D4-S,10,OUTPUT+LOAD,-1.2904207262384078
phase6v2-r02-baseline-a01,D4-S,11,INPUT+LOAD,-1.3441809882965654
phase6v2-r02-output-medium-a01,D4-S,1,OUTPUT,0.3212706169405493
phase6v2-r02-output-medium-a01,D4-S,2,OUTPUT+LOAD,0.3178434045488849
phase6v2-r02-output-medium-a01,D4-S,3,NONE,-0.3212706169405493
phase6v2-r02-output-medium-a01,D4-S,4,LOAD,-0.32469782933221375
phase6v2-r02-output-medium-a01,D4-S,5,OUTPUT+DOWNSTREAM,-0.5368184711734565
phase6v2-r02-output-medium-a01,D4-S,6,INPUT+OUTPUT,-0.9567946403242884
phase6v2-r02-output-medium-a01,D4-S,7,DOWNSTREAM,-1.1793597050545552
phase6v2-r02-output-medium-a01,D4-S,8,LOAD+DOWNSTREAM,-1.1827869174462196
phase6v2-r02-output-medium-a01,D4-S,9,INPUT,-1.599335874205387
phase6v2-r02-output-medium-a01,D4-S,10,INPUT+LOAD,-1.6027630865970515
phase6v2-r02-output-medium-a01,D4-S,11,INPUT+DOWNSTREAM,-2.457424962319393
phase6v2-r02-input-medium-a01,D4-S,1,NONE,0
phase6v2-r02-input-medium-a01,D4-S,2,OUTPUT,-0.06168558617183112
phase6v2-r02-input-medium-a01,D4-S,3,DOWNSTREAM,-0.07447371253887347
phase6v2-r02-input-medium-a01,D4-S,4,OUTPUT+DOWNSTREAM,-0.1361592987107046
phase6v2-r02-input-medium-a01,D4-S,5,INPUT,-0.17760473879598543
phase6v2-r02-input-medium-a01,D4-S,6,INPUT+OUTPUT,-0.23929032496781655
phase6v2-r02-input-medium-a01,D4-S,7,INPUT+DOWNSTREAM,-0.2520784513348589
phase6v2-r02-input-medium-a01,D4-S,8,LOAD,-0.8219851073611661
phase6v2-r02-input-medium-a01,D4-S,9,OUTPUT+LOAD,-0.8836706935329972
phase6v2-r02-input-medium-a01,D4-S,10,LOAD+DOWNSTREAM,-0.8964588199000396
phase6v2-r02-input-medium-a01,D4-S,11,INPUT+LOAD,-0.9995898461571515
phase6v2-r02-output-load-a01,D4-S,1,LOAD,2.474175771537172
phase6v2-r02-output-load-a01,D4-S,2,OUTPUT+LOAD,2.131137015613171
phase6v2-r02-output-load-a01,D4-S,3,INPUT+LOAD,-1.173665764862656
phase6v2-r02-output-load-a01,D4-S,4,LOAD+DOWNSTREAM,-1.2877444565805178
phase6v2-r02-output-load-a01,D4-S,5,NONE,-2.474175771537172
phase6v2-r02-output-load-a01,D4-S,6,OUTPUT,-2.8172145274611733
phase6v2-r02-output-load-a01,D4-S,7,INPUT,-6.122017307937
phase6v2-r02-output-load-a01,D4-S,8,DOWNSTREAM,-6.236095999654863
phase6v2-r02-output-load-a01,D4-S,9,INPUT+OUTPUT,-6.4650560638610015
phase6v2-r02-output-load-a01,D4-S,10,OUTPUT+DOWNSTREAM,-6.579134755578863
phase6v2-r02-output-load-a01,D4-S,11,INPUT+DOWNSTREAM,-9.88393753605469
phase6v2-r02-output-downstream-a01,D4-S,1,OUTPUT+LOAD,1.0154915046432287
phase6v2-r02-output-downstream-a01,D4-S,2,LOAD,0.32241591526607966
phase6v2-r02-output-downstream-a01,D4-S,3,OUTPUT,-0.32241591526607966
phase6v2-r02-output-downstream-a01,D4-S,4,LOAD+DOWNSTREAM,-0.6500806555638099
phase6v2-r02-output-downstream-a01,D4-S,5,NONE,-1.0154915046432287
phase6v2-r02-output-downstream-a01,D4-S,6,INPUT+LOAD,-1.0660326741578867
phase6v2-r02-output-downstream-a01,D4-S,7,OUTPUT+DOWNSTREAM,-1.2949124860959693
phase6v2-r02-output-downstream-a01,D4-S,8,INPUT+OUTPUT,-1.7108645046900461
phase6v2-r02-output-downstream-a01,D4-S,9,DOWNSTREAM,-1.9879880754731183
phase6v2-r02-output-downstream-a01,D4-S,10,INPUT,-2.4039400940671953
phase6v2-r02-output-downstream-a01,D4-S,11,INPUT+DOWNSTREAM,-3.376436664897085
phase6v2-r02-output-downstream-control-a01,D4-S,1,OUTPUT,0.0005705847984677215
phase6v2-r02-output-downstream-control-a01,D4-S,2,NONE,-0.0005705847984677215
phase6v2-r02-output-downstream-control-a01,D4-S,3,OUTPUT+DOWNSTREAM,-0.22204078437868346
phase6v2-r02-output-downstream-control-a01,D4-S,4,DOWNSTREAM,-0.2231819539756189
phase6v2-r02-output-downstream-control-a01,D4-S,5,INPUT+OUTPUT,-0.2799993706999435
phase6v2-r02-output-downstream-control-a01,D4-S,6,INPUT,-0.28114054029687896
phase6v2-r02-output-downstream-control-a01,D4-S,7,OUTPUT+LOAD,-0.41842661810867965
phase6v2-r02-output-downstream-control-a01,D4-S,8,LOAD,-0.4195677877056151
phase6v2-r02-output-downstream-control-a01,D4-S,9,INPUT+DOWNSTREAM,-0.5037519094740301
phase6v2-r02-output-downstream-control-a01,D4-S,10,LOAD+DOWNSTREAM,-0.6421791568827663
phase6v2-r02-output-downstream-control-a01,D4-S,11,INPUT+LOAD,-0.7001377432040263
phase6v2-r02-input-load-a01,D4-S,1,LOAD,2.4028152887719645
phase6v2-r02-input-load-a01,D4-S,2,OUTPUT+LOAD,2.1591092605539246
phase6v2-r02-input-load-a01,D4-S,3,INPUT+LOAD,-1.0236311362971873
phase6v2-r02-input-load-a01,D4-S,4,LOAD+DOWNSTREAM,-1.0756221855530486
phase6v2-r02-input-load-a01,D4-S,5,NONE,-2.4028152887719645
phase6v2-r02-input-load-a01,D4-S,6,OUTPUT,-2.6465213169900044
phase6v2-r02-input-load-a01,D4-S,7,INPUT,-5.829261713841117
phase6v2-r02-input-load-a01,D4-S,8,DOWNSTREAM,-5.8812527630969775
phase6v2-r02-input-load-a01,D4-S,9,INPUT+OUTPUT,-6.072967742059156
phase6v2-r02-input-load-a01,D4-S,10,OUTPUT+DOWNSTREAM,-6.124958791315017
phase6v2-r02-input-load-a01,D4-S,11,INPUT+DOWNSTREAM,-9.30769918816613
phase6v2-r02-load-downstream-a01,D4-S,1,LOAD,2.4353467778186766
phase6v2-r02-load-downstream-a01,D4-S,2,OUTPUT+LOAD,2.0500780627751105
phase6v2-r02-load-downstream-a01,D4-S,3,LOAD+DOWNSTREAM,0.49549024781743123
phase6v2-r02-load-downstream-a01,D4-S,4,INPUT+LOAD,0.4651047332670113
phase6v2-r02-load-downstream-a01,D4-S,5,NONE,-2.4353467778186766
phase6v2-r02-load-downstream-a01,D4-S,6,OUTPUT,-2.8206154928622427
phase6v2-r02-load-downstream-a01,D4-S,7,DOWNSTREAM,-4.3752033078199215
phase6v2-r02-load-downstream-a01,D4-S,8,INPUT,-4.405588822370342
phase6v2-r02-load-downstream-a01,D4-S,9,OUTPUT+DOWNSTREAM,-4.760472022863487
phase6v2-r02-load-downstream-a01,D4-S,10,INPUT+OUTPUT,-4.790857537413908
phase6v2-r02-load-downstream-a01,D4-S,11,INPUT+DOWNSTREAM,-6.345445352371588
phase6v2-r02-load-medium-a01,D4-S,1,LOAD,2.4177765878969417
phase6v2-r02-load-medium-a01,D4-S,2,OUTPUT+LOAD,2.00728917683229
phase6v2-r02-load-medium-a01,D4-S,3,LOAD+DOWNSTREAM,0.6080194947944757
phase6v2-r02-load-medium-a01,D4-S,4,INPUT+LOAD,0.510054403475948
phase6v2-r02-load-medium-a01,D4-S,5,NONE,-2.4177765878969417
phase6v2-r02-load-medium-a01,D4-S,6,OUTPUT,-2.8282639989615936
phase6v2-r02-load-medium-a01,D4-S,7,DOWNSTREAM,-4.227533680999407
phase6v2-r02-load-medium-a01,D4-S,8,INPUT,-4.3254987723179354
phase6v2-r02-load-medium-a01,D4-S,9,OUTPUT+DOWNSTREAM,-4.63802109206406
phase6v2-r02-load-medium-a01,D4-S,10,INPUT+OUTPUT,-4.735986183382588
phase6v2-r02-load-medium-a01,D4-S,11,INPUT+DOWNSTREAM,-6.135255865420401
phase6v2-r02-downstream-medium-a01,D4-S,1,NONE,0
phase6v2-r02-downstream-medium-a01,D4-S,2,OUTPUT,-0.07050406825451483
phase6v2-r02-downstream-medium-a01,D4-S,3,DOWNSTREAM,-0.1855173259749303
phase6v2-r02-downstream-medium-a01,D4-S,4,INPUT,-0.22690253381295367
phase6v2-r02-downstream-medium-a01,D4-S,5,OUTPUT+DOWNSTREAM,-0.25602139422944514
phase6v2-r02-downstream-medium-a01,D4-S,6,INPUT+OUTPUT,-0.2974066020674685
phase6v2-r02-downstream-medium-a01,D4-S,7,LOAD,-0.39209769528271216
phase6v2-r02-downstream-medium-a01,D4-S,8,INPUT+DOWNSTREAM,-0.412419859787884
phase6v2-r02-downstream-medium-a01,D4-S,9,OUTPUT+LOAD,-0.462601763537227
phase6v2-r02-downstream-medium-a01,D4-S,10,LOAD+DOWNSTREAM,-0.5776150212576425
phase6v2-r02-downstream-medium-a01,D4-S,11,INPUT+LOAD,-0.6190002290956658
phase6v2-r02-output-load-control-a01,D4-S,1,LOAD,2.04831662573551
phase6v2-r02-output-load-control-a01,D4-S,2,OUTPUT+LOAD,1.644884251503232
phase6v2-r02-output-load-control-a01,D4-S,3,LOAD+DOWNSTREAM,0.7460892143438611
phase6v2-r02-output-load-control-a01,D4-S,4,INPUT+LOAD,0.49842879863141265
phase6v2-r02-output-load-control-a01,D4-S,5,NONE,-2.04831662573551
phase6v2-r02-output-load-control-a01,D4-S,6,OUTPUT,-2.4517489999677875
phase6v2-r02-output-load-control-a01,D4-S,7,DOWNSTREAM,-3.3505440371271584
phase6v2-r02-output-load-control-a01,D4-S,8,INPUT,-3.598204452839607
phase6v2-r02-output-load-control-a01,D4-S,9,OUTPUT+DOWNSTREAM,-3.7539764113594365
phase6v2-r02-output-load-control-a01,D4-S,10,INPUT+OUTPUT,-4.001636827071885
phase6v2-r02-output-load-control-a01,D4-S,11,INPUT+DOWNSTREAM,-4.9004318642312565
phase6v2-r02-output-control-a01,D4-SM,1,NONE,0
phase6v2-r02-output-control-a01,D4-SM,2,DOWNSTREAM,-0.05330037672593885
phase6v2-r02-output-control-a01,D4-SM,3,INPUT,-0.1057697386423414
phase6v2-r02-output-control-a01,D4-SM,4,INPUT+DOWNSTREAM,-0.15907011536828025
phase6v2-r02-output-control-a01,D4-SM,5,OUTPUT,-0.5670878637508273
phase6v2-r02-output-control-a01,D4-SM,6,OUTPUT+DOWNSTREAM,-0.6203882404767662
phase6v2-r02-output-control-a01,D4-SM,7,INPUT+OUTPUT,-0.6728576023931687
phase6v2-r02-output-control-a01,D4-SM,8,LOAD,-1.3050685902007624
phase6v2-r02-output-control-a01,D4-SM,9,LOAD+DOWNSTREAM,-1.3583689669267012
phase6v2-r02-output-control-a01,D4-SM,10,INPUT+LOAD,-1.410838328843104
phase6v2-r02-output-control-a01,D4-SM,11,OUTPUT+LOAD,-1.8721564539515896
phase6v2-r02-input-downstream-a01,D4-SM,1,LOAD+DOWNSTREAM,2.5245536398536728
phase6v2-r02-input-downstream-a01,D4-SM,2,DOWNSTREAM,2.1870395272404424
phase6v2-r02-input-downstream-a01,D4-SM,3,INPUT+DOWNSTREAM,1.8724903566766478
phase6v2-r02-input-downstream-a01,D4-SM,4,OUTPUT+DOWNSTREAM,1.1027865392472287
phase6v2-r02-input-downstream-a01,D4-SM,5,LOAD,-2.1870395272404424
phase6v2-r02-input-downstream-a01,D4-SM,6,INPUT+LOAD,-2.501588697804237
phase6v2-r02-input-downstream-a01,D4-SM,7,NONE,-2.5245536398536728
phase6v2-r02-input-downstream-a01,D4-SM,8,INPUT,-2.8391028104174674
phase6v2-r02-input-downstream-a01,D4-SM,9,OUTPUT+LOAD,-3.271292515233656
phase6v2-r02-input-downstream-a01,D4-SM,10,OUTPUT,-3.6088066278468864
phase6v2-r02-input-downstream-a01,D4-SM,11,INPUT+OUTPUT,-3.923355798410681
phase6v2-r02-baseline-a01,D4-SM,1,NONE,0
phase6v2-r02-baseline-a01,D4-SM,2,DOWNSTREAM,-0.0007286516475714655
phase6v2-r02-baseline-a01,D4-SM,3,INPUT,-0.058179602310286294
phase6v2-r02-baseline-a01,D4-SM,4,INPUT+DOWNSTREAM,-0.05890825395785776
phase6v2-r02-baseline-a01,D4-SM,5,LOAD,-0.4019797442117442
phase6v2-r02-baseline-a01,D4-SM,6,LOAD+DOWNSTREAM,-0.40270839585931567
phase6v2-r02-baseline-a01,D4-SM,7,INPUT+LOAD,-0.4601593465220305
phase6v2-r02-baseline-a01,D4-SM,8,OUTPUT,-1.0362937474701237
phase6v2-r02-baseline-a01,D4-SM,9,OUTPUT+DOWNSTREAM,-1.0370223991176952
phase6v2-r02-baseline-a01,D4-SM,10,INPUT+OUTPUT,-1.09447334978041
phase6v2-r02-baseline-a01,D4-SM,11,OUTPUT+LOAD,-1.4382734916818678
phase6v2-r02-output-medium-a01,D4-SM,1,OUTPUT,0.8136929232817475
phase6v2-r02-output-medium-a01,D4-SM,2,OUTPUT+DOWNSTREAM,0.36633876646230795
phase6v2-r02-output-medium-a01,D4-SM,3,INPUT+OUTPUT,0.17053449619884942
phase6v2-r02-output-medium-a01,D4-SM,4,OUTPUT+LOAD,0.017931687931601603
phase6v2-r02-output-medium-a01,D4-SM,5,NONE,-0.8136929232817475
phase6v2-r02-output-medium-a01,D4-SM,6,DOWNSTREAM,-1.261047080101187
phase6v2-r02-output-medium-a01,D4-SM,7,INPUT,-1.4568513503646456
phase6v2-r02-output-medium-a01,D4-SM,8,LOAD,-1.6094541586318933
phase6v2-r02-output-medium-a01,D4-SM,9,INPUT+DOWNSTREAM,-1.904205507184085
phase6v2-r02-output-medium-a01,D4-SM,10,LOAD+DOWNSTREAM,-2.056808315451333
phase6v2-r02-output-medium-a01,D4-SM,11,INPUT+LOAD,-2.2526125857147914
phase6v2-r02-input-medium-a01,D4-SM,1,NONE,0
phase6v2-r02-input-medium-a01,D4-SM,2,DOWNSTREAM,-0.056583067410397925
phase6v2-r02-input-medium-a01,D4-SM,3,INPUT,-0.18384480911835854
phase6v2-r02-input-medium-a01,D4-SM,4,LOAD,-0.21054904271293817
phase6v2-r02-input-medium-a01,D4-SM,5,INPUT+DOWNSTREAM,-0.24042787652875647
phase6v2-r02-input-medium-a01,D4-SM,6,LOAD+DOWNSTREAM,-0.2671321101233361
phase6v2-r02-input-medium-a01,D4-SM,7,INPUT+LOAD,-0.3943938518312967
phase6v2-r02-input-medium-a01,D4-SM,8,OUTPUT,-1.0566152836557459
phase6v2-r02-input-medium-a01,D4-SM,9,OUTPUT+DOWNSTREAM,-1.1131983510661438
phase6v2-r02-input-medium-a01,D4-SM,10,INPUT+OUTPUT,-1.2404600927741045
phase6v2-r02-input-medium-a01,D4-SM,11,OUTPUT+LOAD,-1.267164326368684
phase6v2-r02-output-load-a01,D4-SM,1,OUTPUT+LOAD,3.722459369514938
phase6v2-r02-output-load-a01,D4-SM,2,LOAD,0.41124414576302515
phase6v2-r02-output-load-a01,D4-SM,3,OUTPUT,-0.41124414576302515
phase6v2-r02-output-load-a01,D4-SM,4,LOAD+DOWNSTREAM,-1.5309701417620036
phase6v2-r02-output-load-a01,D4-SM,5,OUTPUT+DOWNSTREAM,-2.353458433288054
phase6v2-r02-output-load-a01,D4-SM,6,NONE,-3.722459369514938
phase6v2-r02-output-load-a01,D4-SM,7,INPUT+LOAD,-4.240326779051816
phase6v2-r02-output-load-a01,D4-SM,8,INPUT+OUTPUT,-5.062815070577866
phase6v2-r02-output-load-a01,D4-SM,9,DOWNSTREAM,-5.664673657039967
phase6v2-r02-output-load-a01,D4-SM,10,INPUT,-8.37403029432978
phase6v2-r02-output-load-a01,D4-SM,11,INPUT+DOWNSTREAM,-10.316244581854807
phase6v2-r02-output-downstream-a01,D4-SM,1,OUTPUT+DOWNSTREAM,2.8096537822045926
phase6v2-r02-output-downstream-a01,D4-SM,2,DOWNSTREAM,1.1829475345754865
phase6v2-r02-output-downstream-a01,D4-SM,3,LOAD+DOWNSTREAM,0.7178161799606083
phase6v2-r02-output-downstream-a01,D4-SM,4,INPUT+DOWNSTREAM,0.3899955943284522
phase6v2-r02-output-downstream-a01,D4-SM,5,OUTPUT,-1.1829475345754865
phase6v2-r02-output-downstream-a01,D4-SM,6,OUTPUT+LOAD,-1.6480788891903648
phase6v2-r02-output-downstream-a01,D4-SM,7,INPUT+OUTPUT,-1.975899474822521
phase6v2-r02-output-downstream-a01,D4-SM,8,NONE,-2.8096537822045926
phase6v2-r02-output-downstream-a01,D4-SM,9,LOAD,-3.274785136819471
phase6v2-r02-output-downstream-a01,D4-SM,10,INPUT,-3.602605722451627
phase6v2-r02-output-downstream-a01,D4-SM,11,INPUT+LOAD,-4.067737077066505
phase6v2-r02-output-downstream-control-a01,D4-SM,1,DOWNSTREAM,2.3712432592164085
phase6v2-r02-output-downstream-control-a01,D4-SM,2,INPUT+DOWNSTREAM,2.125711850504991
phase6v2-r02-output-downstream-control-a01,D4-SM,3,OUTPUT+DOWNSTREAM,1.6921903014736508
phase6v2-r02-output-downstream-control-a01,D4-SM,4,LOAD+DOWNSTREAM,1.3762513898229352
phase6v2-r02-output-downstream-control-a01,D4-SM,5,NONE,-2.3712432592164085
phase6v2-r02-output-downstream-control-a01,D4-SM,6,INPUT,-2.6167746679278263
phase6v2-r02-output-downstream-control-a01,D4-SM,7,OUTPUT,-3.0502962169591665
phase6v2-r02-output-downstream-control-a01,D4-SM,8,INPUT+OUTPUT,-3.295827625670584
phase6v2-r02-output-downstream-control-a01,D4-SM,9,LOAD,-3.366235128609882
phase6v2-r02-output-downstream-control-a01,D4-SM,10,INPUT+LOAD,-3.6117665373212997
phase6v2-r02-output-downstream-control-a01,D4-SM,11,OUTPUT+LOAD,-4.04528808635264
phase6v2-r02-input-load-a01,D4-SM,1,OUTPUT+LOAD,3.528477946794873
phase6v2-r02-input-load-a01,D4-SM,2,LOAD,1.1622495473002306
phase6v2-r02-input-load-a01,D4-SM,3,LOAD+DOWNSTREAM,-0.6364448187271285
phase6v2-r02-input-load-a01,D4-SM,4,OUTPUT,-1.1622495473002306
phase6v2-r02-input-load-a01,D4-SM,5,OUTPUT+DOWNSTREAM,-2.96094391332759
phase6v2-r02-input-load-a01,D4-SM,6,INPUT+LOAD,-3.33957883154171
phase6v2-r02-input-load-a01,D4-SM,7,NONE,-3.528477946794873
phase6v2-r02-input-load-a01,D4-SM,8,DOWNSTREAM,-5.327172312822232
phase6v2-r02-input-load-a01,D4-SM,9,INPUT+OUTPUT,-5.664077926142172
phase6v2-r02-input-load-a01,D4-SM,10,INPUT,-8.030306325636813
phase6v2-r02-input-load-a01,D4-SM,11,INPUT+DOWNSTREAM,-9.829000691664172
phase6v2-r02-load-downstream-a01,D4-SM,1,LOAD+DOWNSTREAM,4.9366295752775375
phase6v2-r02-load-downstream-a01,D4-SM,2,LOAD,1.9113882176688142
phase6v2-r02-load-downstream-a01,D4-SM,3,OUTPUT+LOAD,1.8647912105468083
phase6v2-r02-load-downstream-a01,D4-SM,4,INPUT+LOAD,-0.5771270838457969
phase6v2-r02-load-downstream-a01,D4-SM,5,DOWNSTREAM,-1.9113882176688142
phase6v2-r02-load-downstream-a01,D4-SM,6,OUTPUT+DOWNSTREAM,-1.9579852247908198
phase6v2-r02-load-downstream-a01,D4-SM,7,INPUT+DOWNSTREAM,-4.399903519183425
phase6v2-r02-load-downstream-a01,D4-SM,8,NONE,-4.9366295752775375
phase6v2-r02-load-downstream-a01,D4-SM,9,OUTPUT,-4.983226582399543
phase6v2-r02-load-downstream-a01,D4-SM,10,INPUT,-7.425144876792149
phase6v2-r02-load-downstream-a01,D4-SM,11,INPUT+OUTPUT,-7.471741883914154
phase6v2-r02-load-medium-a01,D4-SM,1,LOAD,3.4152238015123086
phase6v2-r02-load-medium-a01,D4-SM,2,OUTPUT+LOAD,3.390963908376517
phase6v2-r02-load-medium-a01,D4-SM,3,LOAD+DOWNSTREAM,2.4594299691099506
phase6v2-r02-load-medium-a01,D4-SM,4,INPUT+LOAD,1.0203369286192343
phase6v2-r02-load-medium-a01,D4-SM,5,NONE,-3.4152238015123086
phase6v2-r02-load-medium-a01,D4-SM,6,OUTPUT,-3.4394836946481004
phase6v2-r02-load-medium-a01,D4-SM,7,DOWNSTREAM,-4.371017633914667
phase6v2-r02-load-medium-a01,D4-SM,8,OUTPUT+DOWNSTREAM,-4.3952775270504585
phase6v2-r02-load-medium-a01,D4-SM,9,INPUT,-5.810110674405383
phase6v2-r02-load-medium-a01,D4-SM,10,INPUT+OUTPUT,-5.834370567541175
phase6v2-r02-load-medium-a01,D4-SM,11,INPUT+DOWNSTREAM,-6.7659045068077415
phase6v2-r02-downstream-medium-a01,D4-SM,1,DOWNSTREAM,2.389790280817519
phase6v2-r02-downstream-medium-a01,D4-SM,2,LOAD+DOWNSTREAM,2.3830182941108906
phase6v2-r02-downstream-medium-a01,D4-SM,3,INPUT+DOWNSTREAM,2.16700666363853
phase6v2-r02-downstream-medium-a01,D4-SM,4,OUTPUT+DOWNSTREAM,1.3560175901385505
phase6v2-r02-downstream-medium-a01,D4-SM,5,NONE,-2.389790280817519
phase6v2-r02-downstream-medium-a01,D4-SM,6,LOAD,-2.3965622675241476
phase6v2-r02-downstream-medium-a01,D4-SM,7,INPUT,-2.612573897996508
phase6v2-r02-downstream-medium-a01,D4-SM,8,INPUT+LOAD,-2.6193458847031366
phase6v2-r02-downstream-medium-a01,D4-SM,9,OUTPUT,-3.4235629714964877
phase6v2-r02-downstream-medium-a01,D4-SM,10,OUTPUT+LOAD,-3.430334958203116
phase6v2-r02-downstream-medium-a01,D4-SM,11,INPUT+OUTPUT,-3.6463465886754767
phase6v2-r02-output-load-control-a01,D4-SM,1,LOAD,3.2304938204315925
phase6v2-r02-output-load-control-a01,D4-SM,2,OUTPUT+LOAD,2.899832351227183
phase6v2-r02-output-load-control-a01,D4-SM,3,LOAD+DOWNSTREAM,2.5160428128364054
phase6v2-r02-output-load-control-a01,D4-SM,4,INPUT+LOAD,1.5468145924752061
phase6v2-r02-output-load-control-a01,D4-SM,5,NONE,-3.2304938204315925
phase6v2-r02-output-load-control-a01,D4-SM,6,OUTPUT,-3.561155289636002
phase6v2-r02-output-load-control-a01,D4-SM,7,DOWNSTREAM,-3.9449448280267796
phase6v2-r02-output-load-control-a01,D4-SM,8,OUTPUT+DOWNSTREAM,-4.275606297231189
phase6v2-r02-output-load-control-a01,D4-SM,9,INPUT,-4.914173048387979
phase6v2-r02-output-load-control-a01,D4-SM,10,INPUT+OUTPUT,-5.2448345175923885
phase6v2-r02-output-load-control-a01,D4-SM,11,INPUT+DOWNSTREAM,-5.628624055983166
phase6v2-r02-output-control-a01,D4-SMT,1,NONE,0
phase6v2-r02-output-control-a01,D4-SMT,2,INPUT,-0.05973130763608603
phase6v2-r02-output-control-a01,D4-SMT,3,DOWNSTREAM,-0.37756979160932935
phase6v2-r02-output-control-a01,D4-SMT,4,INPUT+DOWNSTREAM,-0.4373010992454154
phase6v2-r02-output-control-a01,D4-SMT,5,OUTPUT,-0.4578314473640765
phase6v2-r02-output-control-a01,D4-SMT,6,INPUT+OUTPUT,-0.5175627550001625
phase6v2-r02-output-control-a01,D4-SMT,7,LOAD,-0.5447038436928255
phase6v2-r02-output-control-a01,D4-SMT,8,INPUT+LOAD,-0.6044351513289116
phase6v2-r02-output-control-a01,D4-SMT,9,OUTPUT+DOWNSTREAM,-0.8354012389734058
phase6v2-r02-output-control-a01,D4-SMT,10,LOAD+DOWNSTREAM,-0.9222736353021549
phase6v2-r02-output-control-a01,D4-SMT,11,OUTPUT+LOAD,-1.002535291056902
phase6v2-r02-input-downstream-a01,D4-SMT,1,LOAD+DOWNSTREAM,1.2484235336947527
phase6v2-r02-input-downstream-a01,D4-SMT,2,DOWNSTREAM,1.2037703143230183
phase6v2-r02-input-downstream-a01,D4-SMT,3,INPUT+DOWNSTREAM,0.9915203670904046
phase6v2-r02-input-downstream-a01,D4-SMT,4,OUTPUT+DOWNSTREAM,0.523242417041859
phase6v2-r02-input-downstream-a01,D4-SMT,5,LOAD,-1.2037703143230183
phase6v2-r02-input-downstream-a01,D4-SMT,6,NONE,-1.2484235336947527
phase6v2-r02-input-downstream-a01,D4-SMT,7,INPUT+LOAD,-1.4160202615556317
phase6v2-r02-input-downstream-a01,D4-SMT,8,INPUT,-1.4606734809273663
phase6v2-r02-input-downstream-a01,D4-SMT,9,OUTPUT+LOAD,-1.8842982116041773
phase6v2-r02-input-downstream-a01,D4-SMT,10,OUTPUT,-1.928951430975912
phase6v2-r02-input-downstream-a01,D4-SMT,11,INPUT+OUTPUT,-2.1412013782085255
phase6v2-r02-baseline-a01,D4-SMT,1,DOWNSTREAM,0.0529944107160204
phase6v2-r02-baseline-a01,D4-SMT,2,INPUT+DOWNSTREAM,0.03546434147442157
phase6v2-r02-baseline-a01,D4-SMT,3,NONE,-0.0529944107160204
phase6v2-r02-baseline-a01,D4-SMT,4,INPUT,-0.07052447995761923
phase6v2-r02-baseline-a01,D4-SMT,5,LOAD+DOWNSTREAM,-0.13166082761878067
phase6v2-r02-baseline-a01,D4-SMT,6,LOAD,-0.23764964905082148
phase6v2-r02-baseline-a01,D4-SMT,7,INPUT+LOAD,-0.2551797182924203
phase6v2-r02-baseline-a01,D4-SMT,8,OUTPUT+DOWNSTREAM,-0.5593853186536945
phase6v2-r02-baseline-a01,D4-SMT,9,OUTPUT,-0.6653741400857353
phase6v2-r02-baseline-a01,D4-SMT,10,INPUT+OUTPUT,-0.6829042093273341
phase6v2-r02-baseline-a01,D4-SMT,11,OUTPUT+LOAD,-0.8500293784205363
phase6v2-r02-output-medium-a01,D4-SMT,1,OUTPUT,0.6053078569027506
phase6v2-r02-output-medium-a01,D4-SMT,2,OUTPUT+LOAD,0.46932200899507337
phase6v2-r02-output-medium-a01,D4-SMT,3,INPUT+OUTPUT,0.4120871176218497
phase6v2-r02-output-medium-a01,D4-SMT,4,OUTPUT+DOWNSTREAM,0.4045304297443067
phase6v2-r02-output-medium-a01,D4-SMT,5,NONE,-0.6053078569027506
phase6v2-r02-output-medium-a01,D4-SMT,6,LOAD,-0.7412937048104278
phase6v2-r02-output-medium-a01,D4-SMT,7,INPUT,-0.7985285961836515
phase6v2-r02-output-medium-a01,D4-SMT,8,DOWNSTREAM,-0.8060852840611945
phase6v2-r02-output-medium-a01,D4-SMT,9,INPUT+LOAD,-0.9345144440913287
phase6v2-r02-output-medium-a01,D4-SMT,10,LOAD+DOWNSTREAM,-0.9420711319688717
phase6v2-r02-output-medium-a01,D4-SMT,11,INPUT+DOWNSTREAM,-0.9993060233420954
phase6v2-r02-input-medium-a01,D4-SMT,1,NONE,0
phase6v2-r02-input-medium-a01,D4-SMT,2,INPUT,-0.09994992000317826
phase6v2-r02-input-medium-a01,D4-SMT,3,LOAD,-0.18404344864198086
phase6v2-r02-input-medium-a01,D4-SMT,4,INPUT+LOAD,-0.2839933686451591
phase6v2-r02-input-medium-a01,D4-SMT,5,DOWNSTREAM,-0.37617040086455533
phase6v2-r02-input-medium-a01,D4-SMT,6,INPUT+DOWNSTREAM,-0.4761203208677336
phase6v2-r02-input-medium-a01,D4-SMT,7,LOAD+DOWNSTREAM,-0.5602138495065362
phase6v2-r02-input-medium-a01,D4-SMT,8,OUTPUT,-0.637814030416099
phase6v2-r02-input-medium-a01,D4-SMT,9,INPUT+OUTPUT,-0.7377639504192772
phase6v2-r02-input-medium-a01,D4-SMT,10,OUTPUT+LOAD,-0.8218574790580798
phase6v2-r02-input-medium-a01,D4-SMT,11,OUTPUT+DOWNSTREAM,-1.0139844312806543
phase6v2-r02-output-load-a01,D4-SMT,1,OUTPUT+LOAD,4.143501240360832
phase6v2-r02-output-load-a01,D4-SMT,2,LOAD,1.0891786749032644
phase6v2-r02-output-load-a01,D4-SMT,3,LOAD+DOWNSTREAM,0.5052980405570766
phase6v2-r02-output-load-a01,D4-SMT,4,INPUT+LOAD,0.45140158003901365
phase6v2-r02-output-load-a01,D4-SMT,5,OUTPUT,-1.0891786749032644
phase6v2-r02-output-load-a01,D4-SMT,6,OUTPUT+DOWNSTREAM,-1.673059309249452
phase6v2-r02-output-load-a01,D4-SMT,7,INPUT+OUTPUT,-1.726955769767515
phase6v2-r02-output-load-a01,D4-SMT,8,NONE,-4.143501240360832
phase6v2-r02-output-load-a01,D4-SMT,9,DOWNSTREAM,-4.72738187470702
phase6v2-r02-output-load-a01,D4-SMT,10,INPUT,-4.781278335225083
phase6v2-r02-output-load-a01,D4-SMT,11,INPUT+DOWNSTREAM,-5.3651589695712705
phase6v2-r02-output-downstream-a01,D4-SMT,1,OUTPUT+DOWNSTREAM,1.6124557922681328
phase6v2-r02-output-downstream-a01,D4-SMT,2,DOWNSTREAM,0.6991157931543646
phase6v2-r02-output-downstream-a01,D4-SMT,3,LOAD+DOWNSTREAM,0.6961259052504651
phase6v2-r02-output-downstream-a01,D4-SMT,4,INPUT+DOWNSTREAM,0.44218109788762083
phase6v2-r02-output-downstream-a01,D4-SMT,5,OUTPUT,-0.6991157931543646
phase6v2-r02-output-downstream-a01,D4-SMT,6,OUTPUT+LOAD,-0.702105681058264
phase6v2-r02-output-downstream-a01,D4-SMT,7,INPUT+OUTPUT,-0.9560504884211083
phase6v2-r02-output-downstream-a01,D4-SMT,8,NONE,-1.6124557922681328
phase6v2-r02-output-downstream-a01,D4-SMT,9,LOAD,-1.6154456801720323
phase6v2-r02-output-downstream-a01,D4-SMT,10,INPUT,-1.8693904875348766
phase6v2-r02-output-downstream-a01,D4-SMT,11,INPUT+LOAD,-1.872380375438776
phase6v2-r02-output-downstream-control-a01,D4-SMT,1,DOWNSTREAM,1.9612275656053724
phase6v2-r02-output-downstream-control-a01,D4-SMT,2,INPUT+DOWNSTREAM,1.8139974172598063
phase6v2-r02-output-downstream-control-a01,D4-SMT,3,LOAD+DOWNSTREAM,1.5440347929764664
phase6v2-r02-output-downstream-control-a01,D4-SMT,4,OUTPUT+DOWNSTREAM,1.4824040613682798
phase6v2-r02-output-downstream-control-a01,D4-SMT,5,NONE,-1.9612275656053724
phase6v2-r02-output-downstream-control-a01,D4-SMT,6,INPUT,-2.1084577139509384
phase6v2-r02-output-downstream-control-a01,D4-SMT,7,LOAD,-2.3784203382342786
phase6v2-r02-output-downstream-control-a01,D4-SMT,8,OUTPUT,-2.4400510698424647
phase6v2-r02-output-downstream-control-a01,D4-SMT,9,INPUT+LOAD,-2.5256504865798446
phase6v2-r02-output-downstream-control-a01,D4-SMT,10,INPUT+OUTPUT,-2.5872812181880307
phase6v2-r02-output-downstream-control-a01,D4-SMT,11,OUTPUT+LOAD,-2.857243842471371
phase6v2-r02-input-load-a01,D4-SMT,1,OUTPUT+LOAD,3.8400159030838554
phase6v2-r02-input-load-a01,D4-SMT,2,LOAD,1.7318437724296847
phase6v2-r02-input-load-a01,D4-SMT,3,LOAD+DOWNSTREAM,1.1668288284310995
phase6v2-r02-input-load-a01,D4-SMT,4,INPUT+LOAD,1.0940666775654342
phase6v2-r02-input-load-a01,D4-SMT,5,OUTPUT,-1.7318437724296847
phase6v2-r02-input-load-a01,D4-SMT,6,OUTPUT+DOWNSTREAM,-2.29685871642827
phase6v2-r02-input-load-a01,D4-SMT,7,INPUT+OUTPUT,-2.3696208672939356
phase6v2-r02-input-load-a01,D4-SMT,8,NONE,-3.8400159030838554
phase6v2-r02-input-load-a01,D4-SMT,9,DOWNSTREAM,-4.405030847082441
phase6v2-r02-input-load-a01,D4-SMT,10,INPUT,-4.477792997948106
phase6v2-r02-input-load-a01,D4-SMT,11,INPUT+DOWNSTREAM,-5.042807941946691
phase6v2-r02-load-downstream-a01,D4-SMT,1,LOAD+DOWNSTREAM,5.261596610756179
phase6v2-r02-load-downstream-a01,D4-SMT,2,OUTPUT+LOAD,1.6693071830227253
phase6v2-r02-load-downstream-a01,D4-SMT,3,LOAD,1.6477607702582255
phase6v2-r02-load-downstream-a01,D4-SMT,4,INPUT+LOAD,1.0199514895608535
phase6v2-r02-load-downstream-a01,D4-SMT,5,OUTPUT+DOWNSTREAM,-1.6477607702582255
phase6v2-r02-load-downstream-a01,D4-SMT,6,DOWNSTREAM,-1.6693071830227253
phase6v2-r02-load-downstream-a01,D4-SMT,7,INPUT+DOWNSTREAM,-2.2971164637200974
phase6v2-r02-load-downstream-a01,D4-SMT,8,OUTPUT,-5.261596610756179
phase6v2-r02-load-downstream-a01,D4-SMT,9,NONE,-5.283143023520678
phase6v2-r02-load-downstream-a01,D4-SMT,10,INPUT+OUTPUT,-5.88940589145355
phase6v2-r02-load-downstream-a01,D4-SMT,11,INPUT,-5.91095230421805
phase6v2-r02-load-medium-a01,D4-SMT,1,OUTPUT+LOAD,3.5266768048369994
phase6v2-r02-load-medium-a01,D4-SMT,2,LOAD,3.4571663685418437
phase6v2-r02-load-medium-a01,D4-SMT,3,LOAD+DOWNSTREAM,2.943394695883888
phase6v2-r02-load-medium-a01,D4-SMT,4,INPUT+LOAD,2.8289946063703733
phase6v2-r02-load-medium-a01,D4-SMT,5,OUTPUT,-3.4571663685418437
phase6v2-r02-load-medium-a01,D4-SMT,6,NONE,-3.5266768048369994
phase6v2-r02-load-medium-a01,D4-SMT,7,OUTPUT+DOWNSTREAM,-3.9709380411997994
phase6v2-r02-load-medium-a01,D4-SMT,8,DOWNSTREAM,-4.040448477494955
phase6v2-r02-load-medium-a01,D4-SMT,9,INPUT+OUTPUT,-4.085338130713314
phase6v2-r02-load-medium-a01,D4-SMT,10,INPUT,-4.15484856700847
phase6v2-r02-load-medium-a01,D4-SMT,11,INPUT+DOWNSTREAM,-4.668620239666426
phase6v2-r02-downstream-medium-a01,D4-SMT,1,DOWNSTREAM,1.477599755143372
phase6v2-r02-downstream-medium-a01,D4-SMT,2,LOAD+DOWNSTREAM,1.3964774065474486
phase6v2-r02-downstream-medium-a01,D4-SMT,3,INPUT+DOWNSTREAM,1.3358634382151233
phase6v2-r02-downstream-medium-a01,D4-SMT,4,OUTPUT+DOWNSTREAM,0.8328711496025875
phase6v2-r02-downstream-medium-a01,D4-SMT,5,NONE,-1.477599755143372
phase6v2-r02-downstream-medium-a01,D4-SMT,6,LOAD,-1.5587221037392953
phase6v2-r02-downstream-medium-a01,D4-SMT,7,INPUT,-1.6193360720716206
phase6v2-r02-downstream-medium-a01,D4-SMT,8,INPUT+LOAD,-1.700458420667544
phase6v2-r02-downstream-medium-a01,D4-SMT,9,OUTPUT,-2.1223283606841563
phase6v2-r02-downstream-medium-a01,D4-SMT,10,OUTPUT+LOAD,-2.2034507092800797
phase6v2-r02-downstream-medium-a01,D4-SMT,11,INPUT+OUTPUT,-2.264064677612405
phase6v2-r02-output-load-control-a01,D4-SMT,1,LOAD,3.393135232423817
phase6v2-r02-output-load-control-a01,D4-SMT,2,OUTPUT+LOAD,3.0843519594334285
phase6v2-r02-output-load-control-a01,D4-SMT,3,LOAD+DOWNSTREAM,2.8525805220069644
phase6v2-r02-output-load-control-a01,D4-SMT,4,INPUT+LOAD,2.764199553191934
phase6v2-r02-output-load-control-a01,D4-SMT,5,NONE,-3.393135232423817
phase6v2-r02-output-load-control-a01,D4-SMT,6,OUTPUT,-3.7019185054142056
phase6v2-r02-output-load-control-a01,D4-SMT,7,DOWNSTREAM,-3.9336899428406698
phase6v2-r02-output-load-control-a01,D4-SMT,8,INPUT,-4.0220709116557
phase6v2-r02-output-load-control-a01,D4-SMT,9,OUTPUT+DOWNSTREAM,-4.242473215831058
phase6v2-r02-output-load-control-a01,D4-SMT,10,INPUT+OUTPUT,-4.330854184646088
phase6v2-r02-output-load-control-a01,D4-SMT,11,INPUT+DOWNSTREAM,-4.562625622072552
phase6v2-r02-output-control-a01,D4-FULL,1,NONE,0
phase6v2-r02-output-control-a01,D4-FULL,2,INPUT,-0.0686383562159748
phase6v2-r02-output-control-a01,D4-FULL,3,OUTPUT,-0.24896614572171558
phase6v2-r02-output-control-a01,D4-FULL,4,INPUT+OUTPUT,-0.3176045019376904
phase6v2-r02-output-control-a01,D4-FULL,5,DOWNSTREAM,-0.4181718326345786
phase6v2-r02-output-control-a01,D4-FULL,6,INPUT+DOWNSTREAM,-0.4868101888505534
phase6v2-r02-output-control-a01,D4-FULL,7,OUTPUT+DOWNSTREAM,-0.6671379783562942
phase6v2-r02-output-control-a01,D4-FULL,8,LOAD,-1.9185893220855474
phase6v2-r02-output-control-a01,D4-FULL,9,INPUT+LOAD,-1.9872276783015224
phase6v2-r02-output-control-a01,D4-FULL,10,OUTPUT+LOAD,-2.167555467807263
phase6v2-r02-output-control-a01,D4-FULL,11,LOAD+DOWNSTREAM,-2.336761154720126
phase6v2-r02-input-downstream-a01,D4-FULL,1,LOAD+DOWNSTREAM,0.17612577702510368
phase6v2-r02-input-downstream-a01,D4-FULL,2,DOWNSTREAM,0.03698878315334586
phase6v2-r02-input-downstream-a01,D4-FULL,3,LOAD,-0.03698878315334586
phase6v2-r02-input-downstream-a01,D4-FULL,4,INPUT+DOWNSTREAM,-0.17524466201270278
phase6v2-r02-input-downstream-a01,D4-FULL,5,NONE,-0.17612577702510368
phase6v2-r02-input-downstream-a01,D4-FULL,6,INPUT+LOAD,-0.2492222283193945
phase6v2-r02-input-downstream-a01,D4-FULL,7,INPUT,-0.3883592221911523
phase6v2-r02-input-downstream-a01,D4-FULL,8,OUTPUT+DOWNSTREAM,-1.0122400057582577
phase6v2-r02-input-downstream-a01,D4-FULL,9,OUTPUT+LOAD,-1.0862175720649492
phase6v2-r02-input-downstream-a01,D4-FULL,10,OUTPUT,-1.225354565936707
phase6v2-r02-input-downstream-a01,D4-FULL,11,INPUT+OUTPUT,-1.4375880111027557
phase6v2-r02-baseline-a01,D4-FULL,1,DOWNSTREAM,0.14484187554308497
phase6v2-r02-baseline-a01,D4-FULL,2,INPUT+DOWNSTREAM,0.10541988839013045
phase6v2-r02-baseline-a01,D4-FULL,3,NONE,-0.14484187554308497
phase6v2-r02-baseline-a01,D4-FULL,4,INPUT,-0.1842638626960395
phase6v2-r02-baseline-a01,D4-FULL,5,LOAD+DOWNSTREAM,-0.21128787251264702
phase6v2-r02-baseline-a01,D4-FULL,6,LOAD,-0.500971623598817
phase6v2-r02-baseline-a01,D4-FULL,7,INPUT+LOAD,-0.5403936107517715
phase6v2-r02-baseline-a01,D4-FULL,8,OUTPUT+DOWNSTREAM,-0.7995838127066299
phase6v2-r02-baseline-a01,D4-FULL,9,OUTPUT,-1.0892675637927998
phase6v2-r02-baseline-a01,D4-FULL,10,INPUT+OUTPUT,-1.1286895509457544
phase6v2-r02-baseline-a01,D4-FULL,11,OUTPUT+LOAD,-1.4453973118485317
phase6v2-r02-output-medium-a01,D4-FULL,1,OUTPUT,1.2537759359435972
phase6v2-r02-output-medium-a01,D4-FULL,2,OUTPUT+DOWNSTREAM,0.9868697033691024
phase6v2-r02-output-medium-a01,D4-FULL,3,INPUT+OUTPUT,0.8220015080641505
phase6v2-r02-output-medium-a01,D4-FULL,4,OUTPUT+LOAD,-0.24585112032640222
phase6v2-r02-output-medium-a01,D4-FULL,5,NONE,-1.2537759359435972
phase6v2-r02-output-medium-a01,D4-FULL,6,DOWNSTREAM,-1.5206821685180918
phase6v2-r02-output-medium-a01,D4-FULL,7,INPUT,-1.6855503638230438
phase6v2-r02-output-medium-a01,D4-FULL,8,INPUT+DOWNSTREAM,-1.9524565963975387
phase6v2-r02-output-medium-a01,D4-FULL,9,LOAD,-2.7534029922135965
phase6v2-r02-output-medium-a01,D4-FULL,10,LOAD+DOWNSTREAM,-3.0203092247880914
phase6v2-r02-output-medium-a01,D4-FULL,11,INPUT+LOAD,-3.1851774200930434
phase6v2-r02-input-medium-a01,D4-FULL,1,NONE,0
phase6v2-r02-input-medium-a01,D4-FULL,2,INPUT,-0.12184183791453385
phase6v2-r02-input-medium-a01,D4-FULL,3,LOAD,-0.2959701555031353
phase6v2-r02-input-medium-a01,D4-FULL,4,DOWNSTREAM,-0.3767668062359103
phase6v2-r02-input-medium-a01,D4-FULL,5,INPUT+LOAD,-0.41781199341766917
phase6v2-r02-input-medium-a01,D4-FULL,6,INPUT+DOWNSTREAM,-0.49860864415044415
phase6v2-r02-input-medium-a01,D4-FULL,7,LOAD+DOWNSTREAM,-0.6727369617390456
phase6v2-r02-input-medium-a01,D4-FULL,8,OUTPUT,-1.0580279271563282
phase6v2-r02-input-medium-a01,D4-FULL,9,INPUT+OUTPUT,-1.179869765070862
phase6v2-r02-input-medium-a01,D4-FULL,10,OUTPUT+LOAD,-1.3539980826594635
phase6v2-r02-input-medium-a01,D4-FULL,11,OUTPUT+DOWNSTREAM,-1.4347947333922386
phase6v2-r02-output-load-a01,D4-FULL,1,OUTPUT+LOAD,3.48546229883842
phase6v2-r02-output-load-a01,D4-FULL,2,LOAD,1.8156721799401287
phase6v2-r02-output-load-a01,D4-FULL,3,LOAD+DOWNSTREAM,-0.2624888705833168
phase6v2-r02-output-load-a01,D4-FULL,4,OUTPUT,-1.8156721799401287
phase6v2-r02-output-load-a01,D4-FULL,5,NONE,-3.48546229883842
phase6v2-r02-output-load-a01,D4-FULL,6,OUTPUT+DOWNSTREAM,-3.8938332304635743
phase6v2-r02-output-load-a01,D4-FULL,7,DOWNSTREAM,-5.563623349361865
phase6v2-r02-output-load-a01,D4-FULL,8,INPUT+LOAD,-8.144336635926667
phase6v2-r02-output-load-a01,D4-FULL,9,INPUT+OUTPUT,-11.775680995806926
phase6v2-r02-output-load-a01,D4-FULL,10,INPUT,-13.445471114705217
phase6v2-r02-output-load-a01,D4-FULL,11,INPUT+DOWNSTREAM,-15.523632165228662
phase6v2-r02-output-downstream-a01,D4-FULL,1,OUTPUT+DOWNSTREAM,1.9662604429342911
phase6v2-r02-output-downstream-a01,D4-FULL,2,OUTPUT,0.032028995254480996
phase6v2-r02-output-downstream-a01,D4-FULL,3,DOWNSTREAM,-0.032028995254480996
phase6v2-r02-output-downstream-a01,D4-FULL,4,INPUT+OUTPUT,-0.49651276753081397
phase6v2-r02-output-downstream-a01,D4-FULL,5,INPUT+DOWNSTREAM,-0.560570758039776
phase6v2-r02-output-downstream-a01,D4-FULL,6,OUTPUT+LOAD,-1.3107481165455392
phase6v2-r02-output-downstream-a01,D4-FULL,7,LOAD+DOWNSTREAM,-1.3748061070545012
phase6v2-r02-output-downstream-a01,D4-FULL,8,NONE,-1.9662604429342911
phase6v2-r02-output-downstream-a01,D4-FULL,9,INPUT,-2.494802205719586
phase6v2-r02-output-downstream-a01,D4-FULL,10,LOAD,-3.3090375547343114
phase6v2-r02-output-downstream-a01,D4-FULL,11,INPUT+LOAD,-3.8375793175196065
phase6v2-r02-output-downstream-control-a01,D4-FULL,1,DOWNSTREAM,2.0674323906188525
phase6v2-r02-output-downstream-control-a01,D4-FULL,2,INPUT+DOWNSTREAM,1.9033895659973714
phase6v2-r02-output-downstream-control-a01,D4-FULL,3,OUTPUT+DOWNSTREAM,1.6034101371388907
phase6v2-r02-output-downstream-control-a01,D4-FULL,4,LOAD+DOWNSTREAM,0.36470264071575587
phase6v2-r02-output-downstream-control-a01,D4-FULL,5,NONE,-2.0674323906188525
phase6v2-r02-output-downstream-control-a01,D4-FULL,6,INPUT,-2.2314752152403337
phase6v2-r02-output-downstream-control-a01,D4-FULL,7,OUTPUT,-2.5314546440988144
phase6v2-r02-output-downstream-control-a01,D4-FULL,8,INPUT+OUTPUT,-2.695497468720296
phase6v2-r02-output-downstream-control-a01,D4-FULL,9,LOAD,-3.770162140521949
phase6v2-r02-output-downstream-control-a01,D4-FULL,10,INPUT+LOAD,-3.9342049651434303
phase6v2-r02-output-downstream-control-a01,D4-FULL,11,OUTPUT+LOAD,-4.234184394001911
phase6v2-r02-input-load-a01,D4-FULL,1,OUTPUT+LOAD,3.1605317957099226
phase6v2-r02-input-load-a01,D4-FULL,2,LOAD,2.407600098566869
phase6v2-r02-input-load-a01,D4-FULL,3,LOAD+DOWNSTREAM,0.7963546752469322
phase6v2-r02-input-load-a01,D4-FULL,4,OUTPUT,-2.407600098566869
phase6v2-r02-input-load-a01,D4-FULL,5,NONE,-3.1605317957099226
phase6v2-r02-input-load-a01,D4-FULL,6,OUTPUT+DOWNSTREAM,-4.018845521886805
phase6v2-r02-input-load-a01,D4-FULL,7,DOWNSTREAM,-4.771777219029859
phase6v2-r02-input-load-a01,D4-FULL,8,INPUT+LOAD,-7.30869443455663
phase6v2-r02-input-load-a01,D4-FULL,9,INPUT+OUTPUT,-12.123894631690368
phase6v2-r02-input-load-a01,D4-FULL,10,INPUT,-12.87682632883342
phase6v2-r02-input-load-a01,D4-FULL,11,INPUT+DOWNSTREAM,-14.488071752153356
phase6v2-r02-load-downstream-a01,D4-FULL,1,LOAD+DOWNSTREAM,5.0253699534769325
phase6v2-r02-load-downstream-a01,D4-FULL,2,LOAD,2.054154089052572
phase6v2-r02-load-downstream-a01,D4-FULL,3,OUTPUT+LOAD,2.04157949804594
phase6v2-r02-load-downstream-a01,D4-FULL,4,DOWNSTREAM,-2.054154089052572
phase6v2-r02-load-downstream-a01,D4-FULL,5,OUTPUT+DOWNSTREAM,-2.066728680059204
phase6v2-r02-load-downstream-a01,D4-FULL,6,INPUT+LOAD,-2.872631432192277
phase6v2-r02-load-downstream-a01,D4-FULL,7,NONE,-5.0253699534769325
phase6v2-r02-load-downstream-a01,D4-FULL,8,OUTPUT,-5.037944544483564
phase6v2-r02-load-downstream-a01,D4-FULL,9,INPUT+DOWNSTREAM,-6.980939610297421
phase6v2-r02-load-downstream-a01,D4-FULL,10,INPUT,-9.952155474721781
phase6v2-r02-load-downstream-a01,D4-FULL,11,INPUT+OUTPUT,-9.964730065728414
phase6v2-r02-load-medium-a01,D4-FULL,1,OUTPUT+LOAD,3.6257757825954604
phase6v2-r02-load-medium-a01,D4-FULL,2,LOAD,3.5618351482014265
phase6v2-r02-load-medium-a01,D4-FULL,3,LOAD+DOWNSTREAM,2.5978870599930244
phase6v2-r02-load-medium-a01,D4-FULL,4,INPUT+LOAD,-1.1946828099153748
phase6v2-r02-load-medium-a01,D4-FULL,5,OUTPUT,-3.5618351482014265
phase6v2-r02-load-medium-a01,D4-FULL,6,NONE,-3.6257757825954604
phase6v2-r02-load-medium-a01,D4-FULL,7,OUTPUT+DOWNSTREAM,-4.525783236409828
phase6v2-r02-load-medium-a01,D4-FULL,8,DOWNSTREAM,-4.589723870803862
phase6v2-r02-load-medium-a01,D4-FULL,9,INPUT+OUTPUT,-8.318353106318229
phase6v2-r02-load-medium-a01,D4-FULL,10,INPUT,-8.382293740712262
phase6v2-r02-load-medium-a01,D4-FULL,11,INPUT+DOWNSTREAM,-9.346241828920665
phase6v2-r02-downstream-medium-a01,D4-FULL,1,DOWNSTREAM,1.5189543656257989
phase6v2-r02-downstream-medium-a01,D4-FULL,2,LOAD+DOWNSTREAM,1.4861741027497943
phase6v2-r02-downstream-medium-a01,D4-FULL,3,INPUT+DOWNSTREAM,1.3696744371323588
phase6v2-r02-downstream-medium-a01,D4-FULL,4,OUTPUT+DOWNSTREAM,0.6259523731711725
phase6v2-r02-downstream-medium-a01,D4-FULL,5,NONE,-1.5189543656257989
phase6v2-r02-downstream-medium-a01,D4-FULL,6,LOAD,-1.5517346285018034
phase6v2-r02-downstream-medium-a01,D4-FULL,7,INPUT,-1.668234294119239
phase6v2-r02-downstream-medium-a01,D4-FULL,8,INPUT+LOAD,-1.7010145569952435
phase6v2-r02-downstream-medium-a01,D4-FULL,9,OUTPUT,-2.4119563580804253
phase6v2-r02-downstream-medium-a01,D4-FULL,10,OUTPUT+LOAD,-2.44473662095643
phase6v2-r02-downstream-medium-a01,D4-FULL,11,INPUT+OUTPUT,-2.561236286573865
phase6v2-r02-output-load-control-a01,D4-FULL,1,LOAD,3.2072319107264486
phase6v2-r02-output-load-control-a01,D4-FULL,2,OUTPUT+LOAD,2.939773220784672
phase6v2-r02-output-load-control-a01,D4-FULL,3,LOAD+DOWNSTREAM,2.2075505106386095
phase6v2-r02-output-load-control-a01,D4-FULL,4,INPUT+LOAD,0.3514655121344803
phase6v2-r02-output-load-control-a01,D4-FULL,5,NONE,-3.2072319107264486
phase6v2-r02-output-load-control-a01,D4-FULL,6,OUTPUT,-3.474690600668225
phase6v2-r02-output-load-control-a01,D4-FULL,7,DOWNSTREAM,-4.206913310814288
phase6v2-r02-output-load-control-a01,D4-FULL,8,OUTPUT+DOWNSTREAM,-4.474372000756064
phase6v2-r02-output-load-control-a01,D4-FULL,9,INPUT,-6.0629983093184165
phase6v2-r02-output-load-control-a01,D4-FULL,10,INPUT+OUTPUT,-6.330456999260194
phase6v2-r02-output-load-control-a01,D4-FULL,11,INPUT+DOWNSTREAM,-7.062679709406256
phase6v2-r02-output-control-a01,D4-FULL,1,NONE,0
phase6v2-r02-output-control-a01,D4-FULL,2,OUTPUT,-0.14012062073653211
phase6v2-r02-output-control-a01,D4-FULL,3,INPUT,-0.3615307013433745
phase6v2-r02-output-control-a01,D4-FULL,4,DOWNSTREAM,-0.4181718326345786
phase6v2-r02-output-control-a01,D4-FULL,5,INPUT+OUTPUT,-0.5016513220799066
phase6v2-r02-output-control-a01,D4-FULL,6,OUTPUT+DOWNSTREAM,-0.5582924533711107
phase6v2-r02-output-control-a01,D4-FULL,7,INPUT+DOWNSTREAM,-0.7797025339779531
phase6v2-r02-output-control-a01,D4-FULL,8,LOAD,-1.9185893220855474
phase6v2-r02-output-control-a01,D4-FULL,9,OUTPUT+LOAD,-2.0587099428220794
phase6v2-r02-output-control-a01,D4-FULL,10,INPUT+LOAD,-2.280120023428922
phase6v2-r02-output-control-a01,D4-FULL,11,LOAD+DOWNSTREAM,-2.336761154720126
phase6v2-r02-input-downstream-a01,D4-FULL,1,INPUT+DOWNSTREAM,0.11904147320871583
phase6v2-r02-input-downstream-a01,D4-FULL,2,LOAD+DOWNSTREAM,0.09407308696973371
phase6v2-r02-input-downstream-a01,D4-FULL,3,INPUT+LOAD,0.04506390690202411
phase6v2-r02-input-downstream-a01,D4-FULL,4,DOWNSTREAM,-0.04506390690202411
phase6v2-r02-input-downstream-a01,D4-FULL,5,INPUT,-0.09407308696973371
phase6v2-r02-input-downstream-a01,D4-FULL,6,LOAD,-0.11904147320871583
phase6v2-r02-input-downstream-a01,D4-FULL,7,NONE,-0.25817846708047365
phase6v2-r02-input-downstream-a01,D4-FULL,8,OUTPUT+DOWNSTREAM,-0.8220622006884086
phase6v2-r02-input-downstream-a01,D4-FULL,9,INPUT+OUTPUT,-0.8710713807561181
phase6v2-r02-input-downstream-a01,D4-FULL,10,OUTPUT+LOAD,-0.8960397669951001
phase6v2-r02-input-downstream-a01,D4-FULL,11,OUTPUT,-1.035176760866858
phase6v2-r02-baseline-a01,D4-FULL,1,DOWNSTREAM,0.14484187554308497
phase6v2-r02-baseline-a01,D4-FULL,2,INPUT+DOWNSTREAM,0.11675871834744361
phase6v2-r02-baseline-a01,D4-FULL,3,NONE,-0.14484187554308497
phase6v2-r02-baseline-a01,D4-FULL,4,INPUT,-0.17292503273872634
phase6v2-r02-baseline-a01,D4-FULL,5,LOAD+DOWNSTREAM,-0.21128787251264702
phase6v2-r02-baseline-a01,D4-FULL,6,LOAD,-0.500971623598817
phase6v2-r02-baseline-a01,D4-FULL,7,INPUT+LOAD,-0.5290547807944583
phase6v2-r02-baseline-a01,D4-FULL,8,OUTPUT+DOWNSTREAM,-0.5462733901886538
phase6v2-r02-baseline-a01,D4-FULL,9,OUTPUT,-0.8359571412748237
phase6v2-r02-baseline-a01,D4-FULL,10,INPUT+OUTPUT,-0.8640402984704652
phase6v2-r02-baseline-a01,D4-FULL,11,OUTPUT+LOAD,-1.1920868893305556
phase6v2-r02-output-medium-a01,D4-FULL,1,OUTPUT,1.4832647483902308
phase6v2-r02-output-medium-a01,D4-FULL,2,OUTPUT+DOWNSTREAM,1.216358515815736
phase6v2-r02-output-medium-a01,D4-FULL,3,INPUT+OUTPUT,0.7578091392844545
phase6v2-r02-output-medium-a01,D4-FULL,4,OUTPUT+LOAD,-0.016362307879768556
phase6v2-r02-output-medium-a01,D4-FULL,5,NONE,-1.4832647483902308
phase6v2-r02-output-medium-a01,D4-FULL,6,DOWNSTREAM,-1.7501709809647257
phase6v2-r02-output-medium-a01,D4-FULL,7,INPUT,-2.208720357496007
phase6v2-r02-output-medium-a01,D4-FULL,8,INPUT+DOWNSTREAM,-2.475626590070502
phase6v2-r02-output-medium-a01,D4-FULL,9,LOAD,-2.9828918046602304
phase6v2-r02-output-medium-a01,D4-FULL,10,LOAD+DOWNSTREAM,-3.249798037234725
phase6v2-r02-output-medium-a01,D4-FULL,11,INPUT+LOAD,-3.7083474137660066
phase6v2-r02-input-medium-a01,D4-FULL,1,INPUT,0.15850396159988311
phase6v2-r02-input-medium-a01,D4-FULL,2,INPUT+LOAD,-0.1374661939032522
phase6v2-r02-input-medium-a01,D4-FULL,3,NONE,-0.15850396159988311
phase6v2-r02-input-medium-a01,D4-FULL,4,INPUT+DOWNSTREAM,-0.2182628446360272
phase6v2-r02-input-medium-a01,D4-FULL,5,LOAD,-0.45447411710301844
phase6v2-r02-input-medium-a01,D4-FULL,6,DOWNSTREAM,-0.5352707678357934
phase6v2-r02-input-medium-a01,D4-FULL,7,INPUT+OUTPUT,-0.6383646802291895
phase6v2-r02-input-medium-a01,D4-FULL,8,LOAD+DOWNSTREAM,-0.8312409233389287
phase6v2-r02-input-medium-a01,D4-FULL,9,OUTPUT,-0.9553726034289557
phase6v2-r02-input-medium-a01,D4-FULL,10,OUTPUT+LOAD,-1.251342758932091
phase6v2-r02-input-medium-a01,D4-FULL,11,OUTPUT+DOWNSTREAM,-1.332139409664866
phase6v2-r02-output-load-a01,D4-FULL,1,OUTPUT+LOAD,3.558408527948189
phase6v2-r02-output-load-a01,D4-FULL,2,LOAD,1.7427259508303594
phase6v2-r02-output-load-a01,D4-FULL,3,LOAD+DOWNSTREAM,-0.33543509969308616
phase6v2-r02-output-load-a01,D4-FULL,4,OUTPUT,-1.7427259508303594
phase6v2-r02-output-load-a01,D4-FULL,5,NONE,-3.558408527948189
phase6v2-r02-output-load-a01,D4-FULL,6,OUTPUT+DOWNSTREAM,-3.820887001353805
phase6v2-r02-output-load-a01,D4-FULL,7,DOWNSTREAM,-5.636569578471635
phase6v2-r02-output-load-a01,D4-FULL,8,INPUT+LOAD,-7.13449413184084
phase6v2-r02-output-load-a01,D4-FULL,9,INPUT+OUTPUT,-10.61994603350156
phase6v2-r02-output-load-a01,D4-FULL,10,INPUT,-12.43562861061939
phase6v2-r02-output-load-a01,D4-FULL,11,INPUT+DOWNSTREAM,-14.513789661142834
phase6v2-r02-output-downstream-a01,D4-FULL,1,OUTPUT+DOWNSTREAM,2.1974790404930857
phase6v2-r02-output-downstream-a01,D4-FULL,2,OUTPUT,0.2632475928132758
phase6v2-r02-output-downstream-a01,D4-FULL,3,DOWNSTREAM,-0.2632475928132758
phase6v2-r02-output-downstream-a01,D4-FULL,4,INPUT+OUTPUT,-0.5463617715870726
phase6v2-r02-output-downstream-a01,D4-FULL,5,INPUT+DOWNSTREAM,-1.0728569572136242
phase6v2-r02-output-downstream-a01,D4-FULL,6,OUTPUT+LOAD,-1.0795295189867444
phase6v2-r02-output-downstream-a01,D4-FULL,7,LOAD+DOWNSTREAM,-1.606024704613296
phase6v2-r02-output-downstream-a01,D4-FULL,8,NONE,-2.1974790404930857
phase6v2-r02-output-downstream-a01,D4-FULL,9,INPUT,-3.007088404893434
phase6v2-r02-output-downstream-a01,D4-FULL,10,LOAD,-3.540256152293106
phase6v2-r02-output-downstream-a01,D4-FULL,11,INPUT+LOAD,-4.349865516693455
phase6v2-r02-output-downstream-control-a01,D4-FULL,1,DOWNSTREAM,2.0674323906188525
phase6v2-r02-output-downstream-control-a01,D4-FULL,2,OUTPUT+DOWNSTREAM,1.7672968090110104
phase6v2-r02-output-downstream-control-a01,D4-FULL,3,INPUT+DOWNSTREAM,1.623191135772606
phase6v2-r02-output-downstream-control-a01,D4-FULL,4,LOAD+DOWNSTREAM,0.36470264071575587
phase6v2-r02-output-downstream-control-a01,D4-FULL,5,NONE,-2.0674323906188525
phase6v2-r02-output-downstream-control-a01,D4-FULL,6,OUTPUT,-2.367567972226695
phase6v2-r02-output-downstream-control-a01,D4-FULL,7,INPUT,-2.511673645465099
phase6v2-r02-output-downstream-control-a01,D4-FULL,8,INPUT+OUTPUT,-2.811809227072941
phase6v2-r02-output-downstream-control-a01,D4-FULL,9,LOAD,-3.770162140521949
phase6v2-r02-output-downstream-control-a01,D4-FULL,10,OUTPUT+LOAD,-4.070297722129791
phase6v2-r02-output-downstream-control-a01,D4-FULL,11,INPUT+LOAD,-4.214403395368196
phase6v2-r02-input-load-a01,D4-FULL,1,OUTPUT+LOAD,2.969765994950574
phase6v2-r02-input-load-a01,D4-FULL,2,LOAD,2.5983658993262173
phase6v2-r02-input-load-a01,D4-FULL,3,LOAD+DOWNSTREAM,0.9871204760062808
phase6v2-r02-input-load-a01,D4-FULL,4,OUTPUT,-2.5983658993262173
phase6v2-r02-input-load-a01,D4-FULL,5,NONE,-2.969765994950574
phase6v2-r02-input-load-a01,D4-FULL,6,OUTPUT+DOWNSTREAM,-4.209611322646154
phase6v2-r02-input-load-a01,D4-FULL,7,DOWNSTREAM,-4.581011418270511
phase6v2-r02-input-load-a01,D4-FULL,8,INPUT+LOAD,-5.494059133527621
phase6v2-r02-input-load-a01,D4-FULL,9,INPUT+OUTPUT,-10.690790932180057
phase6v2-r02-input-load-a01,D4-FULL,10,INPUT,-11.062191027804413
phase6v2-r02-input-load-a01,D4-FULL,11,INPUT+DOWNSTREAM,-12.67343645112435
phase6v2-r02-load-downstream-a01,D4-FULL,1,LOAD+DOWNSTREAM,5.0253699534769325
phase6v2-r02-load-downstream-a01,D4-FULL,2,LOAD,2.054154089052572
phase6v2-r02-load-downstream-a01,D4-FULL,3,OUTPUT+LOAD,2.0053376790808004
phase6v2-r02-load-downstream-a01,D4-FULL,4,DOWNSTREAM,-2.054154089052572
phase6v2-r02-load-downstream-a01,D4-FULL,5,OUTPUT+DOWNSTREAM,-2.1029704990243445
phase6v2-r02-load-downstream-a01,D4-FULL,6,INPUT+LOAD,-2.1913505955020547
phase6v2-r02-load-downstream-a01,D4-FULL,7,NONE,-5.0253699534769325
phase6v2-r02-load-downstream-a01,D4-FULL,8,OUTPUT,-5.074186363448705
phase6v2-r02-load-downstream-a01,D4-FULL,9,INPUT+DOWNSTREAM,-6.299658773607199
phase6v2-r02-load-downstream-a01,D4-FULL,10,INPUT,-9.27087463803156
phase6v2-r02-load-downstream-a01,D4-FULL,11,INPUT+OUTPUT,-9.319691048003332
phase6v2-r02-load-medium-a01,D4-FULL,1,LOAD,3.5938054653984435
phase6v2-r02-load-medium-a01,D4-FULL,2,OUTPUT+LOAD,3.584874435364086
phase6v2-r02-load-medium-a01,D4-FULL,3,LOAD+DOWNSTREAM,2.6298573771900413
phase6v2-r02-load-medium-a01,D4-FULL,4,INPUT+LOAD,-0.5146948552581097
phase6v2-r02-load-medium-a01,D4-FULL,5,NONE,-3.5938054653984435
phase6v2-r02-load-medium-a01,D4-FULL,6,OUTPUT,-3.602736495432801
phase6v2-r02-load-medium-a01,D4-FULL,7,DOWNSTREAM,-4.557753553606846
phase6v2-r02-load-medium-a01,D4-FULL,8,OUTPUT+DOWNSTREAM,-4.566684583641203
phase6v2-r02-load-medium-a01,D4-FULL,9,INPUT,-7.702305786054996
phase6v2-r02-load-medium-a01,D4-FULL,10,INPUT+OUTPUT,-7.711236816089354
phase6v2-r02-load-medium-a01,D4-FULL,11,INPUT+DOWNSTREAM,-8.666253874263399
phase6v2-r02-downstream-medium-a01,D4-FULL,1,DOWNSTREAM,1.5189543656257989
phase6v2-r02-downstream-medium-a01,D4-FULL,2,LOAD+DOWNSTREAM,1.4861741027497943
phase6v2-r02-downstream-medium-a01,D4-FULL,3,INPUT+DOWNSTREAM,1.3947827009108718
phase6v2-r02-downstream-medium-a01,D4-FULL,4,OUTPUT+DOWNSTREAM,0.8725773470220979
phase6v2-r02-downstream-medium-a01,D4-FULL,5,NONE,-1.5189543656257989
phase6v2-r02-downstream-medium-a01,D4-FULL,6,LOAD,-1.5517346285018034
phase6v2-r02-downstream-medium-a01,D4-FULL,7,INPUT,-1.643126030340726
phase6v2-r02-downstream-medium-a01,D4-FULL,8,INPUT+LOAD,-1.6759062932167306
phase6v2-r02-downstream-medium-a01,D4-FULL,9,OUTPUT,-2.1653313842295
phase6v2-r02-downstream-medium-a01,D4-FULL,10,OUTPUT+LOAD,-2.198111647105504
phase6v2-r02-downstream-medium-a01,D4-FULL,11,INPUT+OUTPUT,-2.289503048944427
phase6v2-r02-output-load-control-a01,D4-FULL,1,LOAD,3.2072319107264486
phase6v2-r02-output-load-control-a01,D4-FULL,2,OUTPUT+LOAD,2.9401957528179383
phase6v2-r02-output-load-control-a01,D4-FULL,3,LOAD+DOWNSTREAM,2.2075505106386095
phase6v2-r02-output-load-control-a01,D4-FULL,4,INPUT+LOAD,0.4108329961510959
phase6v2-r02-output-load-control-a01,D4-FULL,5,NONE,-3.2072319107264486
phase6v2-r02-output-load-control-a01,D4-FULL,6,OUTPUT,-3.474268068634959
phase6v2-r02-output-load-control-a01,D4-FULL,7,DOWNSTREAM,-4.206913310814288
phase6v2-r02-output-load-control-a01,D4-FULL,8,OUTPUT+DOWNSTREAM,-4.4739494687227985
phase6v2-r02-output-load-control-a01,D4-FULL,9,INPUT,-6.003630825301801
phase6v2-r02-output-load-control-a01,D4-FULL,10,INPUT+OUTPUT,-6.270666983210312
phase6v2-r02-output-load-control-a01,D4-FULL,11,INPUT+DOWNSTREAM,-7.0033122253896405
phase6v2-r03-output-downstream-a01,D4-S,1,OUTPUT+LOAD,1.1079009731800227
phase6v2-r03-output-downstream-a01,D4-S,2,LOAD,0.46714515421499586
phase6v2-r03-output-downstream-a01,D4-S,3,OUTPUT,-0.46714515421499586
phase6v2-r03-output-downstream-a01,D4-S,4,LOAD+DOWNSTREAM,-0.5814173148758928
phase6v2-r03-output-downstream-a01,D4-S,5,INPUT+LOAD,-0.9448244421888279
phase6v2-r03-output-downstream-a01,D4-S,6,NONE,-1.1079009731800227
phase6v2-r03-output-downstream-a01,D4-S,7,OUTPUT+DOWNSTREAM,-1.5157076233058844
phase6v2-r03-output-downstream-a01,D4-S,8,INPUT+OUTPUT,-1.8791147506188195
phase6v2-r03-output-downstream-a01,D4-S,9,DOWNSTREAM,-2.156463442270911
phase6v2-r03-output-downstream-a01,D4-S,10,INPUT,-2.5198705695838464
phase6v2-r03-output-downstream-a01,D4-S,11,INPUT+DOWNSTREAM,-3.568433038674735
phase6v2-r03-input-medium-a01,D4-S,1,INPUT,0.20800163369332814
phase6v2-r03-input-medium-a01,D4-S,2,INPUT+DOWNSTREAM,-0.0913062517805619
phase6v2-r03-input-medium-a01,D4-S,3,NONE,-0.20800163369332814
phase6v2-r03-input-medium-a01,D4-S,4,INPUT+LOAD,-0.22031148741524914
phase6v2-r03-input-medium-a01,D4-S,5,INPUT+OUTPUT,-0.26420546363203057
phase6v2-r03-input-medium-a01,D4-S,6,DOWNSTREAM,-0.5073095191672181
phase6v2-r03-input-medium-a01,D4-S,7,LOAD,-0.6363147548019055
phase6v2-r03-input-medium-a01,D4-S,8,OUTPUT,-0.6802087310186868
phase6v2-r03-input-medium-a01,D4-S,9,LOAD+DOWNSTREAM,-0.9356226402757954
phase6v2-r03-input-medium-a01,D4-S,10,OUTPUT+DOWNSTREAM,-0.9795166164925768
phase6v2-r03-input-medium-a01,D4-S,11,OUTPUT+LOAD,-1.1085218521272642
phase6v2-r03-output-load-a01,D4-S,1,LOAD,2.3660287636050255
phase6v2-r03-output-load-a01,D4-S,2,OUTPUT+LOAD,2.1809633807958466
phase6v2-r03-output-load-a01,D4-S,3,LOAD+DOWNSTREAM,-1.325567521376266
phase6v2-r03-output-load-a01,D4-S,4,INPUT+LOAD,-1.4157196218535155
phase6v2-r03-output-load-a01,D4-S,5,NONE,-2.3660287636050255
phase6v2-r03-output-load-a01,D4-S,6,OUTPUT,-2.5510941464142043
phase6v2-r03-output-load-a01,D4-S,7,DOWNSTREAM,-6.057625048586317
phase6v2-r03-output-load-a01,D4-S,8,INPUT,-6.147777149063566
phase6v2-r03-output-load-a01,D4-S,9,OUTPUT+DOWNSTREAM,-6.242690431395496
phase6v2-r03-output-load-a01,D4-S,10,INPUT+OUTPUT,-6.332842531872745
phase6v2-r03-output-load-a01,D4-S,11,INPUT+DOWNSTREAM,-9.839373434044859
phase6v2-r03-input-downstream-a01,D4-S,1,NONE,0
phase6v2-r03-input-downstream-a01,D4-S,2,LOAD,-0.015184122251521548
phase6v2-r03-input-downstream-a01,D4-S,3,OUTPUT,-0.05984980883589622
phase6v2-r03-input-downstream-a01,D4-S,4,OUTPUT+LOAD,-0.07503393108741777
phase6v2-r03-input-downstream-a01,D4-S,5,INPUT,-0.24482550428455518
phase6v2-r03-input-downstream-a01,D4-S,6,DOWNSTREAM,-0.24995681117220203
phase6v2-r03-input-downstream-a01,D4-S,7,INPUT+LOAD,-0.26000962653607673
phase6v2-r03-input-downstream-a01,D4-S,8,LOAD+DOWNSTREAM,-0.2651409334237236
phase6v2-r03-input-downstream-a01,D4-S,9,INPUT+OUTPUT,-0.3046753131204514
phase6v2-r03-input-downstream-a01,D4-S,10,OUTPUT+DOWNSTREAM,-0.3098066200080982
phase6v2-r03-input-downstream-a01,D4-S,11,INPUT+DOWNSTREAM,-0.4947823154567572
phase6v2-r03-input-load-a01,D4-S,1,LOAD,2.4175298814785426
phase6v2-r03-input-load-a01,D4-S,2,OUTPUT+LOAD,2.1845125617630465
phase6v2-r03-input-load-a01,D4-S,3,INPUT+LOAD,-0.9751540030363954
phase6v2-r03-input-load-a01,D4-S,4,LOAD+DOWNSTREAM,-1.0615416073285378
phase6v2-r03-input-load-a01,D4-S,5,NONE,-2.4175298814785426
phase6v2-r03-input-load-a01,D4-S,6,OUTPUT,-2.6505472011940387
phase6v2-r03-input-load-a01,D4-S,7,INPUT,-5.810213765993481
phase6v2-r03-input-load-a01,D4-S,8,DOWNSTREAM,-5.896601370285623
phase6v2-r03-input-load-a01,D4-S,9,INPUT+OUTPUT,-6.043231085708976
phase6v2-r03-input-load-a01,D4-S,10,OUTPUT+DOWNSTREAM,-6.129618690001119
phase6v2-r03-input-load-a01,D4-S,11,INPUT+DOWNSTREAM,-9.28928525480056
phase6v2-r03-baseline-a01,D4-S,1,NONE,0
phase6v2-r03-baseline-a01,D4-S,2,INPUT,-0.046058140962184524
phase6v2-r03-baseline-a01,D4-S,3,DOWNSTREAM,-0.049104852902331686
phase6v2-r03-baseline-a01,D4-S,4,INPUT+DOWNSTREAM,-0.09516299386451621
phase6v2-r03-baseline-a01,D4-S,5,OUTPUT,-0.18115623703584177
phase6v2-r03-baseline-a01,D4-S,6,INPUT+OUTPUT,-0.2272143779980263
phase6v2-r03-baseline-a01,D4-S,7,OUTPUT+DOWNSTREAM,-0.23026108993817346
phase6v2-r03-baseline-a01,D4-S,8,LOAD,-1.1309750979351758
phase6v2-r03-baseline-a01,D4-S,9,INPUT+LOAD,-1.1770332388973603
phase6v2-r03-baseline-a01,D4-S,10,LOAD+DOWNSTREAM,-1.1800799508375075
phase6v2-r03-baseline-a01,D4-S,11,OUTPUT+LOAD,-1.3121313349710175
phase6v2-r03-downstream-medium-a01,D4-S,1,NONE,0
phase6v2-r03-downstream-medium-a01,D4-S,2,OUTPUT,-0.1502916034653445
phase6v2-r03-downstream-medium-a01,D4-S,3,INPUT,-0.2004636828533602
phase6v2-r03-downstream-medium-a01,D4-S,4,DOWNSTREAM,-0.21794682736341203
phase6v2-r03-downstream-medium-a01,D4-S,5,INPUT+OUTPUT,-0.3507552863187047
phase6v2-r03-downstream-medium-a01,D4-S,6,LOAD,-0.3635996161119389
phase6v2-r03-downstream-medium-a01,D4-S,7,OUTPUT+DOWNSTREAM,-0.3682384308287565
phase6v2-r03-downstream-medium-a01,D4-S,8,INPUT+DOWNSTREAM,-0.4184105102167722
phase6v2-r03-downstream-medium-a01,D4-S,9,OUTPUT+LOAD,-0.5138912195772835
phase6v2-r03-downstream-medium-a01,D4-S,10,INPUT+LOAD,-0.5640632989652992
phase6v2-r03-downstream-medium-a01,D4-S,11,LOAD+DOWNSTREAM,-0.581546443475351
phase6v2-r03-output-load-control-a01,D4-S,1,LOAD,2.2980018458618403
phase6v2-r03-output-load-control-a01,D4-S,2,OUTPUT+LOAD,1.5236341392299335
phase6v2-r03-output-load-control-a01,D4-S,3,INPUT+LOAD,1.3149484372082565
phase6v2-r03-output-load-control-a01,D4-S,4,LOAD+DOWNSTREAM,0.8974455919580029
phase6v2-r03-output-load-control-a01,D4-S,5,NONE,-2.2980018458618403
phase6v2-r03-output-load-control-a01,D4-S,6,OUTPUT,-3.072369552493747
phase6v2-r03-output-load-control-a01,D4-S,7,INPUT,-3.281055254515424
phase6v2-r03-output-load-control-a01,D4-S,8,DOWNSTREAM,-3.6985580997656777
phase6v2-r03-output-load-control-a01,D4-S,9,INPUT+OUTPUT,-4.055422961147331
phase6v2-r03-output-load-control-a01,D4-S,10,OUTPUT+DOWNSTREAM,-4.472925806397584
phase6v2-r03-output-load-control-a01,D4-S,11,INPUT+DOWNSTREAM,-4.6816115084192615
phase6v2-r03-output-medium-a01,D4-S,1,OUTPUT,0.2964301671480685
phase6v2-r03-output-medium-a01,D4-S,2,OUTPUT+LOAD,0.12733612080461965
phase6v2-r03-output-medium-a01,D4-S,3,NONE,-0.2964301671480685
phase6v2-r03-output-medium-a01,D4-S,4,OUTPUT+DOWNSTREAM,-0.460939948041496
phase6v2-r03-output-medium-a01,D4-S,5,LOAD,-0.4655242134915174
phase6v2-r03-output-medium-a01,D4-S,6,INPUT+OUTPUT,-0.8577345073853075
phase6v2-r03-output-medium-a01,D4-S,7,DOWNSTREAM,-1.0538002823376331
phase6v2-r03-output-medium-a01,D4-S,8,LOAD+DOWNSTREAM,-1.2228943286810818
phase6v2-r03-output-medium-a01,D4-S,9,INPUT,-1.4505948416814445
phase6v2-r03-output-medium-a01,D4-S,10,INPUT+LOAD,-1.6196888880248934
phase6v2-r03-output-medium-a01,D4-S,11,INPUT+DOWNSTREAM,-2.207964956871009
phase6v2-r03-load-downstream-a01,D4-S,1,LOAD,2.3876188386617914
phase6v2-r03-load-downstream-a01,D4-S,2,OUTPUT+LOAD,2.091737643016674
phase6v2-r03-load-downstream-a01,D4-S,3,LOAD+DOWNSTREAM,0.5102228854867521
phase6v2-r03-load-downstream-a01,D4-S,4,INPUT+LOAD,0.4238400002253693
phase6v2-r03-load-downstream-a01,D4-S,5,NONE,-2.3876188386617914
phase6v2-r03-load-downstream-a01,D4-S,6,OUTPUT,-2.683500034306909
phase6v2-r03-load-downstream-a01,D4-S,7,DOWNSTREAM,-4.265014791836831
phase6v2-r03-load-downstream-a01,D4-S,8,INPUT,-4.3513976770982135
phase6v2-r03-load-downstream-a01,D4-S,9,OUTPUT+DOWNSTREAM,-4.560895987481948
phase6v2-r03-load-downstream-a01,D4-S,10,INPUT+OUTPUT,-4.647278872743331
phase6v2-r03-load-downstream-a01,D4-S,11,INPUT+DOWNSTREAM,-6.228793630273253
phase6v2-r03-output-downstream-control-a01,D4-S,1,OUTPUT,0.04276884616201165
phase6v2-r03-output-downstream-control-a01,D4-S,2,NONE,-0.04276884616201165
phase6v2-r03-output-downstream-control-a01,D4-S,3,OUTPUT+LOAD,-0.1569756794692868
phase6v2-r03-output-downstream-control-a01,D4-S,4,LOAD,-0.24251337179331012
phase6v2-r03-output-downstream-control-a01,D4-S,5,OUTPUT+DOWNSTREAM,-0.26631892837474613
phase6v2-r03-output-downstream-control-a01,D4-S,6,INPUT+OUTPUT,-0.3358563320489782
phase6v2-r03-output-downstream-control-a01,D4-S,7,DOWNSTREAM,-0.35185662069876944
phase6v2-r03-output-downstream-control-a01,D4-S,8,INPUT,-0.4213940243730015
phase6v2-r03-output-downstream-control-a01,D4-S,9,LOAD+DOWNSTREAM,-0.5516011463300678
phase6v2-r03-output-downstream-control-a01,D4-S,10,INPUT+LOAD,-0.6211385500043001
phase6v2-r03-output-downstream-control-a01,D4-S,11,INPUT+DOWNSTREAM,-0.7304817989097594
phase6v2-r03-output-control-a01,D4-S,1,NONE,0
phase6v2-r03-output-control-a01,D4-S,2,OUTPUT,-0.01310497637605712
phase6v2-r03-output-control-a01,D4-S,3,DOWNSTREAM,-0.021477062919483703
phase6v2-r03-output-control-a01,D4-S,4,OUTPUT+DOWNSTREAM,-0.03458203929554082
phase6v2-r03-output-control-a01,D4-S,5,INPUT,-0.08015019700613257
phase6v2-r03-output-control-a01,D4-S,6,INPUT+OUTPUT,-0.0932551733821897
phase6v2-r03-output-control-a01,D4-S,7,INPUT+DOWNSTREAM,-0.10162725992561628
phase6v2-r03-output-control-a01,D4-S,8,LOAD,-1.1864241426926114
phase6v2-r03-output-control-a01,D4-S,9,OUTPUT+LOAD,-1.1995291190686685
phase6v2-r03-output-control-a01,D4-S,10,LOAD+DOWNSTREAM,-1.207901205612095
phase6v2-r03-output-control-a01,D4-S,11,INPUT+LOAD,-1.2665743396987441
phase6v2-r03-load-medium-a01,D4-S,1,LOAD,2.4054025210261427
phase6v2-r03-load-medium-a01,D4-S,2,OUTPUT+LOAD,2.032735952467097
phase6v2-r03-load-medium-a01,D4-S,3,LOAD+DOWNSTREAM,0.5419365159194847
phase6v2-r03-load-medium-a01,D4-S,4,INPUT+LOAD,0.3902562241005696
phase6v2-r03-load-medium-a01,D4-S,5,NONE,-2.4054025210261427
phase6v2-r03-load-medium-a01,D4-S,6,OUTPUT,-2.7780690895851885
phase6v2-r03-load-medium-a01,D4-S,7,DOWNSTREAM,-4.268868526132801
phase6v2-r03-load-medium-a01,D4-S,8,INPUT,-4.420548817951715
phase6v2-r03-load-medium-a01,D4-S,9,OUTPUT+DOWNSTREAM,-4.6415350946918466
phase6v2-r03-load-medium-a01,D4-S,10,INPUT+OUTPUT,-4.793215386510761
phase6v2-r03-load-medium-a01,D4-S,11,INPUT+DOWNSTREAM,-6.284014823058374
phase6v2-r03-output-downstream-a01,D4-SM,1,OUTPUT+DOWNSTREAM,2.791189745025526
phase6v2-r03-output-downstream-a01,D4-SM,2,DOWNSTREAM,1.1278520059845558
phase6v2-r03-output-downstream-a01,D4-SM,3,LOAD+DOWNSTREAM,0.7258560497693719
phase6v2-r03-output-downstream-a01,D4-SM,4,INPUT+DOWNSTREAM,0.3199277870744056
phase6v2-r03-output-downstream-a01,D4-SM,5,OUTPUT,-1.1278520059845558
phase6v2-r03-output-downstream-a01,D4-SM,6,OUTPUT+LOAD,-1.5298479621997396
phase6v2-r03-output-downstream-a01,D4-SM,7,INPUT+OUTPUT,-1.9357762248947057
phase6v2-r03-output-downstream-a01,D4-SM,8,NONE,-2.791189745025526
phase6v2-r03-output-downstream-a01,D4-SM,9,LOAD,-3.1931857012407097
phase6v2-r03-output-downstream-a01,D4-SM,10,INPUT,-3.599113963935676
phase6v2-r03-output-downstream-a01,D4-SM,11,INPUT+LOAD,-4.00110992015086
phase6v2-r03-input-medium-a01,D4-SM,1,INPUT,0.00980375105448672
phase6v2-r03-input-medium-a01,D4-SM,2,INPUT+LOAD,-0.0028624822141422035
phase6v2-r03-input-medium-a01,D4-SM,3,NONE,-0.00980375105448672
phase6v2-r03-input-medium-a01,D4-SM,4,LOAD,-0.022469984323115644
phase6v2-r03-input-medium-a01,D4-SM,5,INPUT+DOWNSTREAM,-0.1446800214962983
phase6v2-r03-input-medium-a01,D4-SM,6,DOWNSTREAM,-0.16428752360527174
phase6v2-r03-input-medium-a01,D4-SM,7,LOAD+DOWNSTREAM,-0.17695375687390066
phase6v2-r03-input-medium-a01,D4-SM,8,INPUT+OUTPUT,-1.2450876629764265
phase6v2-r03-input-medium-a01,D4-SM,9,OUTPUT,-1.2646951650854001
phase6v2-r03-input-medium-a01,D4-SM,10,OUTPUT+LOAD,-1.2773613983540288
phase6v2-r03-input-medium-a01,D4-SM,11,OUTPUT+DOWNSTREAM,-1.4191789376361852
phase6v2-r03-output-load-a01,D4-SM,1,OUTPUT+LOAD,3.6919514656179486
phase6v2-r03-output-load-a01,D4-SM,2,LOAD,0.1897591905741547
phase6v2-r03-output-load-a01,D4-SM,3,OUTPUT,-0.1897591905741547
phase6v2-r03-output-load-a01,D4-SM,4,LOAD+DOWNSTREAM,-1.713443533604643
phase6v2-r03-output-load-a01,D4-SM,5,OUTPUT+DOWNSTREAM,-2.0929619147529523
phase6v2-r03-output-load-a01,D4-SM,6,NONE,-3.6919514656179486
phase6v2-r03-output-load-a01,D4-SM,7,INPUT+LOAD,-4.529839562712144
phase6v2-r03-output-load-a01,D4-SM,8,INPUT+OUTPUT,-4.909357943860455
phase6v2-r03-output-load-a01,D4-SM,9,DOWNSTREAM,-5.595154189796746
phase6v2-r03-output-load-a01,D4-SM,10,INPUT,-8.411550218904248
phase6v2-r03-output-load-a01,D4-SM,11,INPUT+DOWNSTREAM,-10.314752943083047
phase6v2-r03-input-downstream-a01,D4-SM,1,LOAD+DOWNSTREAM,2.5330070114072023
phase6v2-r03-input-downstream-a01,D4-SM,2,DOWNSTREAM,2.1846403975215662
phase6v2-r03-input-downstream-a01,D4-SM,3,INPUT+DOWNSTREAM,1.8666132178965347
phase6v2-r03-input-downstream-a01,D4-SM,4,OUTPUT+DOWNSTREAM,1.1252014772608745
phase6v2-r03-input-downstream-a01,D4-SM,5,LOAD,-2.1846403975215662
phase6v2-r03-input-downstream-a01,D4-SM,6,INPUT+LOAD,-2.502667577146598
phase6v2-r03-input-downstream-a01,D4-SM,7,NONE,-2.5330070114072023
phase6v2-r03-input-downstream-a01,D4-SM,8,INPUT,-2.851034191032234
phase6v2-r03-input-downstream-a01,D4-SM,9,OUTPUT+LOAD,-3.244079317782258
phase6v2-r03-input-downstream-a01,D4-SM,10,OUTPUT,-3.592445931667894
phase6v2-r03-input-downstream-a01,D4-SM,11,INPUT+OUTPUT,-3.9104731112929256
phase6v2-r03-input-load-a01,D4-SM,1,OUTPUT+LOAD,3.5579700520393613
phase6v2-r03-input-load-a01,D4-SM,2,LOAD,1.1119638807833807
phase6v2-r03-input-load-a01,D4-SM,3,LOAD+DOWNSTREAM,-0.6810092818751783
phase6v2-r03-input-load-a01,D4-SM,4,OUTPUT,-1.1119638807833807
phase6v2-r03-input-load-a01,D4-SM,5,OUTPUT+DOWNSTREAM,-2.9049370434419397
phase6v2-r03-input-load-a01,D4-SM,6,INPUT+LOAD,-3.377798349264597
phase6v2-r03-input-load-a01,D4-SM,7,NONE,-3.5579700520393613
phase6v2-r03-input-load-a01,D4-SM,8,DOWNSTREAM,-5.350943214697921
phase6v2-r03-input-load-a01,D4-SM,9,INPUT+OUTPUT,-5.6017261108313585
phase6v2-r03-input-load-a01,D4-SM,10,INPUT,-8.047732282087338
phase6v2-r03-input-load-a01,D4-SM,11,INPUT+DOWNSTREAM,-9.840705444745897
phase6v2-r03-baseline-a01,D4-SM,1,NONE,0
phase6v2-r03-baseline-a01,D4-SM,2,DOWNSTREAM,-0.02347560159915374
phase6v2-r03-baseline-a01,D4-SM,3,INPUT,-0.02797605610224474
phase6v2-r03-baseline-a01,D4-SM,4,INPUT+DOWNSTREAM,-0.05145165770139848
phase6v2-r03-baseline-a01,D4-SM,5,LOAD,-0.35463613659855053
phase6v2-r03-baseline-a01,D4-SM,6,LOAD+DOWNSTREAM,-0.3781117381977043
phase6v2-r03-baseline-a01,D4-SM,7,INPUT+LOAD,-0.3826121927007953
phase6v2-r03-baseline-a01,D4-SM,8,OUTPUT,-1.1178479792751115
phase6v2-r03-baseline-a01,D4-SM,9,OUTPUT+DOWNSTREAM,-1.1413235808742652
phase6v2-r03-baseline-a01,D4-SM,10,INPUT+OUTPUT,-1.1458240353773563
phase6v2-r03-baseline-a01,D4-SM,11,OUTPUT+LOAD,-1.472484115873662
phase6v2-r03-downstream-medium-a01,D4-SM,1,LOAD+DOWNSTREAM,2.382412352258719
phase6v2-r03-downstream-medium-a01,D4-SM,2,DOWNSTREAM,2.36724504047884
phase6v2-r03-downstream-medium-a01,D4-SM,3,INPUT+DOWNSTREAM,2.1628110445798425
phase6v2-r03-downstream-medium-a01,D4-SM,4,OUTPUT+DOWNSTREAM,1.2700480347397067
phase6v2-r03-downstream-medium-a01,D4-SM,5,LOAD,-2.36724504047884
phase6v2-r03-downstream-medium-a01,D4-SM,6,NONE,-2.382412352258719
phase6v2-r03-downstream-medium-a01,D4-SM,7,INPUT+LOAD,-2.5716790363778372
phase6v2-r03-downstream-medium-a01,D4-SM,8,INPUT,-2.5868463481577164
phase6v2-r03-downstream-medium-a01,D4-SM,9,OUTPUT+LOAD,-3.464442046217973
phase6v2-r03-downstream-medium-a01,D4-SM,10,OUTPUT,-3.479609357997852
phase6v2-r03-downstream-medium-a01,D4-SM,11,INPUT+OUTPUT,-3.6840433538968496
phase6v2-r03-output-load-control-a01,D4-SM,1,LOAD,3.355982236461439
phase6v2-r03-output-load-control-a01,D4-SM,2,OUTPUT+LOAD,2.7772191904993297
phase6v2-r03-output-load-control-a01,D4-SM,3,LOAD+DOWNSTREAM,2.5989674892675865
phase6v2-r03-output-load-control-a01,D4-SM,4,INPUT+LOAD,2.03638852462172
phase6v2-r03-output-load-control-a01,D4-SM,5,NONE,-3.355982236461439
phase6v2-r03-output-load-control-a01,D4-SM,6,OUTPUT,-3.934745282423548
phase6v2-r03-output-load-control-a01,D4-SM,7,DOWNSTREAM,-4.112996983655291
phase6v2-r03-output-load-control-a01,D4-SM,8,INPUT,-4.675575948301158
phase6v2-r03-output-load-control-a01,D4-SM,9,OUTPUT+DOWNSTREAM,-4.6917600296174005
phase6v2-r03-output-load-control-a01,D4-SM,10,INPUT+OUTPUT,-5.254338994263267
phase6v2-r03-output-load-control-a01,D4-SM,11,INPUT+DOWNSTREAM,-5.43259069549501
phase6v2-r03-output-medium-a01,D4-SM,1,OUTPUT,0.7916565442060687
phase6v2-r03-output-medium-a01,D4-SM,2,OUTPUT+DOWNSTREAM,0.40216095625165427
phase6v2-r03-output-medium-a01,D4-SM,3,INPUT+OUTPUT,0.2144802188202476
phase6v2-r03-output-medium-a01,D4-SM,4,OUTPUT+LOAD,-0.08444996399254667
phase6v2-r03-output-medium-a01,D4-SM,5,NONE,-0.7916565442060687
phase6v2-r03-output-medium-a01,D4-SM,6,DOWNSTREAM,-1.181152132160483
phase6v2-r03-output-medium-a01,D4-SM,7,INPUT,-1.3688328695918899
phase6v2-r03-output-medium-a01,D4-SM,8,LOAD,-1.667763052404684
phase6v2-r03-output-medium-a01,D4-SM,9,INPUT+DOWNSTREAM,-1.758328457546304
phase6v2-r03-output-medium-a01,D4-SM,10,LOAD+DOWNSTREAM,-2.0572586403590987
phase6v2-r03-output-medium-a01,D4-SM,11,INPUT+LOAD,-2.244939377790505
phase6v2-r03-load-downstream-a01,D4-SM,1,LOAD+DOWNSTREAM,4.925739136960313
phase6v2-r03-load-downstream-a01,D4-SM,2,OUTPUT+LOAD,1.8758423287625154
phase6v2-r03-load-downstream-a01,D4-SM,3,LOAD,1.8355308700343824
phase6v2-r03-load-downstream-a01,D4-SM,4,INPUT+LOAD,-0.6418622986921305
phase6v2-r03-load-downstream-a01,D4-SM,5,OUTPUT+DOWNSTREAM,-1.8355308700343824
phase6v2-r03-load-downstream-a01,D4-SM,6,DOWNSTREAM,-1.8758423287625154
phase6v2-r03-load-downstream-a01,D4-SM,7,INPUT+DOWNSTREAM,-4.353235497489028
phase6v2-r03-load-downstream-a01,D4-SM,8,OUTPUT,-4.925739136960313
phase6v2-r03-load-downstream-a01,D4-SM,9,NONE,-4.966050595688446
phase6v2-r03-load-downstream-a01,D4-SM,10,INPUT+OUTPUT,-7.403132305686826
phase6v2-r03-load-downstream-a01,D4-SM,11,INPUT,-7.443443764414959
phase6v2-r03-output-downstream-control-a01,D4-SM,1,DOWNSTREAM,2.3292582227821064
phase6v2-r03-output-downstream-control-a01,D4-SM,2,INPUT+DOWNSTREAM,2.0267414592616673
phase6v2-r03-output-downstream-control-a01,D4-SM,3,OUTPUT+DOWNSTREAM,1.8487478163705588
phase6v2-r03-output-downstream-control-a01,D4-SM,4,LOAD+DOWNSTREAM,1.4419893828007844
phase6v2-r03-output-downstream-control-a01,D4-SM,5,NONE,-2.3292582227821064
phase6v2-r03-output-downstream-control-a01,D4-SM,6,INPUT,-2.6317749863025455
phase6v2-r03-output-downstream-control-a01,D4-SM,7,OUTPUT,-2.8097686291936537
phase6v2-r03-output-downstream-control-a01,D4-SM,8,INPUT+OUTPUT,-3.1122853927140928
phase6v2-r03-output-downstream-control-a01,D4-SM,9,LOAD,-3.2165270627634284
phase6v2-r03-output-downstream-control-a01,D4-SM,10,INPUT+LOAD,-3.5190438262838675
phase6v2-r03-output-downstream-control-a01,D4-SM,11,OUTPUT+LOAD,-3.697037469174976
phase6v2-r03-output-control-a01,D4-SM,1,NONE,0
phase6v2-r03-output-control-a01,D4-SM,2,DOWNSTREAM,-0.002111155868908088
phase6v2-r03-output-control-a01,D4-SM,3,INPUT,-0.044454931190005986
phase6v2-r03-output-control-a01,D4-SM,4,INPUT+DOWNSTREAM,-0.046566087058914074
phase6v2-r03-output-control-a01,D4-SM,5,OUTPUT,-0.7754929244150226
phase6v2-r03-output-control-a01,D4-SM,6,OUTPUT+DOWNSTREAM,-0.7776040802839307
phase6v2-r03-output-control-a01,D4-SM,7,INPUT+OUTPUT,-0.8199478556050286
phase6v2-r03-output-control-a01,D4-SM,8,LOAD,-1.3731831337539402
phase6v2-r03-output-control-a01,D4-SM,9,LOAD+DOWNSTREAM,-1.3752942896228482
phase6v2-r03-output-control-a01,D4-SM,10,INPUT+LOAD,-1.4176380649439462
phase6v2-r03-output-control-a01,D4-SM,11,OUTPUT+LOAD,-2.148676058168963
phase6v2-r03-load-medium-a01,D4-SM,1,OUTPUT+LOAD,3.4486099896550804
phase6v2-r03-load-medium-a01,D4-SM,2,LOAD,3.3707551584321007
phase6v2-r03-load-medium-a01,D4-SM,3,LOAD+DOWNSTREAM,2.4104674320579607
phase6v2-r03-load-medium-a01,D4-SM,4,INPUT+LOAD,0.8807390842307375
phase6v2-r03-load-medium-a01,D4-SM,5,OUTPUT,-3.3707551584321007
phase6v2-r03-load-medium-a01,D4-SM,6,NONE,-3.4486099896550804
phase6v2-r03-load-medium-a01,D4-SM,7,OUTPUT+DOWNSTREAM,-4.331042884806241
phase6v2-r03-load-medium-a01,D4-SM,8,DOWNSTREAM,-4.40889771602922
phase6v2-r03-load-medium-a01,D4-SM,9,INPUT+OUTPUT,-5.860771232633464
phase6v2-r03-load-medium-a01,D4-SM,10,INPUT,-5.938626063856443
phase6v2-r03-load-medium-a01,D4-SM,11,INPUT+DOWNSTREAM,-6.8989137902305835
phase6v2-r03-output-downstream-a01,D4-SMT,1,OUTPUT+DOWNSTREAM,1.9167607760614402
phase6v2-r03-output-downstream-a01,D4-SMT,2,DOWNSTREAM,1.260513892166127
phase6v2-r03-output-downstream-a01,D4-SMT,3,LOAD+DOWNSTREAM,1.2489439918736573
phase6v2-r03-output-downstream-a01,D4-SMT,4,INPUT+DOWNSTREAM,1.0009733317370735
phase6v2-r03-output-downstream-a01,D4-SMT,5,OUTPUT,-1.260513892166127
phase6v2-r03-output-downstream-a01,D4-SMT,6,OUTPUT+LOAD,-1.2720837924585966
phase6v2-r03-output-downstream-a01,D4-SMT,7,INPUT+OUTPUT,-1.5200544525951805
phase6v2-r03-output-downstream-a01,D4-SMT,8,NONE,-1.9167607760614402
phase6v2-r03-output-downstream-a01,D4-SMT,9,LOAD,-1.9283306763539099
phase6v2-r03-output-downstream-a01,D4-SMT,10,INPUT,-2.1763013364904937
phase6v2-r03-output-downstream-a01,D4-SMT,11,INPUT+LOAD,-2.1878712367829634
phase6v2-r03-input-medium-a01,D4-SMT,1,NONE,0
phase6v2-r03-input-medium-a01,D4-SMT,2,INPUT,-0.0038711670124648156
phase6v2-r03-input-medium-a01,D4-SMT,3,LOAD,-0.07028236633959045
phase6v2-r03-input-medium-a01,D4-SMT,4,INPUT+LOAD,-0.07415353335205527
phase6v2-r03-input-medium-a01,D4-SMT,5,DOWNSTREAM,-0.2471058109511287
phase6v2-r03-input-medium-a01,D4-SMT,6,INPUT+DOWNSTREAM,-0.25097697796359353
phase6v2-r03-input-medium-a01,D4-SMT,7,LOAD+DOWNSTREAM,-0.31738817729071916
phase6v2-r03-input-medium-a01,D4-SMT,8,OUTPUT,-0.66022774198577
phase6v2-r03-input-medium-a01,D4-SMT,9,INPUT+OUTPUT,-0.6640989089982348
phase6v2-r03-input-medium-a01,D4-SMT,10,OUTPUT+LOAD,-0.7305101083253605
phase6v2-r03-input-medium-a01,D4-SMT,11,OUTPUT+DOWNSTREAM,-0.9073335529368987
phase6v2-r03-output-load-a01,D4-SMT,1,OUTPUT+LOAD,4.13778344691451
phase6v2-r03-output-load-a01,D4-SMT,2,LOAD,0.5549051816156334
phase6v2-r03-output-load-a01,D4-SMT,3,LOAD+DOWNSTREAM,-0.02625144588265771
phase6v2-r03-output-load-a01,D4-SMT,4,INPUT+LOAD,-0.08583598870118703
phase6v2-r03-output-load-a01,D4-SMT,5,OUTPUT,-0.5549051816156334
phase6v2-r03-output-load-a01,D4-SMT,6,OUTPUT+DOWNSTREAM,-1.1360618091139245
phase6v2-r03-output-load-a01,D4-SMT,7,INPUT+OUTPUT,-1.1956463519324538
phase6v2-r03-output-load-a01,D4-SMT,8,NONE,-4.13778344691451
phase6v2-r03-output-load-a01,D4-SMT,9,DOWNSTREAM,-4.718940074412801
phase6v2-r03-output-load-a01,D4-SMT,10,INPUT,-4.77852461723133
phase6v2-r03-output-load-a01,D4-SMT,11,INPUT+DOWNSTREAM,-5.359681244729622
phase6v2-r03-input-downstream-a01,D4-SMT,1,LOAD+DOWNSTREAM,1.554595893002531
phase6v2-r03-input-downstream-a01,D4-SMT,2,DOWNSTREAM,1.5514162143578951
phase6v2-r03-input-downstream-a01,D4-SMT,3,INPUT+DOWNSTREAM,1.336394872679182
phase6v2-r03-input-downstream-a01,D4-SMT,4,OUTPUT+DOWNSTREAM,0.8795589870858673
phase6v2-r03-input-downstream-a01,D4-SMT,5,LOAD,-1.5514162143578951
phase6v2-r03-input-downstream-a01,D4-SMT,6,NONE,-1.554595893002531
phase6v2-r03-input-downstream-a01,D4-SMT,7,INPUT+LOAD,-1.766437556036608
phase6v2-r03-input-downstream-a01,D4-SMT,8,INPUT,-1.7696172346812438
phase6v2-r03-input-downstream-a01,D4-SMT,9,OUTPUT+LOAD,-2.2232734416299227
phase6v2-r03-input-downstream-a01,D4-SMT,10,OUTPUT,-2.2264531202745586
phase6v2-r03-input-downstream-a01,D4-SMT,11,INPUT+OUTPUT,-2.4414744619532716
phase6v2-r03-input-load-a01,D4-SMT,1,OUTPUT+LOAD,3.6377714946466906
phase6v2-r03-input-load-a01,D4-SMT,2,LOAD,1.619388865179512
phase6v2-r03-input-load-a01,D4-SMT,3,LOAD+DOWNSTREAM,1.0272213490758457
phase6v2-r03-input-load-a01,D4-SMT,4,INPUT+LOAD,0.9786476948626917
phase6v2-r03-input-load-a01,D4-SMT,5,OUTPUT,-1.619388865179512
phase6v2-r03-input-load-a01,D4-SMT,6,OUTPUT+DOWNSTREAM,-2.211556381283178
phase6v2-r03-input-load-a01,D4-SMT,7,INPUT+OUTPUT,-2.2601300354963323
phase6v2-r03-input-load-a01,D4-SMT,8,NONE,-3.6377714946466906
phase6v2-r03-input-load-a01,D4-SMT,9,DOWNSTREAM,-4.229939010750357
phase6v2-r03-input-load-a01,D4-SMT,10,INPUT,-4.278512664963511
phase6v2-r03-input-load-a01,D4-SMT,11,INPUT+DOWNSTREAM,-4.870680181067177
phase6v2-r03-baseline-a01,D4-SMT,1,LOAD,0.0015371990391057633
phase6v2-r03-baseline-a01,D4-SMT,2,NONE,-0.0015371990391057633
phase6v2-r03-baseline-a01,D4-SMT,3,INPUT+LOAD,-0.009015993560454905
phase6v2-r03-baseline-a01,D4-SMT,4,INPUT,-0.012090391638666431
phase6v2-r03-baseline-a01,D4-SMT,5,LOAD+DOWNSTREAM,-0.29254261947851984
phase6v2-r03-baseline-a01,D4-SMT,6,DOWNSTREAM,-0.29561701755673137
phase6v2-r03-baseline-a01,D4-SMT,7,INPUT+DOWNSTREAM,-0.30617021015629203
phase6v2-r03-baseline-a01,D4-SMT,8,OUTPUT+LOAD,-0.6454652138228706
phase6v2-r03-baseline-a01,D4-SMT,9,OUTPUT,-0.6485396119010821
phase6v2-r03-baseline-a01,D4-SMT,10,INPUT+OUTPUT,-0.6590928045006428
phase6v2-r03-baseline-a01,D4-SMT,11,OUTPUT+DOWNSTREAM,-0.9426194304187077
phase6v2-r03-downstream-medium-a01,D4-SMT,1,DOWNSTREAM,1.2849955093119592
phase6v2-r03-downstream-medium-a01,D4-SMT,2,LOAD+DOWNSTREAM,1.1847727873000937
phase6v2-r03-downstream-medium-a01,D4-SMT,3,INPUT+DOWNSTREAM,1.1550198540271237
phase6v2-r03-downstream-medium-a01,D4-SMT,4,OUTPUT+DOWNSTREAM,0.666677661334286
phase6v2-r03-downstream-medium-a01,D4-SMT,5,NONE,-1.2849955093119592
phase6v2-r03-downstream-medium-a01,D4-SMT,6,LOAD,-1.3852182313238246
phase6v2-r03-downstream-medium-a01,D4-SMT,7,INPUT,-1.4149711645967946
phase6v2-r03-downstream-medium-a01,D4-SMT,8,INPUT+LOAD,-1.5151938866086598
phase6v2-r03-downstream-medium-a01,D4-SMT,9,OUTPUT,-1.9033133572896324
phase6v2-r03-downstream-medium-a01,D4-SMT,10,OUTPUT+LOAD,-2.003536079301498
phase6v2-r03-downstream-medium-a01,D4-SMT,11,INPUT+OUTPUT,-2.0332890125744676
phase6v2-r03-output-load-control-a01,D4-SMT,1,LOAD,3.192533497391765
phase6v2-r03-output-load-control-a01,D4-SMT,2,OUTPUT+LOAD,2.7563652502268194
phase6v2-r03-output-load-control-a01,D4-SMT,3,INPUT+LOAD,2.6610794373698807
phase6v2-r03-output-load-control-a01,D4-SMT,4,LOAD+DOWNSTREAM,2.601305689525162
phase6v2-r03-output-load-control-a01,D4-SMT,5,NONE,-3.192533497391765
phase6v2-r03-output-load-control-a01,D4-SMT,6,OUTPUT,-3.628701744556711
phase6v2-r03-output-load-control-a01,D4-SMT,7,INPUT,-3.7239875574136496
phase6v2-r03-output-load-control-a01,D4-SMT,8,DOWNSTREAM,-3.7837613052583685
phase6v2-r03-output-load-control-a01,D4-SMT,9,INPUT+OUTPUT,-4.160155804578595
phase6v2-r03-output-load-control-a01,D4-SMT,10,OUTPUT+DOWNSTREAM,-4.219929552423314
phase6v2-r03-output-load-control-a01,D4-SMT,11,INPUT+DOWNSTREAM,-4.3152153652802525
phase6v2-r03-output-medium-a01,D4-SMT,1,OUTPUT,0.3806790863300735
phase6v2-r03-output-medium-a01,D4-SMT,2,OUTPUT+DOWNSTREAM,0.3745748725620718
phase6v2-r03-output-medium-a01,D4-SMT,3,OUTPUT+LOAD,0.3002768216919686
phase6v2-r03-output-medium-a01,D4-SMT,4,INPUT+OUTPUT,0.19510054747477268
phase6v2-r03-output-medium-a01,D4-SMT,5,NONE,-0.3806790863300735
phase6v2-r03-output-medium-a01,D4-SMT,6,DOWNSTREAM,-0.38678330009807527
phase6v2-r03-output-medium-a01,D4-SMT,7,LOAD,-0.4610813509681784
phase6v2-r03-output-medium-a01,D4-SMT,8,LOAD+DOWNSTREAM,-0.46718556473618017
phase6v2-r03-output-medium-a01,D4-SMT,9,INPUT,-0.5662576251853744
phase6v2-r03-output-medium-a01,D4-SMT,10,INPUT+DOWNSTREAM,-0.5723618389533761
phase6v2-r03-output-medium-a01,D4-SMT,11,INPUT+LOAD,-0.6466598898234792
phase6v2-r03-load-downstream-a01,D4-SMT,1,LOAD+DOWNSTREAM,5.797513305905076
phase6v2-r03-load-downstream-a01,D4-SMT,2,OUTPUT+LOAD,0.911632672391725
phase6v2-r03-load-downstream-a01,D4-SMT,3,LOAD,0.6423750479231063
phase6v2-r03-load-downstream-a01,D4-SMT,4,INPUT+LOAD,0.012187455905418698
phase6v2-r03-load-downstream-a01,D4-SMT,5,OUTPUT+DOWNSTREAM,-0.6423750479231063
phase6v2-r03-load-downstream-a01,D4-SMT,6,DOWNSTREAM,-0.911632672391725
phase6v2-r03-load-downstream-a01,D4-SMT,7,INPUT+DOWNSTREAM,-1.5418202644094128
phase6v2-r03-load-downstream-a01,D4-SMT,8,OUTPUT,-5.797513305905076
phase6v2-r03-load-downstream-a01,D4-SMT,9,NONE,-6.0667709303736945
phase6v2-r03-load-downstream-a01,D4-SMT,10,INPUT+OUTPUT,-6.4277008979227634
phase6v2-r03-load-downstream-a01,D4-SMT,11,INPUT,-6.696958522391382
phase6v2-r03-output-downstream-control-a01,D4-SMT,1,DOWNSTREAM,1.346387671270627
phase6v2-r03-output-downstream-control-a01,D4-SMT,2,INPUT+DOWNSTREAM,1.1519851811501092
phase6v2-r03-output-downstream-control-a01,D4-SMT,3,LOAD+DOWNSTREAM,0.9768291451578305
phase6v2-r03-output-downstream-control-a01,D4-SMT,4,OUTPUT+DOWNSTREAM,0.889125938903824
phase6v2-r03-output-downstream-control-a01,D4-SMT,5,NONE,-1.346387671270627
phase6v2-r03-output-downstream-control-a01,D4-SMT,6,INPUT,-1.540790161391145
phase6v2-r03-output-downstream-control-a01,D4-SMT,7,LOAD,-1.7159461973834236
phase6v2-r03-output-downstream-control-a01,D4-SMT,8,OUTPUT,-1.8036494036374302
phase6v2-r03-output-downstream-control-a01,D4-SMT,9,INPUT+LOAD,-1.9103486875039415
phase6v2-r03-output-downstream-control-a01,D4-SMT,10,INPUT+OUTPUT,-1.9980518937579481
phase6v2-r03-output-downstream-control-a01,D4-SMT,11,OUTPUT+LOAD,-2.1732079297502267
phase6v2-r03-output-control-a01,D4-SMT,1,NONE,0
phase6v2-r03-output-control-a01,D4-SMT,2,INPUT,-0.020631762822355793
phase6v2-r03-output-control-a01,D4-SMT,3,DOWNSTREAM,-0.20732697339141576
phase6v2-r03-output-control-a01,D4-SMT,4,INPUT+DOWNSTREAM,-0.22795873621377155
phase6v2-r03-output-control-a01,D4-SMT,5,LOAD,-0.38660878604780313
phase6v2-r03-output-control-a01,D4-SMT,6,INPUT+LOAD,-0.4072405488701589
phase6v2-r03-output-control-a01,D4-SMT,7,OUTPUT,-0.5078472869110626
phase6v2-r03-output-control-a01,D4-SMT,8,INPUT+OUTPUT,-0.5284790497334184
phase6v2-r03-output-control-a01,D4-SMT,9,LOAD+DOWNSTREAM,-0.593935759439219
phase6v2-r03-output-control-a01,D4-SMT,10,OUTPUT+DOWNSTREAM,-0.7151742603024784
phase6v2-r03-output-control-a01,D4-SMT,11,OUTPUT+LOAD,-0.8944560729588658
phase6v2-r03-load-medium-a01,D4-SMT,1,OUTPUT+LOAD,3.290568912289404
phase6v2-r03-load-medium-a01,D4-SMT,2,LOAD,3.2531102232551095
phase6v2-r03-load-medium-a01,D4-SMT,3,LOAD+DOWNSTREAM,2.682572764402026
phase6v2-r03-load-medium-a01,D4-SMT,4,INPUT+LOAD,2.6222082239363895
phase6v2-r03-load-medium-a01,D4-SMT,5,OUTPUT,-3.2531102232551095
phase6v2-r03-load-medium-a01,D4-SMT,6,NONE,-3.290568912289404
phase6v2-r03-load-medium-a01,D4-SMT,7,OUTPUT+DOWNSTREAM,-3.823647682108193
phase6v2-r03-load-medium-a01,D4-SMT,8,DOWNSTREAM,-3.8611063711424873
phase6v2-r03-load-medium-a01,D4-SMT,9,INPUT+OUTPUT,-3.8840122225738294
phase6v2-r03-load-medium-a01,D4-SMT,10,INPUT,-3.921470911608124
phase6v2-r03-load-medium-a01,D4-SMT,11,INPUT+DOWNSTREAM,-4.492008370461207
phase6v2-r03-output-downstream-a01,D4-FULL,1,OUTPUT+DOWNSTREAM,1.9985413554571052
phase6v2-r03-output-downstream-a01,D4-FULL,2,DOWNSTREAM,0.4528703284674471
phase6v2-r03-output-downstream-a01,D4-FULL,3,INPUT+DOWNSTREAM,-0.0849417542160763
phase6v2-r03-output-downstream-a01,D4-FULL,4,OUTPUT,-0.4528703284674471
phase6v2-r03-output-downstream-a01,D4-FULL,5,LOAD+DOWNSTREAM,-0.9199643016164367
phase6v2-r03-output-downstream-a01,D4-FULL,6,INPUT+OUTPUT,-0.9906824111509706
phase6v2-r03-output-downstream-a01,D4-FULL,7,OUTPUT+LOAD,-1.825704958551331
phase6v2-r03-output-downstream-a01,D4-FULL,8,NONE,-1.9985413554571052
phase6v2-r03-output-downstream-a01,D4-FULL,9,INPUT,-2.5363534381406287
phase6v2-r03-output-downstream-a01,D4-FULL,10,LOAD,-3.371375985540989
phase6v2-r03-output-downstream-a01,D4-FULL,11,INPUT+LOAD,-3.9091880682245126
phase6v2-r03-input-medium-a01,D4-FULL,1,INPUT,0.00682574204989328
phase6v2-r03-input-medium-a01,D4-FULL,2,NONE,-0.00682574204989328
phase6v2-r03-input-medium-a01,D4-FULL,3,INPUT+LOAD,-0.0788317875192171
phase6v2-r03-input-medium-a01,D4-FULL,4,LOAD,-0.09248327161900366
phase6v2-r03-input-medium-a01,D4-FULL,5,INPUT+DOWNSTREAM,-0.3063899314354994
phase6v2-r03-input-medium-a01,D4-FULL,6,DOWNSTREAM,-0.320041415535286
phase6v2-r03-input-medium-a01,D4-FULL,7,LOAD+DOWNSTREAM,-0.40569894510439636
phase6v2-r03-input-medium-a01,D4-FULL,8,INPUT+OUTPUT,-1.2294123105885948
phase6v2-r03-input-medium-a01,D4-FULL,9,OUTPUT,-1.2430637946883816
phase6v2-r03-input-medium-a01,D4-FULL,10,OUTPUT+LOAD,-1.3287213242574918
phase6v2-r03-input-medium-a01,D4-FULL,11,OUTPUT+DOWNSTREAM,-1.556279468173774
phase6v2-r03-output-load-a01,D4-FULL,1,OUTPUT+LOAD,3.2673459321375558
phase6v2-r03-output-load-a01,D4-FULL,2,LOAD,1.1014436234187825
phase6v2-r03-output-load-a01,D4-FULL,3,LOAD+DOWNSTREAM,-0.7492128001797089
phase6v2-r03-output-load-a01,D4-FULL,4,OUTPUT,-1.1014436234187825
phase6v2-r03-output-load-a01,D4-FULL,5,OUTPUT+DOWNSTREAM,-2.9521000470172742
phase6v2-r03-output-load-a01,D4-FULL,6,NONE,-3.2673459321375558
phase6v2-r03-output-load-a01,D4-FULL,7,DOWNSTREAM,-5.1180023557360474
phase6v2-r03-output-load-a01,D4-FULL,8,INPUT+LOAD,-8.905067353646475
phase6v2-r03-output-load-a01,D4-FULL,9,INPUT+OUTPUT,-11.107954600484039
phase6v2-r03-output-load-a01,D4-FULL,10,INPUT,-13.273856909202813
phase6v2-r03-output-load-a01,D4-FULL,11,INPUT+DOWNSTREAM,-15.124513332801305
phase6v2-r03-input-downstream-a01,D4-FULL,1,DOWNSTREAM,1.3790213272264153
phase6v2-r03-input-downstream-a01,D4-FULL,2,LOAD+DOWNSTREAM,1.190536195646859
phase6v2-r03-input-downstream-a01,D4-FULL,3,INPUT+DOWNSTREAM,1.1629989168141426
phase6v2-r03-input-downstream-a01,D4-FULL,4,OUTPUT+DOWNSTREAM,0.30013947108982864
phase6v2-r03-input-downstream-a01,D4-FULL,5,NONE,-1.3790213272264153
phase6v2-r03-input-downstream-a01,D4-FULL,6,LOAD,-1.5675064588059717
phase6v2-r03-input-downstream-a01,D4-FULL,7,INPUT,-1.5950437376386881
phase6v2-r03-input-downstream-a01,D4-FULL,8,INPUT+LOAD,-1.7835288692182445
phase6v2-r03-input-downstream-a01,D4-FULL,9,OUTPUT,-2.457903183363002
phase6v2-r03-input-downstream-a01,D4-FULL,10,OUTPUT+LOAD,-2.646388314942558
phase6v2-r03-input-downstream-a01,D4-FULL,11,INPUT+OUTPUT,-2.673925593775275
phase6v2-r03-input-load-a01,D4-FULL,1,OUTPUT+LOAD,3.0207461421594544
phase6v2-r03-input-load-a01,D4-FULL,2,LOAD,2.41447856059099
phase6v2-r03-input-load-a01,D4-FULL,3,LOAD+DOWNSTREAM,0.37896610237410633
phase6v2-r03-input-load-a01,D4-FULL,4,OUTPUT,-2.41447856059099
phase6v2-r03-input-load-a01,D4-FULL,5,NONE,-3.0207461421594544
phase6v2-r03-input-load-a01,D4-FULL,6,OUTPUT+DOWNSTREAM,-4.449991018807873
phase6v2-r03-input-load-a01,D4-FULL,7,DOWNSTREAM,-5.056258600376339
phase6v2-r03-input-load-a01,D4-FULL,8,INPUT+LOAD,-7.299987974622144
phase6v2-r03-input-load-a01,D4-FULL,9,INPUT+OUTPUT,-12.128945095804124
phase6v2-r03-input-load-a01,D4-FULL,10,INPUT,-12.735212677372589
phase6v2-r03-input-load-a01,D4-FULL,11,INPUT+DOWNSTREAM,-14.770725135589473
phase6v2-r03-baseline-a01,D4-FULL,1,NONE,0
phase6v2-r03-baseline-a01,D4-FULL,2,INPUT,-0.0183697051524484
phase6v2-r03-baseline-a01,D4-FULL,3,LOAD,-0.11587510276727048
phase6v2-r03-baseline-a01,D4-FULL,4,INPUT+LOAD,-0.13424480791971888
phase6v2-r03-baseline-a01,D4-FULL,5,DOWNSTREAM,-0.3579982804022282
phase6v2-r03-baseline-a01,D4-FULL,6,INPUT+DOWNSTREAM,-0.3763679855546766
phase6v2-r03-baseline-a01,D4-FULL,7,LOAD+DOWNSTREAM,-0.4738733831694987
phase6v2-r03-baseline-a01,D4-FULL,8,OUTPUT,-1.1381972862714027
phase6v2-r03-baseline-a01,D4-FULL,9,INPUT+OUTPUT,-1.1565669914238512
phase6v2-r03-baseline-a01,D4-FULL,10,OUTPUT+LOAD,-1.2540723890386731
phase6v2-r03-baseline-a01,D4-FULL,11,OUTPUT+DOWNSTREAM,-1.4961955666736309
phase6v2-r03-downstream-medium-a01,D4-FULL,1,DOWNSTREAM,0.9239512448404319
phase6v2-r03-downstream-medium-a01,D4-FULL,2,INPUT+DOWNSTREAM,0.7877965457015301
phase6v2-r03-downstream-medium-a01,D4-FULL,3,LOAD+DOWNSTREAM,0.7361316987218305
phase6v2-r03-downstream-medium-a01,D4-FULL,4,OUTPUT+DOWNSTREAM,-0.07605033209724588
phase6v2-r03-downstream-medium-a01,D4-FULL,5,NONE,-0.9239512448404319
phase6v2-r03-downstream-medium-a01,D4-FULL,6,INPUT,-1.0601059439793337
phase6v2-r03-downstream-medium-a01,D4-FULL,7,LOAD,-1.1117707909590333
phase6v2-r03-downstream-medium-a01,D4-FULL,8,INPUT+LOAD,-1.247925490097935
phase6v2-r03-downstream-medium-a01,D4-FULL,9,OUTPUT,-1.9239528217781097
phase6v2-r03-downstream-medium-a01,D4-FULL,10,INPUT+OUTPUT,-2.060107520917011
phase6v2-r03-downstream-medium-a01,D4-FULL,11,OUTPUT+LOAD,-2.111772367896711
phase6v2-r03-output-load-control-a01,D4-FULL,1,LOAD,2.9437122245071583
phase6v2-r03-output-load-control-a01,D4-FULL,2,OUTPUT+LOAD,2.4399210434656524
phase6v2-r03-output-load-control-a01,D4-FULL,3,LOAD+DOWNSTREAM,1.7897312573636648
phase6v2-r03-output-load-control-a01,D4-FULL,4,INPUT+LOAD,0.5937469532195085
phase6v2-r03-output-load-control-a01,D4-FULL,5,NONE,-2.9437122245071583
phase6v2-r03-output-load-control-a01,D4-FULL,6,OUTPUT,-3.447503405548664
phase6v2-r03-output-load-control-a01,D4-FULL,7,DOWNSTREAM,-4.097693191650652
phase6v2-r03-output-load-control-a01,D4-FULL,8,OUTPUT+DOWNSTREAM,-4.601484372692157
phase6v2-r03-output-load-control-a01,D4-FULL,9,INPUT,-5.2936774957948085
phase6v2-r03-output-load-control-a01,D4-FULL,10,INPUT+OUTPUT,-5.7974686768363135
phase6v2-r03-output-load-control-a01,D4-FULL,11,INPUT+DOWNSTREAM,-6.447658462938302
phase6v2-r03-output-medium-a01,D4-FULL,1,OUTPUT,0.9442726092949694
phase6v2-r03-output-medium-a01,D4-FULL,2,OUTPUT+DOWNSTREAM,0.7957907394829942
phase6v2-r03-output-medium-a01,D4-FULL,3,INPUT+OUTPUT,0.5594568432633832
phase6v2-r03-output-medium-a01,D4-FULL,4,OUTPUT+LOAD,-0.5160029155325887
phase6v2-r03-output-medium-a01,D4-FULL,5,NONE,-0.9442726092949694
phase6v2-r03-output-medium-a01,D4-FULL,6,DOWNSTREAM,-1.0927544791069446
phase6v2-r03-output-medium-a01,D4-FULL,7,INPUT,-1.3290883753265557
phase6v2-r03-output-medium-a01,D4-FULL,8,INPUT+DOWNSTREAM,-1.4775702451385306
phase6v2-r03-output-medium-a01,D4-FULL,9,LOAD,-2.4045481341225274
phase6v2-r03-output-medium-a01,D4-FULL,10,LOAD+DOWNSTREAM,-2.5530300039345026
phase6v2-r03-output-medium-a01,D4-FULL,11,INPUT+LOAD,-2.7893639001541137
phase6v2-r03-load-downstream-a01,D4-FULL,1,LOAD+DOWNSTREAM,5.504818358628569
phase6v2-r03-load-downstream-a01,D4-FULL,2,OUTPUT+LOAD,1.394476544158593
phase6v2-r03-load-downstream-a01,D4-FULL,3,LOAD,1.2086475129569187
phase6v2-r03-load-downstream-a01,D4-FULL,4,OUTPUT+DOWNSTREAM,-1.2086475129569187
phase6v2-r03-load-downstream-a01,D4-FULL,5,DOWNSTREAM,-1.394476544158593
phase6v2-r03-load-downstream-a01,D4-FULL,6,INPUT+LOAD,-3.7009975336810808
phase6v2-r03-load-downstream-a01,D4-FULL,7,OUTPUT,-5.504818358628569
phase6v2-r03-load-downstream-a01,D4-FULL,8,NONE,-5.690647389830243
phase6v2-r03-load-downstream-a01,D4-FULL,9,INPUT+DOWNSTREAM,-6.304121590796592
phase6v2-r03-load-downstream-a01,D4-FULL,10,INPUT+OUTPUT,-10.414463405266568
phase6v2-r03-load-downstream-a01,D4-FULL,11,INPUT,-10.600292436468242
phase6v2-r03-output-downstream-control-a01,D4-FULL,1,DOWNSTREAM,1.2939586165991228
phase6v2-r03-output-downstream-control-a01,D4-FULL,2,INPUT+DOWNSTREAM,1.092314896044065
phase6v2-r03-output-downstream-control-a01,D4-FULL,3,OUTPUT+DOWNSTREAM,0.8679451425163369
phase6v2-r03-output-downstream-control-a01,D4-FULL,4,LOAD+DOWNSTREAM,-0.3535565360696249
phase6v2-r03-output-downstream-control-a01,D4-FULL,5,NONE,-1.2939586165991228
phase6v2-r03-output-downstream-control-a01,D4-FULL,6,INPUT,-1.4956023371541807
phase6v2-r03-output-downstream-control-a01,D4-FULL,7,OUTPUT,-1.7199720906819087
phase6v2-r03-output-downstream-control-a01,D4-FULL,8,INPUT+OUTPUT,-1.9216158112369666
phase6v2-r03-output-downstream-control-a01,D4-FULL,9,LOAD,-2.9414737692678705
phase6v2-r03-output-downstream-control-a01,D4-FULL,10,INPUT+LOAD,-3.143117489822928
phase6v2-r03-output-downstream-control-a01,D4-FULL,11,OUTPUT+LOAD,-3.3674872433506566
phase6v2-r03-output-control-a01,D4-FULL,1,NONE,0
phase6v2-r03-output-control-a01,D4-FULL,2,INPUT,-0.028448275375243526
phase6v2-r03-output-control-a01,D4-FULL,3,DOWNSTREAM,-0.21228482412144267
phase6v2-r03-output-control-a01,D4-FULL,4,INPUT+DOWNSTREAM,-0.2407330994966862
phase6v2-r03-output-control-a01,D4-FULL,5,OUTPUT,-0.7506396179883115
phase6v2-r03-output-control-a01,D4-FULL,6,INPUT+OUTPUT,-0.779087893363555
phase6v2-r03-output-control-a01,D4-FULL,7,OUTPUT+DOWNSTREAM,-0.9629244421097541
phase6v2-r03-output-control-a01,D4-FULL,8,LOAD,-1.8131272118742425
phase6v2-r03-output-control-a01,D4-FULL,9,INPUT+LOAD,-1.841575487249486
phase6v2-r03-output-control-a01,D4-FULL,10,LOAD+DOWNSTREAM,-2.0254120359956853
phase6v2-r03-output-control-a01,D4-FULL,11,OUTPUT+LOAD,-2.563766829862554
phase6v2-r03-load-medium-a01,D4-FULL,1,LOAD,3.340251430640402
phase6v2-r03-load-medium-a01,D4-FULL,2,OUTPUT+LOAD,3.292154116218298
phase6v2-r03-load-medium-a01,D4-FULL,3,LOAD+DOWNSTREAM,1.8151185751316508
phase6v2-r03-load-medium-a01,D4-FULL,4,INPUT+LOAD,-1.5856080897158016
phase6v2-r03-load-medium-a01,D4-FULL,5,NONE,-3.340251430640402
phase6v2-r03-load-medium-a01,D4-FULL,6,OUTPUT,-3.3883487450625056
phase6v2-r03-load-medium-a01,D4-FULL,7,DOWNSTREAM,-4.865384286149153
phase6v2-r03-load-medium-a01,D4-FULL,8,OUTPUT+DOWNSTREAM,-4.913481600571257
phase6v2-r03-load-medium-a01,D4-FULL,9,INPUT,-8.266110950996605
phase6v2-r03-load-medium-a01,D4-FULL,10,INPUT+OUTPUT,-8.31420826541871
phase6v2-r03-load-medium-a01,D4-FULL,11,INPUT+DOWNSTREAM,-9.791243806505356
phase6v2-r03-output-downstream-a01,D4-FULL,1,OUTPUT+DOWNSTREAM,2.2354518428044168
phase6v2-r03-output-downstream-a01,D4-FULL,2,DOWNSTREAM,0.21595984112013578
phase6v2-r03-output-downstream-a01,D4-FULL,3,OUTPUT,-0.21595984112013578
phase6v2-r03-output-downstream-a01,D4-FULL,4,INPUT+DOWNSTREAM,-0.6023419505739933
phase6v2-r03-output-downstream-a01,D4-FULL,5,INPUT+OUTPUT,-1.0342616328142649
phase6v2-r03-output-downstream-a01,D4-FULL,6,LOAD+DOWNSTREAM,-1.156874788963748
phase6v2-r03-output-downstream-a01,D4-FULL,7,OUTPUT+LOAD,-1.5887944712040196
phase6v2-r03-output-downstream-a01,D4-FULL,8,NONE,-2.2354518428044168
phase6v2-r03-output-downstream-a01,D4-FULL,9,INPUT,-3.0537536344985456
phase6v2-r03-output-downstream-a01,D4-FULL,10,LOAD,-3.6082864728883006
phase6v2-r03-output-downstream-a01,D4-FULL,11,INPUT+LOAD,-4.4265882645824295
phase6v2-r03-input-medium-a01,D4-FULL,1,INPUT,0.28720848095524143
phase6v2-r03-input-medium-a01,D4-FULL,2,INPUT+LOAD,0.20155095138613105
phase6v2-r03-input-medium-a01,D4-FULL,3,INPUT+DOWNSTREAM,-0.02600719253015127
phase6v2-r03-input-medium-a01,D4-FULL,4,NONE,-0.28720848095524143
phase6v2-r03-input-medium-a01,D4-FULL,5,LOAD,-0.3728660105243518
phase6v2-r03-input-medium-a01,D4-FULL,6,DOWNSTREAM,-0.6004241544406341
phase6v2-r03-input-medium-a01,D4-FULL,7,INPUT+OUTPUT,-0.6751167025983854
phase6v2-r03-input-medium-a01,D4-FULL,8,LOAD+DOWNSTREAM,-0.6860816840097446
phase6v2-r03-input-medium-a01,D4-FULL,9,OUTPUT,-1.2495336645088684
phase6v2-r03-input-medium-a01,D4-FULL,10,OUTPUT+LOAD,-1.3351911940779786
phase6v2-r03-input-medium-a01,D4-FULL,11,OUTPUT+DOWNSTREAM,-1.5627493379942612
phase6v2-r03-output-load-a01,D4-FULL,1,OUTPUT+LOAD,3.347969897598566
phase6v2-r03-output-load-a01,D4-FULL,2,LOAD,1.0208196579577722
phase6v2-r03-output-load-a01,D4-FULL,3,LOAD+DOWNSTREAM,-0.8298367656407193
phase6v2-r03-output-load-a01,D4-FULL,4,OUTPUT,-1.0208196579577722
phase6v2-r03-output-load-a01,D4-FULL,5,OUTPUT+DOWNSTREAM,-2.8714760815562634
phase6v2-r03-output-load-a01,D4-FULL,6,NONE,-3.347969897598566
phase6v2-r03-output-load-a01,D4-FULL,7,DOWNSTREAM,-5.198626321197057
phase6v2-r03-output-load-a01,D4-FULL,8,INPUT+LOAD,-7.902609676138254
phase6v2-r03-output-load-a01,D4-FULL,9,INPUT+OUTPUT,-9.944248992053797
phase6v2-r03-output-load-a01,D4-FULL,10,INPUT,-12.271399231694591
phase6v2-r03-output-load-a01,D4-FULL,11,INPUT+DOWNSTREAM,-14.122055655293085
phase6v2-r03-input-downstream-a01,D4-FULL,1,INPUT+DOWNSTREAM,1.457846616477254
phase6v2-r03-input-downstream-a01,D4-FULL,2,DOWNSTREAM,1.3001960379755766
phase6v2-r03-input-downstream-a01,D4-FULL,3,LOAD+DOWNSTREAM,1.1117109063960202
phase6v2-r03-input-downstream-a01,D4-FULL,4,OUTPUT+DOWNSTREAM,0.5009476645102563
phase6v2-r03-input-downstream-a01,D4-FULL,5,INPUT,-1.3001960379755766
phase6v2-r03-input-downstream-a01,D4-FULL,6,NONE,-1.457846616477254
phase6v2-r03-input-downstream-a01,D4-FULL,7,INPUT+LOAD,-1.4886811695551332
phase6v2-r03-input-downstream-a01,D4-FULL,8,LOAD,-1.6463317480568107
phase6v2-r03-input-downstream-a01,D4-FULL,9,INPUT+OUTPUT,-2.099444411440897
phase6v2-r03-input-downstream-a01,D4-FULL,10,OUTPUT,-2.2570949899425745
phase6v2-r03-input-downstream-a01,D4-FULL,11,OUTPUT+LOAD,-2.4455801215221307
phase6v2-r03-input-load-a01,D4-FULL,1,OUTPUT+LOAD,2.8352523854125646
phase6v2-r03-input-load-a01,D4-FULL,2,LOAD,2.5999723173378797
phase6v2-r03-input-load-a01,D4-FULL,3,LOAD+DOWNSTREAM,0.5644598591209959
phase6v2-r03-input-load-a01,D4-FULL,4,OUTPUT,-2.5999723173378797
phase6v2-r03-input-load-a01,D4-FULL,5,NONE,-2.8352523854125646
phase6v2-r03-input-load-a01,D4-FULL,6,OUTPUT+DOWNSTREAM,-4.6354847755547635
phase6v2-r03-input-load-a01,D4-FULL,7,DOWNSTREAM,-4.870764843629448
phase6v2-r03-input-load-a01,D4-FULL,8,INPUT+LOAD,-5.488336758476736
phase6v2-r03-input-load-a01,D4-FULL,9,INPUT+OUTPUT,-10.688281393152495
phase6v2-r03-input-load-a01,D4-FULL,10,INPUT,-10.92356146122718
phase6v2-r03-input-load-a01,D4-FULL,11,INPUT+DOWNSTREAM,-12.959073919444064
phase6v2-r03-baseline-a01,D4-FULL,1,NONE,0
phase6v2-r03-baseline-a01,D4-FULL,2,INPUT,-0.007029834079427366
phase6v2-r03-baseline-a01,D4-FULL,3,LOAD,-0.11587510276727048
phase6v2-r03-baseline-a01,D4-FULL,4,INPUT+LOAD,-0.12290493684669784
phase6v2-r03-baseline-a01,D4-FULL,5,DOWNSTREAM,-0.3579982804022282
phase6v2-r03-baseline-a01,D4-FULL,6,INPUT+DOWNSTREAM,-0.36502811448165556
phase6v2-r03-baseline-a01,D4-FULL,7,LOAD+DOWNSTREAM,-0.4738733831694987
phase6v2-r03-baseline-a01,D4-FULL,8,OUTPUT,-0.8597606863124312
phase6v2-r03-baseline-a01,D4-FULL,9,INPUT+OUTPUT,-0.8667905203918586
phase6v2-r03-baseline-a01,D4-FULL,10,OUTPUT+LOAD,-0.9756357890797016
phase6v2-r03-baseline-a01,D4-FULL,11,OUTPUT+DOWNSTREAM,-1.2177589667146593
phase6v2-r03-downstream-medium-a01,D4-FULL,1,DOWNSTREAM,0.9239512448404319
phase6v2-r03-downstream-medium-a01,D4-FULL,2,INPUT+DOWNSTREAM,0.8123704392880396
phase6v2-r03-downstream-medium-a01,D4-FULL,3,LOAD+DOWNSTREAM,0.7361316987218305
phase6v2-r03-downstream-medium-a01,D4-FULL,4,OUTPUT+DOWNSTREAM,0.1996029842613366
phase6v2-r03-downstream-medium-a01,D4-FULL,5,NONE,-0.9239512448404319
phase6v2-r03-downstream-medium-a01,D4-FULL,6,INPUT,-1.035532050392824
phase6v2-r03-downstream-medium-a01,D4-FULL,7,LOAD,-1.1117707909590333
phase6v2-r03-downstream-medium-a01,D4-FULL,8,INPUT+LOAD,-1.2233515965114257
phase6v2-r03-downstream-medium-a01,D4-FULL,9,OUTPUT,-1.6482995054195273
phase6v2-r03-downstream-medium-a01,D4-FULL,10,INPUT+OUTPUT,-1.7598803109719194
phase6v2-r03-downstream-medium-a01,D4-FULL,11,OUTPUT+LOAD,-1.8361190515381285
phase6v2-r03-output-load-control-a01,D4-FULL,1,LOAD,2.9437122245071583
phase6v2-r03-output-load-control-a01,D4-FULL,2,OUTPUT+LOAD,2.458572745136349
phase6v2-r03-output-load-control-a01,D4-FULL,3,LOAD+DOWNSTREAM,1.7897312573636648
phase6v2-r03-output-load-control-a01,D4-FULL,4,INPUT+LOAD,0.6098112345652211
phase6v2-r03-output-load-control-a01,D4-FULL,5,NONE,-2.9437122245071583
phase6v2-r03-output-load-control-a01,D4-FULL,6,OUTPUT,-3.428851703877968
phase6v2-r03-output-load-control-a01,D4-FULL,7,DOWNSTREAM,-4.097693191650652
phase6v2-r03-output-load-control-a01,D4-FULL,8,OUTPUT+DOWNSTREAM,-4.582832671021461
phase6v2-r03-output-load-control-a01,D4-FULL,9,INPUT,-5.2776132144490955
phase6v2-r03-output-load-control-a01,D4-FULL,10,INPUT+OUTPUT,-5.762752693819905
phase6v2-r03-output-load-control-a01,D4-FULL,11,INPUT+DOWNSTREAM,-6.4315941815925886
phase6v2-r03-output-medium-a01,D4-FULL,1,OUTPUT,1.1849215571952398
phase6v2-r03-output-medium-a01,D4-FULL,2,OUTPUT+DOWNSTREAM,1.0364396873832646
phase6v2-r03-output-medium-a01,D4-FULL,3,INPUT+OUTPUT,0.5060366911411673
phase6v2-r03-output-medium-a01,D4-FULL,4,OUTPUT+LOAD,-0.27535396763231823
phase6v2-r03-output-medium-a01,D4-FULL,5,NONE,-1.1849215571952398
phase6v2-r03-output-medium-a01,D4-FULL,6,DOWNSTREAM,-1.333403427007215
phase6v2-r03-output-medium-a01,D4-FULL,7,INPUT,-1.8638064232493123
phase6v2-r03-output-medium-a01,D4-FULL,8,INPUT+DOWNSTREAM,-2.0122882930612875
phase6v2-r03-output-medium-a01,D4-FULL,9,LOAD,-2.645197082022798
phase6v2-r03-output-medium-a01,D4-FULL,10,LOAD+DOWNSTREAM,-2.793678951834773
phase6v2-r03-output-medium-a01,D4-FULL,11,INPUT+LOAD,-3.3240819480768704
phase6v2-r03-load-downstream-a01,D4-FULL,1,LOAD+DOWNSTREAM,5.534123392935577
phase6v2-r03-load-downstream-a01,D4-FULL,2,OUTPUT+LOAD,1.365171509851585
phase6v2-r03-load-downstream-a01,D4-FULL,3,LOAD,1.2379525472639266
phase6v2-r03-load-downstream-a01,D4-FULL,4,OUTPUT+DOWNSTREAM,-1.2379525472639266
phase6v2-r03-load-downstream-a01,D4-FULL,5,DOWNSTREAM,-1.365171509851585
phase6v2-r03-load-downstream-a01,D4-FULL,6,INPUT+LOAD,-2.9949000508689227
phase6v2-r03-load-downstream-a01,D4-FULL,7,OUTPUT,-5.534123392935577
phase6v2-r03-load-downstream-a01,D4-FULL,8,INPUT+DOWNSTREAM,-5.598024107984434
phase6v2-r03-load-downstream-a01,D4-FULL,9,NONE,-5.661342355523235
phase6v2-r03-load-downstream-a01,D4-FULL,10,INPUT+OUTPUT,-9.766975991068426
phase6v2-r03-load-downstream-a01,D4-FULL,11,INPUT,-9.894194953656084
phase6v2-r03-output-downstream-control-a01,D4-FULL,1,DOWNSTREAM,1.2939586165991228
phase6v2-r03-output-downstream-control-a01,D4-FULL,2,OUTPUT+DOWNSTREAM,0.972890651189119
phase6v2-r03-output-downstream-control-a01,D4-FULL,3,INPUT+DOWNSTREAM,0.8133271541943533
phase6v2-r03-output-downstream-control-a01,D4-FULL,4,LOAD+DOWNSTREAM,-0.3535565360696249
phase6v2-r03-output-downstream-control-a01,D4-FULL,5,NONE,-1.2939586165991228
phase6v2-r03-output-downstream-control-a01,D4-FULL,6,OUTPUT,-1.6150265820091265
phase6v2-r03-output-downstream-control-a01,D4-FULL,7,INPUT,-1.7745900790038922
phase6v2-r03-output-downstream-control-a01,D4-FULL,8,INPUT+OUTPUT,-2.095658044413896
phase6v2-r03-output-downstream-control-a01,D4-FULL,9,LOAD,-2.9414737692678705
phase6v2-r03-output-downstream-control-a01,D4-FULL,10,OUTPUT+LOAD,-3.2625417346778742
phase6v2-r03-output-downstream-control-a01,D4-FULL,11,INPUT+LOAD,-3.42210523167264
phase6v2-r03-output-control-a01,D4-FULL,1,NONE,0
phase6v2-r03-output-control-a01,D4-FULL,2,DOWNSTREAM,-0.21228482412144267
phase6v2-r03-output-control-a01,D4-FULL,3,INPUT,-0.32194592945535555
phase6v2-r03-output-control-a01,D4-FULL,4,INPUT+DOWNSTREAM,-0.5342307535767983
phase6v2-r03-output-control-a01,D4-FULL,5,OUTPUT,-0.5609132314740051
phase6v2-r03-output-control-a01,D4-FULL,6,OUTPUT+DOWNSTREAM,-0.7731980555954477
phase6v2-r03-output-control-a01,D4-FULL,7,INPUT+OUTPUT,-0.8828591609293606
phase6v2-r03-output-control-a01,D4-FULL,8,LOAD,-1.8131272118742425
phase6v2-r03-output-control-a01,D4-FULL,9,LOAD+DOWNSTREAM,-2.0254120359956853
phase6v2-r03-output-control-a01,D4-FULL,10,INPUT+LOAD,-2.135073141329598
phase6v2-r03-output-control-a01,D4-FULL,11,OUTPUT+LOAD,-2.374040443348248
phase6v2-r03-load-medium-a01,D4-FULL,1,LOAD,3.340251430640402
phase6v2-r03-load-medium-a01,D4-FULL,2,OUTPUT+LOAD,3.255227165550705
phase6v2-r03-load-medium-a01,D4-FULL,3,LOAD+DOWNSTREAM,1.8151185751316508
phase6v2-r03-load-medium-a01,D4-FULL,4,INPUT+LOAD,-0.9157814138878386
phase6v2-r03-load-medium-a01,D4-FULL,5,NONE,-3.340251430640402
phase6v2-r03-load-medium-a01,D4-FULL,6,OUTPUT,-3.425275695730099
phase6v2-r03-load-medium-a01,D4-FULL,7,DOWNSTREAM,-4.865384286149153
phase6v2-r03-load-medium-a01,D4-FULL,8,OUTPUT+DOWNSTREAM,-4.95040855123885
phase6v2-r03-load-medium-a01,D4-FULL,9,INPUT,-7.596284275168642
phase6v2-r03-load-medium-a01,D4-FULL,10,INPUT+OUTPUT,-7.681308540258339
phase6v2-r03-load-medium-a01,D4-FULL,11,INPUT+DOWNSTREAM,-9.121417130677393
phase6v2-r04-input-load-a01,D4-S,1,LOAD,2.5638431911922535
phase6v2-r04-input-load-a01,D4-S,2,OUTPUT+LOAD,2.137265530050836
phase6v2-r04-input-load-a01,D4-S,3,INPUT+LOAD,-0.3868485834212576
phase6v2-r04-input-load-a01,D4-S,4,LOAD+DOWNSTREAM,-1.0148695361563722
phase6v2-r04-input-load-a01,D4-S,5,NONE,-2.5638431911922535
phase6v2-r04-input-load-a01,D4-S,6,OUTPUT,-2.990420852333671
phase6v2-r04-input-load-a01,D4-S,7,INPUT,-5.5145349658057645
phase6v2-r04-input-load-a01,D4-S,8,INPUT+OUTPUT,-5.941112626947183
phase6v2-r04-input-load-a01,D4-S,9,DOWNSTREAM,-6.142555918540879
phase6v2-r04-input-load-a01,D4-S,10,OUTPUT+DOWNSTREAM,-6.569133579682297
phase6v2-r04-input-load-a01,D4-S,11,INPUT+DOWNSTREAM,-9.09324769315439
phase6v2-r04-output-load-a01,D4-S,1,LOAD,2.405878724872207
phase6v2-r04-output-load-a01,D4-S,2,OUTPUT+LOAD,2.1383688771722307
phase6v2-r04-output-load-a01,D4-S,3,INPUT+LOAD,-1.0199434596877843
phase6v2-r04-output-load-a01,D4-S,4,LOAD+DOWNSTREAM,-1.304988067808993
phase6v2-r04-output-load-a01,D4-S,5,NONE,-2.405878724872207
phase6v2-r04-output-load-a01,D4-S,6,OUTPUT,-2.6733885725721835
phase6v2-r04-output-load-a01,D4-S,7,INPUT,-5.8317009094321985
phase6v2-r04-output-load-a01,D4-S,8,INPUT+OUTPUT,-6.099210757132175
phase6v2-r04-output-load-a01,D4-S,9,DOWNSTREAM,-6.116745517553407
phase6v2-r04-output-load-a01,D4-S,10,OUTPUT+DOWNSTREAM,-6.3842553652533836
phase6v2-r04-output-load-a01,D4-S,11,INPUT+DOWNSTREAM,-9.542567702113399
phase6v2-r04-downstream-medium-a01,D4-S,1,NONE,0
phase6v2-r04-downstream-medium-a01,D4-S,2,INPUT,-0.08009897837049706
phase6v2-r04-downstream-medium-a01,D4-S,3,OUTPUT,-0.14425246427930533
phase6v2-r04-downstream-medium-a01,D4-S,4,DOWNSTREAM,-0.17761986047311584
phase6v2-r04-downstream-medium-a01,D4-S,5,INPUT+OUTPUT,-0.2243514426498024
phase6v2-r04-downstream-medium-a01,D4-S,6,INPUT+DOWNSTREAM,-0.2577188388436129
phase6v2-r04-downstream-medium-a01,D4-S,7,OUTPUT+DOWNSTREAM,-0.32187232475242117
phase6v2-r04-downstream-medium-a01,D4-S,8,LOAD,-0.4146555943926806
phase6v2-r04-downstream-medium-a01,D4-S,9,INPUT+LOAD,-0.4947545727631777
phase6v2-r04-downstream-medium-a01,D4-S,10,OUTPUT+LOAD,-0.5589080586719859
phase6v2-r04-downstream-medium-a01,D4-S,11,LOAD+DOWNSTREAM,-0.5922754548657965
phase6v2-r04-output-control-a01,D4-S,1,INPUT,0.24939085689147122
phase6v2-r04-output-control-a01,D4-S,2,INPUT+DOWNSTREAM,-0.004652040684206771
phase6v2-r04-output-control-a01,D4-S,3,INPUT+OUTPUT,-0.16432881861006365
phase6v2-r04-output-control-a01,D4-S,4,NONE,-0.24939085689147122
phase6v2-r04-output-control-a01,D4-S,5,DOWNSTREAM,-0.5034337544671492
phase6v2-r04-output-control-a01,D4-S,6,INPUT+LOAD,-0.5597602286557163
phase6v2-r04-output-control-a01,D4-S,7,OUTPUT,-0.6631105323930061
phase6v2-r04-output-control-a01,D4-S,8,OUTPUT+DOWNSTREAM,-0.9171534299686841
phase6v2-r04-output-control-a01,D4-S,9,LOAD,-1.0585419424386586
phase6v2-r04-output-control-a01,D4-S,10,LOAD+DOWNSTREAM,-1.3125848400143365
phase6v2-r04-output-control-a01,D4-S,11,OUTPUT+LOAD,-1.4722616179401937
phase6v2-r04-output-load-control-a01,D4-S,1,LOAD,2.034176226170537
phase6v2-r04-output-load-control-a01,D4-S,2,INPUT+LOAD,1.274798829467996
phase6v2-r04-output-load-control-a01,D4-S,3,OUTPUT+LOAD,1.1599088720990967
phase6v2-r04-output-load-control-a01,D4-S,4,LOAD+DOWNSTREAM,0.7658166785176386
phase6v2-r04-output-load-control-a01,D4-S,5,NONE,-2.034176226170537
phase6v2-r04-output-load-control-a01,D4-S,6,INPUT,-2.7935536228730777
phase6v2-r04-output-load-control-a01,D4-S,7,OUTPUT,-2.9084435802419772
phase6v2-r04-output-load-control-a01,D4-S,8,DOWNSTREAM,-3.3025357738234353
phase6v2-r04-output-load-control-a01,D4-S,9,INPUT+OUTPUT,-3.667820976944518
phase6v2-r04-output-load-control-a01,D4-S,10,INPUT+DOWNSTREAM,-4.061913170525976
phase6v2-r04-output-load-control-a01,D4-S,11,OUTPUT+DOWNSTREAM,-4.176803127894876
phase6v2-r04-output-downstream-control-a01,D4-S,1,NONE,0
phase6v2-r04-output-downstream-control-a01,D4-S,2,OUTPUT,-0.03062572010833181
phase6v2-r04-output-downstream-control-a01,D4-S,3,INPUT,-0.1821614387737885
phase6v2-r04-output-downstream-control-a01,D4-S,4,DOWNSTREAM,-0.19956416036850577
phase6v2-r04-output-downstream-control-a01,D4-S,5,INPUT+OUTPUT,-0.2127871588821203
phase6v2-r04-output-downstream-control-a01,D4-S,6,OUTPUT+DOWNSTREAM,-0.23018988047683758
phase6v2-r04-output-downstream-control-a01,D4-S,7,INPUT+DOWNSTREAM,-0.38172559914229426
phase6v2-r04-output-downstream-control-a01,D4-S,8,LOAD,-0.4032803637750775
phase6v2-r04-output-downstream-control-a01,D4-S,9,OUTPUT+LOAD,-0.4339060838834093
phase6v2-r04-output-downstream-control-a01,D4-S,10,INPUT+LOAD,-0.5854418025488659
phase6v2-r04-output-downstream-control-a01,D4-S,11,LOAD+DOWNSTREAM,-0.6028445241435832
phase6v2-r04-baseline-a01,D4-S,1,INPUT+DOWNSTREAM,0.11505647282178622
phase6v2-r04-baseline-a01,D4-S,2,DOWNSTREAM,0.0038102967819400035
phase6v2-r04-baseline-a01,D4-S,3,INPUT,-0.0038102967819400035
phase6v2-r04-baseline-a01,D4-S,4,OUTPUT+DOWNSTREAM,-0.061411642176063125
phase6v2-r04-baseline-a01,D4-S,5,INPUT+OUTPUT,-0.06903223573994313
phase6v2-r04-baseline-a01,D4-S,6,NONE,-0.11505647282178622
phase6v2-r04-baseline-a01,D4-S,7,OUTPUT,-0.18027841177978934
phase6v2-r04-baseline-a01,D4-S,8,LOAD+DOWNSTREAM,-1.2811071902396791
phase6v2-r04-baseline-a01,D4-S,9,INPUT+LOAD,-1.2887277838035591
phase6v2-r04-baseline-a01,D4-S,10,LOAD,-1.3999739598434053
phase6v2-r04-baseline-a01,D4-S,11,OUTPUT+LOAD,-1.4651958988014084
phase6v2-r04-input-medium-a01,D4-S,1,NONE,0
phase6v2-r04-input-medium-a01,D4-S,2,INPUT,-0.04818807363025468
phase6v2-r04-input-medium-a01,D4-S,3,DOWNSTREAM,-0.18056127868855454
phase6v2-r04-input-medium-a01,D4-S,4,INPUT+DOWNSTREAM,-0.22874935231880922
phase6v2-r04-input-medium-a01,D4-S,5,OUTPUT,-0.2843201902860763
phase6v2-r04-input-medium-a01,D4-S,6,INPUT+OUTPUT,-0.332508263916331
phase6v2-r04-input-medium-a01,D4-S,7,OUTPUT+DOWNSTREAM,-0.46488146897463084
phase6v2-r04-input-medium-a01,D4-S,8,LOAD,-0.6598216847673223
phase6v2-r04-input-medium-a01,D4-S,9,INPUT+LOAD,-0.708009758397577
phase6v2-r04-input-medium-a01,D4-S,10,LOAD+DOWNSTREAM,-0.8403829634558768
phase6v2-r04-input-medium-a01,D4-S,11,OUTPUT+LOAD,-0.9441418750533985
phase6v2-r04-input-downstream-a01,D4-S,1,LOAD,0.0183398437679404
phase6v2-r04-input-downstream-a01,D4-S,2,NONE,-0.0183398437679404
phase6v2-r04-input-downstream-a01,D4-S,3,OUTPUT+LOAD,-0.14639718182430683
phase6v2-r04-input-downstream-a01,D4-S,4,OUTPUT,-0.18307686936018763
phase6v2-r04-input-downstream-a01,D4-S,5,INPUT+LOAD,-0.24685168701988286
phase6v2-r04-input-downstream-a01,D4-S,6,LOAD+DOWNSTREAM,-0.27831884147262165
phase6v2-r04-input-downstream-a01,D4-S,7,INPUT,-0.28353137455576366
phase6v2-r04-input-downstream-a01,D4-S,8,DOWNSTREAM,-0.31499852900850245
phase6v2-r04-input-downstream-a01,D4-S,9,INPUT+OUTPUT,-0.4482684001480109
phase6v2-r04-input-downstream-a01,D4-S,10,OUTPUT+DOWNSTREAM,-0.4797355546007497
phase6v2-r04-input-downstream-a01,D4-S,11,INPUT+DOWNSTREAM,-0.5801900597963258
phase6v2-r04-output-downstream-a01,D4-S,1,OUTPUT+LOAD,0.9914390366433878
phase6v2-r04-output-downstream-a01,D4-S,2,LOAD,0.33649025959869316
phase6v2-r04-output-downstream-a01,D4-S,3,OUTPUT,-0.33649025959869316
phase6v2-r04-output-downstream-a01,D4-S,4,LOAD+DOWNSTREAM,-0.631505881414953
phase6v2-r04-output-downstream-a01,D4-S,5,INPUT+LOAD,-0.8828262682763759
phase6v2-r04-output-downstream-a01,D4-S,6,NONE,-0.9914390366433878
phase6v2-r04-output-downstream-a01,D4-S,7,OUTPUT+DOWNSTREAM,-1.3044864006123393
phase6v2-r04-output-downstream-a01,D4-S,8,INPUT+OUTPUT,-1.5558067874737622
phase6v2-r04-output-downstream-a01,D4-S,9,DOWNSTREAM,-1.959435177657034
phase6v2-r04-output-downstream-a01,D4-S,10,INPUT,-2.2107555645184567
phase6v2-r04-output-downstream-a01,D4-S,11,INPUT+DOWNSTREAM,-3.178751705532103
phase6v2-r04-load-medium-a01,D4-S,1,LOAD,2.359889221839222
phase6v2-r04-load-medium-a01,D4-S,2,OUTPUT+LOAD,2.0077435229220337
phase6v2-r04-load-medium-a01,D4-S,3,LOAD+DOWNSTREAM,0.5606758032890315
phase6v2-r04-load-medium-a01,D4-S,4,INPUT+LOAD,0.549511051654664
phase6v2-r04-load-medium-a01,D4-S,5,NONE,-2.359889221839222
phase6v2-r04-load-medium-a01,D4-S,6,OUTPUT,-2.7120349207564103
phase6v2-r04-load-medium-a01,D4-S,7,DOWNSTREAM,-4.1591026403894125
phase6v2-r04-load-medium-a01,D4-S,8,INPUT,-4.17026739202378
phase6v2-r04-load-medium-a01,D4-S,9,OUTPUT+DOWNSTREAM,-4.511248339306601
phase6v2-r04-load-medium-a01,D4-S,10,INPUT+OUTPUT,-4.522413090940969
phase6v2-r04-load-medium-a01,D4-S,11,INPUT+DOWNSTREAM,-5.9694808105739705
phase6v2-r04-load-downstream-a01,D4-S,1,LOAD,2.386203672169114
phase6v2-r04-load-downstream-a01,D4-S,2,OUTPUT+LOAD,2.063528375679108
phase6v2-r04-load-downstream-a01,D4-S,3,INPUT+LOAD,0.6942221028393893
phase6v2-r04-load-downstream-a01,D4-S,4,LOAD+DOWNSTREAM,0.506892441982342
phase6v2-r04-load-downstream-a01,D4-S,5,NONE,-2.386203672169114
phase6v2-r04-load-downstream-a01,D4-S,6,OUTPUT,-2.7088789686591204
phase6v2-r04-load-downstream-a01,D4-S,7,INPUT,-4.078185241498839
phase6v2-r04-load-downstream-a01,D4-S,8,DOWNSTREAM,-4.2655149023558865
phase6v2-r04-load-downstream-a01,D4-S,9,INPUT+OUTPUT,-4.400860537988845
phase6v2-r04-load-downstream-a01,D4-S,10,OUTPUT+DOWNSTREAM,-4.588190198845893
phase6v2-r04-load-downstream-a01,D4-S,11,INPUT+DOWNSTREAM,-5.957496471685611
phase6v2-r04-output-medium-a01,D4-S,1,OUTPUT,0.3421004954540421
phase6v2-r04-output-medium-a01,D4-S,2,OUTPUT+LOAD,0.2903023396548413
phase6v2-r04-output-medium-a01,D4-S,3,NONE,-0.3421004954540421
phase6v2-r04-output-medium-a01,D4-S,4,LOAD,-0.39389865125324286
phase6v2-r04-output-medium-a01,D4-S,5,OUTPUT+DOWNSTREAM,-0.5064677358730204
phase6v2-r04-output-medium-a01,D4-S,6,INPUT+OUTPUT,-0.8822714681691795
phase6v2-r04-output-medium-a01,D4-S,7,DOWNSTREAM,-1.1906687267811047
phase6v2-r04-output-medium-a01,D4-S,8,LOAD+DOWNSTREAM,-1.2424668825803054
phase6v2-r04-output-medium-a01,D4-S,9,INPUT,-1.5664724590772636
phase6v2-r04-output-medium-a01,D4-S,10,INPUT+LOAD,-1.6182706148764643
phase6v2-r04-output-medium-a01,D4-S,11,INPUT+DOWNSTREAM,-2.415040690404326
phase6v2-r04-input-load-a01,D4-SM,1,OUTPUT+LOAD,3.5689227911303947
phase6v2-r04-input-load-a01,D4-SM,2,LOAD,1.2899904635323791
phase6v2-r04-input-load-a01,D4-SM,3,LOAD+DOWNSTREAM,-0.5538068094150979
phase6v2-r04-input-load-a01,D4-SM,4,OUTPUT,-1.2899904635323791
phase6v2-r04-input-load-a01,D4-SM,5,INPUT+LOAD,-2.975123750420816
phase6v2-r04-input-load-a01,D4-SM,6,OUTPUT+DOWNSTREAM,-3.133787736479856
phase6v2-r04-input-load-a01,D4-SM,7,NONE,-3.5689227911303947
phase6v2-r04-input-load-a01,D4-SM,8,DOWNSTREAM,-5.412720064077872
phase6v2-r04-input-load-a01,D4-SM,9,INPUT+OUTPUT,-5.555104677485574
phase6v2-r04-input-load-a01,D4-SM,10,INPUT,-7.83403700508359
phase6v2-r04-input-load-a01,D4-SM,11,INPUT+DOWNSTREAM,-9.677834278031067
phase6v2-r04-output-load-a01,D4-SM,1,OUTPUT+LOAD,3.7740555753335925
phase6v2-r04-output-load-a01,D4-SM,2,LOAD,0.3159348561152311
phase6v2-r04-output-load-a01,D4-SM,3,OUTPUT,-0.3159348561152311
phase6v2-r04-output-load-a01,D4-SM,4,LOAD+DOWNSTREAM,-1.5925762857924362
phase6v2-r04-output-load-a01,D4-SM,5,OUTPUT+DOWNSTREAM,-2.2244459980228983
phase6v2-r04-output-load-a01,D4-SM,6,NONE,-3.7740555753335925
phase6v2-r04-output-load-a01,D4-SM,7,INPUT+LOAD,-4.222754647667861
phase6v2-r04-output-load-a01,D4-SM,8,INPUT+OUTPUT,-4.854624359898322
phase6v2-r04-output-load-a01,D4-SM,9,DOWNSTREAM,-5.68256671724126
phase6v2-r04-output-load-a01,D4-SM,10,INPUT,-8.312745079116684
phase6v2-r04-output-load-a01,D4-SM,11,INPUT+DOWNSTREAM,-10.221256221024351
phase6v2-r04-downstream-medium-a01,D4-SM,1,DOWNSTREAM,2.392061997613223
phase6v2-r04-downstream-medium-a01,D4-SM,2,LOAD+DOWNSTREAM,2.37734987197503
phase6v2-r04-downstream-medium-a01,D4-SM,3,INPUT+DOWNSTREAM,2.2574618576191514
phase6v2-r04-downstream-medium-a01,D4-SM,4,OUTPUT+DOWNSTREAM,1.2748061490944742
phase6v2-r04-downstream-medium-a01,D4-SM,5,NONE,-2.392061997613223
phase6v2-r04-downstream-medium-a01,D4-SM,6,LOAD,-2.406774123251416
phase6v2-r04-downstream-medium-a01,D4-SM,7,INPUT,-2.526662137607295
phase6v2-r04-downstream-medium-a01,D4-SM,8,INPUT+LOAD,-2.541374263245488
phase6v2-r04-downstream-medium-a01,D4-SM,9,OUTPUT,-3.509317846131972
phase6v2-r04-downstream-medium-a01,D4-SM,10,OUTPUT+LOAD,-3.5240299717701653
phase6v2-r04-downstream-medium-a01,D4-SM,11,INPUT+OUTPUT,-3.6439179861260436
phase6v2-r04-output-control-a01,D4-SM,1,INPUT,0.12127899960160948
phase6v2-r04-output-control-a01,D4-SM,2,INPUT+DOWNSTREAM,0.0010658853451271377
phase6v2-r04-output-control-a01,D4-SM,3,NONE,-0.12127899960160948
phase6v2-r04-output-control-a01,D4-SM,4,DOWNSTREAM,-0.24149211385809183
phase6v2-r04-output-control-a01,D4-SM,5,INPUT+OUTPUT,-0.7878265571312418
phase6v2-r04-output-control-a01,D4-SM,6,OUTPUT,-1.030384556334461
phase6v2-r04-output-control-a01,D4-SM,7,INPUT+LOAD,-1.0633340248383913
phase6v2-r04-output-control-a01,D4-SM,8,OUTPUT+DOWNSTREAM,-1.150597670590943
phase6v2-r04-output-control-a01,D4-SM,9,LOAD,-1.3058920240416103
phase6v2-r04-output-control-a01,D4-SM,10,LOAD+DOWNSTREAM,-1.4261051382980927
phase6v2-r04-output-control-a01,D4-SM,11,OUTPUT+LOAD,-2.2149975807744617
phase6v2-r04-output-load-control-a01,D4-SM,1,LOAD,3.2243430543254368
phase6v2-r04-output-load-control-a01,D4-SM,2,LOAD+DOWNSTREAM,2.542341524616564
phase6v2-r04-output-load-control-a01,D4-SM,3,OUTPUT+LOAD,2.4990728651549965
phase6v2-r04-output-load-control-a01,D4-SM,4,INPUT+LOAD,2.1644259703270903
phase6v2-r04-output-load-control-a01,D4-SM,5,NONE,-3.2243430543254368
phase6v2-r04-output-load-control-a01,D4-SM,6,DOWNSTREAM,-3.9063445840343096
phase6v2-r04-output-load-control-a01,D4-SM,7,OUTPUT,-3.949613243495877
phase6v2-r04-output-load-control-a01,D4-SM,8,INPUT,-4.284260138323783
phase6v2-r04-output-load-control-a01,D4-SM,9,OUTPUT+DOWNSTREAM,-4.631614773204751
phase6v2-r04-output-load-control-a01,D4-SM,10,INPUT+DOWNSTREAM,-4.966261668032656
phase6v2-r04-output-load-control-a01,D4-SM,11,INPUT+OUTPUT,-5.009530327494224
phase6v2-r04-output-downstream-control-a01,D4-SM,1,DOWNSTREAM,2.3810898476655282
phase6v2-r04-output-downstream-control-a01,D4-SM,2,INPUT+DOWNSTREAM,2.18838419436162
phase6v2-r04-output-downstream-control-a01,D4-SM,3,OUTPUT+DOWNSTREAM,1.6075792977536953
phase6v2-r04-output-downstream-control-a01,D4-SM,4,LOAD+DOWNSTREAM,1.3898188968976886
phase6v2-r04-output-downstream-control-a01,D4-SM,5,NONE,-2.3810898476655282
phase6v2-r04-output-downstream-control-a01,D4-SM,6,INPUT,-2.5737955009694367
phase6v2-r04-output-downstream-control-a01,D4-SM,7,OUTPUT,-3.154600397577361
phase6v2-r04-output-downstream-control-a01,D4-SM,8,INPUT+OUTPUT,-3.3473060508812695
phase6v2-r04-output-downstream-control-a01,D4-SM,9,LOAD,-3.372360798433368
phase6v2-r04-output-downstream-control-a01,D4-SM,10,INPUT+LOAD,-3.5650664517372763
phase6v2-r04-output-downstream-control-a01,D4-SM,11,OUTPUT+LOAD,-4.145871348345201
phase6v2-r04-baseline-a01,D4-SM,1,INPUT+DOWNSTREAM,0.0950414725640083
phase6v2-r04-baseline-a01,D4-SM,2,DOWNSTREAM,0.027989253778703427
phase6v2-r04-baseline-a01,D4-SM,3,INPUT,-0.027989253778703427
phase6v2-r04-baseline-a01,D4-SM,4,NONE,-0.0950414725640083
phase6v2-r04-baseline-a01,D4-SM,5,LOAD+DOWNSTREAM,-0.4011199167218713
phase6v2-r04-baseline-a01,D4-SM,6,INPUT+LOAD,-0.45709842427927816
phase6v2-r04-baseline-a01,D4-SM,7,LOAD,-0.524150643064583
phase6v2-r04-baseline-a01,D4-SM,8,OUTPUT+DOWNSTREAM,-1.0642298898342144
phase6v2-r04-baseline-a01,D4-SM,9,INPUT+OUTPUT,-1.1202083973916213
phase6v2-r04-baseline-a01,D4-SM,10,OUTPUT,-1.1872606161769261
phase6v2-r04-baseline-a01,D4-SM,11,OUTPUT+LOAD,-1.6163697866775009
phase6v2-r04-input-medium-a01,D4-SM,1,NONE,0
phase6v2-r04-input-medium-a01,D4-SM,2,DOWNSTREAM,-0.09532220912128542
phase6v2-r04-input-medium-a01,D4-SM,3,INPUT,-0.11346641504909427
phase6v2-r04-input-medium-a01,D4-SM,4,LOAD,-0.12686514472162658
phase6v2-r04-input-medium-a01,D4-SM,5,INPUT+DOWNSTREAM,-0.2087886241703797
phase6v2-r04-input-medium-a01,D4-SM,6,LOAD+DOWNSTREAM,-0.222187353842912
phase6v2-r04-input-medium-a01,D4-SM,7,INPUT+LOAD,-0.24033155977072085
phase6v2-r04-input-medium-a01,D4-SM,8,OUTPUT,-1.1642150501137791
phase6v2-r04-input-medium-a01,D4-SM,9,OUTPUT+DOWNSTREAM,-1.2595372592350644
phase6v2-r04-input-medium-a01,D4-SM,10,INPUT+OUTPUT,-1.2776814651628734
phase6v2-r04-input-medium-a01,D4-SM,11,OUTPUT+LOAD,-1.2910801948354056
phase6v2-r04-input-downstream-a01,D4-SM,1,LOAD+DOWNSTREAM,2.5235526794727807
phase6v2-r04-input-downstream-a01,D4-SM,2,DOWNSTREAM,2.1415324909862195
phase6v2-r04-input-downstream-a01,D4-SM,3,INPUT+DOWNSTREAM,1.8196721962440199
phase6v2-r04-input-downstream-a01,D4-SM,4,OUTPUT+DOWNSTREAM,1.03472807791352
phase6v2-r04-input-downstream-a01,D4-SM,5,LOAD,-2.1415324909862195
phase6v2-r04-input-downstream-a01,D4-SM,6,INPUT+LOAD,-2.463392785728419
phase6v2-r04-input-downstream-a01,D4-SM,7,NONE,-2.5235526794727807
phase6v2-r04-input-downstream-a01,D4-SM,8,INPUT,-2.8454129742149803
phase6v2-r04-input-downstream-a01,D4-SM,9,OUTPUT+LOAD,-3.248336904058919
phase6v2-r04-input-downstream-a01,D4-SM,10,OUTPUT,-3.6303570925454802
phase6v2-r04-input-downstream-a01,D4-SM,11,INPUT+OUTPUT,-3.9522173872876794
phase6v2-r04-output-downstream-a01,D4-SM,1,OUTPUT+DOWNSTREAM,2.832089809788007
phase6v2-r04-output-downstream-a01,D4-SM,2,DOWNSTREAM,1.161657904897909
phase6v2-r04-output-downstream-a01,D4-SM,3,LOAD+DOWNSTREAM,0.6970031384253464
phase6v2-r04-output-downstream-a01,D4-SM,4,INPUT+DOWNSTREAM,0.45860103819212006
phase6v2-r04-output-downstream-a01,D4-SM,5,OUTPUT,-1.161657904897909
phase6v2-r04-output-downstream-a01,D4-SM,6,OUTPUT+LOAD,-1.6263126713704716
phase6v2-r04-output-downstream-a01,D4-SM,7,INPUT+OUTPUT,-1.864714771603698
phase6v2-r04-output-downstream-a01,D4-SM,8,NONE,-2.832089809788007
phase6v2-r04-output-downstream-a01,D4-SM,9,LOAD,-3.29674457626057
phase6v2-r04-output-downstream-a01,D4-SM,10,INPUT,-3.535146676493796
phase6v2-r04-output-downstream-a01,D4-SM,11,INPUT+LOAD,-3.999801442966359
phase6v2-r04-load-medium-a01,D4-SM,1,OUTPUT+LOAD,3.4321435482313127
phase6v2-r04-load-medium-a01,D4-SM,2,LOAD,3.3422555560882454
phase6v2-r04-load-medium-a01,D4-SM,3,LOAD+DOWNSTREAM,2.3866396244337693
phase6v2-r04-load-medium-a01,D4-SM,4,INPUT+LOAD,0.9858170374273827
phase6v2-r04-load-medium-a01,D4-SM,5,OUTPUT,-3.3422555560882454
phase6v2-r04-load-medium-a01,D4-SM,6,NONE,-3.4321435482313127
phase6v2-r04-load-medium-a01,D4-SM,7,OUTPUT+DOWNSTREAM,-4.2978714877427215
phase6v2-r04-load-medium-a01,D4-SM,8,DOWNSTREAM,-4.387759479885789
phase6v2-r04-load-medium-a01,D4-SM,9,INPUT+OUTPUT,-5.698694074749108
phase6v2-r04-load-medium-a01,D4-SM,10,INPUT,-5.788582066892175
phase6v2-r04-load-medium-a01,D4-SM,11,INPUT+DOWNSTREAM,-6.744197998546651
phase6v2-r04-load-downstream-a01,D4-SM,1,LOAD+DOWNSTREAM,4.94157309008112
phase6v2-r04-load-downstream-a01,D4-SM,2,LOAD,1.8591404645683303
phase6v2-r04-load-downstream-a01,D4-SM,3,OUTPUT+LOAD,1.8565668771513424
phase6v2-r04-load-downstream-a01,D4-SM,4,INPUT+LOAD,-0.4723871714272334
phase6v2-r04-load-downstream-a01,D4-SM,5,DOWNSTREAM,-1.8591404645683303
phase6v2-r04-load-downstream-a01,D4-SM,6,OUTPUT+DOWNSTREAM,-1.8617140519853184
phase6v2-r04-load-downstream-a01,D4-SM,7,INPUT+DOWNSTREAM,-4.190668100563894
phase6v2-r04-load-downstream-a01,D4-SM,8,NONE,-4.94157309008112
phase6v2-r04-load-downstream-a01,D4-SM,9,OUTPUT,-4.944146677498108
phase6v2-r04-load-downstream-a01,D4-SM,10,INPUT,-7.2731007260766845
phase6v2-r04-load-downstream-a01,D4-SM,11,INPUT+OUTPUT,-7.275674313493672
phase6v2-r04-output-medium-a01,D4-SM,1,OUTPUT,0.8596794488269105
phase6v2-r04-output-medium-a01,D4-SM,2,OUTPUT+DOWNSTREAM,0.4149112892356797
phase6v2-r04-output-medium-a01,D4-SM,3,INPUT+OUTPUT,0.24944786800706809
phase6v2-r04-output-medium-a01,D4-SM,4,OUTPUT+LOAD,0.03886826456225134
phase6v2-r04-output-medium-a01,D4-SM,5,NONE,-0.8596794488269105
phase6v2-r04-output-medium-a01,D4-SM,6,DOWNSTREAM,-1.3044476084181413
phase6v2-r04-output-medium-a01,D4-SM,7,INPUT,-1.4699110296467528
phase6v2-r04-output-medium-a01,D4-SM,8,LOAD,-1.6804906330915697
phase6v2-r04-output-medium-a01,D4-SM,9,INPUT+DOWNSTREAM,-1.9146791892379835
phase6v2-r04-output-medium-a01,D4-SM,10,LOAD+DOWNSTREAM,-2.1252587926828004
phase6v2-r04-output-medium-a01,D4-SM,11,INPUT+LOAD,-2.2907222139114123
phase6v2-r04-input-load-a01,D4-SMT,1,OUTPUT+LOAD,3.557793276668429
phase6v2-r04-input-load-a01,D4-SMT,2,LOAD,1.6529741922059973
phase6v2-r04-input-load-a01,D4-SMT,3,INPUT+LOAD,1.0467641725098296
phase6v2-r04-input-load-a01,D4-SMT,4,LOAD+DOWNSTREAM,1.0404690450452425
phase6v2-r04-input-load-a01,D4-SMT,5,OUTPUT,-1.6529741922059973
phase6v2-r04-input-load-a01,D4-SMT,6,INPUT+OUTPUT,-2.259184211902165
phase6v2-r04-input-load-a01,D4-SMT,7,OUTPUT+DOWNSTREAM,-2.265479339366752
phase6v2-r04-input-load-a01,D4-SMT,8,NONE,-3.557793276668429
phase6v2-r04-input-load-a01,D4-SMT,9,INPUT,-4.164003296364596
phase6v2-r04-input-load-a01,D4-SMT,10,DOWNSTREAM,-4.170298423829183
phase6v2-r04-input-load-a01,D4-SMT,11,INPUT+DOWNSTREAM,-4.776508443525351
phase6v2-r04-output-load-a01,D4-SMT,1,OUTPUT+LOAD,3.785139765904887
phase6v2-r04-output-load-a01,D4-SMT,2,LOAD,1.1208863398127316
phase6v2-r04-output-load-a01,D4-SMT,3,LOAD+DOWNSTREAM,0.5324375447296954
phase6v2-r04-output-load-a01,D4-SMT,4,INPUT+LOAD,0.4921772717736179
phase6v2-r04-output-load-a01,D4-SMT,5,OUTPUT,-1.1208863398127316
phase6v2-r04-output-load-a01,D4-SMT,6,OUTPUT+DOWNSTREAM,-1.7093351348957677
phase6v2-r04-output-load-a01,D4-SMT,7,INPUT+OUTPUT,-1.7495954078518452
phase6v2-r04-output-load-a01,D4-SMT,8,NONE,-3.785139765904887
phase6v2-r04-output-load-a01,D4-SMT,9,DOWNSTREAM,-4.3735885609879235
phase6v2-r04-output-load-a01,D4-SMT,10,INPUT,-4.413848833944001
phase6v2-r04-output-load-a01,D4-SMT,11,INPUT+DOWNSTREAM,-5.002297629027037
phase6v2-r04-downstream-medium-a01,D4-SMT,1,DOWNSTREAM,1.26970694784201
phase6v2-r04-downstream-medium-a01,D4-SMT,2,LOAD+DOWNSTREAM,1.1820942252445719
phase6v2-r04-downstream-medium-a01,D4-SMT,3,INPUT+DOWNSTREAM,1.167495423072562
phase6v2-r04-downstream-medium-a01,D4-SMT,4,OUTPUT+DOWNSTREAM,0.6249942978959857
phase6v2-r04-downstream-medium-a01,D4-SMT,5,NONE,-1.26970694784201
phase6v2-r04-downstream-medium-a01,D4-SMT,6,LOAD,-1.3573196704394481
phase6v2-r04-downstream-medium-a01,D4-SMT,7,INPUT,-1.371918472611458
phase6v2-r04-downstream-medium-a01,D4-SMT,8,INPUT+LOAD,-1.459531195208896
phase6v2-r04-downstream-medium-a01,D4-SMT,9,OUTPUT,-1.9144195977880343
phase6v2-r04-downstream-medium-a01,D4-SMT,10,OUTPUT+LOAD,-2.0020323203854726
phase6v2-r04-downstream-medium-a01,D4-SMT,11,INPUT+OUTPUT,-2.0166311225574822
phase6v2-r04-output-control-a01,D4-SMT,1,INPUT,0.06937140835014455
phase6v2-r04-output-control-a01,D4-SMT,2,NONE,-0.06937140835014455
phase6v2-r04-output-control-a01,D4-SMT,3,INPUT+DOWNSTREAM,-0.31518710296808716
phase6v2-r04-output-control-a01,D4-SMT,4,INPUT+LOAD,-0.34643895370749034
phase6v2-r04-output-control-a01,D4-SMT,5,INPUT+OUTPUT,-0.34908069805050423
phase6v2-r04-output-control-a01,D4-SMT,6,DOWNSTREAM,-0.45392991966837626
phase6v2-r04-output-control-a01,D4-SMT,7,LOAD,-0.48518177040777943
phase6v2-r04-output-control-a01,D4-SMT,8,OUTPUT,-0.48782351475079333
phase6v2-r04-output-control-a01,D4-SMT,9,LOAD+DOWNSTREAM,-0.8697402817260111
phase6v2-r04-output-control-a01,D4-SMT,10,OUTPUT+DOWNSTREAM,-0.872382026069025
phase6v2-r04-output-control-a01,D4-SMT,11,OUTPUT+LOAD,-0.9036338768084282
phase6v2-r04-output-load-control-a01,D4-SMT,1,LOAD,3.1168899281331015
phase6v2-r04-output-load-control-a01,D4-SMT,2,LOAD+DOWNSTREAM,2.7058288254876266
phase6v2-r04-output-load-control-a01,D4-SMT,3,INPUT+LOAD,2.5982743829336306
phase6v2-r04-output-load-control-a01,D4-SMT,4,OUTPUT+LOAD,2.563244130095969
phase6v2-r04-output-load-control-a01,D4-SMT,5,NONE,-3.1168899281331015
phase6v2-r04-output-load-control-a01,D4-SMT,6,DOWNSTREAM,-3.5279510307785764
phase6v2-r04-output-load-control-a01,D4-SMT,7,INPUT,-3.6355054733325725
phase6v2-r04-output-load-control-a01,D4-SMT,8,OUTPUT,-3.670535726170234
phase6v2-r04-output-load-control-a01,D4-SMT,9,INPUT+DOWNSTREAM,-4.046566575978048
phase6v2-r04-output-load-control-a01,D4-SMT,10,OUTPUT+DOWNSTREAM,-4.081596828815709
phase6v2-r04-output-load-control-a01,D4-SMT,11,INPUT+OUTPUT,-4.189151271369705
phase6v2-r04-output-downstream-control-a01,D4-SMT,1,DOWNSTREAM,2.518697739995313
phase6v2-r04-output-downstream-control-a01,D4-SMT,2,INPUT+DOWNSTREAM,2.3914673038513516
phase6v2-r04-output-downstream-control-a01,D4-SMT,3,LOAD+DOWNSTREAM,2.103610102616731
phase6v2-r04-output-downstream-control-a01,D4-SMT,4,OUTPUT+DOWNSTREAM,1.9730345963590232
phase6v2-r04-output-downstream-control-a01,D4-SMT,5,NONE,-2.518697739995313
phase6v2-r04-output-downstream-control-a01,D4-SMT,6,INPUT,-2.6459281761392743
phase6v2-r04-output-downstream-control-a01,D4-SMT,7,LOAD,-2.933785377373895
phase6v2-r04-output-downstream-control-a01,D4-SMT,8,INPUT+LOAD,-3.0610158135178565
phase6v2-r04-output-downstream-control-a01,D4-SMT,9,OUTPUT,-3.0643608836316027
phase6v2-r04-output-downstream-control-a01,D4-SMT,10,INPUT+OUTPUT,-3.191591319775564
phase6v2-r04-output-downstream-control-a01,D4-SMT,11,OUTPUT+LOAD,-3.479448521010185
phase6v2-r04-baseline-a01,D4-SMT,1,INPUT,0.025408736397869447
phase6v2-r04-baseline-a01,D4-SMT,2,NONE,-0.025408736397869447
phase6v2-r04-baseline-a01,D4-SMT,3,INPUT+DOWNSTREAM,-0.1266805995072779
phase6v2-r04-baseline-a01,D4-SMT,4,INPUT+LOAD,-0.13335489027597258
phase6v2-r04-baseline-a01,D4-SMT,5,DOWNSTREAM,-0.17749807230301679
phase6v2-r04-baseline-a01,D4-SMT,6,LOAD,-0.18417236307171148
phase6v2-r04-baseline-a01,D4-SMT,7,LOAD+DOWNSTREAM,-0.3362616989768588
phase6v2-r04-baseline-a01,D4-SMT,8,INPUT+OUTPUT,-0.4958687755646718
phase6v2-r04-baseline-a01,D4-SMT,9,OUTPUT,-0.5466862483604107
phase6v2-r04-baseline-a01,D4-SMT,10,OUTPUT+DOWNSTREAM,-0.6987755842655581
phase6v2-r04-baseline-a01,D4-SMT,11,OUTPUT+LOAD,-0.7054498750342527
phase6v2-r04-input-medium-a01,D4-SMT,1,NONE,0
phase6v2-r04-input-medium-a01,D4-SMT,2,INPUT,-0.08725008315640848
phase6v2-r04-input-medium-a01,D4-SMT,3,LOAD,-0.12212384520744929
phase6v2-r04-input-medium-a01,D4-SMT,4,INPUT+LOAD,-0.20937392836385776
phase6v2-r04-input-medium-a01,D4-SMT,5,DOWNSTREAM,-0.21407984563582072
phase6v2-r04-input-medium-a01,D4-SMT,6,INPUT+DOWNSTREAM,-0.3013299287922292
phase6v2-r04-input-medium-a01,D4-SMT,7,LOAD+DOWNSTREAM,-0.33620369084327
phase6v2-r04-input-medium-a01,D4-SMT,8,OUTPUT,-0.6788164475663
phase6v2-r04-input-medium-a01,D4-SMT,9,INPUT+OUTPUT,-0.7660665307227085
phase6v2-r04-input-medium-a01,D4-SMT,10,OUTPUT+LOAD,-0.8009402927737492
phase6v2-r04-input-medium-a01,D4-SMT,11,OUTPUT+DOWNSTREAM,-0.8928962932021207
phase6v2-r04-input-downstream-a01,D4-SMT,1,LOAD+DOWNSTREAM,1.2051790490755647
phase6v2-r04-input-downstream-a01,D4-SMT,2,DOWNSTREAM,1.1758783030813862
phase6v2-r04-input-downstream-a01,D4-SMT,3,INPUT+DOWNSTREAM,0.9619544995895674
phase6v2-r04-input-downstream-a01,D4-SMT,4,OUTPUT+DOWNSTREAM,0.5101789510011664
phase6v2-r04-input-downstream-a01,D4-SMT,5,LOAD,-1.1758783030813862
phase6v2-r04-input-downstream-a01,D4-SMT,6,NONE,-1.2051790490755647
phase6v2-r04-input-downstream-a01,D4-SMT,7,INPUT+LOAD,-1.389802106573205
phase6v2-r04-input-downstream-a01,D4-SMT,8,INPUT,-1.4191028525673834
phase6v2-r04-input-downstream-a01,D4-SMT,9,OUTPUT+LOAD,-1.8415776551616059
phase6v2-r04-input-downstream-a01,D4-SMT,10,OUTPUT,-1.8708784011557844
phase6v2-r04-input-downstream-a01,D4-SMT,11,INPUT+OUTPUT,-2.084802204647603
phase6v2-r04-output-downstream-a01,D4-SMT,1,OUTPUT+DOWNSTREAM,1.5823029416822818
phase6v2-r04-output-downstream-a01,D4-SMT,2,DOWNSTREAM,0.6845210892789728
phase6v2-r04-output-downstream-a01,D4-SMT,3,LOAD+DOWNSTREAM,0.675187055508168
phase6v2-r04-output-downstream-a01,D4-SMT,4,INPUT+DOWNSTREAM,0.45124638637755177
phase6v2-r04-output-downstream-a01,D4-SMT,5,OUTPUT,-0.6845210892789728
phase6v2-r04-output-downstream-a01,D4-SMT,6,OUTPUT+LOAD,-0.6938551230497777
phase6v2-r04-output-downstream-a01,D4-SMT,7,INPUT+OUTPUT,-0.9177957921803939
phase6v2-r04-output-downstream-a01,D4-SMT,8,NONE,-1.5823029416822818
phase6v2-r04-output-downstream-a01,D4-SMT,9,LOAD,-1.5916369754530866
phase6v2-r04-output-downstream-a01,D4-SMT,10,INPUT,-1.8155776445837029
phase6v2-r04-output-downstream-a01,D4-SMT,11,INPUT+LOAD,-1.8249116783545076
phase6v2-r04-load-medium-a01,D4-SMT,1,OUTPUT+LOAD,3.2707522656260375
phase6v2-r04-load-medium-a01,D4-SMT,2,LOAD,3.2485970781685536
phase6v2-r04-load-medium-a01,D4-SMT,3,LOAD+DOWNSTREAM,2.727953080000541
phase6v2-r04-load-medium-a01,D4-SMT,4,INPUT+LOAD,2.6290044401595907
phase6v2-r04-load-medium-a01,D4-SMT,5,OUTPUT,-3.2485970781685536
phase6v2-r04-load-medium-a01,D4-SMT,6,NONE,-3.2707522656260375
phase6v2-r04-load-medium-a01,D4-SMT,7,OUTPUT+DOWNSTREAM,-3.7692410763365656
phase6v2-r04-load-medium-a01,D4-SMT,8,DOWNSTREAM,-3.79139626379405
phase6v2-r04-load-medium-a01,D4-SMT,9,INPUT+OUTPUT,-3.8681897161775165
phase6v2-r04-load-medium-a01,D4-SMT,10,INPUT,-3.8903449036350004
phase6v2-r04-load-medium-a01,D4-SMT,11,INPUT+DOWNSTREAM,-4.410988901803012
phase6v2-r04-load-downstream-a01,D4-SMT,1,LOAD+DOWNSTREAM,4.432648096058994
phase6v2-r04-load-downstream-a01,D4-SMT,2,LOAD,2.07549802983354
phase6v2-r04-load-downstream-a01,D4-SMT,3,OUTPUT+LOAD,2.0707315500761245
phase6v2-r04-load-downstream-a01,D4-SMT,4,INPUT+LOAD,1.485761620532037
phase6v2-r04-load-downstream-a01,D4-SMT,5,DOWNSTREAM,-2.07549802983354
phase6v2-r04-load-downstream-a01,D4-SMT,6,OUTPUT+DOWNSTREAM,-2.0802645095909558
phase6v2-r04-load-downstream-a01,D4-SMT,7,INPUT+DOWNSTREAM,-2.665234439135043
phase6v2-r04-load-downstream-a01,D4-SMT,8,NONE,-4.432648096058994
phase6v2-r04-load-downstream-a01,D4-SMT,9,OUTPUT,-4.43741457581641
phase6v2-r04-load-downstream-a01,D4-SMT,10,INPUT,-5.022384505360497
phase6v2-r04-load-downstream-a01,D4-SMT,11,INPUT+OUTPUT,-5.027150985117912
phase6v2-r04-output-medium-a01,D4-SMT,1,OUTPUT,0.4014679175960021
phase6v2-r04-output-medium-a01,D4-SMT,2,OUTPUT+LOAD,0.24568530800270355
phase6v2-r04-output-medium-a01,D4-SMT,3,INPUT+OUTPUT,0.22457565231872395
phase6v2-r04-output-medium-a01,D4-SMT,4,OUTPUT+DOWNSTREAM,0.03074259921905398
phase6v2-r04-output-medium-a01,D4-SMT,5,NONE,-0.4014679175960021
phase6v2-r04-output-medium-a01,D4-SMT,6,LOAD,-0.5572505271893007
phase6v2-r04-output-medium-a01,D4-SMT,7,INPUT,-0.5783601828732803
phase6v2-r04-output-medium-a01,D4-SMT,8,INPUT+LOAD,-0.7341427924665788
phase6v2-r04-output-medium-a01,D4-SMT,9,DOWNSTREAM,-0.7721932359729502
phase6v2-r04-output-medium-a01,D4-SMT,10,LOAD+DOWNSTREAM,-0.9279758455662488
phase6v2-r04-output-medium-a01,D4-SMT,11,INPUT+DOWNSTREAM,-0.9490855012502284
phase6v2-r04-input-load-a01,D4-FULL,1,OUTPUT+LOAD,2.7618140032360174
phase6v2-r04-input-load-a01,D4-FULL,2,LOAD,2.516640451928579
phase6v2-r04-input-load-a01,D4-FULL,3,LOAD+DOWNSTREAM,0.44522407461881786
phase6v2-r04-input-load-a01,D4-FULL,4,OUTPUT,-2.516640451928579
phase6v2-r04-input-load-a01,D4-FULL,5,NONE,-2.7618140032360174
phase6v2-r04-input-load-a01,D4-FULL,6,OUTPUT+DOWNSTREAM,-4.58805682923834
phase6v2-r04-input-load-a01,D4-FULL,7,DOWNSTREAM,-4.833230380545778
phase6v2-r04-input-load-a01,D4-FULL,8,INPUT+LOAD,-7.034303670279355
phase6v2-r04-input-load-a01,D4-FULL,9,INPUT+OUTPUT,-12.067584574136513
phase6v2-r04-input-load-a01,D4-FULL,10,INPUT,-12.31275812544395
phase6v2-r04-input-load-a01,D4-FULL,11,INPUT+DOWNSTREAM,-14.384174502753712
phase6v2-r04-output-load-a01,D4-FULL,1,OUTPUT+LOAD,2.7049608529807228
phase6v2-r04-output-load-a01,D4-FULL,2,LOAD,2.2451567248181674
phase6v2-r04-output-load-a01,D4-FULL,3,LOAD+DOWNSTREAM,-0.09928282662229762
phase6v2-r04-output-load-a01,D4-FULL,4,OUTPUT,-2.2451567248181674
phase6v2-r04-output-load-a01,D4-FULL,5,NONE,-2.7049608529807228
phase6v2-r04-output-load-a01,D4-FULL,6,OUTPUT+DOWNSTREAM,-4.589596276258632
phase6v2-r04-output-load-a01,D4-FULL,7,DOWNSTREAM,-5.049400404421188
phase6v2-r04-output-load-a01,D4-FULL,8,INPUT+LOAD,-7.640346453228943
phase6v2-r04-output-load-a01,D4-FULL,9,INPUT+OUTPUT,-12.130659902865279
phase6v2-r04-output-load-a01,D4-FULL,10,INPUT,-12.590464031027834
phase6v2-r04-output-load-a01,D4-FULL,11,INPUT+DOWNSTREAM,-14.934903582468298
phase6v2-r04-downstream-medium-a01,D4-FULL,1,DOWNSTREAM,1.1159581940970498
phase6v2-r04-downstream-medium-a01,D4-FULL,2,LOAD+DOWNSTREAM,1.0379699721864428
phase6v2-r04-downstream-medium-a01,D4-FULL,3,INPUT+DOWNSTREAM,1.0266887237687334
phase6v2-r04-downstream-medium-a01,D4-FULL,4,OUTPUT+DOWNSTREAM,-0.031623113017798854
phase6v2-r04-downstream-medium-a01,D4-FULL,5,NONE,-1.1159581940970498
phase6v2-r04-downstream-medium-a01,D4-FULL,6,LOAD,-1.1939464160076567
phase6v2-r04-downstream-medium-a01,D4-FULL,7,INPUT,-1.205227664425366
phase6v2-r04-downstream-medium-a01,D4-FULL,8,INPUT+LOAD,-1.283215886335973
phase6v2-r04-downstream-medium-a01,D4-FULL,9,OUTPUT,-2.2635395012118984
phase6v2-r04-downstream-medium-a01,D4-FULL,10,OUTPUT+LOAD,-2.341527723122505
phase6v2-r04-downstream-medium-a01,D4-FULL,11,INPUT+OUTPUT,-2.352808971540215
phase6v2-r04-output-control-a01,D4-FULL,1,INPUT,0.0801276611032784
phase6v2-r04-output-control-a01,D4-FULL,2,NONE,-0.0801276611032784
phase6v2-r04-output-control-a01,D4-FULL,3,INPUT+OUTPUT,-0.5273373176412265
phase6v2-r04-output-control-a01,D4-FULL,4,OUTPUT,-0.6875926398477833
phase6v2-r04-output-control-a01,D4-FULL,5,INPUT+DOWNSTREAM,-0.8441418524106183
phase6v2-r04-output-control-a01,D4-FULL,6,DOWNSTREAM,-1.0043971746171751
phase6v2-r04-output-control-a01,D4-FULL,7,OUTPUT+DOWNSTREAM,-1.6118621533616801
phase6v2-r04-output-control-a01,D4-FULL,8,INPUT+LOAD,-1.7385602984889985
phase6v2-r04-output-control-a01,D4-FULL,9,LOAD,-1.8988156206955553
phase6v2-r04-output-control-a01,D4-FULL,10,OUTPUT+LOAD,-2.50628059944006
phase6v2-r04-output-control-a01,D4-FULL,11,LOAD+DOWNSTREAM,-2.823085134209452
phase6v2-r04-output-load-control-a01,D4-FULL,1,LOAD,3.1611332901713656
phase6v2-r04-output-load-control-a01,D4-FULL,2,OUTPUT+LOAD,2.6889152420344686
phase6v2-r04-output-load-control-a01,D4-FULL,3,LOAD+DOWNSTREAM,2.4757704035084225
phase6v2-r04-output-load-control-a01,D4-FULL,4,INPUT+LOAD,1.2834652938373035
phase6v2-r04-output-load-control-a01,D4-FULL,5,NONE,-3.1611332901713656
phase6v2-r04-output-load-control-a01,D4-FULL,6,OUTPUT,-3.6333513383082625
phase6v2-r04-output-load-control-a01,D4-FULL,7,DOWNSTREAM,-3.8464961768343087
phase6v2-r04-output-load-control-a01,D4-FULL,8,OUTPUT+DOWNSTREAM,-4.318714224971206
phase6v2-r04-output-load-control-a01,D4-FULL,9,INPUT,-5.038801286505428
phase6v2-r04-output-load-control-a01,D4-FULL,10,INPUT+OUTPUT,-5.511019334642325
phase6v2-r04-output-load-control-a01,D4-FULL,11,INPUT+DOWNSTREAM,-5.72416417316837
phase6v2-r04-output-downstream-control-a01,D4-FULL,1,DOWNSTREAM,2.5244255612315913
phase6v2-r04-output-downstream-control-a01,D4-FULL,2,INPUT+DOWNSTREAM,2.3978219109620964
phase6v2-r04-output-downstream-control-a01,D4-FULL,3,OUTPUT+DOWNSTREAM,1.611629633206341
phase6v2-r04-output-downstream-control-a01,D4-FULL,4,LOAD+DOWNSTREAM,0.7451536753184631
phase6v2-r04-output-downstream-control-a01,D4-FULL,5,NONE,-2.5244255612315913
phase6v2-r04-output-downstream-control-a01,D4-FULL,6,INPUT,-2.6510292115010863
phase6v2-r04-output-downstream-control-a01,D4-FULL,7,OUTPUT,-3.437221489256842
phase6v2-r04-output-downstream-control-a01,D4-FULL,8,INPUT+OUTPUT,-3.5638251395263367
phase6v2-r04-output-downstream-control-a01,D4-FULL,9,LOAD,-4.303697447144719
phase6v2-r04-output-downstream-control-a01,D4-FULL,10,INPUT+LOAD,-4.4303010974142145
phase6v2-r04-output-downstream-control-a01,D4-FULL,11,OUTPUT+LOAD,-5.21649337516997
phase6v2-r04-baseline-a01,D4-FULL,1,INPUT,0.02216726483793452
phase6v2-r04-baseline-a01,D4-FULL,2,NONE,-0.02216726483793452
phase6v2-r04-baseline-a01,D4-FULL,3,INPUT+DOWNSTREAM,-0.12419424983093458
phase6v2-r04-baseline-a01,D4-FULL,4,DOWNSTREAM,-0.16852877950680362
phase6v2-r04-baseline-a01,D4-FULL,5,INPUT+LOAD,-0.27922136291703226
phase6v2-r04-baseline-a01,D4-FULL,6,LOAD,-0.3235558925929013
phase6v2-r04-baseline-a01,D4-FULL,7,LOAD+DOWNSTREAM,-0.4699174072617704
phase6v2-r04-baseline-a01,D4-FULL,8,INPUT+OUTPUT,-1.0799163007875199
phase6v2-r04-baseline-a01,D4-FULL,9,OUTPUT,-1.124250830463389
phase6v2-r04-baseline-a01,D4-FULL,10,OUTPUT+DOWNSTREAM,-1.270612345132258
phase6v2-r04-baseline-a01,D4-FULL,11,OUTPUT+LOAD,-1.4256394582183558
phase6v2-r04-input-medium-a01,D4-FULL,1,NONE,0
phase6v2-r04-input-medium-a01,D4-FULL,2,INPUT,-0.07430802871527697
phase6v2-r04-input-medium-a01,D4-FULL,3,LOAD,-0.1150293635851517
phase6v2-r04-input-medium-a01,D4-FULL,4,INPUT+LOAD,-0.18933739230042868
phase6v2-r04-input-medium-a01,D4-FULL,5,DOWNSTREAM,-0.21498037970978556
phase6v2-r04-input-medium-a01,D4-FULL,6,INPUT+DOWNSTREAM,-0.28928840842506254
phase6v2-r04-input-medium-a01,D4-FULL,7,LOAD+DOWNSTREAM,-0.33000974329493726
phase6v2-r04-input-medium-a01,D4-FULL,8,OUTPUT,-1.2542304994524764
phase6v2-r04-input-medium-a01,D4-FULL,9,INPUT+OUTPUT,-1.3285385281677535
phase6v2-r04-input-medium-a01,D4-FULL,10,OUTPUT+LOAD,-1.369259863037628
phase6v2-r04-input-medium-a01,D4-FULL,11,OUTPUT+DOWNSTREAM,-1.469210879162262
phase6v2-r04-input-downstream-a01,D4-FULL,1,DOWNSTREAM,0.5513383377423224
phase6v2-r04-input-downstream-a01,D4-FULL,2,LOAD+DOWNSTREAM,0.5222031344735354
phase6v2-r04-input-downstream-a01,D4-FULL,3,INPUT+DOWNSTREAM,0.335245581789806
phase6v2-r04-input-downstream-a01,D4-FULL,4,OUTPUT+DOWNSTREAM,-0.5324569838424071
phase6v2-r04-input-downstream-a01,D4-FULL,5,NONE,-0.5513383377423224
phase6v2-r04-input-downstream-a01,D4-FULL,6,LOAD,-0.5804735410111095
phase6v2-r04-input-downstream-a01,D4-FULL,7,INPUT,-0.7674310936948389
phase6v2-r04-input-downstream-a01,D4-FULL,8,INPUT+LOAD,-0.796566296963626
phase6v2-r04-input-downstream-a01,D4-FULL,9,OUTPUT,-1.635133659327052
phase6v2-r04-input-downstream-a01,D4-FULL,10,OUTPUT+LOAD,-1.664268862595839
phase6v2-r04-input-downstream-a01,D4-FULL,11,INPUT+OUTPUT,-1.8512264152795685
phase6v2-r04-output-downstream-a01,D4-FULL,1,OUTPUT+DOWNSTREAM,1.6104366416556892
phase6v2-r04-output-downstream-a01,D4-FULL,2,OUTPUT,0.19054625842792672
phase6v2-r04-output-downstream-a01,D4-FULL,3,DOWNSTREAM,-0.19054625842792672
phase6v2-r04-output-downstream-a01,D4-FULL,4,INPUT+OUTPUT,-0.2775777647977983
phase6v2-r04-output-downstream-a01,D4-FULL,5,INPUT+DOWNSTREAM,-0.6586702816536517
phase6v2-r04-output-downstream-a01,D4-FULL,6,OUTPUT+LOAD,-1.164127139393975
phase6v2-r04-output-downstream-a01,D4-FULL,7,LOAD+DOWNSTREAM,-1.5452196562498284
phase6v2-r04-output-downstream-a01,D4-FULL,8,NONE,-1.6104366416556892
phase6v2-r04-output-downstream-a01,D4-FULL,9,INPUT,-2.0785606648814143
phase6v2-r04-output-downstream-a01,D4-FULL,10,LOAD,-2.965110039477591
phase6v2-r04-output-downstream-a01,D4-FULL,11,INPUT+LOAD,-3.433234062703316
phase6v2-r04-load-medium-a01,D4-FULL,1,LOAD,3.3228475072726273
phase6v2-r04-load-medium-a01,D4-FULL,2,OUTPUT+LOAD,3.3049853883451434
phase6v2-r04-load-medium-a01,D4-FULL,3,LOAD+DOWNSTREAM,2.2648206877910506
phase6v2-r04-load-medium-a01,D4-FULL,4,INPUT+LOAD,-1.4485181452273097
phase6v2-r04-load-medium-a01,D4-FULL,5,NONE,-3.3228475072726273
phase6v2-r04-load-medium-a01,D4-FULL,6,OUTPUT,-3.3407096262001112
phase6v2-r04-load-medium-a01,D4-FULL,7,DOWNSTREAM,-4.3808743267542045
phase6v2-r04-load-medium-a01,D4-FULL,8,OUTPUT+DOWNSTREAM,-4.3987364456816875
phase6v2-r04-load-medium-a01,D4-FULL,9,INPUT,-8.094213159772565
phase6v2-r04-load-medium-a01,D4-FULL,10,INPUT+OUTPUT,-8.112075278700049
phase6v2-r04-load-medium-a01,D4-FULL,11,INPUT+DOWNSTREAM,-9.15223997925414
phase6v2-r04-load-downstream-a01,D4-FULL,1,LOAD+DOWNSTREAM,3.98454773440491
phase6v2-r04-load-downstream-a01,D4-FULL,2,LOAD,2.474664629976663
phase6v2-r04-load-downstream-a01,D4-FULL,3,OUTPUT+LOAD,2.4267897834021817
phase6v2-r04-load-downstream-a01,D4-FULL,4,INPUT+LOAD,-2.305953750140015
phase6v2-r04-load-downstream-a01,D4-FULL,5,DOWNSTREAM,-2.474664629976663
phase6v2-r04-load-downstream-a01,D4-FULL,6,OUTPUT+DOWNSTREAM,-2.5225394765511444
phase6v2-r04-load-downstream-a01,D4-FULL,7,NONE,-3.98454773440491
phase6v2-r04-load-downstream-a01,D4-FULL,8,OUTPUT,-4.032422580979391
phase6v2-r04-load-downstream-a01,D4-FULL,9,INPUT+DOWNSTREAM,-7.255283010093341
phase6v2-r04-load-downstream-a01,D4-FULL,10,INPUT,-8.765166114521588
phase6v2-r04-load-downstream-a01,D4-FULL,11,INPUT+OUTPUT,-8.81304096109607
phase6v2-r04-output-medium-a01,D4-FULL,1,OUTPUT,0.8699988779157137
phase6v2-r04-output-medium-a01,D4-FULL,2,INPUT+OUTPUT,0.46203459466819485
phase6v2-r04-output-medium-a01,D4-FULL,3,OUTPUT+DOWNSTREAM,0.32565252963866176
phase6v2-r04-output-medium-a01,D4-FULL,4,OUTPUT+LOAD,-0.6993128917127076
phase6v2-r04-output-medium-a01,D4-FULL,5,NONE,-0.8699988779157137
phase6v2-r04-output-medium-a01,D4-FULL,6,INPUT,-1.2779631611632327
phase6v2-r04-output-medium-a01,D4-FULL,7,DOWNSTREAM,-1.4143452261927658
phase6v2-r04-output-medium-a01,D4-FULL,8,INPUT+DOWNSTREAM,-1.8223095094402846
phase6v2-r04-output-medium-a01,D4-FULL,9,LOAD,-2.439310647544135
phase6v2-r04-output-medium-a01,D4-FULL,10,INPUT+LOAD,-2.847274930791654
phase6v2-r04-output-medium-a01,D4-FULL,11,LOAD+DOWNSTREAM,-2.983656995821187
phase6v2-r04-input-load-a01,D4-FULL,1,LOAD,2.6392272275822983
phase6v2-r04-input-load-a01,D4-FULL,2,OUTPUT+LOAD,2.575346431124907
phase6v2-r04-input-load-a01,D4-FULL,3,LOAD+DOWNSTREAM,0.567810850272537
phase6v2-r04-input-load-a01,D4-FULL,4,NONE,-2.6392272275822983
phase6v2-r04-input-load-a01,D4-FULL,5,OUTPUT,-2.7031080240396896
phase6v2-r04-input-load-a01,D4-FULL,6,DOWNSTREAM,-4.710643604892059
phase6v2-r04-input-load-a01,D4-FULL,7,OUTPUT+DOWNSTREAM,-4.774524401349451
phase6v2-r04-input-load-a01,D4-FULL,8,INPUT+LOAD,-5.294271715296086
phase6v2-r04-input-load-a01,D4-FULL,9,INPUT,-10.572726170460683
phase6v2-r04-input-load-a01,D4-FULL,10,INPUT+OUTPUT,-10.636606966918075
phase6v2-r04-input-load-a01,D4-FULL,11,INPUT+DOWNSTREAM,-12.644142547770445
phase6v2-r04-output-load-a01,D4-FULL,1,OUTPUT+LOAD,2.783818575657685
phase6v2-r04-output-load-a01,D4-FULL,2,LOAD,2.166299002141205
phase6v2-r04-output-load-a01,D4-FULL,3,LOAD+DOWNSTREAM,-0.17814054929926004
phase6v2-r04-output-load-a01,D4-FULL,4,OUTPUT,-2.166299002141205
phase6v2-r04-output-load-a01,D4-FULL,5,NONE,-2.783818575657685
phase6v2-r04-output-load-a01,D4-FULL,6,OUTPUT+DOWNSTREAM,-4.51073855358167
phase6v2-r04-output-load-a01,D4-FULL,7,DOWNSTREAM,-5.12825812709815
phase6v2-r04-output-load-a01,D4-FULL,8,INPUT+LOAD,-6.644458379890903
phase6v2-r04-output-load-a01,D4-FULL,9,INPUT+OUTPUT,-10.977056384173313
phase6v2-r04-output-load-a01,D4-FULL,10,INPUT,-11.594575957689793
phase6v2-r04-output-load-a01,D4-FULL,11,INPUT+DOWNSTREAM,-13.93901550913026
phase6v2-r04-downstream-medium-a01,D4-FULL,1,DOWNSTREAM,1.1159581940970498
phase6v2-r04-downstream-medium-a01,D4-FULL,2,INPUT+DOWNSTREAM,1.0420327231197393
phase6v2-r04-downstream-medium-a01,D4-FULL,3,LOAD+DOWNSTREAM,1.0379699721864428
phase6v2-r04-downstream-medium-a01,D4-FULL,4,OUTPUT+DOWNSTREAM,0.2648052229062383
phase6v2-r04-downstream-medium-a01,D4-FULL,5,NONE,-1.1159581940970498
phase6v2-r04-downstream-medium-a01,D4-FULL,6,INPUT,-1.1898836650743603
phase6v2-r04-downstream-medium-a01,D4-FULL,7,LOAD,-1.1939464160076567
phase6v2-r04-downstream-medium-a01,D4-FULL,8,INPUT+LOAD,-1.2678718869849672
phase6v2-r04-downstream-medium-a01,D4-FULL,9,OUTPUT,-1.9671111652878612
phase6v2-r04-downstream-medium-a01,D4-FULL,10,INPUT+OUTPUT,-2.0410366362651717
phase6v2-r04-downstream-medium-a01,D4-FULL,11,OUTPUT+LOAD,-2.0450993871984684
phase6v2-r04-output-control-a01,D4-FULL,1,NONE,0
phase6v2-r04-output-control-a01,D4-FULL,2,INPUT,-0.2214414739029134
phase6v2-r04-output-control-a01,D4-FULL,3,OUTPUT,-0.42874953305042707
phase6v2-r04-output-control-a01,D4-FULL,4,INPUT+OUTPUT,-0.6501910069533405
phase6v2-r04-output-control-a01,D4-FULL,5,DOWNSTREAM,-0.9242695135138967
phase6v2-r04-output-control-a01,D4-FULL,6,INPUT+DOWNSTREAM,-1.14571098741681
phase6v2-r04-output-control-a01,D4-FULL,7,OUTPUT+DOWNSTREAM,-1.3530190465643237
phase6v2-r04-output-control-a01,D4-FULL,8,LOAD,-1.818687959592277
phase6v2-r04-output-control-a01,D4-FULL,9,INPUT+LOAD,-2.0401294334951903
phase6v2-r04-output-control-a01,D4-FULL,10,OUTPUT+LOAD,-2.247437492642704
phase6v2-r04-output-control-a01,D4-FULL,11,LOAD+DOWNSTREAM,-2.7429574731061734
phase6v2-r04-output-load-control-a01,D4-FULL,1,LOAD,3.1611332901713656
phase6v2-r04-output-load-control-a01,D4-FULL,2,OUTPUT+LOAD,2.7212332041239495
phase6v2-r04-output-load-control-a01,D4-FULL,3,LOAD+DOWNSTREAM,2.4757704035084225
phase6v2-r04-output-load-control-a01,D4-FULL,4,INPUT+LOAD,1.2139177427290972
phase6v2-r04-output-load-control-a01,D4-FULL,5,NONE,-3.1611332901713656
phase6v2-r04-output-load-control-a01,D4-FULL,6,OUTPUT,-3.6010333762187816
phase6v2-r04-output-load-control-a01,D4-FULL,7,DOWNSTREAM,-3.8464961768343087
phase6v2-r04-output-load-control-a01,D4-FULL,8,OUTPUT+DOWNSTREAM,-4.286396262881725
phase6v2-r04-output-load-control-a01,D4-FULL,9,INPUT,-5.108348837613634
phase6v2-r04-output-load-control-a01,D4-FULL,10,INPUT+OUTPUT,-5.54824892366105
phase6v2-r04-output-load-control-a01,D4-FULL,11,INPUT+DOWNSTREAM,-5.7937117242765765
phase6v2-r04-output-downstream-control-a01,D4-FULL,1,DOWNSTREAM,2.5244255612315913
phase6v2-r04-output-downstream-control-a01,D4-FULL,2,INPUT+DOWNSTREAM,2.1093472432989566
phase6v2-r04-output-downstream-control-a01,D4-FULL,3,OUTPUT+DOWNSTREAM,1.8036078434522413
phase6v2-r04-output-downstream-control-a01,D4-FULL,4,LOAD+DOWNSTREAM,0.7451536753184631
phase6v2-r04-output-downstream-control-a01,D4-FULL,5,NONE,-2.5244255612315913
phase6v2-r04-output-downstream-control-a01,D4-FULL,6,INPUT,-2.939503879164226
phase6v2-r04-output-downstream-control-a01,D4-FULL,7,OUTPUT,-3.2452432790109413
phase6v2-r04-output-downstream-control-a01,D4-FULL,8,INPUT+OUTPUT,-3.660321596943576
phase6v2-r04-output-downstream-control-a01,D4-FULL,9,LOAD,-4.303697447144719
phase6v2-r04-output-downstream-control-a01,D4-FULL,10,INPUT+LOAD,-4.718775765077355
phase6v2-r04-output-downstream-control-a01,D4-FULL,11,OUTPUT+LOAD,-5.02451516492407
phase6v2-r04-baseline-a01,D4-FULL,1,INPUT,0.024142568696738587
phase6v2-r04-baseline-a01,D4-FULL,2,NONE,-0.024142568696738587
phase6v2-r04-baseline-a01,D4-FULL,3,INPUT+DOWNSTREAM,-0.12221894597213051
phase6v2-r04-baseline-a01,D4-FULL,4,DOWNSTREAM,-0.17050408336560768
phase6v2-r04-baseline-a01,D4-FULL,5,INPUT+LOAD,-0.2772460590582282
phase6v2-r04-baseline-a01,D4-FULL,6,LOAD,-0.32553119645170536
phase6v2-r04-baseline-a01,D4-FULL,7,LOAD+DOWNSTREAM,-0.47189271112057446
phase6v2-r04-baseline-a01,D4-FULL,8,INPUT+OUTPUT,-0.7737907635354415
phase6v2-r04-baseline-a01,D4-FULL,9,OUTPUT,-0.8220759009289187
phase6v2-r04-baseline-a01,D4-FULL,10,OUTPUT+DOWNSTREAM,-0.9684374155977878
phase6v2-r04-baseline-a01,D4-FULL,11,OUTPUT+LOAD,-1.1234645286838854
phase6v2-r04-input-medium-a01,D4-FULL,1,INPUT,0.19748839143527186
phase6v2-r04-input-medium-a01,D4-FULL,2,INPUT+LOAD,0.08245902785012016
phase6v2-r04-input-medium-a01,D4-FULL,3,INPUT+DOWNSTREAM,-0.017491988274513703
phase6v2-r04-input-medium-a01,D4-FULL,4,NONE,-0.19748839143527186
phase6v2-r04-input-medium-a01,D4-FULL,5,LOAD,-0.31251775502042356
phase6v2-r04-input-medium-a01,D4-FULL,6,DOWNSTREAM,-0.4124687711450574
phase6v2-r04-input-medium-a01,D4-FULL,7,LOAD+DOWNSTREAM,-0.5274981347302091
phase6v2-r04-input-medium-a01,D4-FULL,8,INPUT+OUTPUT,-0.7726202581776236
phase6v2-r04-input-medium-a01,D4-FULL,9,OUTPUT,-1.1675970410481673
phase6v2-r04-input-medium-a01,D4-FULL,10,OUTPUT+LOAD,-1.2826264046333191
phase6v2-r04-input-medium-a01,D4-FULL,11,OUTPUT+DOWNSTREAM,-1.3825774207579529
phase6v2-r04-input-downstream-a01,D4-FULL,1,INPUT+DOWNSTREAM,0.6207803161725388
phase6v2-r04-input-downstream-a01,D4-FULL,2,DOWNSTREAM,0.48189635931210606
phase6v2-r04-input-downstream-a01,D4-FULL,3,LOAD+DOWNSTREAM,0.452761156043319
phase6v2-r04-input-downstream-a01,D4-FULL,4,OUTPUT+DOWNSTREAM,-0.31650727493659714
phase6v2-r04-input-downstream-a01,D4-FULL,5,INPUT,-0.48189635931210606
phase6v2-r04-input-downstream-a01,D4-FULL,6,INPUT+LOAD,-0.5110315625808932
phase6v2-r04-input-downstream-a01,D4-FULL,7,NONE,-0.6207803161725388
phase6v2-r04-input-downstream-a01,D4-FULL,8,LOAD,-0.649915519441326
phase6v2-r04-input-downstream-a01,D4-FULL,9,INPUT+OUTPUT,-1.2802999935608093
phase6v2-r04-input-downstream-a01,D4-FULL,10,OUTPUT,-1.419183950421242
phase6v2-r04-input-downstream-a01,D4-FULL,11,OUTPUT+LOAD,-1.4483191536900293
phase6v2-r04-output-downstream-a01,D4-FULL,1,OUTPUT+DOWNSTREAM,1.8481392343693577
phase6v2-r04-output-downstream-a01,D4-FULL,2,OUTPUT,0.42824885114159517
phase6v2-r04-output-downstream-a01,D4-FULL,3,INPUT+OUTPUT,-0.32944668390043796
phase6v2-r04-output-downstream-a01,D4-FULL,4,DOWNSTREAM,-0.42824885114159517
phase6v2-r04-output-downstream-a01,D4-FULL,5,OUTPUT+LOAD,-0.9264245466803065
phase6v2-r04-output-downstream-a01,D4-FULL,6,INPUT+DOWNSTREAM,-1.1859443861836283
phase6v2-r04-output-downstream-a01,D4-FULL,7,LOAD+DOWNSTREAM,-1.7829222489634968
phase6v2-r04-output-downstream-a01,D4-FULL,8,NONE,-1.8481392343693577
phase6v2-r04-output-downstream-a01,D4-FULL,9,INPUT,-2.605834769411391
phase6v2-r04-output-downstream-a01,D4-FULL,10,LOAD,-3.202812632191259
phase6v2-r04-output-downstream-a01,D4-FULL,11,INPUT+LOAD,-3.960508167233292
phase6v2-r04-load-medium-a01,D4-FULL,1,LOAD,3.3228475072726273
phase6v2-r04-load-medium-a01,D4-FULL,2,OUTPUT+LOAD,3.2694162360793113
phase6v2-r04-load-medium-a01,D4-FULL,3,LOAD+DOWNSTREAM,2.2648206877910506
phase6v2-r04-load-medium-a01,D4-FULL,4,INPUT+LOAD,-0.8020925660154732
phase6v2-r04-load-medium-a01,D4-FULL,5,NONE,-3.3228475072726273
phase6v2-r04-load-medium-a01,D4-FULL,6,OUTPUT,-3.3762787784659434
phase6v2-r04-load-medium-a01,D4-FULL,7,DOWNSTREAM,-4.3808743267542045
phase6v2-r04-load-medium-a01,D4-FULL,8,OUTPUT+DOWNSTREAM,-4.43430559794752
phase6v2-r04-load-medium-a01,D4-FULL,9,INPUT,-7.447787580560728
phase6v2-r04-load-medium-a01,D4-FULL,10,INPUT+OUTPUT,-7.501218851754043
phase6v2-r04-load-medium-a01,D4-FULL,11,INPUT+DOWNSTREAM,-8.505814400042304
phase6v2-r04-load-downstream-a01,D4-FULL,1,LOAD+DOWNSTREAM,3.98454773440491
phase6v2-r04-load-downstream-a01,D4-FULL,2,LOAD,2.474664629976663
phase6v2-r04-load-downstream-a01,D4-FULL,3,OUTPUT+LOAD,2.3995210024299647
phase6v2-r04-load-downstream-a01,D4-FULL,4,INPUT+LOAD,-1.6412415481217164
phase6v2-r04-load-downstream-a01,D4-FULL,5,DOWNSTREAM,-2.474664629976663
phase6v2-r04-load-downstream-a01,D4-FULL,6,OUTPUT+DOWNSTREAM,-2.5498082575233614
phase6v2-r04-load-downstream-a01,D4-FULL,7,NONE,-3.98454773440491
phase6v2-r04-load-downstream-a01,D4-FULL,8,OUTPUT,-4.059691361951608
phase6v2-r04-load-downstream-a01,D4-FULL,9,INPUT+DOWNSTREAM,-6.590570808075043
phase6v2-r04-load-downstream-a01,D4-FULL,10,INPUT,-8.100453912503289
phase6v2-r04-load-downstream-a01,D4-FULL,11,INPUT+OUTPUT,-8.175597540049987
phase6v2-r04-output-medium-a01,D4-FULL,1,OUTPUT,1.1054147449072467
phase6v2-r04-output-medium-a01,D4-FULL,2,OUTPUT+DOWNSTREAM,0.5610683966301947
phase6v2-r04-output-medium-a01,D4-FULL,3,INPUT+OUTPUT,0.39516521600875
phase6v2-r04-output-medium-a01,D4-FULL,4,OUTPUT+LOAD,-0.46389702472117467
phase6v2-r04-output-medium-a01,D4-FULL,5,NONE,-1.1054147449072467
phase6v2-r04-output-medium-a01,D4-FULL,6,DOWNSTREAM,-1.6497610931842988
phase6v2-r04-output-medium-a01,D4-FULL,7,INPUT,-1.8156642738057434
phase6v2-r04-output-medium-a01,D4-FULL,8,INPUT+DOWNSTREAM,-2.3600106220827954
phase6v2-r04-output-medium-a01,D4-FULL,9,LOAD,-2.674726514535668
phase6v2-r04-output-medium-a01,D4-FULL,10,LOAD+DOWNSTREAM,-3.21907286281272
phase6v2-r04-output-medium-a01,D4-FULL,11,INPUT+LOAD,-3.3849760434341647
phase6v2-r05-output-downstream-a01,D4-S,1,LOAD,0.9551290111061559
phase6v2-r05-output-downstream-a01,D4-S,2,OUTPUT+LOAD,0.8362536314170053
phase6v2-r05-output-downstream-a01,D4-S,3,INPUT+LOAD,0.062516216142384
phase6v2-r05-output-downstream-a01,D4-S,4,LOAD+DOWNSTREAM,-0.27283799444250745
phase6v2-r05-output-downstream-a01,D4-S,5,NONE,-0.9551290111061559
phase6v2-r05-output-downstream-a01,D4-S,6,OUTPUT,-1.0740043907953065
phase6v2-r05-output-downstream-a01,D4-S,7,INPUT,-1.8477418060699278
phase6v2-r05-output-downstream-a01,D4-S,8,INPUT+OUTPUT,-1.9666171857590784
phase6v2-r05-output-downstream-a01,D4-S,9,DOWNSTREAM,-2.1830960166548192
phase6v2-r05-output-downstream-a01,D4-S,10,OUTPUT+DOWNSTREAM,-2.30197139634397
phase6v2-r05-output-downstream-a01,D4-S,11,INPUT+DOWNSTREAM,-3.075708811618591
phase6v2-r05-input-downstream-a01,D4-S,1,NONE,0
phase6v2-r05-input-downstream-a01,D4-S,2,LOAD,-0.0016652245578917535
phase6v2-r05-input-downstream-a01,D4-S,3,OUTPUT,-0.12709233478200216
phase6v2-r05-input-downstream-a01,D4-S,4,OUTPUT+LOAD,-0.1287575593398939
phase6v2-r05-input-downstream-a01,D4-S,5,INPUT,-0.2577424236021936
phase6v2-r05-input-downstream-a01,D4-S,6,INPUT+LOAD,-0.2594076481600854
phase6v2-r05-input-downstream-a01,D4-S,7,DOWNSTREAM,-0.2782454544930077
phase6v2-r05-input-downstream-a01,D4-S,8,LOAD+DOWNSTREAM,-0.27991067905089945
phase6v2-r05-input-downstream-a01,D4-S,9,INPUT+OUTPUT,-0.3848347583841958
phase6v2-r05-input-downstream-a01,D4-S,10,OUTPUT+DOWNSTREAM,-0.40533778927500985
phase6v2-r05-input-downstream-a01,D4-S,11,INPUT+DOWNSTREAM,-0.5359878780952013
phase6v2-r05-load-downstream-a01,D4-S,1,LOAD,2.4023143206462443
phase6v2-r05-load-downstream-a01,D4-S,2,OUTPUT+LOAD,2.0619266214535643
phase6v2-r05-load-downstream-a01,D4-S,3,INPUT+LOAD,0.5445772226778431
phase6v2-r05-load-downstream-a01,D4-S,4,LOAD+DOWNSTREAM,0.43396128735214634
phase6v2-r05-load-downstream-a01,D4-S,5,NONE,-2.4023143206462443
phase6v2-r05-load-downstream-a01,D4-S,6,OUTPUT,-2.7427020198389243
phase6v2-r05-load-downstream-a01,D4-S,7,INPUT,-4.260051418614646
phase6v2-r05-load-downstream-a01,D4-S,8,DOWNSTREAM,-4.370667353940342
phase6v2-r05-load-downstream-a01,D4-S,9,INPUT+OUTPUT,-4.600439117807325
phase6v2-r05-load-downstream-a01,D4-S,10,OUTPUT+DOWNSTREAM,-4.711055053133022
phase6v2-r05-load-downstream-a01,D4-S,11,INPUT+DOWNSTREAM,-6.228404451908744
phase6v2-r05-output-downstream-control-a01,D4-S,1,NONE,0
phase6v2-r05-output-downstream-control-a01,D4-S,2,OUTPUT,-0.08743008397312516
phase6v2-r05-output-downstream-control-a01,D4-S,3,INPUT,-0.21957956808955514
phase6v2-r05-output-downstream-control-a01,D4-S,4,DOWNSTREAM,-0.2638393226644671
phase6v2-r05-output-downstream-control-a01,D4-S,5,INPUT+OUTPUT,-0.30700965206268027
phase6v2-r05-output-downstream-control-a01,D4-S,6,OUTPUT+DOWNSTREAM,-0.3512694066375922
phase6v2-r05-output-downstream-control-a01,D4-S,7,LOAD,-0.3659654601512975
phase6v2-r05-output-downstream-control-a01,D4-S,8,OUTPUT+LOAD,-0.4533955441244226
phase6v2-r05-output-downstream-control-a01,D4-S,9,INPUT+DOWNSTREAM,-0.4834188907540222
phase6v2-r05-output-downstream-control-a01,D4-S,10,INPUT+LOAD,-0.5855450282408526
phase6v2-r05-output-downstream-control-a01,D4-S,11,LOAD+DOWNSTREAM,-0.6298047828157646
phase6v2-r05-output-load-control-a01,D4-S,1,LOAD,1.706327005151173
phase6v2-r05-output-load-control-a01,D4-S,2,OUTPUT+LOAD,1.0512046166580862
phase6v2-r05-output-load-control-a01,D4-S,3,INPUT+LOAD,0.8960942835767687
phase6v2-r05-output-load-control-a01,D4-S,4,LOAD+DOWNSTREAM,0.5887283415710349
phase6v2-r05-output-load-control-a01,D4-S,5,NONE,-1.706327005151173
phase6v2-r05-output-load-control-a01,D4-S,6,OUTPUT,-2.3614493936442598
phase6v2-r05-output-load-control-a01,D4-S,7,INPUT,-2.5165597267255775
phase6v2-r05-output-load-control-a01,D4-S,8,DOWNSTREAM,-2.8239256687313112
phase6v2-r05-output-load-control-a01,D4-S,9,INPUT+OUTPUT,-3.171682115218664
phase6v2-r05-output-load-control-a01,D4-S,10,OUTPUT+DOWNSTREAM,-3.479048057224398
phase6v2-r05-output-load-control-a01,D4-S,11,INPUT+DOWNSTREAM,-3.634158390305715
phase6v2-r05-input-medium-a01,D4-S,1,INPUT,0.0880414307703985
phase6v2-r05-input-medium-a01,D4-S,2,NONE,-0.0880414307703985
phase6v2-r05-input-medium-a01,D4-S,3,INPUT+DOWNSTREAM,-0.17090410924710392
phase6v2-r05-input-medium-a01,D4-S,4,INPUT+OUTPUT,-0.3326106978526927
phase6v2-r05-input-medium-a01,D4-S,5,DOWNSTREAM,-0.3469869707879009
phase6v2-r05-input-medium-a01,D4-S,6,INPUT+LOAD,-0.3883477000935371
phase6v2-r05-input-medium-a01,D4-S,7,OUTPUT,-0.5086935593934897
phase6v2-r05-input-medium-a01,D4-S,8,LOAD,-0.5644305616343341
phase6v2-r05-input-medium-a01,D4-S,9,OUTPUT+DOWNSTREAM,-0.7676390994109921
phase6v2-r05-input-medium-a01,D4-S,10,LOAD+DOWNSTREAM,-0.8233761016518365
phase6v2-r05-input-medium-a01,D4-S,11,OUTPUT+LOAD,-0.9850826902574252
phase6v2-r05-output-control-a01,D4-S,1,NONE,0
phase6v2-r05-output-control-a01,D4-S,2,INPUT,-0.04682729007921027
phase6v2-r05-output-control-a01,D4-S,3,DOWNSTREAM,-0.13062580755345043
phase6v2-r05-output-control-a01,D4-S,4,OUTPUT,-0.1626549772637002
phase6v2-r05-output-control-a01,D4-S,5,INPUT+DOWNSTREAM,-0.1774530976326607
phase6v2-r05-output-control-a01,D4-S,6,INPUT+OUTPUT,-0.20948226734291048
phase6v2-r05-output-control-a01,D4-S,7,OUTPUT+DOWNSTREAM,-0.29328078481715064
phase6v2-r05-output-control-a01,D4-S,8,LOAD,-1.0902677990254381
phase6v2-r05-output-control-a01,D4-S,9,INPUT+LOAD,-1.1370950891046485
phase6v2-r05-output-control-a01,D4-S,10,LOAD+DOWNSTREAM,-1.2208936065788887
phase6v2-r05-output-control-a01,D4-S,11,OUTPUT+LOAD,-1.2529227762891384
phase6v2-r05-baseline-a01,D4-S,1,NONE,0
phase6v2-r05-baseline-a01,D4-S,2,DOWNSTREAM,-0.0035181277005361666
phase6v2-r05-baseline-a01,D4-S,3,INPUT,-0.05703029527421721
phase6v2-r05-baseline-a01,D4-S,4,INPUT+DOWNSTREAM,-0.06054842297475338
phase6v2-r05-baseline-a01,D4-S,5,OUTPUT,-0.13537916415933796
phase6v2-r05-baseline-a01,D4-S,6,OUTPUT+DOWNSTREAM,-0.13889729185987412
phase6v2-r05-baseline-a01,D4-S,7,INPUT+OUTPUT,-0.19240945943355517
phase6v2-r05-baseline-a01,D4-S,8,LOAD,-1.2011503504842227
phase6v2-r05-baseline-a01,D4-S,9,LOAD+DOWNSTREAM,-1.2046684781847588
phase6v2-r05-baseline-a01,D4-S,10,INPUT+LOAD,-1.25818064575844
phase6v2-r05-baseline-a01,D4-S,11,OUTPUT+LOAD,-1.3365295146435607
phase6v2-r05-input-load-a01,D4-S,1,LOAD,2.3610848591821263
phase6v2-r05-input-load-a01,D4-S,2,OUTPUT+LOAD,2.1627510901004285
phase6v2-r05-input-load-a01,D4-S,3,INPUT+LOAD,-0.6815683873365286
phase6v2-r05-input-load-a01,D4-S,4,LOAD+DOWNSTREAM,-1.0876499143716414
phase6v2-r05-input-load-a01,D4-S,5,NONE,-2.3610848591821263
phase6v2-r05-input-load-a01,D4-S,6,OUTPUT,-2.559418628263824
phase6v2-r05-input-load-a01,D4-S,7,INPUT,-5.403738105700781
phase6v2-r05-input-load-a01,D4-S,8,INPUT+OUTPUT,-5.602071874782479
phase6v2-r05-input-load-a01,D4-S,9,DOWNSTREAM,-5.809819632735894
phase6v2-r05-input-load-a01,D4-S,10,OUTPUT+DOWNSTREAM,-6.008153401817592
phase6v2-r05-input-load-a01,D4-S,11,INPUT+DOWNSTREAM,-8.852472879254549
phase6v2-r05-downstream-medium-a01,D4-S,1,NONE,0
phase6v2-r05-downstream-medium-a01,D4-S,2,OUTPUT,-0.10912757151085248
phase6v2-r05-downstream-medium-a01,D4-S,3,DOWNSTREAM,-0.18712788579861184
phase6v2-r05-downstream-medium-a01,D4-S,4,INPUT,-0.2126581640361982
phase6v2-r05-downstream-medium-a01,D4-S,5,OUTPUT+DOWNSTREAM,-0.29625545730946434
phase6v2-r05-downstream-medium-a01,D4-S,6,INPUT+OUTPUT,-0.3217857355470507
phase6v2-r05-downstream-medium-a01,D4-S,7,INPUT+DOWNSTREAM,-0.39978604983481003
phase6v2-r05-downstream-medium-a01,D4-S,8,LOAD,-0.4030938393779852
phase6v2-r05-downstream-medium-a01,D4-S,9,OUTPUT+LOAD,-0.5122214108888377
phase6v2-r05-downstream-medium-a01,D4-S,10,LOAD+DOWNSTREAM,-0.5902217251765971
phase6v2-r05-downstream-medium-a01,D4-S,11,INPUT+LOAD,-0.6157520034141835
phase6v2-r05-load-medium-a01,D4-S,1,LOAD,2.445561142270088
phase6v2-r05-load-medium-a01,D4-S,2,OUTPUT+LOAD,1.969402161322913
phase6v2-r05-load-medium-a01,D4-S,3,INPUT+LOAD,0.8681827705327707
phase6v2-r05-load-medium-a01,D4-S,4,LOAD+DOWNSTREAM,0.6509839902076267
phase6v2-r05-load-medium-a01,D4-S,5,NONE,-2.445561142270088
phase6v2-r05-load-medium-a01,D4-S,6,OUTPUT,-2.9217201232172627
phase6v2-r05-load-medium-a01,D4-S,7,INPUT,-4.022939514007405
phase6v2-r05-load-medium-a01,D4-S,8,DOWNSTREAM,-4.240138294332549
phase6v2-r05-load-medium-a01,D4-S,9,INPUT+OUTPUT,-4.4990984949545805
phase6v2-r05-load-medium-a01,D4-S,10,OUTPUT+DOWNSTREAM,-4.716297275279723
phase6v2-r05-load-medium-a01,D4-S,11,INPUT+DOWNSTREAM,-5.817516666069866
phase6v2-r05-output-medium-a01,D4-S,1,OUTPUT,0.31893333666891466
phase6v2-r05-output-medium-a01,D4-S,2,OUTPUT+LOAD,0.31736202763706867
phase6v2-r05-output-medium-a01,D4-S,3,NONE,-0.31893333666891466
phase6v2-r05-output-medium-a01,D4-S,4,LOAD,-0.32050464570076065
phase6v2-r05-output-medium-a01,D4-S,5,OUTPUT+DOWNSTREAM,-0.5899849879492632
phase6v2-r05-output-medium-a01,D4-S,6,INPUT+OUTPUT,-0.9228828075530788
phase6v2-r05-output-medium-a01,D4-S,7,DOWNSTREAM,-1.2278516612870924
phase6v2-r05-output-medium-a01,D4-S,8,LOAD+DOWNSTREAM,-1.2294229703189385
phase6v2-r05-output-medium-a01,D4-S,9,INPUT,-1.5607494808909081
phase6v2-r05-output-medium-a01,D4-S,10,INPUT+LOAD,-1.5623207899227542
phase6v2-r05-output-medium-a01,D4-S,11,INPUT+DOWNSTREAM,-2.4696678055090864
phase6v2-r05-output-load-a01,D4-S,1,LOAD,2.34518908127815
phase6v2-r05-output-load-a01,D4-S,2,OUTPUT+LOAD,2.1394297126130972
phase6v2-r05-output-load-a01,D4-S,3,INPUT+LOAD,-0.9746236978631861
phase6v2-r05-output-load-a01,D4-S,4,LOAD+DOWNSTREAM,-1.3757364136763144
phase6v2-r05-output-load-a01,D4-S,5,NONE,-2.34518908127815
phase6v2-r05-output-load-a01,D4-S,6,OUTPUT,-2.5509484499432027
phase6v2-r05-output-load-a01,D4-S,7,INPUT,-5.665001860419486
phase6v2-r05-output-load-a01,D4-S,8,INPUT+OUTPUT,-5.870761229084539
phase6v2-r05-output-load-a01,D4-S,9,DOWNSTREAM,-6.066114576232614
phase6v2-r05-output-load-a01,D4-S,10,OUTPUT+DOWNSTREAM,-6.271873944897667
phase6v2-r05-output-load-a01,D4-S,11,INPUT+DOWNSTREAM,-9.385927355373951
phase6v2-r05-output-downstream-a01,D4-SM,1,OUTPUT+DOWNSTREAM,2.4672559216251706
phase6v2-r05-output-downstream-a01,D4-SM,2,DOWNSTREAM,1.272908286116734
phase6v2-r05-output-downstream-a01,D4-SM,3,LOAD+DOWNSTREAM,0.9539137799683276
phase6v2-r05-output-downstream-a01,D4-SM,4,INPUT+DOWNSTREAM,0.7327146849791283
phase6v2-r05-output-downstream-a01,D4-SM,5,OUTPUT,-1.272908286116734
phase6v2-r05-output-downstream-a01,D4-SM,6,OUTPUT+LOAD,-1.5919027922651408
phase6v2-r05-output-downstream-a01,D4-SM,7,INPUT+OUTPUT,-1.8131018872543399
phase6v2-r05-output-downstream-a01,D4-SM,8,NONE,-2.4672559216251706
phase6v2-r05-output-downstream-a01,D4-SM,9,LOAD,-2.7862504277735773
phase6v2-r05-output-downstream-a01,D4-SM,10,INPUT,-3.0074495227627764
phase6v2-r05-output-downstream-a01,D4-SM,11,INPUT+LOAD,-3.3264440289111827
phase6v2-r05-input-downstream-a01,D4-SM,1,LOAD+DOWNSTREAM,2.526382277695034
phase6v2-r05-input-downstream-a01,D4-SM,2,DOWNSTREAM,2.163503481102526
phase6v2-r05-input-downstream-a01,D4-SM,3,INPUT+DOWNSTREAM,1.8460661485916257
phase6v2-r05-input-downstream-a01,D4-SM,4,OUTPUT+DOWNSTREAM,1.0828934624042668
phase6v2-r05-input-downstream-a01,D4-SM,5,LOAD,-2.163503481102526
phase6v2-r05-input-downstream-a01,D4-SM,6,INPUT+LOAD,-2.4809408136134268
phase6v2-r05-input-downstream-a01,D4-SM,7,NONE,-2.526382277695034
phase6v2-r05-input-downstream-a01,D4-SM,8,INPUT,-2.8438196102059345
phase6v2-r05-input-downstream-a01,D4-SM,9,OUTPUT+LOAD,-3.2441134998007857
phase6v2-r05-input-downstream-a01,D4-SM,10,OUTPUT,-3.6069922963932934
phase6v2-r05-input-downstream-a01,D4-SM,11,INPUT+OUTPUT,-3.924429628904194
phase6v2-r05-load-downstream-a01,D4-SM,1,LOAD+DOWNSTREAM,4.875379627894688
phase6v2-r05-load-downstream-a01,D4-SM,2,OUTPUT+LOAD,1.9440119610623285
phase6v2-r05-load-downstream-a01,D4-SM,3,LOAD,1.8756014478982184
phase6v2-r05-load-downstream-a01,D4-SM,4,INPUT+LOAD,-0.6041605819476794
phase6v2-r05-load-downstream-a01,D4-SM,5,OUTPUT+DOWNSTREAM,-1.8756014478982184
phase6v2-r05-load-downstream-a01,D4-SM,6,DOWNSTREAM,-1.9440119610623285
phase6v2-r05-load-downstream-a01,D4-SM,7,INPUT+DOWNSTREAM,-4.423773990908226
phase6v2-r05-load-downstream-a01,D4-SM,8,OUTPUT,-4.875379627894688
phase6v2-r05-load-downstream-a01,D4-SM,9,NONE,-4.943790141058798
phase6v2-r05-load-downstream-a01,D4-SM,10,INPUT+OUTPUT,-7.355141657740586
phase6v2-r05-load-downstream-a01,D4-SM,11,INPUT,-7.423552170904696
phase6v2-r05-output-downstream-control-a01,D4-SM,1,DOWNSTREAM,2.35214594531305
phase6v2-r05-output-downstream-control-a01,D4-SM,2,INPUT+DOWNSTREAM,2.1425195824973273
phase6v2-r05-output-downstream-control-a01,D4-SM,3,OUTPUT+DOWNSTREAM,1.6391047403771857
phase6v2-r05-output-downstream-control-a01,D4-SM,4,LOAD+DOWNSTREAM,1.3855351833747909
phase6v2-r05-output-downstream-control-a01,D4-SM,5,NONE,-2.35214594531305
phase6v2-r05-output-downstream-control-a01,D4-SM,6,INPUT,-2.561772308128773
phase6v2-r05-output-downstream-control-a01,D4-SM,7,OUTPUT,-3.0651871502489145
phase6v2-r05-output-downstream-control-a01,D4-SM,8,INPUT+OUTPUT,-3.274813513064638
phase6v2-r05-output-downstream-control-a01,D4-SM,9,LOAD,-3.3187567072513096
phase6v2-r05-output-downstream-control-a01,D4-SM,10,INPUT+LOAD,-3.528383070067033
phase6v2-r05-output-downstream-control-a01,D4-SM,11,OUTPUT+LOAD,-4.031797912187175
phase6v2-r05-output-load-control-a01,D4-SM,1,LOAD,3.0617021367309722
phase6v2-r05-output-load-control-a01,D4-SM,2,LOAD+DOWNSTREAM,2.4448281589319127
phase6v2-r05-output-load-control-a01,D4-SM,3,OUTPUT+LOAD,2.4042730358796325
phase6v2-r05-output-load-control-a01,D4-SM,4,INPUT+LOAD,2.017309643455917
phase6v2-r05-output-load-control-a01,D4-SM,5,NONE,-3.0617021367309722
phase6v2-r05-output-load-control-a01,D4-SM,6,DOWNSTREAM,-3.6785761145300317
phase6v2-r05-output-load-control-a01,D4-SM,7,OUTPUT,-3.719131237582312
phase6v2-r05-output-load-control-a01,D4-SM,8,INPUT,-4.1060946300060275
phase6v2-r05-output-load-control-a01,D4-SM,9,OUTPUT+DOWNSTREAM,-4.3360052153813715
phase6v2-r05-output-load-control-a01,D4-SM,10,INPUT+DOWNSTREAM,-4.722968607805087
phase6v2-r05-output-load-control-a01,D4-SM,11,INPUT+OUTPUT,-4.763523730857367
phase6v2-r05-input-medium-a01,D4-SM,1,NONE,0
phase6v2-r05-input-medium-a01,D4-SM,2,LOAD,-0.03426730817272816
phase6v2-r05-input-medium-a01,D4-SM,3,INPUT,-0.04654730831213072
phase6v2-r05-input-medium-a01,D4-SM,4,INPUT+LOAD,-0.08081461648485888
phase6v2-r05-input-medium-a01,D4-SM,5,DOWNSTREAM,-0.13770533566594473
phase6v2-r05-input-medium-a01,D4-SM,6,LOAD+DOWNSTREAM,-0.1719726438386729
phase6v2-r05-input-medium-a01,D4-SM,7,INPUT+DOWNSTREAM,-0.18425264397807545
phase6v2-r05-input-medium-a01,D4-SM,8,OUTPUT,-1.2325330944894994
phase6v2-r05-input-medium-a01,D4-SM,9,OUTPUT+LOAD,-1.2668004026622275
phase6v2-r05-input-medium-a01,D4-SM,10,INPUT+OUTPUT,-1.2790804028016303
phase6v2-r05-input-medium-a01,D4-SM,11,OUTPUT+DOWNSTREAM,-1.3702384301554442
phase6v2-r05-output-control-a01,D4-SM,1,NONE,0
phase6v2-r05-output-control-a01,D4-SM,2,INPUT,-0.02713746706878639
phase6v2-r05-output-control-a01,D4-SM,3,DOWNSTREAM,-0.05237795886157898
phase6v2-r05-output-control-a01,D4-SM,4,INPUT+DOWNSTREAM,-0.07951542593036537
phase6v2-r05-output-control-a01,D4-SM,5,OUTPUT,-0.7267904483030927
phase6v2-r05-output-control-a01,D4-SM,6,INPUT+OUTPUT,-0.7539279153718791
phase6v2-r05-output-control-a01,D4-SM,7,OUTPUT+DOWNSTREAM,-0.7791684071646716
phase6v2-r05-output-control-a01,D4-SM,8,LOAD,-1.3308731446521658
phase6v2-r05-output-control-a01,D4-SM,9,INPUT+LOAD,-1.3580106117209523
phase6v2-r05-output-control-a01,D4-SM,10,LOAD+DOWNSTREAM,-1.3832511035137447
phase6v2-r05-output-control-a01,D4-SM,11,OUTPUT+LOAD,-2.0576635929552585
phase6v2-r05-baseline-a01,D4-SM,1,NONE,0
phase6v2-r05-baseline-a01,D4-SM,2,DOWNSTREAM,-0.004753404173127029
phase6v2-r05-baseline-a01,D4-SM,3,INPUT,-0.02912565800717215
phase6v2-r05-baseline-a01,D4-SM,4,INPUT+DOWNSTREAM,-0.03387906218029918
phase6v2-r05-baseline-a01,D4-SM,5,LOAD,-0.38880190338943843
phase6v2-r05-baseline-a01,D4-SM,6,LOAD+DOWNSTREAM,-0.39355530756256546
phase6v2-r05-baseline-a01,D4-SM,7,INPUT+LOAD,-0.4179275613966106
phase6v2-r05-baseline-a01,D4-SM,8,OUTPUT,-1.1107278304494757
phase6v2-r05-baseline-a01,D4-SM,9,OUTPUT+DOWNSTREAM,-1.1154812346226026
phase6v2-r05-baseline-a01,D4-SM,10,INPUT+OUTPUT,-1.1398534884566478
phase6v2-r05-baseline-a01,D4-SM,11,OUTPUT+LOAD,-1.499529733838914
phase6v2-r05-input-load-a01,D4-SM,1,OUTPUT+LOAD,3.546486053213083
phase6v2-r05-input-load-a01,D4-SM,2,LOAD,1.105682638489816
phase6v2-r05-input-load-a01,D4-SM,3,LOAD+DOWNSTREAM,-0.6672718025107227
phase6v2-r05-input-load-a01,D4-SM,4,OUTPUT,-1.105682638489816
phase6v2-r05-input-load-a01,D4-SM,5,OUTPUT+DOWNSTREAM,-2.8786370794903546
phase6v2-r05-input-load-a01,D4-SM,6,INPUT+LOAD,-3.1946940113913613
phase6v2-r05-input-load-a01,D4-SM,7,NONE,-3.546486053213083
phase6v2-r05-input-load-a01,D4-SM,8,DOWNSTREAM,-5.319440494213621
phase6v2-r05-input-load-a01,D4-SM,9,INPUT+OUTPUT,-5.406059288370994
phase6v2-r05-input-load-a01,D4-SM,10,INPUT,-7.84686270309426
phase6v2-r05-input-load-a01,D4-SM,11,INPUT+DOWNSTREAM,-9.6198171440948
phase6v2-r05-downstream-medium-a01,D4-SM,1,DOWNSTREAM,2.390501663745978
phase6v2-r05-downstream-medium-a01,D4-SM,2,LOAD+DOWNSTREAM,2.381246314700385
phase6v2-r05-downstream-medium-a01,D4-SM,3,INPUT+DOWNSTREAM,2.181966410539935
phase6v2-r05-downstream-medium-a01,D4-SM,4,OUTPUT+DOWNSTREAM,1.329763959754788
phase6v2-r05-downstream-medium-a01,D4-SM,5,NONE,-2.390501663745978
phase6v2-r05-downstream-medium-a01,D4-SM,6,LOAD,-2.3997570127915715
phase6v2-r05-downstream-medium-a01,D4-SM,7,INPUT,-2.5990369169520213
phase6v2-r05-downstream-medium-a01,D4-SM,8,INPUT+LOAD,-2.6082922659976147
phase6v2-r05-downstream-medium-a01,D4-SM,9,OUTPUT,-3.4512393677371684
phase6v2-r05-downstream-medium-a01,D4-SM,10,OUTPUT+LOAD,-3.4604947167827618
phase6v2-r05-downstream-medium-a01,D4-SM,11,INPUT+OUTPUT,-3.6597746209432116
phase6v2-r05-load-medium-a01,D4-SM,1,LOAD,3.43131920529043
phase6v2-r05-load-medium-a01,D4-SM,2,OUTPUT+LOAD,3.344747260889081
phase6v2-r05-load-medium-a01,D4-SM,3,LOAD+DOWNSTREAM,2.4781130245354914
phase6v2-r05-load-medium-a01,D4-SM,4,INPUT+LOAD,1.258223011313305
phase6v2-r05-load-medium-a01,D4-SM,5,NONE,-3.43131920529043
phase6v2-r05-load-medium-a01,D4-SM,6,OUTPUT,-3.5178911496917795
phase6v2-r05-load-medium-a01,D4-SM,7,DOWNSTREAM,-4.384525386045369
phase6v2-r05-load-medium-a01,D4-SM,8,OUTPUT+DOWNSTREAM,-4.471097330446718
phase6v2-r05-load-medium-a01,D4-SM,9,INPUT,-5.604415399267555
phase6v2-r05-load-medium-a01,D4-SM,10,INPUT+OUTPUT,-5.690987343668905
phase6v2-r05-load-medium-a01,D4-SM,11,INPUT+DOWNSTREAM,-6.557621580022494
phase6v2-r05-output-medium-a01,D4-SM,1,OUTPUT,0.8461467636502183
phase6v2-r05-output-medium-a01,D4-SM,2,OUTPUT+DOWNSTREAM,0.37447566497638984
phase6v2-r05-output-medium-a01,D4-SM,3,INPUT+OUTPUT,0.22295319859363938
phase6v2-r05-output-medium-a01,D4-SM,4,OUTPUT+LOAD,0.052181108929875264
phase6v2-r05-output-medium-a01,D4-SM,5,NONE,-0.8461467636502183
phase6v2-r05-output-medium-a01,D4-SM,6,DOWNSTREAM,-1.3178178623240469
phase6v2-r05-output-medium-a01,D4-SM,7,INPUT,-1.4693403287067972
phase6v2-r05-output-medium-a01,D4-SM,8,LOAD,-1.6401124183705615
phase6v2-r05-output-medium-a01,D4-SM,9,INPUT+DOWNSTREAM,-1.9410114273806256
phase6v2-r05-output-medium-a01,D4-SM,10,LOAD+DOWNSTREAM,-2.11178351704439
phase6v2-r05-output-medium-a01,D4-SM,11,INPUT+LOAD,-2.2633059834271405
phase6v2-r05-output-load-a01,D4-SM,1,OUTPUT+LOAD,3.647191616551929
phase6v2-r05-output-load-a01,D4-SM,2,LOAD,0.1511789193602855
phase6v2-r05-output-load-a01,D4-SM,3,OUTPUT,-0.1511789193602855
phase6v2-r05-output-load-a01,D4-SM,4,LOAD+DOWNSTREAM,-1.7647776956401509
phase6v2-r05-output-load-a01,D4-SM,5,OUTPUT+DOWNSTREAM,-2.067135534360722
phase6v2-r05-output-load-a01,D4-SM,6,NONE,-3.647191616551929
phase6v2-r05-output-load-a01,D4-SM,7,INPUT+LOAD,-4.33590021027211
phase6v2-r05-output-load-a01,D4-SM,8,INPUT+OUTPUT,-4.638258048992681
phase6v2-r05-output-load-a01,D4-SM,9,DOWNSTREAM,-5.563148231552365
phase6v2-r05-output-load-a01,D4-SM,10,INPUT,-8.134270746184324
phase6v2-r05-output-load-a01,D4-SM,11,INPUT+DOWNSTREAM,-10.05022736118476
phase6v2-r05-output-downstream-a01,D4-SMT,1,OUTPUT+DOWNSTREAM,2.1295114187016306
phase6v2-r05-output-downstream-a01,D4-SMT,2,LOAD+DOWNSTREAM,0.3923352777853
phase6v2-r05-output-downstream-a01,D4-SMT,3,OUTPUT+LOAD,0.014235944299708203
phase6v2-r05-output-downstream-a01,D4-SMT,4,DOWNSTREAM,-0.014235944299708203
phase6v2-r05-output-downstream-a01,D4-SMT,5,INPUT+DOWNSTREAM,-0.16292518450611837
phase6v2-r05-output-downstream-a01,D4-SMT,6,OUTPUT,-0.3923352777853
phase6v2-r05-output-downstream-a01,D4-SMT,7,INPUT+OUTPUT,-0.5410245179917101
phase6v2-r05-output-downstream-a01,D4-SMT,8,LOAD,-2.1295114187016306
phase6v2-r05-output-downstream-a01,D4-SMT,9,INPUT+LOAD,-2.2782006589080406
phase6v2-r05-output-downstream-a01,D4-SMT,10,NONE,-2.5360826407866384
phase6v2-r05-output-downstream-a01,D4-SMT,11,INPUT,-2.6847718809930488
phase6v2-r05-input-downstream-a01,D4-SMT,1,LOAD+DOWNSTREAM,1.3686858360946346
phase6v2-r05-input-downstream-a01,D4-SMT,2,DOWNSTREAM,1.3436321965341929
phase6v2-r05-input-downstream-a01,D4-SMT,3,INPUT+DOWNSTREAM,1.1379048781347607
phase6v2-r05-input-downstream-a01,D4-SMT,4,OUTPUT+DOWNSTREAM,0.6687907233750554
phase6v2-r05-input-downstream-a01,D4-SMT,5,LOAD,-1.3436321965341929
phase6v2-r05-input-downstream-a01,D4-SMT,6,NONE,-1.3686858360946346
phase6v2-r05-input-downstream-a01,D4-SMT,7,INPUT+LOAD,-1.5493595149336248
phase6v2-r05-input-downstream-a01,D4-SMT,8,INPUT,-1.5744131544940667
phase6v2-r05-input-downstream-a01,D4-SMT,9,OUTPUT+LOAD,-2.0184736696933303
phase6v2-r05-input-downstream-a01,D4-SMT,10,OUTPUT,-2.043527309253772
phase6v2-r05-input-downstream-a01,D4-SMT,11,INPUT+OUTPUT,-2.2492546276532037
phase6v2-r05-load-downstream-a01,D4-SMT,1,LOAD+DOWNSTREAM,5.253717876251303
phase6v2-r05-load-downstream-a01,D4-SMT,2,OUTPUT+LOAD,1.2433517973594572
phase6v2-r05-load-downstream-a01,D4-SMT,3,LOAD,1.1132970164320835
phase6v2-r05-load-downstream-a01,D4-SMT,4,INPUT+LOAD,0.5036981351443028
phase6v2-r05-load-downstream-a01,D4-SMT,5,OUTPUT+DOWNSTREAM,-1.1132970164320835
phase6v2-r05-load-downstream-a01,D4-SMT,6,DOWNSTREAM,-1.2433517973594572
phase6v2-r05-load-downstream-a01,D4-SMT,7,INPUT+DOWNSTREAM,-1.8529506786472378
phase6v2-r05-load-downstream-a01,D4-SMT,8,OUTPUT,-5.253717876251303
phase6v2-r05-load-downstream-a01,D4-SMT,9,NONE,-5.383772657178676
phase6v2-r05-load-downstream-a01,D4-SMT,10,INPUT+OUTPUT,-5.863316757539083
phase6v2-r05-load-downstream-a01,D4-SMT,11,INPUT,-5.993371538466457
phase6v2-r05-output-downstream-control-a01,D4-SMT,1,DOWNSTREAM,2.1935516055261512
phase6v2-r05-output-downstream-control-a01,D4-SMT,2,INPUT+DOWNSTREAM,2.0544145261647158
phase6v2-r05-output-downstream-control-a01,D4-SMT,3,OUTPUT+DOWNSTREAM,1.8283751660324425
phase6v2-r05-output-downstream-control-a01,D4-SMT,4,LOAD+DOWNSTREAM,1.8033876498723016
phase6v2-r05-output-downstream-control-a01,D4-SMT,5,NONE,-2.1935516055261512
phase6v2-r05-output-downstream-control-a01,D4-SMT,6,INPUT,-2.3326886848875867
phase6v2-r05-output-downstream-control-a01,D4-SMT,7,OUTPUT,-2.55872804501986
phase6v2-r05-output-downstream-control-a01,D4-SMT,8,LOAD,-2.583715561180001
phase6v2-r05-output-downstream-control-a01,D4-SMT,9,INPUT+OUTPUT,-2.6978651243812957
phase6v2-r05-output-downstream-control-a01,D4-SMT,10,INPUT+LOAD,-2.7228526405414364
phase6v2-r05-output-downstream-control-a01,D4-SMT,11,OUTPUT+LOAD,-2.94889200067371
phase6v2-r05-output-load-control-a01,D4-SMT,1,LOAD,3.0019036016257017
phase6v2-r05-output-load-control-a01,D4-SMT,2,LOAD+DOWNSTREAM,2.6502225269083146
phase6v2-r05-output-load-control-a01,D4-SMT,3,OUTPUT+LOAD,2.454320328592681
phase6v2-r05-output-load-control-a01,D4-SMT,4,INPUT+LOAD,2.446465022818585
phase6v2-r05-output-load-control-a01,D4-SMT,5,NONE,-3.0019036016257017
phase6v2-r05-output-load-control-a01,D4-SMT,6,DOWNSTREAM,-3.3535846763430888
phase6v2-r05-output-load-control-a01,D4-SMT,7,OUTPUT,-3.5494868746587223
phase6v2-r05-output-load-control-a01,D4-SMT,8,INPUT,-3.5573421804328182
phase6v2-r05-output-load-control-a01,D4-SMT,9,OUTPUT+DOWNSTREAM,-3.9011679493761093
phase6v2-r05-output-load-control-a01,D4-SMT,10,INPUT+DOWNSTREAM,-3.9090232551502053
phase6v2-r05-output-load-control-a01,D4-SMT,11,INPUT+OUTPUT,-4.104925453465839
phase6v2-r05-input-medium-a01,D4-SMT,1,NONE,0
phase6v2-r05-input-medium-a01,D4-SMT,2,INPUT,-0.015876575497885237
phase6v2-r05-input-medium-a01,D4-SMT,3,LOAD,-0.045881929799653165
phase6v2-r05-input-medium-a01,D4-SMT,4,INPUT+LOAD,-0.0617585052975384
phase6v2-r05-input-medium-a01,D4-SMT,5,DOWNSTREAM,-0.250170188775818
phase6v2-r05-input-medium-a01,D4-SMT,6,INPUT+DOWNSTREAM,-0.2660467642737032
phase6v2-r05-input-medium-a01,D4-SMT,7,LOAD+DOWNSTREAM,-0.29605211857547115
phase6v2-r05-input-medium-a01,D4-SMT,8,OUTPUT,-0.6573607047789916
phase6v2-r05-input-medium-a01,D4-SMT,9,INPUT+OUTPUT,-0.6732372802768768
phase6v2-r05-input-medium-a01,D4-SMT,10,OUTPUT+LOAD,-0.7032426345786447
phase6v2-r05-input-medium-a01,D4-SMT,11,OUTPUT+DOWNSTREAM,-0.9075308935548095
phase6v2-r05-output-control-a01,D4-SMT,1,DOWNSTREAM,0.03054123332597153
phase6v2-r05-output-control-a01,D4-SMT,2,INPUT+DOWNSTREAM,0.005832436818323183
phase6v2-r05-output-control-a01,D4-SMT,3,NONE,-0.03054123332597153
phase6v2-r05-output-control-a01,D4-SMT,4,INPUT,-0.055250029833619874
phase6v2-r05-output-control-a01,D4-SMT,5,OUTPUT+DOWNSTREAM,-0.3065277197762883
phase6v2-r05-output-control-a01,D4-SMT,6,OUTPUT,-0.36761018642823134
phase6v2-r05-output-control-a01,D4-SMT,7,INPUT+OUTPUT,-0.3923189829358797
phase6v2-r05-output-control-a01,D4-SMT,8,LOAD+DOWNSTREAM,-0.423834056131096
phase6v2-r05-output-control-a01,D4-SMT,9,LOAD,-0.48491652278303904
phase6v2-r05-output-control-a01,D4-SMT,10,INPUT+LOAD,-0.5096253192906874
phase6v2-r05-output-control-a01,D4-SMT,11,OUTPUT+LOAD,-0.8219854758852989
phase6v2-r05-baseline-a01,D4-SMT,1,NONE,0
phase6v2-r05-baseline-a01,D4-SMT,2,INPUT,-0.008327506282276631
phase6v2-r05-baseline-a01,D4-SMT,3,LOAD,-0.17073868632050954
phase6v2-r05-baseline-a01,D4-SMT,4,INPUT+LOAD,-0.17906619260278617
phase6v2-r05-baseline-a01,D4-SMT,5,DOWNSTREAM,-0.21516389560243177
phase6v2-r05-baseline-a01,D4-SMT,6,INPUT+DOWNSTREAM,-0.2234914018847084
phase6v2-r05-baseline-a01,D4-SMT,7,LOAD+DOWNSTREAM,-0.3859025819229413
phase6v2-r05-baseline-a01,D4-SMT,8,OUTPUT,-0.5985507275372797
phase6v2-r05-baseline-a01,D4-SMT,9,INPUT+OUTPUT,-0.6068782338195563
phase6v2-r05-baseline-a01,D4-SMT,10,OUTPUT+LOAD,-0.7692894138577893
phase6v2-r05-baseline-a01,D4-SMT,11,OUTPUT+DOWNSTREAM,-0.8137146231397114
phase6v2-r05-input-load-a01,D4-SMT,1,OUTPUT+LOAD,3.6900632189066824
phase6v2-r05-input-load-a01,D4-SMT,2,LOAD,1.5533953592534437
phase6v2-r05-input-load-a01,D4-SMT,3,LOAD+DOWNSTREAM,1.2956710945681131
phase6v2-r05-input-load-a01,D4-SMT,4,INPUT+LOAD,0.9348065818059978
phase6v2-r05-input-load-a01,D4-SMT,5,OUTPUT,-1.5533953592534437
phase6v2-r05-input-load-a01,D4-SMT,6,OUTPUT+DOWNSTREAM,-1.8111196239387746
phase6v2-r05-input-load-a01,D4-SMT,7,INPUT+OUTPUT,-2.17198413670089
phase6v2-r05-input-load-a01,D4-SMT,8,NONE,-3.6900632189066824
phase6v2-r05-input-load-a01,D4-SMT,9,DOWNSTREAM,-3.947787483592013
phase6v2-r05-input-load-a01,D4-SMT,10,INPUT,-4.308651996354128
phase6v2-r05-input-load-a01,D4-SMT,11,INPUT+DOWNSTREAM,-4.566376261039459
phase6v2-r05-downstream-medium-a01,D4-SMT,1,DOWNSTREAM,1.611103671306259
phase6v2-r05-downstream-medium-a01,D4-SMT,2,LOAD+DOWNSTREAM,1.5220713193750426
phase6v2-r05-downstream-medium-a01,D4-SMT,3,INPUT+DOWNSTREAM,1.482276462865625
phase6v2-r05-downstream-medium-a01,D4-SMT,4,OUTPUT+DOWNSTREAM,0.9303213392114185
phase6v2-r05-downstream-medium-a01,D4-SMT,5,NONE,-1.611103671306259
phase6v2-r05-downstream-medium-a01,D4-SMT,6,LOAD,-1.7001360232374754
phase6v2-r05-downstream-medium-a01,D4-SMT,7,INPUT,-1.7399308797468929
phase6v2-r05-downstream-medium-a01,D4-SMT,8,INPUT+LOAD,-1.8289632316781093
phase6v2-r05-downstream-medium-a01,D4-SMT,9,OUTPUT,-2.2918860034010997
phase6v2-r05-downstream-medium-a01,D4-SMT,10,OUTPUT+LOAD,-2.380918355332316
phase6v2-r05-downstream-medium-a01,D4-SMT,11,INPUT+OUTPUT,-2.4207132118417336
phase6v2-r05-load-medium-a01,D4-SMT,1,LOAD,3.41445450417703
phase6v2-r05-load-medium-a01,D4-SMT,2,LOAD+DOWNSTREAM,3.4091488603717095
phase6v2-r05-load-medium-a01,D4-SMT,3,OUTPUT+LOAD,3.3038510857524948
phase6v2-r05-load-medium-a01,D4-SMT,4,INPUT+LOAD,2.8238683310308628
phase6v2-r05-load-medium-a01,D4-SMT,5,NONE,-3.41445450417703
phase6v2-r05-load-medium-a01,D4-SMT,6,DOWNSTREAM,-3.4197601479823505
phase6v2-r05-load-medium-a01,D4-SMT,7,OUTPUT,-3.5250579226015653
phase6v2-r05-load-medium-a01,D4-SMT,8,OUTPUT+DOWNSTREAM,-3.5303635664068858
phase6v2-r05-load-medium-a01,D4-SMT,9,INPUT,-4.005040677323198
phase6v2-r05-load-medium-a01,D4-SMT,10,INPUT+DOWNSTREAM,-4.010346321128518
phase6v2-r05-load-medium-a01,D4-SMT,11,INPUT+OUTPUT,-4.115644095747733
phase6v2-r05-output-medium-a01,D4-SMT,1,OUTPUT,0.42436379555944037
phase6v2-r05-output-medium-a01,D4-SMT,2,OUTPUT+LOAD,0.41994697471815146
phase6v2-r05-output-medium-a01,D4-SMT,3,OUTPUT+DOWNSTREAM,0.3071651885188126
phase6v2-r05-output-medium-a01,D4-SMT,4,INPUT+OUTPUT,0.2502297922228793
phase6v2-r05-output-medium-a01,D4-SMT,5,NONE,-0.42436379555944037
phase6v2-r05-output-medium-a01,D4-SMT,6,LOAD,-0.4287806164007293
phase6v2-r05-output-medium-a01,D4-SMT,7,DOWNSTREAM,-0.5415624026000682
phase6v2-r05-output-medium-a01,D4-SMT,8,LOAD+DOWNSTREAM,-0.5459792234413571
phase6v2-r05-output-medium-a01,D4-SMT,9,INPUT,-0.5984977988960014
phase6v2-r05-output-medium-a01,D4-SMT,10,INPUT+LOAD,-0.6029146197372903
phase6v2-r05-output-medium-a01,D4-SMT,11,INPUT+DOWNSTREAM,-0.7156964059366293
phase6v2-r05-output-load-a01,D4-SMT,1,OUTPUT+LOAD,3.6712537632714506
phase6v2-r05-output-load-a01,D4-SMT,2,LOAD,1.024854375263357
phase6v2-r05-output-load-a01,D4-SMT,3,LOAD+DOWNSTREAM,0.5934265981380087
phase6v2-r05-output-load-a01,D4-SMT,4,INPUT+LOAD,0.423569969714114
phase6v2-r05-output-load-a01,D4-SMT,5,OUTPUT,-1.024854375263357
phase6v2-r05-output-load-a01,D4-SMT,6,OUTPUT+DOWNSTREAM,-1.4562821523887055
phase6v2-r05-output-load-a01,D4-SMT,7,INPUT+OUTPUT,-1.6261387808126
phase6v2-r05-output-load-a01,D4-SMT,8,NONE,-3.6712537632714506
phase6v2-r05-output-load-a01,D4-SMT,9,DOWNSTREAM,-4.102681540396799
phase6v2-r05-output-load-a01,D4-SMT,10,INPUT,-4.272538168820693
phase6v2-r05-output-load-a01,D4-SMT,11,INPUT+DOWNSTREAM,-4.703965945946042
phase6v2-r05-output-downstream-a01,D4-FULL,1,OUTPUT+DOWNSTREAM,2.2964843338774923
phase6v2-r05-output-downstream-a01,D4-FULL,2,OUTPUT,0.889517356008698
phase6v2-r05-output-downstream-a01,D4-FULL,3,INPUT+OUTPUT,0.5277008229303788
phase6v2-r05-output-downstream-a01,D4-FULL,4,OUTPUT+LOAD,-0.2881835902818508
phase6v2-r05-output-downstream-a01,D4-FULL,5,DOWNSTREAM,-0.889517356008698
phase6v2-r05-output-downstream-a01,D4-FULL,6,INPUT+DOWNSTREAM,-1.2513338890870171
phase6v2-r05-output-downstream-a01,D4-FULL,7,LOAD+DOWNSTREAM,-2.0672183022992465
phase6v2-r05-output-downstream-a01,D4-FULL,8,NONE,-2.2964843338774923
phase6v2-r05-output-downstream-a01,D4-FULL,9,INPUT,-2.6583008669558117
phase6v2-r05-output-downstream-a01,D4-FULL,10,LOAD,-3.474185280168041
phase6v2-r05-output-downstream-a01,D4-FULL,11,INPUT+LOAD,-3.8360018132463605
phase6v2-r05-input-downstream-a01,D4-FULL,1,LOAD+DOWNSTREAM,1.08171402446155
phase6v2-r05-input-downstream-a01,D4-FULL,2,DOWNSTREAM,0.9371673308150061
phase6v2-r05-input-downstream-a01,D4-FULL,3,INPUT+DOWNSTREAM,0.7258862100744585
phase6v2-r05-input-downstream-a01,D4-FULL,4,OUTPUT+DOWNSTREAM,-0.10176421790568219
phase6v2-r05-input-downstream-a01,D4-FULL,5,LOAD,-0.9371673308150061
phase6v2-r05-input-downstream-a01,D4-FULL,6,NONE,-1.08171402446155
phase6v2-r05-input-downstream-a01,D4-FULL,7,INPUT+LOAD,-1.1484484515555535
phase6v2-r05-input-downstream-a01,D4-FULL,8,INPUT,-1.2929951452020974
phase6v2-r05-input-downstream-a01,D4-FULL,9,OUTPUT+LOAD,-1.9760988795356944
phase6v2-r05-input-downstream-a01,D4-FULL,10,OUTPUT,-2.1206455731822382
phase6v2-r05-input-downstream-a01,D4-FULL,11,INPUT+OUTPUT,-2.3319266939227856
phase6v2-r05-load-downstream-a01,D4-FULL,1,LOAD+DOWNSTREAM,4.224025810404605
phase6v2-r05-load-downstream-a01,D4-FULL,2,OUTPUT+LOAD,2.4013605814720256
phase6v2-r05-load-downstream-a01,D4-FULL,3,LOAD,2.391024733770701
phase6v2-r05-load-downstream-a01,D4-FULL,4,OUTPUT+DOWNSTREAM,-2.391024733770701
phase6v2-r05-load-downstream-a01,D4-FULL,5,DOWNSTREAM,-2.4013605814720256
phase6v2-r05-load-downstream-a01,D4-FULL,6,INPUT+LOAD,-2.6586702181674733
phase6v2-r05-load-downstream-a01,D4-FULL,7,OUTPUT,-4.224025810404605
phase6v2-r05-load-downstream-a01,D4-FULL,8,NONE,-4.23436165810593
phase6v2-r05-load-downstream-a01,D4-FULL,9,INPUT+DOWNSTREAM,-7.4510555334102
phase6v2-r05-load-downstream-a01,D4-FULL,10,INPUT+OUTPUT,-9.27372076234278
phase6v2-r05-load-downstream-a01,D4-FULL,11,INPUT,-9.284056610044104
phase6v2-r05-output-downstream-control-a01,D4-FULL,1,DOWNSTREAM,1.4328395396146092
phase6v2-r05-output-downstream-control-a01,D4-FULL,2,INPUT+DOWNSTREAM,1.2913611469103972
phase6v2-r05-output-downstream-control-a01,D4-FULL,3,OUTPUT+DOWNSTREAM,1.0281565798052803
phase6v2-r05-output-downstream-control-a01,D4-FULL,4,LOAD+DOWNSTREAM,-0.3004725171784106
phase6v2-r05-output-downstream-control-a01,D4-FULL,5,NONE,-1.4328395396146092
phase6v2-r05-output-downstream-control-a01,D4-FULL,6,INPUT,-1.5743179323188212
phase6v2-r05-output-downstream-control-a01,D4-FULL,7,OUTPUT,-1.837522499423938
phase6v2-r05-output-downstream-control-a01,D4-FULL,8,INPUT+OUTPUT,-1.9790008921281501
phase6v2-r05-output-downstream-control-a01,D4-FULL,9,LOAD,-3.166151596407629
phase6v2-r05-output-downstream-control-a01,D4-FULL,10,INPUT+LOAD,-3.307629989111841
phase6v2-r05-output-downstream-control-a01,D4-FULL,11,OUTPUT+LOAD,-3.5708345562169574
phase6v2-r05-output-load-control-a01,D4-FULL,1,LOAD,3.006905230177292
phase6v2-r05-output-load-control-a01,D4-FULL,2,OUTPUT+LOAD,2.7831115746788764
phase6v2-r05-output-load-control-a01,D4-FULL,3,LOAD+DOWNSTREAM,2.446325186077001
phase6v2-r05-output-load-control-a01,D4-FULL,4,INPUT+LOAD,1.2559296463201681
phase6v2-r05-output-load-control-a01,D4-FULL,5,NONE,-3.006905230177292
phase6v2-r05-output-load-control-a01,D4-FULL,6,OUTPUT,-3.2306988856757077
phase6v2-r05-output-load-control-a01,D4-FULL,7,DOWNSTREAM,-3.5674852742775833
phase6v2-r05-output-load-control-a01,D4-FULL,8,OUTPUT+DOWNSTREAM,-3.791278929775999
phase6v2-r05-output-load-control-a01,D4-FULL,9,INPUT,-4.757880814034416
phase6v2-r05-output-load-control-a01,D4-FULL,10,INPUT+OUTPUT,-4.981674469532832
phase6v2-r05-output-load-control-a01,D4-FULL,11,INPUT+DOWNSTREAM,-5.318460858134707
phase6v2-r05-input-medium-a01,D4-FULL,1,NONE,0
phase6v2-r05-input-medium-a01,D4-FULL,2,INPUT,-0.030662327991809346
phase6v2-r05-input-medium-a01,D4-FULL,3,LOAD,-0.048978916239739656
phase6v2-r05-input-medium-a01,D4-FULL,4,INPUT+LOAD,-0.079641244231549
phase6v2-r05-input-medium-a01,D4-FULL,5,DOWNSTREAM,-0.3232536214597191
phase6v2-r05-input-medium-a01,D4-FULL,6,INPUT+DOWNSTREAM,-0.35391594945152843
phase6v2-r05-input-medium-a01,D4-FULL,7,LOAD+DOWNSTREAM,-0.37223253769945874
phase6v2-r05-input-medium-a01,D4-FULL,8,OUTPUT,-1.2143460041090557
phase6v2-r05-input-medium-a01,D4-FULL,9,INPUT+OUTPUT,-1.245008332100865
phase6v2-r05-input-medium-a01,D4-FULL,10,OUTPUT+LOAD,-1.2633249203487953
phase6v2-r05-input-medium-a01,D4-FULL,11,OUTPUT+DOWNSTREAM,-1.5375996255687747
phase6v2-r05-output-control-a01,D4-FULL,1,NONE,0
phase6v2-r05-output-control-a01,D4-FULL,2,INPUT,-0.01935180054297414
phase6v2-r05-output-control-a01,D4-FULL,3,DOWNSTREAM,-0.22259158683512212
phase6v2-r05-output-control-a01,D4-FULL,4,INPUT+DOWNSTREAM,-0.24194338737809626
phase6v2-r05-output-control-a01,D4-FULL,5,OUTPUT,-0.3976036876049508
phase6v2-r05-output-control-a01,D4-FULL,6,INPUT+OUTPUT,-0.41695548814792494
phase6v2-r05-output-control-a01,D4-FULL,7,OUTPUT+DOWNSTREAM,-0.6201952744400729
phase6v2-r05-output-control-a01,D4-FULL,8,LOAD,-1.8317939939729042
phase6v2-r05-output-control-a01,D4-FULL,9,INPUT+LOAD,-1.8511457945158782
phase6v2-r05-output-control-a01,D4-FULL,10,LOAD+DOWNSTREAM,-2.0543855808080265
phase6v2-r05-output-control-a01,D4-FULL,11,OUTPUT+LOAD,-2.229397681577855
phase6v2-r05-baseline-a01,D4-FULL,1,NONE,0
phase6v2-r05-baseline-a01,D4-FULL,2,INPUT,-0.02011907757339182
phase6v2-r05-baseline-a01,D4-FULL,3,DOWNSTREAM,-0.2679003212634505
phase6v2-r05-baseline-a01,D4-FULL,4,INPUT+DOWNSTREAM,-0.2880193988368423
phase6v2-r05-baseline-a01,D4-FULL,5,LOAD,-0.293454608980702
phase6v2-r05-baseline-a01,D4-FULL,6,INPUT+LOAD,-0.31357368655409384
phase6v2-r05-baseline-a01,D4-FULL,7,LOAD+DOWNSTREAM,-0.5613549302441525
phase6v2-r05-baseline-a01,D4-FULL,8,OUTPUT,-1.0980532750799794
phase6v2-r05-baseline-a01,D4-FULL,9,INPUT+OUTPUT,-1.1181723526533713
phase6v2-r05-baseline-a01,D4-FULL,10,OUTPUT+DOWNSTREAM,-1.36595359634343
phase6v2-r05-baseline-a01,D4-FULL,11,OUTPUT+LOAD,-1.3915078840606814
phase6v2-r05-input-load-a01,D4-FULL,1,OUTPUT+LOAD,3.1377906160495836
phase6v2-r05-input-load-a01,D4-FULL,2,LOAD,2.268212307031825
phase6v2-r05-input-load-a01,D4-FULL,3,LOAD+DOWNSTREAM,1.0077585172231676
phase6v2-r05-input-load-a01,D4-FULL,4,OUTPUT,-2.268212307031825
phase6v2-r05-input-load-a01,D4-FULL,5,NONE,-3.1377906160495836
phase6v2-r05-input-load-a01,D4-FULL,6,OUTPUT+DOWNSTREAM,-3.5286660968404817
phase6v2-r05-input-load-a01,D4-FULL,7,DOWNSTREAM,-4.398244405858241
phase6v2-r05-input-load-a01,D4-FULL,8,INPUT+LOAD,-7.283951623294096
phase6v2-r05-input-load-a01,D4-FULL,9,INPUT+OUTPUT,-11.820376237357747
phase6v2-r05-input-load-a01,D4-FULL,10,INPUT,-12.689954546375505
phase6v2-r05-input-load-a01,D4-FULL,11,INPUT+DOWNSTREAM,-13.950408336184163
phase6v2-r05-downstream-medium-a01,D4-FULL,1,DOWNSTREAM,1.3479420033634195
phase6v2-r05-downstream-medium-a01,D4-FULL,2,LOAD+DOWNSTREAM,1.2423555752536397
phase6v2-r05-downstream-medium-a01,D4-FULL,3,INPUT+DOWNSTREAM,1.2074744092546847
phase6v2-r05-downstream-medium-a01,D4-FULL,4,OUTPUT+DOWNSTREAM,0.3126401595660593
phase6v2-r05-downstream-medium-a01,D4-FULL,5,NONE,-1.3479420033634195
phase6v2-r05-downstream-medium-a01,D4-FULL,6,LOAD,-1.4535284314731993
phase6v2-r05-downstream-medium-a01,D4-FULL,7,INPUT,-1.4884095974721543
phase6v2-r05-downstream-medium-a01,D4-FULL,8,INPUT+LOAD,-1.593996025581934
phase6v2-r05-downstream-medium-a01,D4-FULL,9,OUTPUT,-2.38324384716078
phase6v2-r05-downstream-medium-a01,D4-FULL,10,OUTPUT+LOAD,-2.4888302752705593
phase6v2-r05-downstream-medium-a01,D4-FULL,11,INPUT+OUTPUT,-2.5237114412695147
phase6v2-r05-load-medium-a01,D4-FULL,1,LOAD,3.520633545860269
phase6v2-r05-load-medium-a01,D4-FULL,2,OUTPUT+LOAD,3.359201695277384
phase6v2-r05-load-medium-a01,D4-FULL,3,LOAD+DOWNSTREAM,2.7787178646819886
phase6v2-r05-load-medium-a01,D4-FULL,4,INPUT+LOAD,-0.9040661121581612
phase6v2-r05-load-medium-a01,D4-FULL,5,NONE,-3.520633545860269
phase6v2-r05-load-medium-a01,D4-FULL,6,OUTPUT,-3.682065396443154
phase6v2-r05-load-medium-a01,D4-FULL,7,DOWNSTREAM,-4.26254922703855
phase6v2-r05-load-medium-a01,D4-FULL,8,OUTPUT+DOWNSTREAM,-4.423981077621435
phase6v2-r05-load-medium-a01,D4-FULL,9,INPUT,-7.9453332038786995
phase6v2-r05-load-medium-a01,D4-FULL,10,INPUT+OUTPUT,-8.106765054461585
phase6v2-r05-load-medium-a01,D4-FULL,11,INPUT+DOWNSTREAM,-8.687248885056981
phase6v2-r05-output-medium-a01,D4-FULL,1,OUTPUT,1.0230480676368965
phase6v2-r05-output-medium-a01,D4-FULL,2,OUTPUT+DOWNSTREAM,0.6817575806629327
phase6v2-r05-output-medium-a01,D4-FULL,3,INPUT+OUTPUT,0.6092368707576431
phase6v2-r05-output-medium-a01,D4-FULL,4,OUTPUT+LOAD,-0.3875456916083764
phase6v2-r05-output-medium-a01,D4-FULL,5,NONE,-1.0230480676368965
phase6v2-r05-output-medium-a01,D4-FULL,6,DOWNSTREAM,-1.3643385546108604
phase6v2-r05-output-medium-a01,D4-FULL,7,INPUT,-1.43685926451615
phase6v2-r05-output-medium-a01,D4-FULL,8,INPUT+DOWNSTREAM,-1.7781497514901137
phase6v2-r05-output-medium-a01,D4-FULL,9,LOAD,-2.4336418268821696
phase6v2-r05-output-medium-a01,D4-FULL,10,LOAD+DOWNSTREAM,-2.774932313856133
phase6v2-r05-output-medium-a01,D4-FULL,11,INPUT+LOAD,-2.847453023761423
phase6v2-r05-output-load-a01,D4-FULL,1,OUTPUT+LOAD,2.80359228257491
phase6v2-r05-output-load-a01,D4-FULL,2,LOAD,1.9292254316971154
phase6v2-r05-output-load-a01,D4-FULL,3,LOAD+DOWNSTREAM,0.21356343701183733
phase6v2-r05-output-load-a01,D4-FULL,4,OUTPUT,-1.9292254316971154
phase6v2-r05-output-load-a01,D4-FULL,5,NONE,-2.80359228257491
phase6v2-r05-output-load-a01,D4-FULL,6,OUTPUT+DOWNSTREAM,-3.644887426382393
phase6v2-r05-output-load-a01,D4-FULL,7,DOWNSTREAM,-4.519254277260188
phase6v2-r05-output-load-a01,D4-FULL,8,INPUT+LOAD,-7.922618289672372
phase6v2-r05-output-load-a01,D4-FULL,9,INPUT+OUTPUT,-11.781069153066603
phase6v2-r05-output-load-a01,D4-FULL,10,INPUT,-12.655436003944398
phase6v2-r05-output-load-a01,D4-FULL,11,INPUT+DOWNSTREAM,-14.371097998629676
phase6v2-r05-output-downstream-a01,D4-FULL,1,OUTPUT+DOWNSTREAM,2.5360405620238984
phase6v2-r05-output-downstream-a01,D4-FULL,2,OUTPUT,1.1290735841551036
phase6v2-r05-output-downstream-a01,D4-FULL,3,INPUT+OUTPUT,0.4847757222672011
phase6v2-r05-output-downstream-a01,D4-FULL,4,OUTPUT+LOAD,-0.04862736213544516
phase6v2-r05-output-downstream-a01,D4-FULL,5,DOWNSTREAM,-1.1290735841551036
phase6v2-r05-output-downstream-a01,D4-FULL,6,INPUT+DOWNSTREAM,-1.7733714460430061
phase6v2-r05-output-downstream-a01,D4-FULL,7,LOAD+DOWNSTREAM,-2.3067745304456526
phase6v2-r05-output-downstream-a01,D4-FULL,8,NONE,-2.5360405620238984
phase6v2-r05-output-downstream-a01,D4-FULL,9,INPUT,-3.1803384239118007
phase6v2-r05-output-downstream-a01,D4-FULL,10,LOAD,-3.713741508314447
phase6v2-r05-output-downstream-a01,D4-FULL,11,INPUT+LOAD,-4.358039370202349
phase6v2-r05-input-downstream-a01,D4-FULL,1,INPUT+DOWNSTREAM,1.0179334987768485
phase6v2-r05-input-downstream-a01,D4-FULL,2,LOAD+DOWNSTREAM,1.0009478564997076
phase6v2-r05-input-downstream-a01,D4-FULL,3,DOWNSTREAM,0.8564011628531638
phase6v2-r05-input-downstream-a01,D4-FULL,4,OUTPUT+DOWNSTREAM,0.09402917716059728
phase6v2-r05-input-downstream-a01,D4-FULL,5,INPUT+LOAD,-0.8564011628531638
phase6v2-r05-input-downstream-a01,D4-FULL,6,INPUT,-1.0009478564997076
phase6v2-r05-input-downstream-a01,D4-FULL,7,LOAD,-1.0179334987768485
phase6v2-r05-input-downstream-a01,D4-FULL,8,NONE,-1.1624801924233923
phase6v2-r05-input-downstream-a01,D4-FULL,9,INPUT+OUTPUT,-1.7633198421922742
phase6v2-r05-input-downstream-a01,D4-FULL,10,OUTPUT+LOAD,-1.780305484469415
phase6v2-r05-input-downstream-a01,D4-FULL,11,OUTPUT,-1.9248521781159589
phase6v2-r05-load-downstream-a01,D4-FULL,1,LOAD+DOWNSTREAM,4.229193734255267
phase6v2-r05-load-downstream-a01,D4-FULL,2,LOAD,2.3961926576213632
phase6v2-r05-load-downstream-a01,D4-FULL,3,OUTPUT+LOAD,2.367878463141151
phase6v2-r05-load-downstream-a01,D4-FULL,4,INPUT+LOAD,-1.9474659184170382
phase6v2-r05-load-downstream-a01,D4-FULL,5,DOWNSTREAM,-2.3961926576213632
phase6v2-r05-load-downstream-a01,D4-FULL,6,OUTPUT+DOWNSTREAM,-2.4245068521015756
phase6v2-r05-load-downstream-a01,D4-FULL,7,NONE,-4.229193734255267
phase6v2-r05-load-downstream-a01,D4-FULL,8,OUTPUT,-4.257507928735479
phase6v2-r05-load-downstream-a01,D4-FULL,9,INPUT+DOWNSTREAM,-6.739851233659765
phase6v2-r05-load-downstream-a01,D4-FULL,10,INPUT,-8.57285231029367
phase6v2-r05-load-downstream-a01,D4-FULL,11,INPUT+OUTPUT,-8.60116650477388
phase6v2-r05-output-downstream-control-a01,D4-FULL,1,DOWNSTREAM,1.4328395396146092
phase6v2-r05-output-downstream-control-a01,D4-FULL,2,OUTPUT+DOWNSTREAM,1.205417048275034
phase6v2-r05-output-downstream-control-a01,D4-FULL,3,INPUT+DOWNSTREAM,1.0096730681161772
phase6v2-r05-output-downstream-control-a01,D4-FULL,4,LOAD+DOWNSTREAM,-0.3004725171784106
phase6v2-r05-output-downstream-control-a01,D4-FULL,5,NONE,-1.4328395396146092
phase6v2-r05-output-downstream-control-a01,D4-FULL,6,OUTPUT,-1.6602620309541845
phase6v2-r05-output-downstream-control-a01,D4-FULL,7,INPUT,-1.8560060111130412
phase6v2-r05-output-downstream-control-a01,D4-FULL,8,INPUT+OUTPUT,-2.0834285024526165
phase6v2-r05-output-downstream-control-a01,D4-FULL,9,LOAD,-3.166151596407629
phase6v2-r05-output-downstream-control-a01,D4-FULL,10,OUTPUT+LOAD,-3.3935740877472043
phase6v2-r05-output-downstream-control-a01,D4-FULL,11,INPUT+LOAD,-3.589318067906061
phase6v2-r05-output-load-control-a01,D4-FULL,1,LOAD,3.006905230177292
phase6v2-r05-output-load-control-a01,D4-FULL,2,OUTPUT+LOAD,2.8208650580524273
phase6v2-r05-output-load-control-a01,D4-FULL,3,LOAD+DOWNSTREAM,2.446325186077001
phase6v2-r05-output-load-control-a01,D4-FULL,4,INPUT+LOAD,1.1710081983253193
phase6v2-r05-output-load-control-a01,D4-FULL,5,NONE,-3.006905230177292
phase6v2-r05-output-load-control-a01,D4-FULL,6,OUTPUT,-3.192945402302157
phase6v2-r05-output-load-control-a01,D4-FULL,7,DOWNSTREAM,-3.5674852742775833
phase6v2-r05-output-load-control-a01,D4-FULL,8,OUTPUT+DOWNSTREAM,-3.753525446402448
phase6v2-r05-output-load-control-a01,D4-FULL,9,INPUT,-4.842802262029265
phase6v2-r05-output-load-control-a01,D4-FULL,10,INPUT+OUTPUT,-5.02884243415413
phase6v2-r05-output-load-control-a01,D4-FULL,11,INPUT+DOWNSTREAM,-5.403382306129556
phase6v2-r05-input-medium-a01,D4-FULL,1,INPUT,0.24831854777558393
phase6v2-r05-input-medium-a01,D4-FULL,2,INPUT+LOAD,0.19933963153584427
phase6v2-r05-input-medium-a01,D4-FULL,3,INPUT+DOWNSTREAM,-0.07493507368413516
phase6v2-r05-input-medium-a01,D4-FULL,4,NONE,-0.24831854777558393
phase6v2-r05-input-medium-a01,D4-FULL,5,LOAD,-0.2972974640153236
phase6v2-r05-input-medium-a01,D4-FULL,6,DOWNSTREAM,-0.5715721692353031
phase6v2-r05-input-medium-a01,D4-FULL,7,LOAD+DOWNSTREAM,-0.6205510854750427
phase6v2-r05-input-medium-a01,D4-FULL,8,INPUT+OUTPUT,-0.6867248645743124
phase6v2-r05-input-medium-a01,D4-FULL,9,OUTPUT,-1.1833619601254801
phase6v2-r05-input-medium-a01,D4-FULL,10,OUTPUT+LOAD,-1.2323408763652197
phase6v2-r05-input-medium-a01,D4-FULL,11,OUTPUT+DOWNSTREAM,-1.5066155815851991
phase6v2-r05-output-control-a01,D4-FULL,1,NONE,0
phase6v2-r05-output-control-a01,D4-FULL,2,DOWNSTREAM,-0.22259158683512212
phase6v2-r05-output-control-a01,D4-FULL,3,OUTPUT,-0.22680030957132316
phase6v2-r05-output-control-a01,D4-FULL,4,INPUT,-0.3138549135694293
phase6v2-r05-output-control-a01,D4-FULL,5,OUTPUT+DOWNSTREAM,-0.4493918964064453
phase6v2-r05-output-control-a01,D4-FULL,6,INPUT+DOWNSTREAM,-0.5364465004045514
phase6v2-r05-output-control-a01,D4-FULL,7,INPUT+OUTPUT,-0.5406552231407524
phase6v2-r05-output-control-a01,D4-FULL,8,LOAD,-1.8317939939729042
phase6v2-r05-output-control-a01,D4-FULL,9,LOAD+DOWNSTREAM,-2.0543855808080265
phase6v2-r05-output-control-a01,D4-FULL,10,OUTPUT+LOAD,-2.0585943035442273
phase6v2-r05-output-control-a01,D4-FULL,11,INPUT+LOAD,-2.1456489075423333
phase6v2-r05-baseline-a01,D4-FULL,1,NONE,0
phase6v2-r05-baseline-a01,D4-FULL,2,INPUT,-0.010275394059157894
phase6v2-r05-baseline-a01,D4-FULL,3,DOWNSTREAM,-0.2679003212634505
phase6v2-r05-baseline-a01,D4-FULL,4,INPUT+DOWNSTREAM,-0.2781757153226084
phase6v2-r05-baseline-a01,D4-FULL,5,LOAD,-0.293454608980702
phase6v2-r05-baseline-a01,D4-FULL,6,INPUT+LOAD,-0.3037300030398599
phase6v2-r05-baseline-a01,D4-FULL,7,LOAD+DOWNSTREAM,-0.5613549302441525
phase6v2-r05-baseline-a01,D4-FULL,8,OUTPUT,-0.8076407002851653
phase6v2-r05-baseline-a01,D4-FULL,9,INPUT+OUTPUT,-0.8179160943443232
phase6v2-r05-baseline-a01,D4-FULL,10,OUTPUT+DOWNSTREAM,-1.0755410215486159
phase6v2-r05-baseline-a01,D4-FULL,11,OUTPUT+LOAD,-1.1010953092658673
phase6v2-r05-input-load-a01,D4-FULL,1,OUTPUT+LOAD,2.9556192329554976
phase6v2-r05-input-load-a01,D4-FULL,2,LOAD,2.450383690125911
phase6v2-r05-input-load-a01,D4-FULL,3,LOAD+DOWNSTREAM,1.1899299003172539
phase6v2-r05-input-load-a01,D4-FULL,4,OUTPUT,-2.450383690125911
phase6v2-r05-input-load-a01,D4-FULL,5,NONE,-2.9556192329554976
phase6v2-r05-input-load-a01,D4-FULL,6,OUTPUT+DOWNSTREAM,-3.7108374799345683
phase6v2-r05-input-load-a01,D4-FULL,7,DOWNSTREAM,-4.216073022764155
phase6v2-r05-input-load-a01,D4-FULL,8,INPUT+LOAD,-5.483584182751968
phase6v2-r05-input-load-a01,D4-FULL,9,INPUT+OUTPUT,-10.38435156300379
phase6v2-r05-input-load-a01,D4-FULL,10,INPUT,-10.889587105833376
phase6v2-r05-input-load-a01,D4-FULL,11,INPUT+DOWNSTREAM,-12.150040895642034
phase6v2-r05-downstream-medium-a01,D4-FULL,1,DOWNSTREAM,1.3479420033634195
phase6v2-r05-downstream-medium-a01,D4-FULL,2,LOAD+DOWNSTREAM,1.2423555752536397
phase6v2-r05-downstream-medium-a01,D4-FULL,3,INPUT+DOWNSTREAM,1.2308641808779694
phase6v2-r05-downstream-medium-a01,D4-FULL,4,OUTPUT+DOWNSTREAM,0.5833917582893842
phase6v2-r05-downstream-medium-a01,D4-FULL,5,NONE,-1.3479420033634195
phase6v2-r05-downstream-medium-a01,D4-FULL,6,LOAD,-1.4535284314731993
phase6v2-r05-downstream-medium-a01,D4-FULL,7,INPUT,-1.4650198258488696
phase6v2-r05-downstream-medium-a01,D4-FULL,8,INPUT+LOAD,-1.5706062539586494
phase6v2-r05-downstream-medium-a01,D4-FULL,9,OUTPUT,-2.112492248437455
phase6v2-r05-downstream-medium-a01,D4-FULL,10,OUTPUT+LOAD,-2.2180786765472345
phase6v2-r05-downstream-medium-a01,D4-FULL,11,INPUT+OUTPUT,-2.229570070922905
phase6v2-r05-load-medium-a01,D4-FULL,1,LOAD,3.520633545860269
phase6v2-r05-load-medium-a01,D4-FULL,2,OUTPUT+LOAD,3.3327717849606637
phase6v2-r05-load-medium-a01,D4-FULL,3,LOAD+DOWNSTREAM,2.7787178646819886
phase6v2-r05-load-medium-a01,D4-FULL,4,INPUT+LOAD,-0.28682252172677813
phase6v2-r05-load-medium-a01,D4-FULL,5,NONE,-3.520633545860269
phase6v2-r05-load-medium-a01,D4-FULL,6,OUTPUT,-3.7084953067598745
phase6v2-r05-load-medium-a01,D4-FULL,7,DOWNSTREAM,-4.26254922703855
phase6v2-r05-load-medium-a01,D4-FULL,8,OUTPUT+DOWNSTREAM,-4.450410987938155
phase6v2-r05-load-medium-a01,D4-FULL,9,INPUT,-7.328089613447316
phase6v2-r05-load-medium-a01,D4-FULL,10,INPUT+OUTPUT,-7.515951374346922
phase6v2-r05-load-medium-a01,D4-FULL,11,INPUT+DOWNSTREAM,-8.070005294625597
phase6v2-r05-output-medium-a01,D4-FULL,1,OUTPUT,1.258595150754373
phase6v2-r05-output-medium-a01,D4-FULL,2,OUTPUT+DOWNSTREAM,0.9173046637804091
phase6v2-r05-output-medium-a01,D4-FULL,3,INPUT+OUTPUT,0.5500890636375178
phase6v2-r05-output-medium-a01,D4-FULL,4,OUTPUT+LOAD,-0.15199860849089997
phase6v2-r05-output-medium-a01,D4-FULL,5,NONE,-1.258595150754373
phase6v2-r05-output-medium-a01,D4-FULL,6,DOWNSTREAM,-1.5998856377283368
phase6v2-r05-output-medium-a01,D4-FULL,7,INPUT,-1.967101237871228
phase6v2-r05-output-medium-a01,D4-FULL,8,INPUT+DOWNSTREAM,-2.308391724845192
phase6v2-r05-output-medium-a01,D4-FULL,9,LOAD,-2.6691889099996455
phase6v2-r05-output-medium-a01,D4-FULL,10,LOAD+DOWNSTREAM,-3.0104793969736097
phase6v2-r05-output-medium-a01,D4-FULL,11,INPUT+LOAD,-3.3776949971165013
phase6v2-r05-output-load-a01,D4-FULL,1,OUTPUT+LOAD,2.8839119073440416
phase6v2-r05-output-load-a01,D4-FULL,2,LOAD,1.8489058069279838
phase6v2-r05-output-load-a01,D4-FULL,3,LOAD+DOWNSTREAM,0.13324381224270576
phase6v2-r05-output-load-a01,D4-FULL,4,OUTPUT,-1.8489058069279838
phase6v2-r05-output-load-a01,D4-FULL,5,NONE,-2.8839119073440416
phase6v2-r05-output-load-a01,D4-FULL,6,OUTPUT+DOWNSTREAM,-3.564567801613262
phase6v2-r05-output-load-a01,D4-FULL,7,DOWNSTREAM,-4.59957390202932
phase6v2-r05-output-load-a01,D4-FULL,8,INPUT+LOAD,-6.920981171730288
phase6v2-r05-output-load-a01,D4-FULL,9,INPUT+OUTPUT,-10.618792785586255
phase6v2-r05-output-load-a01,D4-FULL,10,INPUT,-11.653798886002313
phase6v2-r05-output-load-a01,D4-FULL,11,INPUT+DOWNSTREAM,-13.369460880687592
phase6v2-r06-baseline-a01,D4-S,1,NONE,0
phase6v2-r06-baseline-a01,D4-S,2,INPUT,-0.022432650038988866
phase6v2-r06-baseline-a01,D4-S,3,DOWNSTREAM,-0.027901860588098293
phase6v2-r06-baseline-a01,D4-S,4,INPUT+DOWNSTREAM,-0.05033451062708716
phase6v2-r06-baseline-a01,D4-S,5,OUTPUT,-0.13912226782624712
phase6v2-r06-baseline-a01,D4-S,6,INPUT+OUTPUT,-0.161554917865236
phase6v2-r06-baseline-a01,D4-S,7,OUTPUT+DOWNSTREAM,-0.1670241284143454
phase6v2-r06-baseline-a01,D4-S,8,LOAD,-1.1546056503412148
phase6v2-r06-baseline-a01,D4-S,9,INPUT+LOAD,-1.1770383003802036
phase6v2-r06-baseline-a01,D4-S,10,LOAD+DOWNSTREAM,-1.182507510929313
phase6v2-r06-baseline-a01,D4-S,11,OUTPUT+LOAD,-1.293727918167462
phase6v2-r06-input-load-a01,D4-S,1,LOAD,2.3496011936812673
phase6v2-r06-input-load-a01,D4-S,2,OUTPUT+LOAD,2.184462390009271
phase6v2-r06-input-load-a01,D4-S,3,INPUT+LOAD,-1.0429542071551436
phase6v2-r06-input-load-a01,D4-S,4,LOAD+DOWNSTREAM,-1.081562515500197
phase6v2-r06-input-load-a01,D4-S,5,NONE,-2.3496011936812673
phase6v2-r06-input-load-a01,D4-S,6,OUTPUT,-2.5147399973532636
phase6v2-r06-input-load-a01,D4-S,7,INPUT,-5.742156594517678
phase6v2-r06-input-load-a01,D4-S,8,DOWNSTREAM,-5.780764902862732
phase6v2-r06-input-load-a01,D4-S,9,INPUT+OUTPUT,-5.9072953981896745
phase6v2-r06-input-load-a01,D4-S,10,OUTPUT+DOWNSTREAM,-5.945903706534728
phase6v2-r06-input-load-a01,D4-S,11,INPUT+DOWNSTREAM,-9.173320303699143
phase6v2-r06-output-downstream-control-a01,D4-S,1,OUTPUT,0.05069507074753915
phase6v2-r06-output-downstream-control-a01,D4-S,2,NONE,-0.05069507074753915
phase6v2-r06-output-downstream-control-a01,D4-S,3,OUTPUT+LOAD,-0.20021360962324913
phase6v2-r06-output-downstream-control-a01,D4-S,4,OUTPUT+DOWNSTREAM,-0.23015640061620002
phase6v2-r06-output-downstream-control-a01,D4-S,5,INPUT+OUTPUT,-0.2993994135261269
phase6v2-r06-output-downstream-control-a01,D4-S,6,LOAD,-0.30160375111832743
phase6v2-r06-output-downstream-control-a01,D4-S,7,DOWNSTREAM,-0.3315465421112783
phase6v2-r06-output-downstream-control-a01,D4-S,8,INPUT,-0.4007895550212052
phase6v2-r06-output-downstream-control-a01,D4-S,9,LOAD+DOWNSTREAM,-0.5824552224820665
phase6v2-r06-output-downstream-control-a01,D4-S,10,INPUT+LOAD,-0.6516982353919936
phase6v2-r06-output-downstream-control-a01,D4-S,11,INPUT+DOWNSTREAM,-0.6816410263849444
phase6v2-r06-input-medium-a01,D4-S,1,NONE,0
phase6v2-r06-input-medium-a01,D4-S,2,INPUT,-0.08151993235421962
phase6v2-r06-input-medium-a01,D4-S,3,DOWNSTREAM,-0.12554604465176855
phase6v2-r06-input-medium-a01,D4-S,4,OUTPUT,-0.1621366223652853
phase6v2-r06-input-medium-a01,D4-S,5,INPUT+DOWNSTREAM,-0.20706597700598817
phase6v2-r06-input-medium-a01,D4-S,6,INPUT+OUTPUT,-0.24365655471950493
phase6v2-r06-input-medium-a01,D4-S,7,OUTPUT+DOWNSTREAM,-0.28768266701705386
phase6v2-r06-input-medium-a01,D4-S,8,LOAD,-0.7429808333843595
phase6v2-r06-input-medium-a01,D4-S,9,INPUT+LOAD,-0.8245007657385791
phase6v2-r06-input-medium-a01,D4-S,10,LOAD+DOWNSTREAM,-0.868526878036128
phase6v2-r06-input-medium-a01,D4-S,11,OUTPUT+LOAD,-0.9051174557496449
phase6v2-r06-output-load-control-a01,D4-S,1,LOAD,1.8312581191697948
phase6v2-r06-output-load-control-a01,D4-S,2,INPUT+LOAD,1.0822530191525273
phase6v2-r06-output-load-control-a01,D4-S,3,OUTPUT+LOAD,1.0022343479971323
phase6v2-r06-output-load-control-a01,D4-S,4,LOAD+DOWNSTREAM,0.6439864556440089
phase6v2-r06-output-load-control-a01,D4-S,5,NONE,-1.8312581191697948
phase6v2-r06-output-load-control-a01,D4-S,6,INPUT,-2.5802632191870623
phase6v2-r06-output-load-control-a01,D4-S,7,OUTPUT,-2.660281890342457
phase6v2-r06-output-load-control-a01,D4-S,8,DOWNSTREAM,-3.0185297826955804
phase6v2-r06-output-load-control-a01,D4-S,9,INPUT+OUTPUT,-3.4092869903597247
phase6v2-r06-output-load-control-a01,D4-S,10,INPUT+DOWNSTREAM,-3.767534882712848
phase6v2-r06-output-load-control-a01,D4-S,11,OUTPUT+DOWNSTREAM,-3.8475535538682433
phase6v2-r06-load-downstream-a01,D4-S,1,LOAD,2.390731543676951
phase6v2-r06-load-downstream-a01,D4-S,2,OUTPUT+LOAD,2.063348392245923
phase6v2-r06-load-downstream-a01,D4-S,3,LOAD+DOWNSTREAM,0.4289882813614736
phase6v2-r06-load-downstream-a01,D4-S,4,INPUT+LOAD,0.3630676491997651
phase6v2-r06-load-downstream-a01,D4-S,5,NONE,-2.390731543676951
phase6v2-r06-load-downstream-a01,D4-S,6,OUTPUT,-2.7181146951079795
phase6v2-r06-load-downstream-a01,D4-S,7,DOWNSTREAM,-4.352474805992429
phase6v2-r06-load-downstream-a01,D4-S,8,INPUT,-4.418395438154137
phase6v2-r06-load-downstream-a01,D4-S,9,OUTPUT+DOWNSTREAM,-4.679857957423457
phase6v2-r06-load-downstream-a01,D4-S,10,INPUT+OUTPUT,-4.745778589585166
phase6v2-r06-load-downstream-a01,D4-S,11,INPUT+DOWNSTREAM,-6.380138700469615
phase6v2-r06-output-load-a01,D4-S,1,LOAD,2.422004497252849
phase6v2-r06-output-load-a01,D4-S,2,OUTPUT+LOAD,2.1578453038340175
phase6v2-r06-output-load-a01,D4-S,3,INPUT+LOAD,-1.2966992410528575
phase6v2-r06-output-load-a01,D4-S,4,LOAD+DOWNSTREAM,-1.3184455596757303
phase6v2-r06-output-load-a01,D4-S,5,NONE,-2.422004497252849
phase6v2-r06-output-load-a01,D4-S,6,OUTPUT,-2.6861636906716804
phase6v2-r06-output-load-a01,D4-S,7,INPUT,-6.140708235558556
phase6v2-r06-output-load-a01,D4-S,8,DOWNSTREAM,-6.162454554181428
phase6v2-r06-output-load-a01,D4-S,9,INPUT+OUTPUT,-6.404867428977386
phase6v2-r06-output-load-a01,D4-S,10,OUTPUT+DOWNSTREAM,-6.42661374760026
phase6v2-r06-output-load-a01,D4-S,11,INPUT+DOWNSTREAM,-9.881158292487136
phase6v2-r06-downstream-medium-a01,D4-S,1,NONE,0
phase6v2-r06-downstream-medium-a01,D4-S,2,OUTPUT,-0.1026885280654411
phase6v2-r06-downstream-medium-a01,D4-S,3,INPUT,-0.1400393859718413
phase6v2-r06-downstream-medium-a01,D4-S,4,DOWNSTREAM,-0.1718581945521136
phase6v2-r06-downstream-medium-a01,D4-S,5,INPUT+OUTPUT,-0.2427279140372824
phase6v2-r06-downstream-medium-a01,D4-S,6,OUTPUT+DOWNSTREAM,-0.2745467226175547
phase6v2-r06-downstream-medium-a01,D4-S,7,INPUT+DOWNSTREAM,-0.3118975805239549
phase6v2-r06-downstream-medium-a01,D4-S,8,LOAD,-0.4123280135089507
phase6v2-r06-downstream-medium-a01,D4-S,9,OUTPUT+LOAD,-0.5150165415743918
phase6v2-r06-downstream-medium-a01,D4-S,10,INPUT+LOAD,-0.552367399480792
phase6v2-r06-downstream-medium-a01,D4-S,11,LOAD+DOWNSTREAM,-0.5841862080610642
phase6v2-r06-input-downstream-a01,D4-S,1,NONE,0
phase6v2-r06-input-downstream-a01,D4-S,2,LOAD,-0.00603158671540549
phase6v2-r06-input-downstream-a01,D4-S,3,OUTPUT,-0.1006979038382943
phase6v2-r06-input-downstream-a01,D4-S,4,OUTPUT+LOAD,-0.10672949055369979
phase6v2-r06-input-downstream-a01,D4-S,5,INPUT,-0.26684001369077426
phase6v2-r06-input-downstream-a01,D4-S,6,INPUT+LOAD,-0.27287160040617975
phase6v2-r06-input-downstream-a01,D4-S,7,DOWNSTREAM,-0.2732010172973201
phase6v2-r06-input-downstream-a01,D4-S,8,LOAD+DOWNSTREAM,-0.2792326040127256
phase6v2-r06-input-downstream-a01,D4-S,9,INPUT+OUTPUT,-0.36753791752906856
phase6v2-r06-input-downstream-a01,D4-S,10,OUTPUT+DOWNSTREAM,-0.3738989211356144
phase6v2-r06-input-downstream-a01,D4-S,11,INPUT+DOWNSTREAM,-0.5400410309880943
phase6v2-r06-load-medium-a01,D4-S,1,LOAD,2.440454516748159
phase6v2-r06-load-medium-a01,D4-S,2,OUTPUT+LOAD,1.9925998531034432
phase6v2-r06-load-medium-a01,D4-S,3,LOAD+DOWNSTREAM,0.7924584976921114
phase6v2-r06-load-medium-a01,D4-S,4,INPUT+LOAD,0.7482346213769615
phase6v2-r06-load-medium-a01,D4-S,5,NONE,-2.440454516748159
phase6v2-r06-load-medium-a01,D4-S,6,OUTPUT,-2.8883091803928744
phase6v2-r06-load-medium-a01,D4-S,7,DOWNSTREAM,-4.088450535804206
phase6v2-r06-load-medium-a01,D4-S,8,INPUT,-4.132674412119356
phase6v2-r06-load-medium-a01,D4-S,9,OUTPUT+DOWNSTREAM,-4.536305199448922
phase6v2-r06-load-medium-a01,D4-S,10,INPUT+OUTPUT,-4.580529075764072
phase6v2-r06-load-medium-a01,D4-S,11,INPUT+DOWNSTREAM,-5.780670431175404
phase6v2-r06-output-medium-a01,D4-S,1,OUTPUT,0.3002765483789073
phase6v2-r06-output-medium-a01,D4-S,2,OUTPUT+LOAD,0.2937648535931749
phase6v2-r06-output-medium-a01,D4-S,3,NONE,-0.3002765483789073
phase6v2-r06-output-medium-a01,D4-S,4,LOAD,-0.30678824316463976
phase6v2-r06-output-medium-a01,D4-S,5,OUTPUT+DOWNSTREAM,-0.5769113573803624
phase6v2-r06-output-medium-a01,D4-S,6,INPUT+OUTPUT,-1.0509794992093746
phase6v2-r06-output-medium-a01,D4-S,7,DOWNSTREAM,-1.1774644541381771
phase6v2-r06-output-medium-a01,D4-S,8,LOAD+DOWNSTREAM,-1.1839761489239096
phase6v2-r06-output-medium-a01,D4-S,9,INPUT,-1.6515325959671894
phase6v2-r06-output-medium-a01,D4-S,10,INPUT+LOAD,-1.6580442907529218
phase6v2-r06-output-medium-a01,D4-S,11,INPUT+DOWNSTREAM,-2.528720501726459
phase6v2-r06-output-control-a01,D4-S,1,NONE,0
phase6v2-r06-output-control-a01,D4-S,2,OUTPUT,-0.08652920698305455
phase6v2-r06-output-control-a01,D4-S,3,INPUT,-0.12460917168642416
phase6v2-r06-output-control-a01,D4-S,4,DOWNSTREAM,-0.1391879629481222
phase6v2-r06-output-control-a01,D4-S,5,INPUT+OUTPUT,-0.2111383786694787
phase6v2-r06-output-control-a01,D4-S,6,OUTPUT+DOWNSTREAM,-0.22571716993117674
phase6v2-r06-output-control-a01,D4-S,7,INPUT+DOWNSTREAM,-0.26379713463454635
phase6v2-r06-output-control-a01,D4-S,8,LOAD,-0.9394679728554132
phase6v2-r06-output-control-a01,D4-S,9,OUTPUT+LOAD,-1.0259971798384677
phase6v2-r06-output-control-a01,D4-S,10,INPUT+LOAD,-1.0640771445418373
phase6v2-r06-output-control-a01,D4-S,11,LOAD+DOWNSTREAM,-1.0786559358035355
phase6v2-r06-output-downstream-a01,D4-S,1,OUTPUT+LOAD,1.1176181909065395
phase6v2-r06-output-downstream-a01,D4-S,2,LOAD,0.4866161787156728
phase6v2-r06-output-downstream-a01,D4-S,3,OUTPUT,-0.4866161787156728
phase6v2-r06-output-downstream-a01,D4-S,4,LOAD+DOWNSTREAM,-0.5708303881020156
phase6v2-r06-output-downstream-a01,D4-S,5,INPUT+LOAD,-0.9349320804609655
phase6v2-r06-output-downstream-a01,D4-S,6,NONE,-1.1176181909065395
phase6v2-r06-output-downstream-a01,D4-S,7,OUTPUT+DOWNSTREAM,-1.5440627455333613
phase6v2-r06-output-downstream-a01,D4-S,8,INPUT+OUTPUT,-1.9081644378923113
phase6v2-r06-output-downstream-a01,D4-S,9,DOWNSTREAM,-2.175064757724228
phase6v2-r06-output-downstream-a01,D4-S,10,INPUT,-2.5391664500831777
phase6v2-r06-output-downstream-a01,D4-S,11,INPUT+DOWNSTREAM,-3.596613016900866
phase6v2-r06-baseline-a01,D4-SM,1,NONE,0
phase6v2-r06-baseline-a01,D4-SM,2,DOWNSTREAM,-0.013508656205294955
phase6v2-r06-baseline-a01,D4-SM,3,INPUT,-0.016917598792274058
phase6v2-r06-baseline-a01,D4-SM,4,INPUT+DOWNSTREAM,-0.030426254997569013
phase6v2-r06-baseline-a01,D4-SM,5,LOAD,-0.3660423181924221
phase6v2-r06-baseline-a01,D4-SM,6,LOAD+DOWNSTREAM,-0.37955097439771707
phase6v2-r06-baseline-a01,D4-SM,7,INPUT+LOAD,-0.38295991698469617
phase6v2-r06-baseline-a01,D4-SM,8,OUTPUT,-1.0761140985983617
phase6v2-r06-baseline-a01,D4-SM,9,OUTPUT+DOWNSTREAM,-1.0896227548036568
phase6v2-r06-baseline-a01,D4-SM,10,INPUT+OUTPUT,-1.0930316973906358
phase6v2-r06-baseline-a01,D4-SM,11,OUTPUT+LOAD,-1.4421564167907839
phase6v2-r06-input-load-a01,D4-SM,1,OUTPUT+LOAD,3.555589037776591
phase6v2-r06-input-load-a01,D4-SM,2,LOAD,1.122544681751384
phase6v2-r06-input-load-a01,D4-SM,3,LOAD+DOWNSTREAM,-0.6461500443303465
phase6v2-r06-input-load-a01,D4-SM,4,OUTPUT,-1.122544681751384
phase6v2-r06-input-load-a01,D4-SM,5,OUTPUT+DOWNSTREAM,-2.8912394078331145
phase6v2-r06-input-load-a01,D4-SM,6,INPUT+LOAD,-3.3532947162504216
phase6v2-r06-input-load-a01,D4-SM,7,NONE,-3.555589037776591
phase6v2-r06-input-load-a01,D4-SM,8,DOWNSTREAM,-5.324283763858322
phase6v2-r06-input-load-a01,D4-SM,9,INPUT+OUTPUT,-5.59838407975319
phase6v2-r06-input-load-a01,D4-SM,10,INPUT,-8.031428435778396
phase6v2-r06-input-load-a01,D4-SM,11,INPUT+DOWNSTREAM,-9.800123161860128
phase6v2-r06-output-downstream-control-a01,D4-SM,1,DOWNSTREAM,2.3433183759019176
phase6v2-r06-output-downstream-control-a01,D4-SM,2,INPUT+DOWNSTREAM,2.063889290145702
phase6v2-r06-output-downstream-control-a01,D4-SM,3,OUTPUT+DOWNSTREAM,1.825032873516057
phase6v2-r06-output-downstream-control-a01,D4-SM,4,LOAD+DOWNSTREAM,1.430353313702883
phase6v2-r06-output-downstream-control-a01,D4-SM,5,NONE,-2.3433183759019176
phase6v2-r06-output-downstream-control-a01,D4-SM,6,INPUT,-2.622747461658133
phase6v2-r06-output-downstream-control-a01,D4-SM,7,OUTPUT,-2.861603878287778
phase6v2-r06-output-downstream-control-a01,D4-SM,8,INPUT+OUTPUT,-3.141032964043993
phase6v2-r06-output-downstream-control-a01,D4-SM,9,LOAD,-3.256283438100952
phase6v2-r06-output-downstream-control-a01,D4-SM,10,INPUT+LOAD,-3.5357125238571676
phase6v2-r06-output-downstream-control-a01,D4-SM,11,OUTPUT+LOAD,-3.774568940486813
phase6v2-r06-input-medium-a01,D4-SM,1,NONE,0
phase6v2-r06-input-medium-a01,D4-SM,2,DOWNSTREAM,-0.04809870717425829
phase6v2-r06-input-medium-a01,D4-SM,3,INPUT,-0.13335669916846438
phase6v2-r06-input-medium-a01,D4-SM,4,LOAD,-0.17111873499067065
phase6v2-r06-input-medium-a01,D4-SM,5,INPUT+DOWNSTREAM,-0.18145540634272267
phase6v2-r06-input-medium-a01,D4-SM,6,LOAD+DOWNSTREAM,-0.21921744216492894
phase6v2-r06-input-medium-a01,D4-SM,7,INPUT+LOAD,-0.304475434159135
phase6v2-r06-input-medium-a01,D4-SM,8,OUTPUT,-1.0964667644081088
phase6v2-r06-input-medium-a01,D4-SM,9,OUTPUT+DOWNSTREAM,-1.144565471582367
phase6v2-r06-input-medium-a01,D4-SM,10,INPUT+OUTPUT,-1.2298234635765732
phase6v2-r06-input-medium-a01,D4-SM,11,OUTPUT+LOAD,-1.2675854993987794
phase6v2-r06-output-load-control-a01,D4-SM,1,LOAD,3.1224812728631655
phase6v2-r06-output-load-control-a01,D4-SM,2,LOAD+DOWNSTREAM,2.4733845420269427
phase6v2-r06-output-load-control-a01,D4-SM,3,OUTPUT+LOAD,2.3622887055645396
phase6v2-r06-output-load-control-a01,D4-SM,4,INPUT+LOAD,2.1216378046249953
phase6v2-r06-output-load-control-a01,D4-SM,5,NONE,-3.1224812728631655
phase6v2-r06-output-load-control-a01,D4-SM,6,DOWNSTREAM,-3.7715780036993882
phase6v2-r06-output-load-control-a01,D4-SM,7,OUTPUT,-3.8826738401617913
phase6v2-r06-output-load-control-a01,D4-SM,8,INPUT,-4.123324741101335
phase6v2-r06-output-load-control-a01,D4-SM,9,OUTPUT+DOWNSTREAM,-4.531770570998014
phase6v2-r06-output-load-control-a01,D4-SM,10,INPUT+DOWNSTREAM,-4.772421471937558
phase6v2-r06-output-load-control-a01,D4-SM,11,INPUT+OUTPUT,-4.883517308399962
phase6v2-r06-load-downstream-a01,D4-SM,1,LOAD+DOWNSTREAM,4.851737406878982
phase6v2-r06-load-downstream-a01,D4-SM,2,OUTPUT+LOAD,1.9526985633545062
phase6v2-r06-load-downstream-a01,D4-SM,3,LOAD,1.8459924460268857
phase6v2-r06-load-downstream-a01,D4-SM,4,INPUT+LOAD,-0.7195498176813582
phase6v2-r06-load-downstream-a01,D4-SM,5,OUTPUT+DOWNSTREAM,-1.8459924460268857
phase6v2-r06-load-downstream-a01,D4-SM,6,DOWNSTREAM,-1.9526985633545062
phase6v2-r06-load-downstream-a01,D4-SM,7,INPUT+DOWNSTREAM,-4.51824082706275
phase6v2-r06-load-downstream-a01,D4-SM,8,OUTPUT,-4.851737406878982
phase6v2-r06-load-downstream-a01,D4-SM,9,NONE,-4.9584435242066025
phase6v2-r06-load-downstream-a01,D4-SM,10,INPUT+OUTPUT,-7.4172796705872255
phase6v2-r06-load-downstream-a01,D4-SM,11,INPUT,-7.523985787914846
phase6v2-r06-output-load-a01,D4-SM,1,OUTPUT+LOAD,3.686960500500046
phase6v2-r06-output-load-a01,D4-SM,2,LOAD,0.245988542643784
phase6v2-r06-output-load-a01,D4-SM,3,OUTPUT,-0.245988542643784
phase6v2-r06-output-load-a01,D4-SM,4,LOAD+DOWNSTREAM,-1.6926874473690217
phase6v2-r06-output-load-a01,D4-SM,5,OUTPUT+DOWNSTREAM,-2.1846645326565897
phase6v2-r06-output-load-a01,D4-SM,6,NONE,-3.686960500500046
phase6v2-r06-output-load-a01,D4-SM,7,INPUT+LOAD,-4.442229072093849
phase6v2-r06-output-load-a01,D4-SM,8,INPUT+OUTPUT,-4.934206157381418
phase6v2-r06-output-load-a01,D4-SM,9,DOWNSTREAM,-5.625636490512852
phase6v2-r06-output-load-a01,D4-SM,10,INPUT,-8.375178115237679
phase6v2-r06-output-load-a01,D4-SM,11,INPUT+DOWNSTREAM,-10.313854105250485
phase6v2-r06-downstream-medium-a01,D4-SM,1,DOWNSTREAM,2.3978150143077297
phase6v2-r06-downstream-medium-a01,D4-SM,2,LOAD+DOWNSTREAM,2.382220341864732
phase6v2-r06-downstream-medium-a01,D4-SM,3,INPUT+DOWNSTREAM,2.226874977456646
phase6v2-r06-downstream-medium-a01,D4-SM,4,OUTPUT+DOWNSTREAM,1.3106356826151628
phase6v2-r06-downstream-medium-a01,D4-SM,5,NONE,-2.3978150143077297
phase6v2-r06-downstream-medium-a01,D4-SM,6,LOAD,-2.4134096867507275
phase6v2-r06-downstream-medium-a01,D4-SM,7,INPUT,-2.5687550511588135
phase6v2-r06-downstream-medium-a01,D4-SM,8,INPUT+LOAD,-2.5843497236018114
phase6v2-r06-downstream-medium-a01,D4-SM,9,OUTPUT,-3.4849943460002963
phase6v2-r06-downstream-medium-a01,D4-SM,10,OUTPUT+LOAD,-3.5005890184432946
phase6v2-r06-downstream-medium-a01,D4-SM,11,INPUT+OUTPUT,-3.6559343828513806
phase6v2-r06-input-downstream-a01,D4-SM,1,LOAD+DOWNSTREAM,2.525825802416927
phase6v2-r06-input-downstream-a01,D4-SM,2,DOWNSTREAM,2.1684614034533265
phase6v2-r06-input-downstream-a01,D4-SM,3,INPUT+DOWNSTREAM,1.8447797248694198
phase6v2-r06-input-downstream-a01,D4-SM,4,OUTPUT+DOWNSTREAM,1.1056820166585142
phase6v2-r06-input-downstream-a01,D4-SM,5,LOAD,-2.1684614034533265
phase6v2-r06-input-downstream-a01,D4-SM,6,INPUT+LOAD,-2.4921430820372334
phase6v2-r06-input-downstream-a01,D4-SM,7,NONE,-2.525825802416927
phase6v2-r06-input-downstream-a01,D4-SM,8,INPUT,-2.849507481000834
phase6v2-r06-input-downstream-a01,D4-SM,9,OUTPUT+LOAD,-3.2312407902481395
phase6v2-r06-input-downstream-a01,D4-SM,10,OUTPUT,-3.5886051892117394
phase6v2-r06-input-downstream-a01,D4-SM,11,INPUT+OUTPUT,-3.9122868677956464
phase6v2-r06-load-medium-a01,D4-SM,1,LOAD,3.4270794716523474
phase6v2-r06-load-medium-a01,D4-SM,2,OUTPUT+LOAD,3.2888738445308827
phase6v2-r06-load-medium-a01,D4-SM,3,LOAD+DOWNSTREAM,2.547422596295297
phase6v2-r06-load-medium-a01,D4-SM,4,INPUT+LOAD,1.3102410229073467
phase6v2-r06-load-medium-a01,D4-SM,5,NONE,-3.4270794716523474
phase6v2-r06-load-medium-a01,D4-SM,6,OUTPUT,-3.565285098773812
phase6v2-r06-load-medium-a01,D4-SM,7,DOWNSTREAM,-4.306736347009398
phase6v2-r06-load-medium-a01,D4-SM,8,OUTPUT+DOWNSTREAM,-4.444941974130862
phase6v2-r06-load-medium-a01,D4-SM,9,INPUT,-5.543917920397348
phase6v2-r06-load-medium-a01,D4-SM,10,INPUT+OUTPUT,-5.682123547518813
phase6v2-r06-load-medium-a01,D4-SM,11,INPUT+DOWNSTREAM,-6.423574795754398
phase6v2-r06-output-medium-a01,D4-SM,1,OUTPUT,0.8268521353154867
phase6v2-r06-output-medium-a01,D4-SM,2,OUTPUT+DOWNSTREAM,0.3819987396652541
phase6v2-r06-output-medium-a01,D4-SM,3,INPUT+OUTPUT,0.14724463674772914
phase6v2-r06-output-medium-a01,D4-SM,4,OUTPUT+LOAD,0.02715359154810726
phase6v2-r06-output-medium-a01,D4-SM,5,NONE,-0.8268521353154867
phase6v2-r06-output-medium-a01,D4-SM,6,DOWNSTREAM,-1.2717055309657193
phase6v2-r06-output-medium-a01,D4-SM,7,INPUT,-1.5064596338832443
phase6v2-r06-output-medium-a01,D4-SM,8,LOAD,-1.6265506790828663
phase6v2-r06-output-medium-a01,D4-SM,9,INPUT+DOWNSTREAM,-1.951313029533477
phase6v2-r06-output-medium-a01,D4-SM,10,LOAD+DOWNSTREAM,-2.071404074733099
phase6v2-r06-output-medium-a01,D4-SM,11,INPUT+LOAD,-2.306158177650624
phase6v2-r06-output-control-a01,D4-SM,1,NONE,0
phase6v2-r06-output-control-a01,D4-SM,2,DOWNSTREAM,-0.055124232055253575
phase6v2-r06-output-control-a01,D4-SM,3,INPUT,-0.07128635347822909
phase6v2-r06-output-control-a01,D4-SM,4,INPUT+DOWNSTREAM,-0.12641058553348267
phase6v2-r06-output-control-a01,D4-SM,5,OUTPUT,-0.7326380184394923
phase6v2-r06-output-control-a01,D4-SM,6,OUTPUT+DOWNSTREAM,-0.7877622504947459
phase6v2-r06-output-control-a01,D4-SM,7,INPUT+OUTPUT,-0.8039243719177214
phase6v2-r06-output-control-a01,D4-SM,8,LOAD,-1.2496047894490798
phase6v2-r06-output-control-a01,D4-SM,9,LOAD+DOWNSTREAM,-1.3047290215043335
phase6v2-r06-output-control-a01,D4-SM,10,INPUT+LOAD,-1.320891142927309
phase6v2-r06-output-control-a01,D4-SM,11,OUTPUT+LOAD,-1.982242807888572
phase6v2-r06-output-downstream-a01,D4-SM,1,OUTPUT+DOWNSTREAM,2.789997284004004
phase6v2-r06-output-downstream-a01,D4-SM,2,DOWNSTREAM,1.1200443723458817
phase6v2-r06-output-downstream-a01,D4-SM,3,LOAD+DOWNSTREAM,0.7207984701563357
phase6v2-r06-output-downstream-a01,D4-SM,4,INPUT+DOWNSTREAM,0.31121750738528475
phase6v2-r06-output-downstream-a01,D4-SM,5,OUTPUT,-1.1200443723458817
phase6v2-r06-output-downstream-a01,D4-SM,6,OUTPUT+LOAD,-1.5192902745354275
phase6v2-r06-output-downstream-a01,D4-SM,7,INPUT+OUTPUT,-1.9288712373064787
phase6v2-r06-output-downstream-a01,D4-SM,8,NONE,-2.789997284004004
phase6v2-r06-output-downstream-a01,D4-SM,9,LOAD,-3.1892431861935497
phase6v2-r06-output-downstream-a01,D4-SM,10,INPUT,-3.598824148964601
phase6v2-r06-output-downstream-a01,D4-SM,11,INPUT+LOAD,-3.998070051154147
phase6v2-r06-baseline-a01,D4-SMT,1,NONE,0
phase6v2-r06-baseline-a01,D4-SMT,2,INPUT,-0.014141511510520344
phase6v2-r06-baseline-a01,D4-SMT,3,LOAD,-0.09651063303316026
phase6v2-r06-baseline-a01,D4-SMT,4,INPUT+LOAD,-0.11065214454368061
phase6v2-r06-baseline-a01,D4-SMT,5,DOWNSTREAM,-0.2382409383981952
phase6v2-r06-baseline-a01,D4-SMT,6,INPUT+DOWNSTREAM,-0.25238244990871556
phase6v2-r06-baseline-a01,D4-SMT,7,LOAD+DOWNSTREAM,-0.3347515714313555
phase6v2-r06-baseline-a01,D4-SMT,8,OUTPUT,-0.5775364089628254
phase6v2-r06-baseline-a01,D4-SMT,9,INPUT+OUTPUT,-0.5916779204733458
phase6v2-r06-baseline-a01,D4-SMT,10,OUTPUT+LOAD,-0.6740470419959856
phase6v2-r06-baseline-a01,D4-SMT,11,OUTPUT+DOWNSTREAM,-0.8157773473610206
phase6v2-r06-input-load-a01,D4-SMT,1,OUTPUT+LOAD,3.840051111700019
phase6v2-r06-input-load-a01,D4-SMT,2,LOAD,1.7189279159187756
phase6v2-r06-input-load-a01,D4-SMT,3,LOAD+DOWNSTREAM,1.1251367316830791
phase6v2-r06-input-load-a01,D4-SMT,4,INPUT+LOAD,1.07932288148484
phase6v2-r06-input-load-a01,D4-SMT,5,OUTPUT,-1.7189279159187756
phase6v2-r06-input-load-a01,D4-SMT,6,OUTPUT+DOWNSTREAM,-2.312719100154472
phase6v2-r06-input-load-a01,D4-SMT,7,INPUT+OUTPUT,-2.358532950352711
phase6v2-r06-input-load-a01,D4-SMT,8,NONE,-3.840051111700019
phase6v2-r06-input-load-a01,D4-SMT,9,DOWNSTREAM,-4.433842295935715
phase6v2-r06-input-load-a01,D4-SMT,10,INPUT,-4.479656146133954
phase6v2-r06-input-load-a01,D4-SMT,11,INPUT+DOWNSTREAM,-5.073447330369651
phase6v2-r06-output-downstream-control-a01,D4-SMT,1,DOWNSTREAM,1.6072277055852093
phase6v2-r06-output-downstream-control-a01,D4-SMT,2,INPUT+DOWNSTREAM,1.4240831618132512
phase6v2-r06-output-downstream-control-a01,D4-SMT,3,LOAD+DOWNSTREAM,1.3752860190669804
phase6v2-r06-output-downstream-control-a01,D4-SMT,4,OUTPUT+DOWNSTREAM,1.27696735852316
phase6v2-r06-output-downstream-control-a01,D4-SMT,5,NONE,-1.6072277055852093
phase6v2-r06-output-downstream-control-a01,D4-SMT,6,INPUT,-1.7903722493571674
phase6v2-r06-output-downstream-control-a01,D4-SMT,7,LOAD,-1.8391693921034382
phase6v2-r06-output-downstream-control-a01,D4-SMT,8,OUTPUT,-1.9374880526472587
phase6v2-r06-output-downstream-control-a01,D4-SMT,9,INPUT+LOAD,-2.0223139358753963
phase6v2-r06-output-downstream-control-a01,D4-SMT,10,INPUT+OUTPUT,-2.1206325964192168
phase6v2-r06-output-downstream-control-a01,D4-SMT,11,OUTPUT+LOAD,-2.1694297391654875
phase6v2-r06-input-medium-a01,D4-SMT,1,DOWNSTREAM,0.02277832497712784
phase6v2-r06-input-medium-a01,D4-SMT,2,NONE,-0.02277832497712784
phase6v2-r06-input-medium-a01,D4-SMT,3,LOAD+DOWNSTREAM,-0.06675897541548098
phase6v2-r06-input-medium-a01,D4-SMT,4,INPUT+DOWNSTREAM,-0.07305564806546816
phase6v2-r06-input-medium-a01,D4-SMT,5,LOAD,-0.11231562536973666
phase6v2-r06-input-medium-a01,D4-SMT,6,INPUT,-0.11861229801972384
phase6v2-r06-input-medium-a01,D4-SMT,7,INPUT+LOAD,-0.20814959841233266
phase6v2-r06-input-medium-a01,D4-SMT,8,OUTPUT+DOWNSTREAM,-0.6118776333897403
phase6v2-r06-input-medium-a01,D4-SMT,9,OUTPUT,-0.657434283343996
phase6v2-r06-input-medium-a01,D4-SMT,10,OUTPUT+LOAD,-0.7469715837366049
phase6v2-r06-input-medium-a01,D4-SMT,11,INPUT+OUTPUT,-0.753268256386592
phase6v2-r06-output-load-control-a01,D4-SMT,1,LOAD,3.259681870177961
phase6v2-r06-output-load-control-a01,D4-SMT,2,LOAD+DOWNSTREAM,2.9999433324278053
phase6v2-r06-output-load-control-a01,D4-SMT,3,INPUT+LOAD,2.738088938770271
phase6v2-r06-output-load-control-a01,D4-SMT,4,OUTPUT+LOAD,2.6967061602582865
phase6v2-r06-output-load-control-a01,D4-SMT,5,NONE,-3.259681870177961
phase6v2-r06-output-load-control-a01,D4-SMT,6,DOWNSTREAM,-3.5194204079281164
phase6v2-r06-output-load-control-a01,D4-SMT,7,INPUT,-3.7812748015856505
phase6v2-r06-output-load-control-a01,D4-SMT,8,OUTPUT,-3.8226575800976352
phase6v2-r06-output-load-control-a01,D4-SMT,9,INPUT+DOWNSTREAM,-4.041013339335806
phase6v2-r06-output-load-control-a01,D4-SMT,10,OUTPUT+DOWNSTREAM,-4.08239611784779
phase6v2-r06-output-load-control-a01,D4-SMT,11,INPUT+OUTPUT,-4.344250511505324
phase6v2-r06-load-downstream-a01,D4-SMT,1,LOAD+DOWNSTREAM,4.427310351187753
phase6v2-r06-load-downstream-a01,D4-SMT,2,OUTPUT+LOAD,2.5179889001651667
phase6v2-r06-load-downstream-a01,D4-SMT,3,LOAD,2.2653198993981305
phase6v2-r06-load-downstream-a01,D4-SMT,4,INPUT+LOAD,1.635545891253459
phase6v2-r06-load-downstream-a01,D4-SMT,5,OUTPUT+DOWNSTREAM,-2.2653198993981305
phase6v2-r06-load-downstream-a01,D4-SMT,6,DOWNSTREAM,-2.5179889001651667
phase6v2-r06-load-downstream-a01,D4-SMT,7,INPUT+DOWNSTREAM,-3.147762908309838
phase6v2-r06-load-downstream-a01,D4-SMT,8,OUTPUT,-4.427310351187753
phase6v2-r06-load-downstream-a01,D4-SMT,9,NONE,-4.67997935195479
phase6v2-r06-load-downstream-a01,D4-SMT,10,INPUT+OUTPUT,-5.057084359332425
phase6v2-r06-load-downstream-a01,D4-SMT,11,INPUT,-5.309753360099462
phase6v2-r06-output-load-a01,D4-SMT,1,OUTPUT+LOAD,4.153477277240709
phase6v2-r06-output-load-a01,D4-SMT,2,LOAD,0.9744078851906384
phase6v2-r06-output-load-a01,D4-SMT,3,LOAD+DOWNSTREAM,0.4222637164603671
phase6v2-r06-output-load-a01,D4-SMT,4,INPUT+LOAD,0.3348028507567029
phase6v2-r06-output-load-a01,D4-SMT,5,OUTPUT,-0.9744078851906384
phase6v2-r06-output-load-a01,D4-SMT,6,OUTPUT+DOWNSTREAM,-1.5265520539209096
phase6v2-r06-output-load-a01,D4-SMT,7,INPUT+OUTPUT,-1.6140129196245738
phase6v2-r06-output-load-a01,D4-SMT,8,NONE,-4.153477277240709
phase6v2-r06-output-load-a01,D4-SMT,9,DOWNSTREAM,-4.705621445970981
phase6v2-r06-output-load-a01,D4-SMT,10,INPUT,-4.793082311674644
phase6v2-r06-output-load-a01,D4-SMT,11,INPUT+DOWNSTREAM,-5.345226480404916
phase6v2-r06-downstream-medium-a01,D4-SMT,1,DOWNSTREAM,1.225169350127271
phase6v2-r06-downstream-medium-a01,D4-SMT,2,LOAD+DOWNSTREAM,1.1187677712167514
phase6v2-r06-downstream-medium-a01,D4-SMT,3,INPUT+DOWNSTREAM,1.1028579426193978
phase6v2-r06-downstream-medium-a01,D4-SMT,4,OUTPUT+DOWNSTREAM,0.5754089925161984
phase6v2-r06-downstream-medium-a01,D4-SMT,5,NONE,-1.225169350127271
phase6v2-r06-downstream-medium-a01,D4-SMT,6,LOAD,-1.3315709290377904
phase6v2-r06-downstream-medium-a01,D4-SMT,7,INPUT,-1.347480757635144
phase6v2-r06-downstream-medium-a01,D4-SMT,8,INPUT+LOAD,-1.4538823365456635
phase6v2-r06-downstream-medium-a01,D4-SMT,9,OUTPUT,-1.8749297077383433
phase6v2-r06-downstream-medium-a01,D4-SMT,10,OUTPUT+LOAD,-1.9813312866488628
phase6v2-r06-downstream-medium-a01,D4-SMT,11,INPUT+OUTPUT,-1.9972411152462164
phase6v2-r06-input-downstream-a01,D4-SMT,1,LOAD+DOWNSTREAM,2.4813155547872823
phase6v2-r06-input-downstream-a01,D4-SMT,2,DOWNSTREAM,2.270572189810121
phase6v2-r06-input-downstream-a01,D4-SMT,3,INPUT+DOWNSTREAM,2.0603873116686406
phase6v2-r06-input-downstream-a01,D4-SMT,4,OUTPUT+DOWNSTREAM,1.577945991341201
phase6v2-r06-input-downstream-a01,D4-SMT,5,LOAD,-2.270572189810121
phase6v2-r06-input-downstream-a01,D4-SMT,6,INPUT+LOAD,-2.480757067951602
phase6v2-r06-input-downstream-a01,D4-SMT,7,NONE,-2.4813155547872823
phase6v2-r06-input-downstream-a01,D4-SMT,8,INPUT,-2.691500432928763
phase6v2-r06-input-downstream-a01,D4-SMT,9,OUTPUT+LOAD,-2.963198388279041
phase6v2-r06-input-downstream-a01,D4-SMT,10,OUTPUT,-3.1739417532562024
phase6v2-r06-input-downstream-a01,D4-SMT,11,INPUT+OUTPUT,-3.384126631397683
phase6v2-r06-load-medium-a01,D4-SMT,1,LOAD,3.466843011573862
phase6v2-r06-load-medium-a01,D4-SMT,2,OUTPUT+LOAD,3.3694006650915544
phase6v2-r06-load-medium-a01,D4-SMT,3,LOAD+DOWNSTREAM,3.1593189642718564
phase6v2-r06-load-medium-a01,D4-SMT,4,INPUT+LOAD,2.839829776027231
phase6v2-r06-load-medium-a01,D4-SMT,5,NONE,-3.466843011573862
phase6v2-r06-load-medium-a01,D4-SMT,6,OUTPUT,-3.56428535805617
phase6v2-r06-load-medium-a01,D4-SMT,7,DOWNSTREAM,-3.774367058875868
phase6v2-r06-load-medium-a01,D4-SMT,8,OUTPUT+DOWNSTREAM,-3.8718094053581757
phase6v2-r06-load-medium-a01,D4-SMT,9,INPUT,-4.093856247120494
phase6v2-r06-load-medium-a01,D4-SMT,10,INPUT+OUTPUT,-4.191298593602801
phase6v2-r06-load-medium-a01,D4-SMT,11,INPUT+DOWNSTREAM,-4.401380294422499
phase6v2-r06-output-medium-a01,D4-SMT,1,OUTPUT+LOAD,1.1556735990392364
phase6v2-r06-output-medium-a01,D4-SMT,2,OUTPUT,1.092291865338033
phase6v2-r06-output-medium-a01,D4-SMT,3,INPUT+OUTPUT,0.8977180374134022
phase6v2-r06-output-medium-a01,D4-SMT,4,OUTPUT+DOWNSTREAM,0.8483276429211875
phase6v2-r06-output-medium-a01,D4-SMT,5,LOAD,-1.092291865338033
phase6v2-r06-output-medium-a01,D4-SMT,6,NONE,-1.1556735990392364
phase6v2-r06-output-medium-a01,D4-SMT,7,INPUT+LOAD,-1.2868656932626636
phase6v2-r06-output-medium-a01,D4-SMT,8,LOAD+DOWNSTREAM,-1.3362560877548784
phase6v2-r06-output-medium-a01,D4-SMT,9,INPUT,-1.3502474269638671
phase6v2-r06-output-medium-a01,D4-SMT,10,DOWNSTREAM,-1.3996378214560818
phase6v2-r06-output-medium-a01,D4-SMT,11,INPUT+DOWNSTREAM,-1.5942116493807126
phase6v2-r06-output-control-a01,D4-SMT,1,NONE,0
phase6v2-r06-output-control-a01,D4-SMT,2,INPUT,-0.043751811968994025
phase6v2-r06-output-control-a01,D4-SMT,3,DOWNSTREAM,-0.3204874160026247
phase6v2-r06-output-control-a01,D4-SMT,4,INPUT+DOWNSTREAM,-0.36423922797161873
phase6v2-r06-output-control-a01,D4-SMT,5,LOAD,-0.45864883861461386
phase6v2-r06-output-control-a01,D4-SMT,6,INPUT+LOAD,-0.5024006505836078
phase6v2-r06-output-control-a01,D4-SMT,7,OUTPUT,-0.5589718872109044
phase6v2-r06-output-control-a01,D4-SMT,8,INPUT+OUTPUT,-0.6027236991798984
phase6v2-r06-output-control-a01,D4-SMT,9,LOAD+DOWNSTREAM,-0.7791362546172386
phase6v2-r06-output-control-a01,D4-SMT,10,OUTPUT+DOWNSTREAM,-0.8794593032135292
phase6v2-r06-output-control-a01,D4-SMT,11,OUTPUT+LOAD,-1.0176207258255183
phase6v2-r06-output-downstream-a01,D4-SMT,1,OUTPUT+DOWNSTREAM,2.5766382056287664
phase6v2-r06-output-downstream-a01,D4-SMT,2,LOAD+DOWNSTREAM,1.3958691624113426
phase6v2-r06-output-downstream-a01,D4-SMT,3,DOWNSTREAM,1.201505819318561
phase6v2-r06-output-downstream-a01,D4-SMT,4,INPUT+DOWNSTREAM,0.9447806844822029
phase6v2-r06-output-downstream-a01,D4-SMT,5,OUTPUT+LOAD,-1.201505819318561
phase6v2-r06-output-downstream-a01,D4-SMT,6,OUTPUT,-1.3958691624113426
phase6v2-r06-output-downstream-a01,D4-SMT,7,INPUT+OUTPUT,-1.6525942972477008
phase6v2-r06-output-downstream-a01,D4-SMT,8,LOAD,-2.5766382056287664
phase6v2-r06-output-downstream-a01,D4-SMT,9,NONE,-2.771001548721548
phase6v2-r06-output-downstream-a01,D4-SMT,10,INPUT+LOAD,-2.833363340465125
phase6v2-r06-output-downstream-a01,D4-SMT,11,INPUT,-3.0277266835579058
phase6v2-r06-baseline-a01,D4-FULL,1,NONE,0
phase6v2-r06-baseline-a01,D4-FULL,2,INPUT,-0.012143339259370722
phase6v2-r06-baseline-a01,D4-FULL,3,DOWNSTREAM,-0.130107352682736
phase6v2-r06-baseline-a01,D4-FULL,4,INPUT+DOWNSTREAM,-0.1422506919421067
phase6v2-r06-baseline-a01,D4-FULL,5,LOAD,-0.20834233364389862
phase6v2-r06-baseline-a01,D4-FULL,6,INPUT+LOAD,-0.22048567290326934
phase6v2-r06-baseline-a01,D4-FULL,7,LOAD+DOWNSTREAM,-0.33844968632663464
phase6v2-r06-baseline-a01,D4-FULL,8,OUTPUT,-0.9889045572157521
phase6v2-r06-baseline-a01,D4-FULL,9,INPUT+OUTPUT,-1.0010478964751228
phase6v2-r06-baseline-a01,D4-FULL,10,OUTPUT+DOWNSTREAM,-1.119011909898488
phase6v2-r06-baseline-a01,D4-FULL,11,OUTPUT+LOAD,-1.1972468908596507
phase6v2-r06-input-load-a01,D4-FULL,1,OUTPUT+LOAD,3.1949032229154426
phase6v2-r06-input-load-a01,D4-FULL,2,LOAD,2.3528620324587397
phase6v2-r06-input-load-a01,D4-FULL,3,LOAD+DOWNSTREAM,0.014157737617073063
phase6v2-r06-input-load-a01,D4-FULL,4,OUTPUT,-2.3528620324587397
phase6v2-r06-input-load-a01,D4-FULL,5,NONE,-3.1949032229154426
phase6v2-r06-input-load-a01,D4-FULL,6,OUTPUT+DOWNSTREAM,-4.691566327300406
phase6v2-r06-input-load-a01,D4-FULL,7,DOWNSTREAM,-5.533607517757109
phase6v2-r06-input-load-a01,D4-FULL,8,INPUT+LOAD,-7.305223711626976
phase6v2-r06-input-load-a01,D4-FULL,9,INPUT+OUTPUT,-12.010947776544455
phase6v2-r06-input-load-a01,D4-FULL,10,INPUT,-12.852988967001158
phase6v2-r06-input-load-a01,D4-FULL,11,INPUT+DOWNSTREAM,-15.191693261842826
phase6v2-r06-output-downstream-control-a01,D4-FULL,1,DOWNSTREAM,1.6298206635312904
phase6v2-r06-output-downstream-control-a01,D4-FULL,2,OUTPUT+DOWNSTREAM,1.5873454667079738
phase6v2-r06-output-downstream-control-a01,D4-FULL,3,INPUT+DOWNSTREAM,1.4421608856197319
phase6v2-r06-output-downstream-control-a01,D4-FULL,4,LOAD+DOWNSTREAM,0.15010446146882117
phase6v2-r06-output-downstream-control-a01,D4-FULL,5,NONE,-1.6298206635312904
phase6v2-r06-output-downstream-control-a01,D4-FULL,6,OUTPUT,-1.672295860354607
phase6v2-r06-output-downstream-control-a01,D4-FULL,7,INPUT,-1.817480441442849
phase6v2-r06-output-downstream-control-a01,D4-FULL,8,INPUT+OUTPUT,-1.8599556382661655
phase6v2-r06-output-downstream-control-a01,D4-FULL,9,LOAD,-3.1095368655937596
phase6v2-r06-output-downstream-control-a01,D4-FULL,10,OUTPUT+LOAD,-3.152012062417076
phase6v2-r06-output-downstream-control-a01,D4-FULL,11,INPUT+LOAD,-3.297196643505318
phase6v2-r06-input-medium-a01,D4-FULL,1,DOWNSTREAM,0.14352941869578006
phase6v2-r06-input-medium-a01,D4-FULL,2,LOAD+DOWNSTREAM,0.07010638001140113
phase6v2-r06-input-medium-a01,D4-FULL,3,INPUT+DOWNSTREAM,0.054578672697396136
phase6v2-r06-input-medium-a01,D4-FULL,4,NONE,-0.14352941869578006
phase6v2-r06-input-medium-a01,D4-FULL,5,LOAD,-0.216952457380159
phase6v2-r06-input-medium-a01,D4-FULL,6,INPUT,-0.232480164694164
phase6v2-r06-input-medium-a01,D4-FULL,7,INPUT+LOAD,-0.30590320337854293
phase6v2-r06-input-medium-a01,D4-FULL,8,OUTPUT+DOWNSTREAM,-0.9067423410224917
phase6v2-r06-input-medium-a01,D4-FULL,9,OUTPUT,-1.1938011784140519
phase6v2-r06-input-medium-a01,D4-FULL,10,OUTPUT+LOAD,-1.2672242170984307
phase6v2-r06-input-medium-a01,D4-FULL,11,INPUT+OUTPUT,-1.282751924412436
phase6v2-r06-output-load-control-a01,D4-FULL,1,LOAD,3.252466745931333
phase6v2-r06-output-load-control-a01,D4-FULL,2,OUTPUT+LOAD,2.9587668976611305
phase6v2-r06-output-load-control-a01,D4-FULL,3,LOAD+DOWNSTREAM,2.830923925090779
phase6v2-r06-output-load-control-a01,D4-FULL,4,INPUT+LOAD,1.5697807519595002
phase6v2-r06-output-load-control-a01,D4-FULL,5,NONE,-3.252466745931333
phase6v2-r06-output-load-control-a01,D4-FULL,6,OUTPUT,-3.546166594201535
phase6v2-r06-output-load-control-a01,D4-FULL,7,DOWNSTREAM,-3.6740095667718866
phase6v2-r06-output-load-control-a01,D4-FULL,8,OUTPUT+DOWNSTREAM,-3.967709415042089
phase6v2-r06-output-load-control-a01,D4-FULL,9,INPUT,-4.935152739903165
phase6v2-r06-output-load-control-a01,D4-FULL,10,INPUT+OUTPUT,-5.228852588173368
phase6v2-r06-output-load-control-a01,D4-FULL,11,INPUT+DOWNSTREAM,-5.356695560743719
phase6v2-r06-load-downstream-a01,D4-FULL,1,LOAD+DOWNSTREAM,4.223263615208858
phase6v2-r06-load-downstream-a01,D4-FULL,2,OUTPUT+LOAD,2.8945499759814735
phase6v2-r06-load-downstream-a01,D4-FULL,3,LOAD,2.7851103594071147
phase6v2-r06-load-downstream-a01,D4-FULL,4,INPUT+LOAD,-2.3279155657606805
phase6v2-r06-load-downstream-a01,D4-FULL,5,OUTPUT+DOWNSTREAM,-2.7851103594071147
phase6v2-r06-load-downstream-a01,D4-FULL,6,DOWNSTREAM,-2.8945499759814735
phase6v2-r06-load-downstream-a01,D4-FULL,7,OUTPUT,-4.223263615208858
phase6v2-r06-load-downstream-a01,D4-FULL,8,NONE,-4.332703231783217
phase6v2-r06-load-downstream-a01,D4-FULL,9,INPUT+DOWNSTREAM,-8.007575901149268
phase6v2-r06-load-downstream-a01,D4-FULL,10,INPUT+OUTPUT,-9.336289540376654
phase6v2-r06-load-downstream-a01,D4-FULL,11,INPUT,-9.445729156951012
phase6v2-r06-output-load-a01,D4-FULL,1,OUTPUT+LOAD,3.4968568057077323
phase6v2-r06-output-load-a01,D4-FULL,2,LOAD,1.6675478342533112
phase6v2-r06-output-load-a01,D4-FULL,3,LOAD+DOWNSTREAM,0.06968164782748343
phase6v2-r06-output-load-a01,D4-FULL,4,OUTPUT,-1.6675478342533112
phase6v2-r06-output-load-a01,D4-FULL,5,OUTPUT+DOWNSTREAM,-3.265414020679139
phase6v2-r06-output-load-a01,D4-FULL,6,NONE,-3.4968568057077323
phase6v2-r06-output-load-a01,D4-FULL,7,DOWNSTREAM,-5.09472299213356
phase6v2-r06-output-load-a01,D4-FULL,8,INPUT+LOAD,-8.284271748699553
phase6v2-r06-output-load-a01,D4-FULL,9,INPUT+OUTPUT,-11.619367417206174
phase6v2-r06-output-load-a01,D4-FULL,10,INPUT,-13.448676388660596
phase6v2-r06-output-load-a01,D4-FULL,11,INPUT+DOWNSTREAM,-15.046542575086423
phase6v2-r06-downstream-medium-a01,D4-FULL,1,DOWNSTREAM,0.9502000035459791
phase6v2-r06-downstream-medium-a01,D4-FULL,2,LOAD+DOWNSTREAM,0.8750533806792908
phase6v2-r06-downstream-medium-a01,D4-FULL,3,INPUT+DOWNSTREAM,0.8364001746800056
phase6v2-r06-downstream-medium-a01,D4-FULL,4,OUTPUT+DOWNSTREAM,-0.14589974193088506
phase6v2-r06-downstream-medium-a01,D4-FULL,5,NONE,-0.9502000035459791
phase6v2-r06-downstream-medium-a01,D4-FULL,6,LOAD,-1.0253466264126674
phase6v2-r06-downstream-medium-a01,D4-FULL,7,INPUT,-1.0639998324119526
phase6v2-r06-downstream-medium-a01,D4-FULL,8,INPUT+LOAD,-1.139146455278641
phase6v2-r06-downstream-medium-a01,D4-FULL,9,OUTPUT,-2.046299749022843
phase6v2-r06-downstream-medium-a01,D4-FULL,10,OUTPUT+LOAD,-2.121446371889532
phase6v2-r06-downstream-medium-a01,D4-FULL,11,INPUT+OUTPUT,-2.160099577888817
phase6v2-r06-input-downstream-a01,D4-FULL,1,LOAD+DOWNSTREAM,2.6340314265228777
phase6v2-r06-input-downstream-a01,D4-FULL,2,DOWNSTREAM,2.359207078900254
phase6v2-r06-input-downstream-a01,D4-FULL,3,INPUT+DOWNSTREAM,2.1461353182168605
phase6v2-r06-input-downstream-a01,D4-FULL,4,OUTPUT+DOWNSTREAM,1.2863983213095043
phase6v2-r06-input-downstream-a01,D4-FULL,5,LOAD,-2.359207078900254
phase6v2-r06-input-downstream-a01,D4-FULL,6,INPUT+LOAD,-2.572278839583648
phase6v2-r06-input-downstream-a01,D4-FULL,7,NONE,-2.6340314265228777
phase6v2-r06-input-downstream-a01,D4-FULL,8,INPUT,-2.847103187206271
phase6v2-r06-input-downstream-a01,D4-FULL,9,OUTPUT+LOAD,-3.4320158364910034
phase6v2-r06-input-downstream-a01,D4-FULL,10,OUTPUT,-3.706840184113627
phase6v2-r06-input-downstream-a01,D4-FULL,11,INPUT+OUTPUT,-3.919911944797021
phase6v2-r06-load-medium-a01,D4-FULL,1,LOAD,3.53337996773204
phase6v2-r06-load-medium-a01,D4-FULL,2,OUTPUT+LOAD,3.4905948737077055
phase6v2-r06-load-medium-a01,D4-FULL,3,LOAD+DOWNSTREAM,2.908536947487466
phase6v2-r06-load-medium-a01,D4-FULL,4,INPUT+LOAD,-0.6026737561044135
phase6v2-r06-load-medium-a01,D4-FULL,5,NONE,-3.53337996773204
phase6v2-r06-load-medium-a01,D4-FULL,6,OUTPUT,-3.5761650617563743
phase6v2-r06-load-medium-a01,D4-FULL,7,DOWNSTREAM,-4.158222987976614
phase6v2-r06-load-medium-a01,D4-FULL,8,OUTPUT+DOWNSTREAM,-4.201008082000948
phase6v2-r06-load-medium-a01,D4-FULL,9,INPUT,-7.669433691568493
phase6v2-r06-load-medium-a01,D4-FULL,10,INPUT+OUTPUT,-7.712218785592828
phase6v2-r06-load-medium-a01,D4-FULL,11,INPUT+DOWNSTREAM,-8.294276711813067
phase6v2-r06-output-medium-a01,D4-FULL,1,OUTPUT,1.73873739493042
phase6v2-r06-output-medium-a01,D4-FULL,2,OUTPUT+DOWNSTREAM,1.3533852371026547
phase6v2-r06-output-medium-a01,D4-FULL,3,INPUT+OUTPUT,1.281819017086932
phase6v2-r06-output-medium-a01,D4-FULL,4,OUTPUT+LOAD,0.3694793983001927
phase6v2-r06-output-medium-a01,D4-FULL,5,NONE,-1.73873739493042
phase6v2-r06-output-medium-a01,D4-FULL,6,DOWNSTREAM,-2.124089552758185
phase6v2-r06-output-medium-a01,D4-FULL,7,INPUT,-2.195655772773908
phase6v2-r06-output-medium-a01,D4-FULL,8,INPUT+DOWNSTREAM,-2.581007930601673
phase6v2-r06-output-medium-a01,D4-FULL,9,LOAD,-3.107995391560647
phase6v2-r06-output-medium-a01,D4-FULL,10,LOAD+DOWNSTREAM,-3.4933475493884125
phase6v2-r06-output-medium-a01,D4-FULL,11,INPUT+LOAD,-3.564913769404135
phase6v2-r06-output-control-a01,D4-FULL,1,NONE,0
phase6v2-r06-output-control-a01,D4-FULL,2,INPUT,-0.04663869451090674
phase6v2-r06-output-control-a01,D4-FULL,3,DOWNSTREAM,-0.20549816160580503
phase6v2-r06-output-control-a01,D4-FULL,4,INPUT+DOWNSTREAM,-0.25213685611671177
phase6v2-r06-output-control-a01,D4-FULL,5,OUTPUT,-0.6829147718231555
phase6v2-r06-output-control-a01,D4-FULL,6,INPUT+OUTPUT,-0.7295534663340623
phase6v2-r06-output-control-a01,D4-FULL,7,OUTPUT+DOWNSTREAM,-0.8884129334289605
phase6v2-r06-output-control-a01,D4-FULL,8,LOAD,-1.8518905507705663
phase6v2-r06-output-control-a01,D4-FULL,9,INPUT+LOAD,-1.898529245281473
phase6v2-r06-output-control-a01,D4-FULL,10,LOAD+DOWNSTREAM,-2.057388712376371
phase6v2-r06-output-control-a01,D4-FULL,11,OUTPUT+LOAD,-2.534805322593722
phase6v2-r06-output-downstream-a01,D4-FULL,1,OUTPUT+DOWNSTREAM,3.228426108847299
phase6v2-r06-output-downstream-a01,D4-FULL,2,DOWNSTREAM,0.609447977710726
phase6v2-r06-output-downstream-a01,D4-FULL,3,INPUT+DOWNSTREAM,0.0700939872801345
phase6v2-r06-output-downstream-a01,D4-FULL,4,OUTPUT,-0.609447977710726
phase6v2-r06-output-downstream-a01,D4-FULL,5,LOAD+DOWNSTREAM,-0.6239355143564482
phase6v2-r06-output-downstream-a01,D4-FULL,6,INPUT+OUTPUT,-1.1488019681413175
phase6v2-r06-output-downstream-a01,D4-FULL,7,OUTPUT+LOAD,-1.8428314697779002
phase6v2-r06-output-downstream-a01,D4-FULL,8,NONE,-3.228426108847299
phase6v2-r06-output-downstream-a01,D4-FULL,9,INPUT,-3.7677800992778905
phase6v2-r06-output-downstream-a01,D4-FULL,10,LOAD,-4.461809600914473
phase6v2-r06-output-downstream-a01,D4-FULL,11,INPUT+LOAD,-5.0011635913450645
phase6v2-r06-baseline-a01,D4-FULL,1,INPUT,0.0003364509089041068
phase6v2-r06-baseline-a01,D4-FULL,2,NONE,-0.0003364509089041068
phase6v2-r06-baseline-a01,D4-FULL,3,INPUT+DOWNSTREAM,-0.12977090177383188
phase6v2-r06-baseline-a01,D4-FULL,4,DOWNSTREAM,-0.1304438035916401
phase6v2-r06-baseline-a01,D4-FULL,5,INPUT+LOAD,-0.2080058827349945
phase6v2-r06-baseline-a01,D4-FULL,6,LOAD,-0.20867878455280273
phase6v2-r06-baseline-a01,D4-FULL,7,LOAD+DOWNSTREAM,-0.33878613723553874
phase6v2-r06-baseline-a01,D4-FULL,8,INPUT+OUTPUT,-0.688862377950643
phase6v2-r06-baseline-a01,D4-FULL,9,OUTPUT,-0.6895352797684512
phase6v2-r06-baseline-a01,D4-FULL,10,OUTPUT+DOWNSTREAM,-0.8196426324511872
phase6v2-r06-baseline-a01,D4-FULL,11,OUTPUT+LOAD,-0.8978776134123498
phase6v2-r06-input-load-a01,D4-FULL,1,OUTPUT+LOAD,3.043542262538022
phase6v2-r06-input-load-a01,D4-FULL,2,LOAD,2.5042229928361603
phase6v2-r06-input-load-a01,D4-FULL,3,LOAD+DOWNSTREAM,0.16551869799449392
phase6v2-r06-input-load-a01,D4-FULL,4,OUTPUT,-2.5042229928361603
phase6v2-r06-input-load-a01,D4-FULL,5,NONE,-3.043542262538022
phase6v2-r06-input-load-a01,D4-FULL,6,OUTPUT+DOWNSTREAM,-4.842927287677827
phase6v2-r06-input-load-a01,D4-FULL,7,DOWNSTREAM,-5.3822465573796885
phase6v2-r06-input-load-a01,D4-FULL,8,INPUT+LOAD,-5.534113666630786
phase6v2-r06-input-load-a01,D4-FULL,9,INPUT+OUTPUT,-10.542559652303106
phase6v2-r06-input-load-a01,D4-FULL,10,INPUT,-11.081878922004968
phase6v2-r06-input-load-a01,D4-FULL,11,INPUT+DOWNSTREAM,-13.420583216846634
phase6v2-r06-output-downstream-control-a01,D4-FULL,1,OUTPUT+DOWNSTREAM,1.7294130825243805
phase6v2-r06-output-downstream-control-a01,D4-FULL,2,DOWNSTREAM,1.5302282445382003
phase6v2-r06-output-downstream-control-a01,D4-FULL,3,INPUT+DOWNSTREAM,1.063443761345892
phase6v2-r06-output-downstream-control-a01,D4-FULL,4,LOAD+DOWNSTREAM,0.05051204247573102
phase6v2-r06-output-downstream-control-a01,D4-FULL,5,OUTPUT,-1.5302282445382003
phase6v2-r06-output-downstream-control-a01,D4-FULL,6,NONE,-1.7294130825243805
phase6v2-r06-output-downstream-control-a01,D4-FULL,7,INPUT+OUTPUT,-1.9970127277305085
phase6v2-r06-output-downstream-control-a01,D4-FULL,8,INPUT,-2.196197565716689
phase6v2-r06-output-downstream-control-a01,D4-FULL,9,OUTPUT+LOAD,-3.0099444466006693
phase6v2-r06-output-downstream-control-a01,D4-FULL,10,LOAD,-3.20912928458685
phase6v2-r06-output-downstream-control-a01,D4-FULL,11,INPUT+LOAD,-3.675913767779158
phase6v2-r06-input-medium-a01,D4-FULL,1,INPUT+DOWNSTREAM,0.3357873812376714
phase6v2-r06-input-medium-a01,D4-FULL,2,INPUT,0.04872854384611125
phase6v2-r06-input-medium-a01,D4-FULL,3,INPUT+LOAD,-0.02469449483826769
phase6v2-r06-input-medium-a01,D4-FULL,4,DOWNSTREAM,-0.04872854384611125
phase6v2-r06-input-medium-a01,D4-FULL,5,LOAD+DOWNSTREAM,-0.12215158253049019
phase6v2-r06-input-medium-a01,D4-FULL,6,NONE,-0.3357873812376714
phase6v2-r06-input-medium-a01,D4-FULL,7,LOAD,-0.4092104199220503
phase6v2-r06-input-medium-a01,D4-FULL,8,INPUT+OUTPUT,-0.6971198936278341
phase6v2-r06-input-medium-a01,D4-FULL,9,OUTPUT+DOWNSTREAM,-0.7945769813200566
phase6v2-r06-input-medium-a01,D4-FULL,10,OUTPUT,-1.0816358187116166
phase6v2-r06-input-medium-a01,D4-FULL,11,OUTPUT+LOAD,-1.1550588573959957
phase6v2-r06-output-load-control-a01,D4-FULL,1,LOAD,3.252466745931333
phase6v2-r06-output-load-control-a01,D4-FULL,2,OUTPUT+LOAD,3.0267089054918292
phase6v2-r06-output-load-control-a01,D4-FULL,3,LOAD+DOWNSTREAM,2.830923925090779
phase6v2-r06-output-load-control-a01,D4-FULL,4,INPUT+LOAD,1.4792406590180072
phase6v2-r06-output-load-control-a01,D4-FULL,5,NONE,-3.252466745931333
phase6v2-r06-output-load-control-a01,D4-FULL,6,OUTPUT,-3.4782245863708363
phase6v2-r06-output-load-control-a01,D4-FULL,7,DOWNSTREAM,-3.6740095667718866
phase6v2-r06-output-load-control-a01,D4-FULL,8,OUTPUT+DOWNSTREAM,-3.8997674072113906
phase6v2-r06-output-load-control-a01,D4-FULL,9,INPUT,-5.025692832844658
phase6v2-r06-output-load-control-a01,D4-FULL,10,INPUT+OUTPUT,-5.251450673284162
phase6v2-r06-output-load-control-a01,D4-FULL,11,INPUT+DOWNSTREAM,-5.447235653685212
phase6v2-r06-load-downstream-a01,D4-FULL,1,LOAD+DOWNSTREAM,4.230351649523708
phase6v2-r06-load-downstream-a01,D4-FULL,2,OUTPUT+LOAD,2.887461941666623
phase6v2-r06-load-downstream-a01,D4-FULL,3,LOAD,2.792198393721965
phase6v2-r06-load-downstream-a01,D4-FULL,4,INPUT+LOAD,-1.6130753738973578
phase6v2-r06-load-downstream-a01,D4-FULL,5,OUTPUT+DOWNSTREAM,-2.792198393721965
phase6v2-r06-load-downstream-a01,D4-FULL,6,DOWNSTREAM,-2.887461941666623
phase6v2-r06-load-downstream-a01,D4-FULL,7,OUTPUT,-4.230351649523708
phase6v2-r06-load-downstream-a01,D4-FULL,8,NONE,-4.325615197468366
phase6v2-r06-load-downstream-a01,D4-FULL,9,INPUT+DOWNSTREAM,-7.292735709285946
phase6v2-r06-load-downstream-a01,D4-FULL,10,INPUT+OUTPUT,-8.635625417143032
phase6v2-r06-load-downstream-a01,D4-FULL,11,INPUT,-8.73088896508769
phase6v2-r06-output-load-a01,D4-FULL,1,OUTPUT+LOAD,3.605032645891785
phase6v2-r06-output-load-a01,D4-FULL,2,LOAD,1.5593719940692583
phase6v2-r06-output-load-a01,D4-FULL,3,LOAD+DOWNSTREAM,-0.03849419235656959
phase6v2-r06-output-load-a01,D4-FULL,4,OUTPUT,-1.5593719940692583
phase6v2-r06-output-load-a01,D4-FULL,5,OUTPUT+DOWNSTREAM,-3.157238180495086
phase6v2-r06-output-load-a01,D4-FULL,6,NONE,-3.605032645891785
phase6v2-r06-output-load-a01,D4-FULL,7,DOWNSTREAM,-5.202898832317613
phase6v2-r06-output-load-a01,D4-FULL,8,INPUT+LOAD,-7.308307773902302
phase6v2-r06-output-load-a01,D4-FULL,9,INPUT+OUTPUT,-10.427051762040819
phase6v2-r06-output-load-a01,D4-FULL,10,INPUT,-12.472712413863345
phase6v2-r06-output-load-a01,D4-FULL,11,INPUT+DOWNSTREAM,-14.070578600289174
phase6v2-r06-downstream-medium-a01,D4-FULL,1,DOWNSTREAM,0.9502000035459791
phase6v2-r06-downstream-medium-a01,D4-FULL,2,LOAD+DOWNSTREAM,0.8750533806792908
phase6v2-r06-downstream-medium-a01,D4-FULL,3,INPUT+DOWNSTREAM,0.8615758408605982
phase6v2-r06-downstream-medium-a01,D4-FULL,4,OUTPUT+DOWNSTREAM,0.1694231080117775
phase6v2-r06-downstream-medium-a01,D4-FULL,5,NONE,-0.9502000035459791
phase6v2-r06-downstream-medium-a01,D4-FULL,6,LOAD,-1.0253466264126674
phase6v2-r06-downstream-medium-a01,D4-FULL,7,INPUT,-1.03882416623136
phase6v2-r06-downstream-medium-a01,D4-FULL,8,INPUT+LOAD,-1.1139707890980484
phase6v2-r06-downstream-medium-a01,D4-FULL,9,OUTPUT,-1.7309768990801806
phase6v2-r06-downstream-medium-a01,D4-FULL,10,OUTPUT+LOAD,-1.8061235219468692
phase6v2-r06-downstream-medium-a01,D4-FULL,11,INPUT+OUTPUT,-1.8196010617655616
phase6v2-r06-input-downstream-a01,D4-FULL,1,LOAD+DOWNSTREAM,2.552872486833041
phase6v2-r06-input-downstream-a01,D4-FULL,2,INPUT+DOWNSTREAM,2.440366018590091
phase6v2-r06-input-downstream-a01,D4-FULL,3,DOWNSTREAM,2.278048139210417
phase6v2-r06-input-downstream-a01,D4-FULL,4,OUTPUT+DOWNSTREAM,1.5080797607441
phase6v2-r06-input-downstream-a01,D4-FULL,5,INPUT+LOAD,-2.278048139210417
phase6v2-r06-input-downstream-a01,D4-FULL,6,LOAD,-2.440366018590091
phase6v2-r06-input-downstream-a01,D4-FULL,7,INPUT,-2.552872486833041
phase6v2-r06-input-downstream-a01,D4-FULL,8,NONE,-2.7151903662127146
phase6v2-r06-input-downstream-a01,D4-FULL,9,OUTPUT+LOAD,-3.2103343970564078
phase6v2-r06-input-downstream-a01,D4-FULL,10,INPUT+OUTPUT,-3.3228408652993577
phase6v2-r06-input-downstream-a01,D4-FULL,11,OUTPUT,-3.4851587446790315
phase6v2-r06-load-medium-a01,D4-FULL,1,LOAD,3.53337996773204
phase6v2-r06-load-medium-a01,D4-FULL,2,OUTPUT+LOAD,3.501016563349979
phase6v2-r06-load-medium-a01,D4-FULL,3,LOAD+DOWNSTREAM,2.908536947487466
phase6v2-r06-load-medium-a01,D4-FULL,4,INPUT+LOAD,-0.04477856677474046
phase6v2-r06-load-medium-a01,D4-FULL,5,NONE,-3.53337996773204
phase6v2-r06-load-medium-a01,D4-FULL,6,OUTPUT,-3.5657433721141008
phase6v2-r06-load-medium-a01,D4-FULL,7,DOWNSTREAM,-4.158222987976614
phase6v2-r06-load-medium-a01,D4-FULL,8,OUTPUT+DOWNSTREAM,-4.190586392358675
phase6v2-r06-load-medium-a01,D4-FULL,9,INPUT,-7.111538502238821
phase6v2-r06-load-medium-a01,D4-FULL,10,INPUT+OUTPUT,-7.143901906620881
phase6v2-r06-load-medium-a01,D4-FULL,11,INPUT+DOWNSTREAM,-7.736381522483395
phase6v2-r06-output-medium-a01,D4-FULL,1,OUTPUT,2.0036934637160084
phase6v2-r06-output-medium-a01,D4-FULL,2,OUTPUT+DOWNSTREAM,1.6183413058882432
phase6v2-r06-output-medium-a01,D4-FULL,3,INPUT+OUTPUT,1.2542633980790021
phase6v2-r06-output-medium-a01,D4-FULL,4,OUTPUT+LOAD,0.6344354670857812
phase6v2-r06-output-medium-a01,D4-FULL,5,NONE,-2.0036934637160084
phase6v2-r06-output-medium-a01,D4-FULL,6,DOWNSTREAM,-2.3890456215437736
phase6v2-r06-output-medium-a01,D4-FULL,7,INPUT,-2.7531235293530147
phase6v2-r06-output-medium-a01,D4-FULL,8,INPUT+DOWNSTREAM,-3.13847568718078
phase6v2-r06-output-medium-a01,D4-FULL,9,LOAD,-3.3729514603462354
phase6v2-r06-output-medium-a01,D4-FULL,10,LOAD+DOWNSTREAM,-3.758303618174001
phase6v2-r06-output-medium-a01,D4-FULL,11,INPUT+LOAD,-4.122381525983242
phase6v2-r06-output-control-a01,D4-FULL,1,NONE,0
phase6v2-r06-output-control-a01,D4-FULL,2,DOWNSTREAM,-0.20549816160580503
phase6v2-r06-output-control-a01,D4-FULL,3,INPUT,-0.33848340992290515
phase6v2-r06-output-control-a01,D4-FULL,4,OUTPUT,-0.5142016539746411
phase6v2-r06-output-control-a01,D4-FULL,5,INPUT+DOWNSTREAM,-0.5439815715287102
phase6v2-r06-output-control-a01,D4-FULL,6,OUTPUT+DOWNSTREAM,-0.7196998155804462
phase6v2-r06-output-control-a01,D4-FULL,7,INPUT+OUTPUT,-0.8526850638975463
phase6v2-r06-output-control-a01,D4-FULL,8,LOAD,-1.8518905507705663
phase6v2-r06-output-control-a01,D4-FULL,9,LOAD+DOWNSTREAM,-2.057388712376371
phase6v2-r06-output-control-a01,D4-FULL,10,INPUT+LOAD,-2.1903739606934716
phase6v2-r06-output-control-a01,D4-FULL,11,OUTPUT+LOAD,-2.3660922047452075
phase6v2-r06-output-downstream-a01,D4-FULL,1,OUTPUT+DOWNSTREAM,3.4933138987455123
phase6v2-r06-output-downstream-a01,D4-FULL,2,DOWNSTREAM,0.34456018781251285
phase6v2-r06-output-downstream-a01,D4-FULL,3,OUTPUT,-0.34456018781251285
phase6v2-r06-output-downstream-a01,D4-FULL,4,INPUT+DOWNSTREAM,-0.47476238899844225
phase6v2-r06-output-downstream-a01,D4-FULL,5,LOAD+DOWNSTREAM,-0.8888233042546614
phase6v2-r06-output-downstream-a01,D4-FULL,6,INPUT+OUTPUT,-1.163882764623468
phase6v2-r06-output-downstream-a01,D4-FULL,7,OUTPUT+LOAD,-1.577943679879687
phase6v2-r06-output-downstream-a01,D4-FULL,8,NONE,-3.4933138987455123
phase6v2-r06-output-downstream-a01,D4-FULL,9,INPUT,-4.3126364755564675
phase6v2-r06-output-downstream-a01,D4-FULL,10,LOAD,-4.726697390812687
phase6v2-r06-output-downstream-a01,D4-FULL,11,INPUT+LOAD,-5.546019967623642
phase6v2-r07-output-load-a01,D4-S,1,LOAD,2.3628966772505238
phase6v2-r07-output-load-a01,D4-S,2,OUTPUT+LOAD,2.171982014047617
phase6v2-r07-output-load-a01,D4-S,3,LOAD+DOWNSTREAM,-1.3093020754568054
phase6v2-r07-output-load-a01,D4-S,4,INPUT+LOAD,-1.4336745058444174
phase6v2-r07-output-load-a01,D4-S,5,NONE,-2.3628966772505238
phase6v2-r07-output-load-a01,D4-S,6,OUTPUT,-2.5538113404534304
phase6v2-r07-output-load-a01,D4-S,7,DOWNSTREAM,-6.0350954299578525
phase6v2-r07-output-load-a01,D4-S,8,INPUT,-6.159467860345465
phase6v2-r07-output-load-a01,D4-S,9,OUTPUT+DOWNSTREAM,-6.22601009316076
phase6v2-r07-output-load-a01,D4-S,10,INPUT+OUTPUT,-6.3503825235483715
phase6v2-r07-output-load-a01,D4-S,11,INPUT+DOWNSTREAM,-9.831666613052795
phase6v2-r07-load-downstream-a01,D4-S,1,LOAD,2.3805216984788484
phase6v2-r07-load-downstream-a01,D4-S,2,OUTPUT+LOAD,2.097898297246986
phase6v2-r07-load-downstream-a01,D4-S,3,LOAD+DOWNSTREAM,0.5514646230363272
phase6v2-r07-load-downstream-a01,D4-S,4,INPUT+LOAD,0.45469773101722755
phase6v2-r07-load-downstream-a01,D4-S,5,NONE,-2.3805216984788484
phase6v2-r07-load-downstream-a01,D4-S,6,OUTPUT,-2.663145099710711
phase6v2-r07-load-downstream-a01,D4-S,7,DOWNSTREAM,-4.20957877392137
phase6v2-r07-load-downstream-a01,D4-S,8,INPUT,-4.306345665940469
phase6v2-r07-load-downstream-a01,D4-S,9,OUTPUT+DOWNSTREAM,-4.492202175153232
phase6v2-r07-load-downstream-a01,D4-S,10,INPUT+OUTPUT,-4.588969067172332
phase6v2-r07-load-downstream-a01,D4-S,11,INPUT+DOWNSTREAM,-6.135402741382991
phase6v2-r07-baseline-a01,D4-S,1,DOWNSTREAM,0.005474596221351713
phase6v2-r07-baseline-a01,D4-S,2,NONE,-0.005474596221351713
phase6v2-r07-baseline-a01,D4-S,3,INPUT+DOWNSTREAM,-0.0238776852184025
phase6v2-r07-baseline-a01,D4-S,4,INPUT,-0.034826877661105926
phase6v2-r07-baseline-a01,D4-S,5,OUTPUT+DOWNSTREAM,-0.13348698702732079
phase6v2-r07-baseline-a01,D4-S,6,OUTPUT,-0.1444361794700242
phase6v2-r07-baseline-a01,D4-S,7,INPUT+OUTPUT,-0.17378846090977842
phase6v2-r07-baseline-a01,D4-S,8,LOAD+DOWNSTREAM,-1.1901814106372157
phase6v2-r07-baseline-a01,D4-S,9,LOAD,-1.201130603079919
phase6v2-r07-baseline-a01,D4-S,10,INPUT+LOAD,-1.2304828845196734
phase6v2-r07-baseline-a01,D4-S,11,OUTPUT+LOAD,-1.3400921863285915
phase6v2-r07-input-downstream-a01,D4-S,1,NONE,0
phase6v2-r07-input-downstream-a01,D4-S,2,LOAD,-0.0031129932395481674
phase6v2-r07-input-downstream-a01,D4-S,3,OUTPUT,-0.10588199197872913
phase6v2-r07-input-downstream-a01,D4-S,4,OUTPUT+LOAD,-0.1089949852182773
phase6v2-r07-input-downstream-a01,D4-S,5,DOWNSTREAM,-0.2600959059526349
phase6v2-r07-input-downstream-a01,D4-S,6,LOAD+DOWNSTREAM,-0.26320889919218304
phase6v2-r07-input-downstream-a01,D4-S,7,INPUT,-0.26960579129057327
phase6v2-r07-input-downstream-a01,D4-S,8,INPUT+LOAD,-0.27271878453012144
phase6v2-r07-input-downstream-a01,D4-S,9,OUTPUT+DOWNSTREAM,-0.36597789793136404
phase6v2-r07-input-downstream-a01,D4-S,10,INPUT+OUTPUT,-0.37548778326930243
phase6v2-r07-input-downstream-a01,D4-S,11,INPUT+DOWNSTREAM,-0.5297016972432081
phase6v2-r07-output-downstream-control-a01,D4-S,1,NONE,0
phase6v2-r07-output-downstream-control-a01,D4-S,2,OUTPUT,-0.08516634635529508
phase6v2-r07-output-downstream-control-a01,D4-S,3,INPUT,-0.20500830217790772
phase6v2-r07-output-downstream-control-a01,D4-S,4,DOWNSTREAM,-0.2422943129786791
phase6v2-r07-output-downstream-control-a01,D4-S,5,INPUT+OUTPUT,-0.2901746485332028
phase6v2-r07-output-downstream-control-a01,D4-S,6,OUTPUT+DOWNSTREAM,-0.32746065933397417
phase6v2-r07-output-downstream-control-a01,D4-S,7,LOAD,-0.34805891351930707
phase6v2-r07-output-downstream-control-a01,D4-S,8,OUTPUT+LOAD,-0.43322525987460214
phase6v2-r07-output-downstream-control-a01,D4-S,9,INPUT+DOWNSTREAM,-0.4473026151565868
phase6v2-r07-output-downstream-control-a01,D4-S,10,INPUT+LOAD,-0.5530672156972147
phase6v2-r07-output-downstream-control-a01,D4-S,11,LOAD+DOWNSTREAM,-0.5903532264979862
phase6v2-r07-output-load-control-a01,D4-S,1,LOAD,1.6773454910273267
phase6v2-r07-output-load-control-a01,D4-S,2,INPUT+LOAD,0.9727160811343548
phase6v2-r07-output-load-control-a01,D4-S,3,OUTPUT+LOAD,0.8086877619417141
phase6v2-r07-output-load-control-a01,D4-S,4,LOAD+DOWNSTREAM,0.5327686908166771
phase6v2-r07-output-load-control-a01,D4-S,5,NONE,-1.6773454910273267
phase6v2-r07-output-load-control-a01,D4-S,6,INPUT,-2.3819749009202984
phase6v2-r07-output-load-control-a01,D4-S,7,OUTPUT,-2.5460032201129392
phase6v2-r07-output-load-control-a01,D4-S,8,DOWNSTREAM,-2.821922291237976
phase6v2-r07-output-load-control-a01,D4-S,9,INPUT+OUTPUT,-3.250632630005911
phase6v2-r07-output-load-control-a01,D4-S,10,INPUT+DOWNSTREAM,-3.526551701130948
phase6v2-r07-output-load-control-a01,D4-S,11,OUTPUT+DOWNSTREAM,-3.690580020323589
phase6v2-r07-downstream-medium-a01,D4-S,1,NONE,0
phase6v2-r07-downstream-medium-a01,D4-S,2,OUTPUT,-0.1064653596152115
phase6v2-r07-downstream-medium-a01,D4-S,3,INPUT,-0.18859751814088443
phase6v2-r07-downstream-medium-a01,D4-S,4,DOWNSTREAM,-0.20272678530585186
phase6v2-r07-downstream-medium-a01,D4-S,5,INPUT+OUTPUT,-0.29506287775609596
phase6v2-r07-downstream-medium-a01,D4-S,6,OUTPUT+DOWNSTREAM,-0.3091921449210634
phase6v2-r07-downstream-medium-a01,D4-S,7,LOAD,-0.33330615321558343
phase6v2-r07-downstream-medium-a01,D4-S,8,INPUT+DOWNSTREAM,-0.3913243034467363
phase6v2-r07-downstream-medium-a01,D4-S,9,OUTPUT+LOAD,-0.43977151283079496
phase6v2-r07-downstream-medium-a01,D4-S,10,INPUT+LOAD,-0.5219036713564679
phase6v2-r07-downstream-medium-a01,D4-S,11,LOAD+DOWNSTREAM,-0.5360329385214353
phase6v2-r07-output-control-a01,D4-S,1,NONE,0
phase6v2-r07-output-control-a01,D4-S,2,INPUT,-0.031277705371251185
phase6v2-r07-output-control-a01,D4-S,3,DOWNSTREAM,-0.05510664066758242
phase6v2-r07-output-control-a01,D4-S,4,INPUT+DOWNSTREAM,-0.0863843460388336
phase6v2-r07-output-control-a01,D4-S,5,OUTPUT,-0.10224713381226863
phase6v2-r07-output-control-a01,D4-S,6,INPUT+OUTPUT,-0.13352483918351982
phase6v2-r07-output-control-a01,D4-S,7,OUTPUT+DOWNSTREAM,-0.15735377447985105
phase6v2-r07-output-control-a01,D4-S,8,LOAD,-1.1281798261882434
phase6v2-r07-output-control-a01,D4-S,9,INPUT+LOAD,-1.1594575315594946
phase6v2-r07-output-control-a01,D4-S,10,LOAD+DOWNSTREAM,-1.1832864668558258
phase6v2-r07-output-control-a01,D4-S,11,OUTPUT+LOAD,-1.230426960000512
phase6v2-r07-input-load-a01,D4-S,1,LOAD,2.442427145661714
phase6v2-r07-input-load-a01,D4-S,2,OUTPUT+LOAD,2.1765470739775004
phase6v2-r07-input-load-a01,D4-S,3,INPUT+LOAD,-0.90543268512904
phase6v2-r07-input-load-a01,D4-S,4,LOAD+DOWNSTREAM,-1.0433092057968625
phase6v2-r07-input-load-a01,D4-S,5,NONE,-2.442427145661714
phase6v2-r07-input-load-a01,D4-S,6,OUTPUT,-2.708307217345928
phase6v2-r07-input-load-a01,D4-S,7,INPUT,-5.790286976452468
phase6v2-r07-input-load-a01,D4-S,8,DOWNSTREAM,-5.928163497120291
phase6v2-r07-input-load-a01,D4-S,9,INPUT+OUTPUT,-6.0561670481366825
phase6v2-r07-input-load-a01,D4-S,10,OUTPUT+DOWNSTREAM,-6.194043568804505
phase6v2-r07-input-load-a01,D4-S,11,INPUT+DOWNSTREAM,-9.276023327911044
phase6v2-r07-output-medium-a01,D4-S,1,OUTPUT,0.2699629677321735
phase6v2-r07-output-medium-a01,D4-S,2,OUTPUT+LOAD,0.0741813389216856
phase6v2-r07-output-medium-a01,D4-S,3,NONE,-0.2699629677321735
phase6v2-r07-output-medium-a01,D4-S,4,LOAD,-0.46574459654266137
phase6v2-r07-output-medium-a01,D4-S,5,OUTPUT+DOWNSTREAM,-0.47372171386890677
phase6v2-r07-output-medium-a01,D4-S,6,INPUT+OUTPUT,-0.869782643470105
phase6v2-r07-output-medium-a01,D4-S,7,DOWNSTREAM,-1.0136476493332538
phase6v2-r07-output-medium-a01,D4-S,8,LOAD+DOWNSTREAM,-1.2094292781437417
phase6v2-r07-output-medium-a01,D4-S,9,INPUT,-1.4097085789344521
phase6v2-r07-output-medium-a01,D4-S,10,INPUT+LOAD,-1.60549020774494
phase6v2-r07-output-medium-a01,D4-S,11,INPUT+DOWNSTREAM,-2.153393260535532
phase6v2-r07-load-medium-a01,D4-S,1,LOAD,2.3499636507913175
phase6v2-r07-load-medium-a01,D4-S,2,OUTPUT+LOAD,2.0085137824670087
phase6v2-r07-load-medium-a01,D4-S,3,LOAD+DOWNSTREAM,0.7279865065830915
phase6v2-r07-load-medium-a01,D4-S,4,INPUT+LOAD,0.4919181518069824
phase6v2-r07-load-medium-a01,D4-S,5,NONE,-2.3499636507913175
phase6v2-r07-load-medium-a01,D4-S,6,OUTPUT,-2.6914135191156263
phase6v2-r07-load-medium-a01,D4-S,7,DOWNSTREAM,-3.9719407949995436
phase6v2-r07-load-medium-a01,D4-S,8,INPUT,-4.208009149775653
phase6v2-r07-load-medium-a01,D4-S,9,OUTPUT+DOWNSTREAM,-4.313390663323853
phase6v2-r07-load-medium-a01,D4-S,10,INPUT+OUTPUT,-4.549459018099961
phase6v2-r07-load-medium-a01,D4-S,11,INPUT+DOWNSTREAM,-5.829986293983879
phase6v2-r07-input-medium-a01,D4-S,1,NONE,0
phase6v2-r07-input-medium-a01,D4-S,2,INPUT,-0.024495287080372408
phase6v2-r07-input-medium-a01,D4-S,3,DOWNSTREAM,-0.13677183604820053
phase6v2-r07-input-medium-a01,D4-S,4,INPUT+DOWNSTREAM,-0.16126712312857294
phase6v2-r07-input-medium-a01,D4-S,5,OUTPUT,-0.21454108162647953
phase6v2-r07-input-medium-a01,D4-S,6,INPUT+OUTPUT,-0.23903636870685194
phase6v2-r07-input-medium-a01,D4-S,7,OUTPUT+DOWNSTREAM,-0.3513129176746801
phase6v2-r07-input-medium-a01,D4-S,8,LOAD,-0.6983575147229848
phase6v2-r07-input-medium-a01,D4-S,9,INPUT+LOAD,-0.7228528018033572
phase6v2-r07-input-medium-a01,D4-S,10,LOAD+DOWNSTREAM,-0.8351293507711853
phase6v2-r07-input-medium-a01,D4-S,11,OUTPUT+LOAD,-0.9128985963494644
phase6v2-r07-output-downstream-a01,D4-S,1,OUTPUT+LOAD,0.9514197316099977
phase6v2-r07-output-downstream-a01,D4-S,2,LOAD,0.4810840376796755
phase6v2-r07-output-downstream-a01,D4-S,3,OUTPUT,-0.4810840376796755
phase6v2-r07-output-downstream-a01,D4-S,4,LOAD+DOWNSTREAM,-0.5075767755665976
phase6v2-r07-output-downstream-a01,D4-S,5,INPUT+LOAD,-0.8218049459894163
phase6v2-r07-output-downstream-a01,D4-S,6,NONE,-0.9514197316099977
phase6v2-r07-output-downstream-a01,D4-S,7,OUTPUT+DOWNSTREAM,-1.4697448509259488
phase6v2-r07-output-downstream-a01,D4-S,8,INPUT+OUTPUT,-1.7839730213487672
phase6v2-r07-output-downstream-a01,D4-S,9,DOWNSTREAM,-1.9400805448562708
phase6v2-r07-output-downstream-a01,D4-S,10,INPUT,-2.2543087152790893
phase6v2-r07-output-downstream-a01,D4-S,11,INPUT+DOWNSTREAM,-3.2429695285253626
phase6v2-r07-output-load-a01,D4-SM,1,OUTPUT+LOAD,3.74916946744615
phase6v2-r07-output-load-a01,D4-SM,2,LOAD,0.21911500616394575
phase6v2-r07-output-load-a01,D4-SM,3,OUTPUT,-0.21911500616394575
phase6v2-r07-output-load-a01,D4-SM,4,LOAD+DOWNSTREAM,-1.6656282401042422
phase6v2-r07-output-load-a01,D4-SM,5,OUTPUT+DOWNSTREAM,-2.1038582524321336
phase6v2-r07-output-load-a01,D4-SM,6,NONE,-3.74916946744615
phase6v2-r07-output-load-a01,D4-SM,7,INPUT+LOAD,-4.508871238237775
phase6v2-r07-output-load-a01,D4-SM,8,INPUT+OUTPUT,-4.947101250565668
phase6v2-r07-output-load-a01,D4-SM,9,DOWNSTREAM,-5.633912713714338
phase6v2-r07-output-load-a01,D4-SM,10,INPUT,-8.477155711847871
phase6v2-r07-output-load-a01,D4-SM,11,INPUT+DOWNSTREAM,-10.36189895811606
phase6v2-r07-load-downstream-a01,D4-SM,1,LOAD+DOWNSTREAM,4.964956061406246
phase6v2-r07-load-downstream-a01,D4-SM,2,LOAD,1.830581888830595
phase6v2-r07-load-downstream-a01,D4-SM,3,OUTPUT+LOAD,1.822674871166989
phase6v2-r07-load-downstream-a01,D4-SM,4,INPUT+LOAD,-0.5785254930572399
phase6v2-r07-load-downstream-a01,D4-SM,5,DOWNSTREAM,-1.830581888830595
phase6v2-r07-load-downstream-a01,D4-SM,6,OUTPUT+DOWNSTREAM,-1.8384889064942007
phase6v2-r07-load-downstream-a01,D4-SM,7,INPUT+DOWNSTREAM,-4.239689270718429
phase6v2-r07-load-downstream-a01,D4-SM,8,NONE,-4.964956061406246
phase6v2-r07-load-downstream-a01,D4-SM,9,OUTPUT,-4.972863079069852
phase6v2-r07-load-downstream-a01,D4-SM,10,INPUT,-7.374063443294081
phase6v2-r07-load-downstream-a01,D4-SM,11,INPUT+OUTPUT,-7.381970460957687
phase6v2-r07-baseline-a01,D4-SM,1,DOWNSTREAM,0.0007071829339693192
phase6v2-r07-baseline-a01,D4-SM,2,NONE,-0.0007071829339693192
phase6v2-r07-baseline-a01,D4-SM,3,INPUT+DOWNSTREAM,-0.015571785846219766
phase6v2-r07-baseline-a01,D4-SM,4,INPUT,-0.016986151714158404
phase6v2-r07-baseline-a01,D4-SM,5,LOAD+DOWNSTREAM,-0.3851998423142979
phase6v2-r07-baseline-a01,D4-SM,6,LOAD,-0.3866142081822365
phase6v2-r07-baseline-a01,D4-SM,7,INPUT+LOAD,-0.4028931769624256
phase6v2-r07-baseline-a01,D4-SM,8,OUTPUT+DOWNSTREAM,-1.1129491358918722
phase6v2-r07-baseline-a01,D4-SM,9,OUTPUT,-1.1143635017598108
phase6v2-r07-baseline-a01,D4-SM,10,INPUT+OUTPUT,-1.13064247054
phase6v2-r07-baseline-a01,D4-SM,11,OUTPUT+LOAD,-1.500270527008078
phase6v2-r07-input-downstream-a01,D4-SM,1,LOAD+DOWNSTREAM,2.531493000251465
phase6v2-r07-input-downstream-a01,D4-SM,2,DOWNSTREAM,2.1718423418140738
phase6v2-r07-input-downstream-a01,D4-SM,3,INPUT+DOWNSTREAM,1.845681030218092
phase6v2-r07-input-downstream-a01,D4-SM,4,OUTPUT+DOWNSTREAM,1.101978175219184
phase6v2-r07-input-downstream-a01,D4-SM,5,LOAD,-2.1718423418140738
phase6v2-r07-input-downstream-a01,D4-SM,6,INPUT+LOAD,-2.4980036534100556
phase6v2-r07-input-downstream-a01,D4-SM,7,NONE,-2.531493000251465
phase6v2-r07-input-downstream-a01,D4-SM,8,INPUT,-2.8576543118474467
phase6v2-r07-input-downstream-a01,D4-SM,9,OUTPUT+LOAD,-3.2417065084089636
phase6v2-r07-input-downstream-a01,D4-SM,10,OUTPUT,-3.6013571668463547
phase6v2-r07-input-downstream-a01,D4-SM,11,INPUT+OUTPUT,-3.9275184784423365
phase6v2-r07-output-downstream-control-a01,D4-SM,1,DOWNSTREAM,2.360568467519747
phase6v2-r07-output-downstream-control-a01,D4-SM,2,INPUT+DOWNSTREAM,2.15542597531082
phase6v2-r07-output-downstream-control-a01,D4-SM,3,OUTPUT+DOWNSTREAM,1.601188453247767
phase6v2-r07-output-downstream-control-a01,D4-SM,4,LOAD+DOWNSTREAM,1.4019468448002526
phase6v2-r07-output-downstream-control-a01,D4-SM,5,NONE,-2.360568467519747
phase6v2-r07-output-downstream-control-a01,D4-SM,6,INPUT,-2.5657109597286745
phase6v2-r07-output-downstream-control-a01,D4-SM,7,OUTPUT,-3.1199484817917273
phase6v2-r07-output-downstream-control-a01,D4-SM,8,LOAD,-3.3191900902392417
phase6v2-r07-output-downstream-control-a01,D4-SM,9,INPUT+OUTPUT,-3.3250909740006547
phase6v2-r07-output-downstream-control-a01,D4-SM,10,INPUT+LOAD,-3.524332582448169
phase6v2-r07-output-downstream-control-a01,D4-SM,11,OUTPUT+LOAD,-4.078570104511222
phase6v2-r07-output-load-control-a01,D4-SM,1,LOAD,3.04618087139266
phase6v2-r07-output-load-control-a01,D4-SM,2,LOAD+DOWNSTREAM,2.4227992582888924
phase6v2-r07-output-load-control-a01,D4-SM,3,OUTPUT+LOAD,2.2700918147659044
phase6v2-r07-output-load-control-a01,D4-SM,4,INPUT+LOAD,2.0904260525249585
phase6v2-r07-output-load-control-a01,D4-SM,5,NONE,-3.04618087139266
phase6v2-r07-output-load-control-a01,D4-SM,6,DOWNSTREAM,-3.6695624844964274
phase6v2-r07-output-load-control-a01,D4-SM,7,OUTPUT,-3.8222699280194155
phase6v2-r07-output-load-control-a01,D4-SM,8,INPUT,-4.001935690260361
phase6v2-r07-output-load-control-a01,D4-SM,9,OUTPUT+DOWNSTREAM,-4.445651541123183
phase6v2-r07-output-load-control-a01,D4-SM,10,INPUT+DOWNSTREAM,-4.625317303364129
phase6v2-r07-output-load-control-a01,D4-SM,11,INPUT+OUTPUT,-4.778024746887117
phase6v2-r07-downstream-medium-a01,D4-SM,1,LOAD+DOWNSTREAM,2.40406588476056
phase6v2-r07-downstream-medium-a01,D4-SM,2,DOWNSTREAM,2.3566385779517613
phase6v2-r07-downstream-medium-a01,D4-SM,3,INPUT+DOWNSTREAM,2.1534427718166396
phase6v2-r07-downstream-medium-a01,D4-SM,4,OUTPUT+DOWNSTREAM,1.3458896001959197
phase6v2-r07-downstream-medium-a01,D4-SM,5,LOAD,-2.3566385779517613
phase6v2-r07-downstream-medium-a01,D4-SM,6,NONE,-2.40406588476056
phase6v2-r07-downstream-medium-a01,D4-SM,7,INPUT+LOAD,-2.559834384086883
phase6v2-r07-downstream-medium-a01,D4-SM,8,INPUT,-2.607261690895682
phase6v2-r07-downstream-medium-a01,D4-SM,9,OUTPUT+LOAD,-3.3673875557076025
phase6v2-r07-downstream-medium-a01,D4-SM,10,OUTPUT,-3.414814862516401
phase6v2-r07-downstream-medium-a01,D4-SM,11,INPUT+OUTPUT,-3.6180106686515234
phase6v2-r07-output-control-a01,D4-SM,1,NONE,0
phase6v2-r07-output-control-a01,D4-SM,2,DOWNSTREAM,-0.006201916380156602
phase6v2-r07-output-control-a01,D4-SM,3,INPUT,-0.019178037202324916
phase6v2-r07-output-control-a01,D4-SM,4,INPUT+DOWNSTREAM,-0.025379953582481518
phase6v2-r07-output-control-a01,D4-SM,5,OUTPUT,-0.8199307176304013
phase6v2-r07-output-control-a01,D4-SM,6,OUTPUT+DOWNSTREAM,-0.8261326340105579
phase6v2-r07-output-control-a01,D4-SM,7,INPUT+OUTPUT,-0.8391087548327262
phase6v2-r07-output-control-a01,D4-SM,8,LOAD,-1.3433373562672184
phase6v2-r07-output-control-a01,D4-SM,9,LOAD+DOWNSTREAM,-1.349539272647375
phase6v2-r07-output-control-a01,D4-SM,10,INPUT+LOAD,-1.3625153934695433
phase6v2-r07-output-control-a01,D4-SM,11,OUTPUT+LOAD,-2.1632680738976195
phase6v2-r07-input-load-a01,D4-SM,1,OUTPUT+LOAD,3.575852942078266
phase6v2-r07-input-load-a01,D4-SM,2,LOAD,1.1395574283710652
phase6v2-r07-input-load-a01,D4-SM,3,LOAD+DOWNSTREAM,-0.6563840465958992
phase6v2-r07-input-load-a01,D4-SM,4,OUTPUT,-1.1395574283710652
phase6v2-r07-input-load-a01,D4-SM,5,OUTPUT+DOWNSTREAM,-2.9354989033380297
phase6v2-r07-input-load-a01,D4-SM,6,INPUT+LOAD,-3.323317375688162
phase6v2-r07-input-load-a01,D4-SM,7,NONE,-3.575852942078266
phase6v2-r07-input-load-a01,D4-SM,8,DOWNSTREAM,-5.37179441704523
phase6v2-r07-input-load-a01,D4-SM,9,INPUT+OUTPUT,-5.602432232430292
phase6v2-r07-input-load-a01,D4-SM,10,INPUT,-8.038727746137493
phase6v2-r07-input-load-a01,D4-SM,11,INPUT+DOWNSTREAM,-9.834669221104457
phase6v2-r07-output-medium-a01,D4-SM,1,OUTPUT,0.7885980473741364
phase6v2-r07-output-medium-a01,D4-SM,2,OUTPUT+DOWNSTREAM,0.4018630952720022
phase6v2-r07-output-medium-a01,D4-SM,3,INPUT+OUTPUT,0.21937418543144271
phase6v2-r07-output-medium-a01,D4-SM,4,OUTPUT+LOAD,-0.10124587714454725
phase6v2-r07-output-medium-a01,D4-SM,5,NONE,-0.7885980473741364
phase6v2-r07-output-medium-a01,D4-SM,6,DOWNSTREAM,-1.1753329994762707
phase6v2-r07-output-medium-a01,D4-SM,7,INPUT,-1.3578219093168302
phase6v2-r07-output-medium-a01,D4-SM,8,LOAD,-1.67844197189282
phase6v2-r07-output-medium-a01,D4-SM,9,INPUT+DOWNSTREAM,-1.7445568614189644
phase6v2-r07-output-medium-a01,D4-SM,10,LOAD+DOWNSTREAM,-2.0651769239949544
phase6v2-r07-output-medium-a01,D4-SM,11,INPUT+LOAD,-2.247665833835514
phase6v2-r07-load-medium-a01,D4-SM,1,LOAD,3.3824899512746556
phase6v2-r07-load-medium-a01,D4-SM,2,OUTPUT+LOAD,3.3324555099789284
phase6v2-r07-load-medium-a01,D4-SM,3,LOAD+DOWNSTREAM,2.506813246446218
phase6v2-r07-load-medium-a01,D4-SM,4,INPUT+LOAD,1.14169709841081
phase6v2-r07-load-medium-a01,D4-SM,5,NONE,-3.3824899512746556
phase6v2-r07-load-medium-a01,D4-SM,6,OUTPUT,-3.4325243925703828
phase6v2-r07-load-medium-a01,D4-SM,7,DOWNSTREAM,-4.258166656103093
phase6v2-r07-load-medium-a01,D4-SM,8,OUTPUT+DOWNSTREAM,-4.30820109739882
phase6v2-r07-load-medium-a01,D4-SM,9,INPUT,-5.623282804138501
phase6v2-r07-load-medium-a01,D4-SM,10,INPUT+OUTPUT,-5.673317245434228
phase6v2-r07-load-medium-a01,D4-SM,11,INPUT+DOWNSTREAM,-6.498959508966939
phase6v2-r07-input-medium-a01,D4-SM,1,NONE,0
phase6v2-r07-input-medium-a01,D4-SM,2,DOWNSTREAM,-0.057922731603821054
phase6v2-r07-input-medium-a01,D4-SM,3,INPUT,-0.10535491623118753
phase6v2-r07-input-medium-a01,D4-SM,4,LOAD,-0.14791485973339336
phase6v2-r07-input-medium-a01,D4-SM,5,INPUT+DOWNSTREAM,-0.1632776478350086
phase6v2-r07-input-medium-a01,D4-SM,6,LOAD+DOWNSTREAM,-0.2058375913372144
phase6v2-r07-input-medium-a01,D4-SM,7,INPUT+LOAD,-0.2532697759645809
phase6v2-r07-input-medium-a01,D4-SM,8,OUTPUT,-1.1286012808638493
phase6v2-r07-input-medium-a01,D4-SM,9,OUTPUT+DOWNSTREAM,-1.1865240124676704
phase6v2-r07-input-medium-a01,D4-SM,10,INPUT+OUTPUT,-1.2339561970950368
phase6v2-r07-input-medium-a01,D4-SM,11,OUTPUT+LOAD,-1.2765161405972427
phase6v2-r07-output-downstream-a01,D4-SM,1,OUTPUT+DOWNSTREAM,2.769982386204517
phase6v2-r07-output-downstream-a01,D4-SM,2,DOWNSTREAM,1.2047880485673828
phase6v2-r07-output-downstream-a01,D4-SM,3,LOAD+DOWNSTREAM,0.7678362199085712
phase6v2-r07-output-downstream-a01,D4-SM,4,INPUT+DOWNSTREAM,0.4532196101878344
phase6v2-r07-output-downstream-a01,D4-SM,5,OUTPUT,-1.2047880485673828
phase6v2-r07-output-downstream-a01,D4-SM,6,OUTPUT+LOAD,-1.6417398772261942
phase6v2-r07-output-downstream-a01,D4-SM,7,INPUT+OUTPUT,-1.9563564869469308
phase6v2-r07-output-downstream-a01,D4-SM,8,NONE,-2.769982386204517
phase6v2-r07-output-downstream-a01,D4-SM,9,LOAD,-3.2069342148633284
phase6v2-r07-output-downstream-a01,D4-SM,10,INPUT,-3.5215508245840654
phase6v2-r07-output-downstream-a01,D4-SM,11,INPUT+LOAD,-3.958502653242877
phase6v2-r07-output-load-a01,D4-SMT,1,OUTPUT+LOAD,3.8497560119125396
phase6v2-r07-output-load-a01,D4-SMT,2,LOAD,1.1605318233837378
phase6v2-r07-output-load-a01,D4-SMT,3,LOAD+DOWNSTREAM,0.594669451641165
phase6v2-r07-output-load-a01,D4-SMT,4,INPUT+LOAD,0.5192818347086043
phase6v2-r07-output-load-a01,D4-SMT,5,OUTPUT,-1.1605318233837378
phase6v2-r07-output-load-a01,D4-SMT,6,OUTPUT+DOWNSTREAM,-1.7263941951263106
phase6v2-r07-output-load-a01,D4-SMT,7,INPUT+OUTPUT,-1.8017818120588713
phase6v2-r07-output-load-a01,D4-SMT,8,NONE,-3.8497560119125396
phase6v2-r07-output-load-a01,D4-SMT,9,DOWNSTREAM,-4.415618383655112
phase6v2-r07-output-load-a01,D4-SMT,10,INPUT,-4.491006000587673
phase6v2-r07-output-load-a01,D4-SMT,11,INPUT+DOWNSTREAM,-5.056868372330246
phase6v2-r07-load-downstream-a01,D4-SMT,1,LOAD+DOWNSTREAM,4.379436236161883
phase6v2-r07-load-downstream-a01,D4-SMT,2,LOAD,2.1610545045089156
phase6v2-r07-load-downstream-a01,D4-SMT,3,OUTPUT+LOAD,2.1120836010716175
phase6v2-r07-load-downstream-a01,D4-SMT,4,INPUT+LOAD,1.5314220535408165
phase6v2-r07-load-downstream-a01,D4-SMT,5,DOWNSTREAM,-2.1610545045089156
phase6v2-r07-load-downstream-a01,D4-SMT,6,OUTPUT+DOWNSTREAM,-2.2100254079462145
phase6v2-r07-load-downstream-a01,D4-SMT,7,INPUT+DOWNSTREAM,-2.7906869554770153
phase6v2-r07-load-downstream-a01,D4-SMT,8,NONE,-4.379436236161883
phase6v2-r07-load-downstream-a01,D4-SMT,9,OUTPUT,-4.428407139599182
phase6v2-r07-load-downstream-a01,D4-SMT,10,INPUT,-5.009068687129982
phase6v2-r07-load-downstream-a01,D4-SMT,11,INPUT+OUTPUT,-5.058039590567281
phase6v2-r07-baseline-a01,D4-SMT,1,NONE,0
phase6v2-r07-baseline-a01,D4-SMT,2,INPUT,-0.0016129474367979624
phase6v2-r07-baseline-a01,D4-SMT,3,LOAD,-0.0725438879113603
phase6v2-r07-baseline-a01,D4-SMT,4,INPUT+LOAD,-0.07415683534815826
phase6v2-r07-baseline-a01,D4-SMT,5,DOWNSTREAM,-0.12628241951654057
phase6v2-r07-baseline-a01,D4-SMT,6,INPUT+DOWNSTREAM,-0.12789536695333853
phase6v2-r07-baseline-a01,D4-SMT,7,LOAD+DOWNSTREAM,-0.19882630742790086
phase6v2-r07-baseline-a01,D4-SMT,8,OUTPUT,-0.6139014131791704
phase6v2-r07-baseline-a01,D4-SMT,9,INPUT+OUTPUT,-0.6155143606159683
phase6v2-r07-baseline-a01,D4-SMT,10,OUTPUT+LOAD,-0.6864453010905307
phase6v2-r07-baseline-a01,D4-SMT,11,OUTPUT+DOWNSTREAM,-0.7401838326957109
phase6v2-r07-input-downstream-a01,D4-SMT,1,LOAD+DOWNSTREAM,1.3111862382583146
phase6v2-r07-input-downstream-a01,D4-SMT,2,DOWNSTREAM,1.1158731175531238
phase6v2-r07-input-downstream-a01,D4-SMT,3,INPUT+DOWNSTREAM,0.9051192610125381
phase6v2-r07-input-downstream-a01,D4-SMT,4,OUTPUT+DOWNSTREAM,0.4285195279164823
phase6v2-r07-input-downstream-a01,D4-SMT,5,LOAD,-1.1158731175531238
phase6v2-r07-input-downstream-a01,D4-SMT,6,NONE,-1.3111862382583146
phase6v2-r07-input-downstream-a01,D4-SMT,7,INPUT+LOAD,-1.3266269740937096
phase6v2-r07-input-downstream-a01,D4-SMT,8,INPUT,-1.5219400947989004
phase6v2-r07-input-downstream-a01,D4-SMT,9,OUTPUT+LOAD,-1.8032267071897654
phase6v2-r07-input-downstream-a01,D4-SMT,10,OUTPUT,-1.9985398278949562
phase6v2-r07-input-downstream-a01,D4-SMT,11,INPUT+OUTPUT,-2.2092936844355417
phase6v2-r07-output-downstream-control-a01,D4-SMT,1,DOWNSTREAM,1.2210938035471097
phase6v2-r07-output-downstream-control-a01,D4-SMT,2,INPUT+DOWNSTREAM,1.0776872232708454
phase6v2-r07-output-downstream-control-a01,D4-SMT,3,LOAD+DOWNSTREAM,0.824217219290806
phase6v2-r07-output-downstream-control-a01,D4-SMT,4,OUTPUT+DOWNSTREAM,0.7174132750683748
phase6v2-r07-output-downstream-control-a01,D4-SMT,5,NONE,-1.2210938035471097
phase6v2-r07-output-downstream-control-a01,D4-SMT,6,INPUT,-1.364500383823374
phase6v2-r07-output-downstream-control-a01,D4-SMT,7,LOAD,-1.6179703878034135
phase6v2-r07-output-downstream-control-a01,D4-SMT,8,OUTPUT,-1.7247743320258446
phase6v2-r07-output-downstream-control-a01,D4-SMT,9,INPUT+LOAD,-1.7613769680796776
phase6v2-r07-output-downstream-control-a01,D4-SMT,10,INPUT+OUTPUT,-1.868180912302109
phase6v2-r07-output-downstream-control-a01,D4-SMT,11,OUTPUT+LOAD,-2.121650916282148
phase6v2-r07-output-load-control-a01,D4-SMT,1,LOAD,3.008041732083011
phase6v2-r07-output-load-control-a01,D4-SMT,2,OUTPUT+LOAD,2.5250880411300782
phase6v2-r07-output-load-control-a01,D4-SMT,3,INPUT+LOAD,2.483856897943948
phase6v2-r07-output-load-control-a01,D4-SMT,4,LOAD+DOWNSTREAM,2.4233814083023013
phase6v2-r07-output-load-control-a01,D4-SMT,5,NONE,-3.008041732083011
phase6v2-r07-output-load-control-a01,D4-SMT,6,OUTPUT,-3.490995423035944
phase6v2-r07-output-load-control-a01,D4-SMT,7,INPUT,-3.532226566222074
phase6v2-r07-output-load-control-a01,D4-SMT,8,DOWNSTREAM,-3.592702055863721
phase6v2-r07-output-load-control-a01,D4-SMT,9,INPUT+OUTPUT,-4.0151802571750075
phase6v2-r07-output-load-control-a01,D4-SMT,10,OUTPUT+DOWNSTREAM,-4.075655746816654
phase6v2-r07-output-load-control-a01,D4-SMT,11,INPUT+DOWNSTREAM,-4.1168868900027835
phase6v2-r07-downstream-medium-a01,D4-SMT,1,LOAD+DOWNSTREAM,1.266712115829732
phase6v2-r07-downstream-medium-a01,D4-SMT,2,DOWNSTREAM,1.1984640984841808
phase6v2-r07-downstream-medium-a01,D4-SMT,3,INPUT+DOWNSTREAM,1.0552176591708626
phase6v2-r07-downstream-medium-a01,D4-SMT,4,OUTPUT+DOWNSTREAM,0.6967600648924316
phase6v2-r07-downstream-medium-a01,D4-SMT,5,LOAD,-1.1984640984841808
phase6v2-r07-downstream-medium-a01,D4-SMT,6,NONE,-1.266712115829732
phase6v2-r07-downstream-medium-a01,D4-SMT,7,INPUT+LOAD,-1.3417105377974987
phase6v2-r07-downstream-medium-a01,D4-SMT,8,INPUT,-1.4099585551430502
phase6v2-r07-downstream-medium-a01,D4-SMT,9,OUTPUT+LOAD,-1.7001681320759299
phase6v2-r07-downstream-medium-a01,D4-SMT,10,OUTPUT,-1.7684161494214812
phase6v2-r07-downstream-medium-a01,D4-SMT,11,INPUT+OUTPUT,-1.9116625887347993
phase6v2-r07-output-control-a01,D4-SMT,1,NONE,0
phase6v2-r07-output-control-a01,D4-SMT,2,INPUT,-0.017637069249742954
phase6v2-r07-output-control-a01,D4-SMT,3,DOWNSTREAM,-0.2338877152398034
phase6v2-r07-output-control-a01,D4-SMT,4,INPUT+DOWNSTREAM,-0.25152478448954635
phase6v2-r07-output-control-a01,D4-SMT,5,LOAD,-0.5109309053509794
phase6v2-r07-output-control-a01,D4-SMT,6,INPUT+LOAD,-0.5285679746007224
phase6v2-r07-output-control-a01,D4-SMT,7,OUTPUT,-0.5363395402253799
phase6v2-r07-output-control-a01,D4-SMT,8,INPUT+OUTPUT,-0.5539766094751228
phase6v2-r07-output-control-a01,D4-SMT,9,LOAD+DOWNSTREAM,-0.7448186205907827
phase6v2-r07-output-control-a01,D4-SMT,10,OUTPUT+DOWNSTREAM,-0.7702272554651832
phase6v2-r07-output-control-a01,D4-SMT,11,OUTPUT+LOAD,-1.0472704455763593
phase6v2-r07-input-load-a01,D4-SMT,1,OUTPUT+LOAD,3.5859897964968983
phase6v2-r07-input-load-a01,D4-SMT,2,LOAD,1.592454817214069
phase6v2-r07-input-load-a01,D4-SMT,3,LOAD+DOWNSTREAM,1.0082942411138536
phase6v2-r07-input-load-a01,D4-SMT,4,INPUT+LOAD,0.9512048285389355
phase6v2-r07-input-load-a01,D4-SMT,5,OUTPUT,-1.592454817214069
phase6v2-r07-input-load-a01,D4-SMT,6,OUTPUT+DOWNSTREAM,-2.176615393314284
phase6v2-r07-input-load-a01,D4-SMT,7,INPUT+OUTPUT,-2.2337048058892024
phase6v2-r07-input-load-a01,D4-SMT,8,NONE,-3.5859897964968983
phase6v2-r07-input-load-a01,D4-SMT,9,DOWNSTREAM,-4.170150372597114
phase6v2-r07-input-load-a01,D4-SMT,10,INPUT,-4.227239785172031
phase6v2-r07-input-load-a01,D4-SMT,11,INPUT+DOWNSTREAM,-4.811400361272247
phase6v2-r07-output-medium-a01,D4-SMT,1,OUTPUT,1.0964104082070736
phase6v2-r07-output-medium-a01,D4-SMT,2,OUTPUT+LOAD,1.0159457912839156
phase6v2-r07-output-medium-a01,D4-SMT,3,INPUT+OUTPUT,0.9113130148877435
phase6v2-r07-output-medium-a01,D4-SMT,4,OUTPUT+DOWNSTREAM,0.6145363494416389
phase6v2-r07-output-medium-a01,D4-SMT,5,NONE,-1.0964104082070736
phase6v2-r07-output-medium-a01,D4-SMT,6,LOAD,-1.1768750251302316
phase6v2-r07-output-medium-a01,D4-SMT,7,INPUT,-1.2815078015264036
phase6v2-r07-output-medium-a01,D4-SMT,8,INPUT+LOAD,-1.3619724184495619
phase6v2-r07-output-medium-a01,D4-SMT,9,DOWNSTREAM,-1.5782844669725082
phase6v2-r07-output-medium-a01,D4-SMT,10,LOAD+DOWNSTREAM,-1.6587490838956662
phase6v2-r07-output-medium-a01,D4-SMT,11,INPUT+DOWNSTREAM,-1.7633818602918383
phase6v2-r07-load-medium-a01,D4-SMT,1,LOAD,3.4220221763711836
phase6v2-r07-load-medium-a01,D4-SMT,2,OUTPUT+LOAD,3.3529092409547476
phase6v2-r07-load-medium-a01,D4-SMT,3,LOAD+DOWNSTREAM,2.898006602011899
phase6v2-r07-load-medium-a01,D4-SMT,4,INPUT+LOAD,2.7917640000999873
phase6v2-r07-load-medium-a01,D4-SMT,5,NONE,-3.4220221763711836
phase6v2-r07-load-medium-a01,D4-SMT,6,OUTPUT,-3.4911351117876195
phase6v2-r07-load-medium-a01,D4-SMT,7,DOWNSTREAM,-3.946037750730468
phase6v2-r07-load-medium-a01,D4-SMT,8,OUTPUT+DOWNSTREAM,-4.015150686146904
phase6v2-r07-load-medium-a01,D4-SMT,9,INPUT,-4.05228035264238
phase6v2-r07-load-medium-a01,D4-SMT,10,INPUT+OUTPUT,-4.121393288058815
phase6v2-r07-load-medium-a01,D4-SMT,11,INPUT+DOWNSTREAM,-4.576295927001665
phase6v2-r07-input-medium-a01,D4-SMT,1,NONE,0
phase6v2-r07-input-medium-a01,D4-SMT,2,INPUT,-0.07901079977982883
phase6v2-r07-input-medium-a01,D4-SMT,3,LOAD,-0.1417499039676015
phase6v2-r07-input-medium-a01,D4-SMT,4,INPUT+LOAD,-0.22076070374743034
phase6v2-r07-input-medium-a01,D4-SMT,5,DOWNSTREAM,-0.38751390517650286
phase6v2-r07-input-medium-a01,D4-SMT,6,INPUT+DOWNSTREAM,-0.4665247049563317
phase6v2-r07-input-medium-a01,D4-SMT,7,LOAD+DOWNSTREAM,-0.5292638091441044
phase6v2-r07-input-medium-a01,D4-SMT,8,OUTPUT,-0.6106257607731823
phase6v2-r07-input-medium-a01,D4-SMT,9,INPUT+OUTPUT,-0.6896365605530111
phase6v2-r07-input-medium-a01,D4-SMT,10,OUTPUT+LOAD,-0.7523756647407838
phase6v2-r07-input-medium-a01,D4-SMT,11,OUTPUT+DOWNSTREAM,-0.9981396659496852
phase6v2-r07-output-downstream-a01,D4-SMT,1,OUTPUT+DOWNSTREAM,1.637533592287454
phase6v2-r07-output-downstream-a01,D4-SMT,2,LOAD+DOWNSTREAM,0.6211389728507685
phase6v2-r07-output-downstream-a01,D4-SMT,3,DOWNSTREAM,0.591950593678621
phase6v2-r07-output-downstream-a01,D4-SMT,4,INPUT+DOWNSTREAM,0.33025362971224703
phase6v2-r07-output-downstream-a01,D4-SMT,5,OUTPUT+LOAD,-0.591950593678621
phase6v2-r07-output-downstream-a01,D4-SMT,6,OUTPUT,-0.6211389728507685
phase6v2-r07-output-downstream-a01,D4-SMT,7,INPUT+OUTPUT,-0.8828359368171426
phase6v2-r07-output-downstream-a01,D4-SMT,8,LOAD,-1.637533592287454
phase6v2-r07-output-downstream-a01,D4-SMT,9,NONE,-1.6667219714596015
phase6v2-r07-output-downstream-a01,D4-SMT,10,INPUT+LOAD,-1.899230556253828
phase6v2-r07-output-downstream-a01,D4-SMT,11,INPUT,-1.9284189354259755
phase6v2-r07-output-load-a01,D4-FULL,1,LOAD,2.513200633401538
phase6v2-r07-output-load-a01,D4-FULL,2,OUTPUT+LOAD,2.406720952068323
phase6v2-r07-output-load-a01,D4-FULL,3,LOAD+DOWNSTREAM,0.3674370817108259
phase6v2-r07-output-load-a01,D4-FULL,4,NONE,-2.513200633401538
phase6v2-r07-output-load-a01,D4-FULL,5,OUTPUT,-2.6196803147347536
phase6v2-r07-output-load-a01,D4-FULL,6,DOWNSTREAM,-4.65896418509225
phase6v2-r07-output-load-a01,D4-FULL,7,OUTPUT+DOWNSTREAM,-4.765443866425466
phase6v2-r07-output-load-a01,D4-FULL,8,INPUT+LOAD,-7.421019303080847
phase6v2-r07-output-load-a01,D4-FULL,9,INPUT,-12.447420569883924
phase6v2-r07-output-load-a01,D4-FULL,10,INPUT+OUTPUT,-12.55390025121714
phase6v2-r07-output-load-a01,D4-FULL,11,INPUT+DOWNSTREAM,-14.593184121574637
phase6v2-r07-load-downstream-a01,D4-FULL,1,LOAD+DOWNSTREAM,3.6624307691204976
phase6v2-r07-load-downstream-a01,D4-FULL,2,LOAD,2.901461452764578
phase6v2-r07-load-downstream-a01,D4-FULL,3,OUTPUT+LOAD,2.761134204003908
phase6v2-r07-load-downstream-a01,D4-FULL,4,INPUT+LOAD,-1.7914127510959077
phase6v2-r07-load-downstream-a01,D4-FULL,5,DOWNSTREAM,-2.901461452764578
phase6v2-r07-load-downstream-a01,D4-FULL,6,OUTPUT+DOWNSTREAM,-3.0417887015252476
phase6v2-r07-load-downstream-a01,D4-FULL,7,NONE,-3.6624307691204976
phase6v2-r07-load-downstream-a01,D4-FULL,8,OUTPUT,-3.8027580178811675
phase6v2-r07-load-downstream-a01,D4-FULL,9,INPUT+DOWNSTREAM,-7.594335656625063
phase6v2-r07-load-downstream-a01,D4-FULL,10,INPUT,-8.355304972980983
phase6v2-r07-load-downstream-a01,D4-FULL,11,INPUT+OUTPUT,-8.495632221741653
phase6v2-r07-baseline-a01,D4-FULL,1,NONE,0
phase6v2-r07-baseline-a01,D4-FULL,2,INPUT,-0.01033781637099529
phase6v2-r07-baseline-a01,D4-FULL,3,DOWNSTREAM,-0.12627236432956884
phase6v2-r07-baseline-a01,D4-FULL,4,INPUT+DOWNSTREAM,-0.13661018070056413
phase6v2-r07-baseline-a01,D4-FULL,5,LOAD,-0.20721632025459277
phase6v2-r07-baseline-a01,D4-FULL,6,INPUT+LOAD,-0.21755413662558806
phase6v2-r07-baseline-a01,D4-FULL,7,LOAD+DOWNSTREAM,-0.3334886845841616
phase6v2-r07-baseline-a01,D4-FULL,8,OUTPUT,-1.1612358113199077
phase6v2-r07-baseline-a01,D4-FULL,9,INPUT+OUTPUT,-1.171573627690903
phase6v2-r07-baseline-a01,D4-FULL,10,OUTPUT+DOWNSTREAM,-1.2875081756494766
phase6v2-r07-baseline-a01,D4-FULL,11,OUTPUT+LOAD,-1.3684521315745004
phase6v2-r07-input-downstream-a01,D4-FULL,1,LOAD+DOWNSTREAM,0.216390484475863
phase6v2-r07-input-downstream-a01,D4-FULL,2,LOAD,0.05163303326718344
phase6v2-r07-input-downstream-a01,D4-FULL,3,DOWNSTREAM,-0.05163303326718344
phase6v2-r07-input-downstream-a01,D4-FULL,4,INPUT+LOAD,-0.1645680607086698
phase6v2-r07-input-downstream-a01,D4-FULL,5,NONE,-0.216390484475863
phase6v2-r07-input-downstream-a01,D4-FULL,6,INPUT+DOWNSTREAM,-0.2678341272430367
phase6v2-r07-input-downstream-a01,D4-FULL,7,INPUT,-0.43259157845171625
phase6v2-r07-input-downstream-a01,D4-FULL,8,OUTPUT+LOAD,-1.0654510913593047
phase6v2-r07-input-downstream-a01,D4-FULL,9,OUTPUT+DOWNSTREAM,-1.1687171578936717
phase6v2-r07-input-downstream-a01,D4-FULL,10,OUTPUT,-1.3334746091023513
phase6v2-r07-input-downstream-a01,D4-FULL,11,INPUT+OUTPUT,-1.5496757030782045
phase6v2-r07-output-downstream-control-a01,D4-FULL,1,DOWNSTREAM,0.9135212614198818
phase6v2-r07-output-downstream-control-a01,D4-FULL,2,INPUT+DOWNSTREAM,0.7759583437278408
phase6v2-r07-output-downstream-control-a01,D4-FULL,3,OUTPUT+DOWNSTREAM,0.37530580445751327
phase6v2-r07-output-downstream-control-a01,D4-FULL,4,LOAD+DOWNSTREAM,-0.792022981449467
phase6v2-r07-output-downstream-control-a01,D4-FULL,5,NONE,-0.9135212614198818
phase6v2-r07-output-downstream-control-a01,D4-FULL,6,INPUT,-1.0510841791119228
phase6v2-r07-output-downstream-control-a01,D4-FULL,7,OUTPUT,-1.4517367183822503
phase6v2-r07-output-downstream-control-a01,D4-FULL,8,INPUT+OUTPUT,-1.5892996360742913
phase6v2-r07-output-downstream-control-a01,D4-FULL,9,LOAD,-2.619065504289231
phase6v2-r07-output-downstream-control-a01,D4-FULL,10,INPUT+LOAD,-2.7566284219812713
phase6v2-r07-output-downstream-control-a01,D4-FULL,11,OUTPUT+LOAD,-3.1572809612515993
phase6v2-r07-output-load-control-a01,D4-FULL,1,LOAD,3.056454289818354
phase6v2-r07-output-load-control-a01,D4-FULL,2,OUTPUT+LOAD,2.8469298335589044
phase6v2-r07-output-load-control-a01,D4-FULL,3,LOAD+DOWNSTREAM,1.8485900050545865
phase6v2-r07-output-load-control-a01,D4-FULL,4,INPUT+LOAD,1.439468307691833
phase6v2-r07-output-load-control-a01,D4-FULL,5,NONE,-3.056454289818354
phase6v2-r07-output-load-control-a01,D4-FULL,6,OUTPUT,-3.265978746077804
phase6v2-r07-output-load-control-a01,D4-FULL,7,DOWNSTREAM,-4.264318574582122
phase6v2-r07-output-load-control-a01,D4-FULL,8,OUTPUT+DOWNSTREAM,-4.4738430308415715
phase6v2-r07-output-load-control-a01,D4-FULL,9,INPUT,-4.673440271944875
phase6v2-r07-output-load-control-a01,D4-FULL,10,INPUT+OUTPUT,-4.882964728204325
phase6v2-r07-output-load-control-a01,D4-FULL,11,INPUT+DOWNSTREAM,-5.881304556708644
phase6v2-r07-downstream-medium-a01,D4-FULL,1,LOAD+DOWNSTREAM,0.24696613306200926
phase6v2-r07-downstream-medium-a01,D4-FULL,2,DOWNSTREAM,0.06421217497750792
phase6v2-r07-downstream-medium-a01,D4-FULL,3,LOAD,-0.06421217497750792
phase6v2-r07-downstream-medium-a01,D4-FULL,4,INPUT+DOWNSTREAM,-0.07137097577535817
phase6v2-r07-downstream-medium-a01,D4-FULL,5,INPUT+LOAD,-0.199795325730374
phase6v2-r07-downstream-medium-a01,D4-FULL,6,NONE,-0.24696613306200926
phase6v2-r07-downstream-medium-a01,D4-FULL,7,INPUT,-0.38254928381487535
phase6v2-r07-downstream-medium-a01,D4-FULL,8,OUTPUT+DOWNSTREAM,-0.6855308397607975
phase6v2-r07-downstream-medium-a01,D4-FULL,9,OUTPUT+LOAD,-0.8139551897158134
phase6v2-r07-downstream-medium-a01,D4-FULL,10,OUTPUT,-0.9967091478003147
phase6v2-r07-downstream-medium-a01,D4-FULL,11,INPUT+OUTPUT,-1.132292298553181
phase6v2-r07-output-control-a01,D4-FULL,1,NONE,0
phase6v2-r07-output-control-a01,D4-FULL,2,INPUT,-0.011612596438756007
phase6v2-r07-output-control-a01,D4-FULL,3,DOWNSTREAM,-0.2446686981934551
phase6v2-r07-output-control-a01,D4-FULL,4,INPUT+DOWNSTREAM,-0.2562812946322111
phase6v2-r07-output-control-a01,D4-FULL,5,OUTPUT,-1.0307340563048937
phase6v2-r07-output-control-a01,D4-FULL,6,INPUT+OUTPUT,-1.0423466527436496
phase6v2-r07-output-control-a01,D4-FULL,7,OUTPUT+DOWNSTREAM,-1.2754027544983488
phase6v2-r07-output-control-a01,D4-FULL,8,LOAD,-1.992668255177824
phase6v2-r07-output-control-a01,D4-FULL,9,INPUT+LOAD,-2.00428085161658
phase6v2-r07-output-control-a01,D4-FULL,10,LOAD+DOWNSTREAM,-2.2373369533712792
phase6v2-r07-output-control-a01,D4-FULL,11,OUTPUT+LOAD,-3.0234023114827178
phase6v2-r07-input-load-a01,D4-FULL,1,OUTPUT+LOAD,2.9456454456001184
phase6v2-r07-input-load-a01,D4-FULL,2,LOAD,2.4143778698794938
phase6v2-r07-input-load-a01,D4-FULL,3,LOAD+DOWNSTREAM,0.12337849833022396
phase6v2-r07-input-load-a01,D4-FULL,4,OUTPUT,-2.4143778698794938
phase6v2-r07-input-load-a01,D4-FULL,5,NONE,-2.9456454456001184
phase6v2-r07-input-load-a01,D4-FULL,6,OUTPUT+DOWNSTREAM,-4.705377241428764
phase6v2-r07-input-load-a01,D4-FULL,7,DOWNSTREAM,-5.236644817149388
phase6v2-r07-input-load-a01,D4-FULL,8,INPUT+LOAD,-7.270019300587303
phase6v2-r07-input-load-a01,D4-FULL,9,INPUT+OUTPUT,-12.098775040346291
phase6v2-r07-input-load-a01,D4-FULL,10,INPUT,-12.630042616066916
phase6v2-r07-input-load-a01,D4-FULL,11,INPUT+DOWNSTREAM,-14.921041987616185
phase6v2-r07-output-medium-a01,D4-FULL,1,OUTPUT,1.7238642432579099
phase6v2-r07-output-medium-a01,D4-FULL,2,INPUT+OUTPUT,1.3441940042370903
phase6v2-r07-output-medium-a01,D4-FULL,3,OUTPUT+DOWNSTREAM,1.0894552046911536
phase6v2-r07-output-medium-a01,D4-FULL,4,OUTPUT+LOAD,0.2230634805373255
phase6v2-r07-output-medium-a01,D4-FULL,5,NONE,-1.7238642432579099
phase6v2-r07-output-medium-a01,D4-FULL,6,INPUT,-2.103534482278729
phase6v2-r07-output-medium-a01,D4-FULL,7,DOWNSTREAM,-2.3582732818246663
phase6v2-r07-output-medium-a01,D4-FULL,8,INPUT+DOWNSTREAM,-2.7379435208454854
phase6v2-r07-output-medium-a01,D4-FULL,9,LOAD,-3.224665005978494
phase6v2-r07-output-medium-a01,D4-FULL,10,INPUT+LOAD,-3.604335244999314
phase6v2-r07-output-medium-a01,D4-FULL,11,LOAD+DOWNSTREAM,-3.8590740445452507
phase6v2-r07-load-medium-a01,D4-FULL,1,LOAD,3.4897046161735132
phase6v2-r07-load-medium-a01,D4-FULL,2,OUTPUT+LOAD,3.4687793701373004
phase6v2-r07-load-medium-a01,D4-FULL,3,LOAD+DOWNSTREAM,2.490069016629252
phase6v2-r07-load-medium-a01,D4-FULL,4,INPUT+LOAD,-0.8128299648272077
phase6v2-r07-load-medium-a01,D4-FULL,5,NONE,-3.4897046161735132
phase6v2-r07-load-medium-a01,D4-FULL,6,OUTPUT,-3.510629862209726
phase6v2-r07-load-medium-a01,D4-FULL,7,DOWNSTREAM,-4.489340215717775
phase6v2-r07-load-medium-a01,D4-FULL,8,OUTPUT+DOWNSTREAM,-4.5102654617539875
phase6v2-r07-load-medium-a01,D4-FULL,9,INPUT,-7.792239197174235
phase6v2-r07-load-medium-a01,D4-FULL,10,INPUT+OUTPUT,-7.813164443210447
phase6v2-r07-load-medium-a01,D4-FULL,11,INPUT+DOWNSTREAM,-8.791874796718496
phase6v2-r07-input-medium-a01,D4-FULL,1,NONE,0
phase6v2-r07-input-medium-a01,D4-FULL,2,INPUT,-0.0698591989571078
phase6v2-r07-input-medium-a01,D4-FULL,3,LOAD,-0.1993124599044099
phase6v2-r07-input-medium-a01,D4-FULL,4,INPUT+LOAD,-0.2691716588615177
phase6v2-r07-input-medium-a01,D4-FULL,5,DOWNSTREAM,-0.7952343726435279
phase6v2-r07-input-medium-a01,D4-FULL,6,INPUT+DOWNSTREAM,-0.8650935716006357
phase6v2-r07-input-medium-a01,D4-FULL,7,LOAD+DOWNSTREAM,-0.9945468325479379
phase6v2-r07-input-medium-a01,D4-FULL,8,OUTPUT,-1.071872944354607
phase6v2-r07-input-medium-a01,D4-FULL,9,INPUT+OUTPUT,-1.1417321433117147
phase6v2-r07-input-medium-a01,D4-FULL,10,OUTPUT+LOAD,-1.2711854042590167
phase6v2-r07-input-medium-a01,D4-FULL,11,OUTPUT+DOWNSTREAM,-1.8671073169981347
phase6v2-r07-output-downstream-a01,D4-FULL,1,OUTPUT+DOWNSTREAM,1.0035702489109144
phase6v2-r07-output-downstream-a01,D4-FULL,2,OUTPUT,0.5514946794649643
phase6v2-r07-output-downstream-a01,D4-FULL,3,INPUT+OUTPUT,0.04790536786057731
phase6v2-r07-output-downstream-a01,D4-FULL,4,DOWNSTREAM,-0.5514946794649643
phase6v2-r07-output-downstream-a01,D4-FULL,5,OUTPUT+LOAD,-0.8367461649962801
phase6v2-r07-output-downstream-a01,D4-FULL,6,NONE,-1.0035702489109144
phase6v2-r07-output-downstream-a01,D4-FULL,7,INPUT+DOWNSTREAM,-1.0550839910693512
phase6v2-r07-output-downstream-a01,D4-FULL,8,INPUT,-1.5071595605153014
phase6v2-r07-output-downstream-a01,D4-FULL,9,LOAD+DOWNSTREAM,-1.9397355239262086
phase6v2-r07-output-downstream-a01,D4-FULL,10,LOAD,-2.3918110933721586
phase6v2-r07-output-downstream-a01,D4-FULL,11,INPUT+LOAD,-2.895400404976546
phase6v2-r07-output-load-a01,D4-FULL,1,LOAD,2.513200633401538
phase6v2-r07-output-load-a01,D4-FULL,2,OUTPUT+LOAD,2.483390589637182
phase6v2-r07-output-load-a01,D4-FULL,3,LOAD+DOWNSTREAM,0.3674370817108259
phase6v2-r07-output-load-a01,D4-FULL,4,NONE,-2.513200633401538
phase6v2-r07-output-load-a01,D4-FULL,5,OUTPUT,-2.5430106771658942
phase6v2-r07-output-load-a01,D4-FULL,6,DOWNSTREAM,-4.65896418509225
phase6v2-r07-output-load-a01,D4-FULL,7,OUTPUT+DOWNSTREAM,-4.688774228856607
phase6v2-r07-output-load-a01,D4-FULL,8,INPUT+LOAD,-6.335949361790927
phase6v2-r07-output-load-a01,D4-FULL,9,INPUT,-11.362350628594005
phase6v2-r07-output-load-a01,D4-FULL,10,INPUT+OUTPUT,-11.39216067235836
phase6v2-r07-output-load-a01,D4-FULL,11,INPUT+DOWNSTREAM,-13.508114180284718
phase6v2-r07-load-downstream-a01,D4-FULL,1,LOAD+DOWNSTREAM,3.6624307691204976
phase6v2-r07-load-downstream-a01,D4-FULL,2,LOAD,2.901461452764578
phase6v2-r07-load-downstream-a01,D4-FULL,3,OUTPUT+LOAD,2.7347478254781317
phase6v2-r07-load-downstream-a01,D4-FULL,4,INPUT+LOAD,-1.1394503742159368
phase6v2-r07-load-downstream-a01,D4-FULL,5,DOWNSTREAM,-2.901461452764578
phase6v2-r07-load-downstream-a01,D4-FULL,6,OUTPUT+DOWNSTREAM,-3.068175080051024
phase6v2-r07-load-downstream-a01,D4-FULL,7,NONE,-3.6624307691204976
phase6v2-r07-load-downstream-a01,D4-FULL,8,OUTPUT,-3.8291443964069436
phase6v2-r07-load-downstream-a01,D4-FULL,9,INPUT+DOWNSTREAM,-6.942373279745093
phase6v2-r07-load-downstream-a01,D4-FULL,10,INPUT,-7.703342596101012
phase6v2-r07-load-downstream-a01,D4-FULL,11,INPUT+OUTPUT,-7.870056223387459
phase6v2-r07-baseline-a01,D4-FULL,1,INPUT,0.0024143197083044132
phase6v2-r07-baseline-a01,D4-FULL,2,NONE,-0.0024143197083044132
phase6v2-r07-baseline-a01,D4-FULL,3,INPUT+DOWNSTREAM,-0.12385804462126443
phase6v2-r07-baseline-a01,D4-FULL,4,DOWNSTREAM,-0.12868668403787326
phase6v2-r07-baseline-a01,D4-FULL,5,INPUT+LOAD,-0.20480200054628836
phase6v2-r07-baseline-a01,D4-FULL,6,LOAD,-0.2096306399628972
phase6v2-r07-baseline-a01,D4-FULL,7,LOAD+DOWNSTREAM,-0.335903004292466
phase6v2-r07-baseline-a01,D4-FULL,8,INPUT+OUTPUT,-0.8663331396725781
phase6v2-r07-baseline-a01,D4-FULL,9,OUTPUT,-0.8711617790891869
phase6v2-r07-baseline-a01,D4-FULL,10,OUTPUT+DOWNSTREAM,-0.9974341434187557
phase6v2-r07-baseline-a01,D4-FULL,11,OUTPUT+LOAD,-1.0783780993437797
phase6v2-r07-input-downstream-a01,D4-FULL,1,LOAD+DOWNSTREAM,0.13739584017750833
phase6v2-r07-input-downstream-a01,D4-FULL,2,INPUT+LOAD,0.13062767756553811
phase6v2-r07-input-downstream-a01,D4-FULL,3,INPUT+DOWNSTREAM,0.02736161103117124
phase6v2-r07-input-downstream-a01,D4-FULL,4,LOAD,-0.02736161103117124
phase6v2-r07-input-downstream-a01,D4-FULL,5,DOWNSTREAM,-0.13062767756553811
phase6v2-r07-input-downstream-a01,D4-FULL,6,INPUT,-0.13739584017750833
phase6v2-r07-input-downstream-a01,D4-FULL,7,NONE,-0.2953851287742177
phase6v2-r07-input-downstream-a01,D4-FULL,8,OUTPUT+LOAD,-0.8664919739031569
phase6v2-r07-input-downstream-a01,D4-FULL,9,OUTPUT+DOWNSTREAM,-0.9697580404375237
phase6v2-r07-input-downstream-a01,D4-FULL,10,INPUT+OUTPUT,-0.9765262030494939
phase6v2-r07-input-downstream-a01,D4-FULL,11,OUTPUT,-1.1345154916462032
phase6v2-r07-output-downstream-control-a01,D4-FULL,1,DOWNSTREAM,0.9135212614198818
phase6v2-r07-output-downstream-control-a01,D4-FULL,2,OUTPUT+DOWNSTREAM,0.5564658687762131
phase6v2-r07-output-downstream-control-a01,D4-FULL,3,INPUT+DOWNSTREAM,0.49741997678652383
phase6v2-r07-output-downstream-control-a01,D4-FULL,4,LOAD+DOWNSTREAM,-0.792022981449467
phase6v2-r07-output-downstream-control-a01,D4-FULL,5,NONE,-0.9135212614198818
phase6v2-r07-output-downstream-control-a01,D4-FULL,6,OUTPUT,-1.2705766540635506
phase6v2-r07-output-downstream-control-a01,D4-FULL,7,INPUT,-1.3296225460532396
phase6v2-r07-output-downstream-control-a01,D4-FULL,8,INPUT+OUTPUT,-1.6866779386969084
phase6v2-r07-output-downstream-control-a01,D4-FULL,9,LOAD,-2.619065504289231
phase6v2-r07-output-downstream-control-a01,D4-FULL,10,OUTPUT+LOAD,-2.9761208969328994
phase6v2-r07-output-downstream-control-a01,D4-FULL,11,INPUT+LOAD,-3.035166788922589
phase6v2-r07-output-load-control-a01,D4-FULL,1,LOAD,3.056454289818354
phase6v2-r07-output-load-control-a01,D4-FULL,2,OUTPUT+LOAD,2.883898771704631
phase6v2-r07-output-load-control-a01,D4-FULL,3,LOAD+DOWNSTREAM,1.8485900050545865
phase6v2-r07-output-load-control-a01,D4-FULL,4,INPUT+LOAD,1.3371992948841345
phase6v2-r07-output-load-control-a01,D4-FULL,5,NONE,-3.056454289818354
phase6v2-r07-output-load-control-a01,D4-FULL,6,OUTPUT,-3.2290098079320773
phase6v2-r07-output-load-control-a01,D4-FULL,7,DOWNSTREAM,-4.264318574582122
phase6v2-r07-output-load-control-a01,D4-FULL,8,OUTPUT+DOWNSTREAM,-4.436874092695845
phase6v2-r07-output-load-control-a01,D4-FULL,9,INPUT,-4.775709284752574
phase6v2-r07-output-load-control-a01,D4-FULL,10,INPUT+OUTPUT,-4.948264802866297
phase6v2-r07-output-load-control-a01,D4-FULL,11,INPUT+DOWNSTREAM,-5.9835735695163415
phase6v2-r07-downstream-medium-a01,D4-FULL,1,LOAD+DOWNSTREAM,0.24696613306200926
phase6v2-r07-downstream-medium-a01,D4-FULL,2,DOWNSTREAM,0.06421217497750792
phase6v2-r07-downstream-medium-a01,D4-FULL,3,INPUT+DOWNSTREAM,-0.044312943828809515
phase6v2-r07-downstream-medium-a01,D4-FULL,4,LOAD,-0.06421217497750792
phase6v2-r07-downstream-medium-a01,D4-FULL,5,INPUT+LOAD,-0.17273729378382535
phase6v2-r07-downstream-medium-a01,D4-FULL,6,NONE,-0.24696613306200926
phase6v2-r07-downstream-medium-a01,D4-FULL,7,INPUT,-0.3554912518683267
phase6v2-r07-downstream-medium-a01,D4-FULL,8,OUTPUT+DOWNSTREAM,-0.4392607434235161
phase6v2-r07-downstream-medium-a01,D4-FULL,9,OUTPUT+LOAD,-0.567685093378532
phase6v2-r07-downstream-medium-a01,D4-FULL,10,OUTPUT,-0.7504390514630332
phase6v2-r07-downstream-medium-a01,D4-FULL,11,INPUT+OUTPUT,-0.8589641702693507
phase6v2-r07-output-control-a01,D4-FULL,1,NONE,0
phase6v2-r07-output-control-a01,D4-FULL,2,DOWNSTREAM,-0.2446686981934551
phase6v2-r07-output-control-a01,D4-FULL,3,INPUT,-0.30336418426050943
phase6v2-r07-output-control-a01,D4-FULL,4,INPUT+DOWNSTREAM,-0.5480328824539645
phase6v2-r07-output-control-a01,D4-FULL,5,OUTPUT,-0.8394210936731072
phase6v2-r07-output-control-a01,D4-FULL,6,OUTPUT+DOWNSTREAM,-1.0840897918665624
phase6v2-r07-output-control-a01,D4-FULL,7,INPUT+OUTPUT,-1.1427852779336167
phase6v2-r07-output-control-a01,D4-FULL,8,LOAD,-1.992668255177824
phase6v2-r07-output-control-a01,D4-FULL,9,LOAD+DOWNSTREAM,-2.2373369533712792
phase6v2-r07-output-control-a01,D4-FULL,10,INPUT+LOAD,-2.2960324394383336
phase6v2-r07-output-control-a01,D4-FULL,11,OUTPUT+LOAD,-2.832089348850931
phase6v2-r07-input-load-a01,D4-FULL,1,OUTPUT+LOAD,2.756901319108558
phase6v2-r07-input-load-a01,D4-FULL,2,LOAD,2.6031219963710543
phase6v2-r07-input-load-a01,D4-FULL,3,LOAD+DOWNSTREAM,0.31212262482178466
phase6v2-r07-input-load-a01,D4-FULL,4,OUTPUT,-2.6031219963710543
phase6v2-r07-input-load-a01,D4-FULL,5,NONE,-2.756901319108558
phase6v2-r07-input-load-a01,D4-FULL,6,OUTPUT+DOWNSTREAM,-4.894121367920324
phase6v2-r07-input-load-a01,D4-FULL,7,DOWNSTREAM,-5.047900690657828
phase6v2-r07-input-load-a01,D4-FULL,8,INPUT+LOAD,-5.456036878469273
phase6v2-r07-input-load-a01,D4-FULL,9,INPUT+OUTPUT,-10.662280871211383
phase6v2-r07-input-load-a01,D4-FULL,10,INPUT,-10.816060193948886
phase6v2-r07-input-load-a01,D4-FULL,11,INPUT+DOWNSTREAM,-13.107059565498155
phase6v2-r07-output-medium-a01,D4-FULL,1,OUTPUT,1.96144961399137
phase6v2-r07-output-medium-a01,D4-FULL,2,OUTPUT+DOWNSTREAM,1.3270405754246137
phase6v2-r07-output-medium-a01,D4-FULL,3,INPUT+OUTPUT,1.2894693700587778
phase6v2-r07-output-medium-a01,D4-FULL,4,OUTPUT+LOAD,0.4606488512707856
phase6v2-r07-output-medium-a01,D4-FULL,5,NONE,-1.96144961399137
phase6v2-r07-output-medium-a01,D4-FULL,6,DOWNSTREAM,-2.5958586525581264
phase6v2-r07-output-medium-a01,D4-FULL,7,INPUT,-2.633429857923962
phase6v2-r07-output-medium-a01,D4-FULL,8,INPUT+DOWNSTREAM,-3.2678388964907183
phase6v2-r07-output-medium-a01,D4-FULL,9,LOAD,-3.462250376711954
phase6v2-r07-output-medium-a01,D4-FULL,10,LOAD+DOWNSTREAM,-4.096659415278711
phase6v2-r07-output-medium-a01,D4-FULL,11,INPUT+LOAD,-4.134230620644547
phase6v2-r07-load-medium-a01,D4-FULL,1,LOAD,3.4897046161735132
phase6v2-r07-load-medium-a01,D4-FULL,2,OUTPUT+LOAD,3.4440882169563105
phase6v2-r07-load-medium-a01,D4-FULL,3,LOAD+DOWNSTREAM,2.490069016629252
phase6v2-r07-load-medium-a01,D4-FULL,4,INPUT+LOAD,-0.2325610784994212
phase6v2-r07-load-medium-a01,D4-FULL,5,NONE,-3.4897046161735132
phase6v2-r07-load-medium-a01,D4-FULL,6,OUTPUT,-3.535321015390716
phase6v2-r07-load-medium-a01,D4-FULL,7,DOWNSTREAM,-4.489340215717775
phase6v2-r07-load-medium-a01,D4-FULL,8,OUTPUT+DOWNSTREAM,-4.534956614934977
phase6v2-r07-load-medium-a01,D4-FULL,9,INPUT,-7.211970310846448
phase6v2-r07-load-medium-a01,D4-FULL,10,INPUT+OUTPUT,-7.25758671006365
phase6v2-r07-load-medium-a01,D4-FULL,11,INPUT+DOWNSTREAM,-8.211605910390709
phase6v2-r07-input-medium-a01,D4-FULL,1,INPUT,0.21223638688247415
phase6v2-r07-input-medium-a01,D4-FULL,2,INPUT+LOAD,0.012923926978064243
phase6v2-r07-input-medium-a01,D4-FULL,3,NONE,-0.21223638688247415
phase6v2-r07-input-medium-a01,D4-FULL,4,LOAD,-0.4115488467868841
phase6v2-r07-input-medium-a01,D4-FULL,5,INPUT+OUTPUT,-0.5793320920135853
phase6v2-r07-input-medium-a01,D4-FULL,6,INPUT+DOWNSTREAM,-0.5829979857610538
phase6v2-r07-input-medium-a01,D4-FULL,7,OUTPUT,-1.0038048657785335
phase6v2-r07-input-medium-a01,D4-FULL,8,DOWNSTREAM,-1.0074707595260022
phase6v2-r07-input-medium-a01,D4-FULL,9,OUTPUT+LOAD,-1.2031173256829435
phase6v2-r07-input-medium-a01,D4-FULL,10,LOAD+DOWNSTREAM,-1.206783219430412
phase6v2-r07-input-medium-a01,D4-FULL,11,OUTPUT+DOWNSTREAM,-1.7990392384220615
phase6v2-r07-output-downstream-a01,D4-FULL,1,OUTPUT+DOWNSTREAM,1.2396360620673166
phase6v2-r07-output-downstream-a01,D4-FULL,2,OUTPUT,0.7875604926213665
phase6v2-r07-output-downstream-a01,D4-FULL,3,INPUT+OUTPUT,0.0050975614656663115
phase6v2-r07-output-downstream-a01,D4-FULL,4,OUTPUT+LOAD,-0.6006803518398779
phase6v2-r07-output-downstream-a01,D4-FULL,5,DOWNSTREAM,-0.7875604926213665
phase6v2-r07-output-downstream-a01,D4-FULL,6,NONE,-1.2396360620673166
phase6v2-r07-output-downstream-a01,D4-FULL,7,INPUT+DOWNSTREAM,-1.5700234237770667
phase6v2-r07-output-downstream-a01,D4-FULL,8,INPUT,-2.022098993223017
phase6v2-r07-output-downstream-a01,D4-FULL,9,LOAD+DOWNSTREAM,-2.1758013370826106
phase6v2-r07-output-downstream-a01,D4-FULL,10,LOAD,-2.627876906528561
phase6v2-r07-output-downstream-a01,D4-FULL,11,INPUT+LOAD,-3.410339837684261
phase6v2-r08-output-load-control-a01,D4-S,1,LOAD,1.7281838864517778
phase6v2-r08-output-load-control-a01,D4-S,2,INPUT+LOAD,1.0519669003056331
phase6v2-r08-output-load-control-a01,D4-S,3,OUTPUT+LOAD,0.76745165970041
phase6v2-r08-output-load-control-a01,D4-S,4,LOAD+DOWNSTREAM,0.5200072914056566
phase6v2-r08-output-load-control-a01,D4-S,5,NONE,-1.7281838864517778
phase6v2-r08-output-load-control-a01,D4-S,6,INPUT,-2.4044008725979227
phase6v2-r08-output-load-control-a01,D4-S,7,OUTPUT,-2.6889161132031454
phase6v2-r08-output-load-control-a01,D4-S,8,DOWNSTREAM,-2.936360481497899
phase6v2-r08-output-load-control-a01,D4-S,9,INPUT+OUTPUT,-3.3651330993492903
phase6v2-r08-output-load-control-a01,D4-S,10,INPUT+DOWNSTREAM,-3.6125774676440434
phase6v2-r08-output-load-control-a01,D4-S,11,OUTPUT+DOWNSTREAM,-3.8970927082492666
phase6v2-r08-input-medium-a01,D4-S,1,NONE,0
phase6v2-r08-input-medium-a01,D4-S,2,INPUT,-0.11044846498412841
phase6v2-r08-input-medium-a01,D4-S,3,DOWNSTREAM,-0.13973165176390434
phase6v2-r08-input-medium-a01,D4-S,4,OUTPUT,-0.1975650486122657
phase6v2-r08-input-medium-a01,D4-S,5,INPUT+DOWNSTREAM,-0.25018011674803275
phase6v2-r08-input-medium-a01,D4-S,6,INPUT+OUTPUT,-0.3080135135963941
phase6v2-r08-input-medium-a01,D4-S,7,OUTPUT+DOWNSTREAM,-0.33729670037617004
phase6v2-r08-input-medium-a01,D4-S,8,LOAD,-0.7485265473038631
phase6v2-r08-input-medium-a01,D4-S,9,INPUT+LOAD,-0.8589750122879916
phase6v2-r08-input-medium-a01,D4-S,10,LOAD+DOWNSTREAM,-0.8882581990677675
phase6v2-r08-input-medium-a01,D4-S,11,OUTPUT+LOAD,-0.9460915959161289
phase6v2-r08-output-medium-a01,D4-S,1,OUTPUT+LOAD,0.32635951712021977
phase6v2-r08-output-medium-a01,D4-S,2,OUTPUT,0.12761359596813254
phase6v2-r08-output-medium-a01,D4-S,3,LOAD,-0.12761359596813254
phase6v2-r08-output-medium-a01,D4-S,4,NONE,-0.32635951712021977
phase6v2-r08-output-medium-a01,D4-S,5,OUTPUT+DOWNSTREAM,-0.7984109293059805
phase6v2-r08-output-medium-a01,D4-S,6,LOAD+DOWNSTREAM,-1.0536381212422457
phase6v2-r08-output-medium-a01,D4-S,7,INPUT+OUTPUT,-1.1242413885527098
phase6v2-r08-output-medium-a01,D4-S,8,DOWNSTREAM,-1.2523840423943329
phase6v2-r08-output-medium-a01,D4-S,9,INPUT+LOAD,-1.379468580488975
phase6v2-r08-output-medium-a01,D4-S,10,INPUT,-1.5782145016410623
phase6v2-r08-output-medium-a01,D4-S,11,INPUT+DOWNSTREAM,-2.504239026915175
phase6v2-r08-output-control-a01,D4-S,1,INPUT,0.06178145486381115
phase6v2-r08-output-control-a01,D4-S,2,NONE,-0.06178145486381115
phase6v2-r08-output-control-a01,D4-S,3,INPUT+DOWNSTREAM,-0.07777286413638373
phase6v2-r08-output-control-a01,D4-S,4,INPUT+OUTPUT,-0.1502612585065467
phase6v2-r08-output-control-a01,D4-S,5,DOWNSTREAM,-0.20133577386400603
phase6v2-r08-output-control-a01,D4-S,6,OUTPUT,-0.273824168234169
phase6v2-r08-output-control-a01,D4-S,7,OUTPUT+DOWNSTREAM,-0.4133784872343639
phase6v2-r08-output-control-a01,D4-S,8,INPUT+LOAD,-0.9971756970830286
phase6v2-r08-output-control-a01,D4-S,9,LOAD,-1.1207386068106509
phase6v2-r08-output-control-a01,D4-S,10,LOAD+DOWNSTREAM,-1.2602929258108457
phase6v2-r08-output-control-a01,D4-S,11,OUTPUT+LOAD,-1.3327813201810088
phase6v2-r08-baseline-a01,D4-S,1,INPUT,0.04008901431369716
phase6v2-r08-baseline-a01,D4-S,2,INPUT+DOWNSTREAM,0.007937424916282798
phase6v2-r08-baseline-a01,D4-S,3,NONE,-0.04008901431369716
phase6v2-r08-baseline-a01,D4-S,4,DOWNSTREAM,-0.07224060371111152
phase6v2-r08-baseline-a01,D4-S,5,INPUT+OUTPUT,-0.1479895785325779
phase6v2-r08-baseline-a01,D4-S,6,OUTPUT,-0.22816760715997222
phase6v2-r08-baseline-a01,D4-S,7,OUTPUT+DOWNSTREAM,-0.26031919655738656
phase6v2-r08-baseline-a01,D4-S,8,INPUT+LOAD,-1.1233215114370785
phase6v2-r08-baseline-a01,D4-S,9,LOAD,-1.2034995400644728
phase6v2-r08-baseline-a01,D4-S,10,LOAD+DOWNSTREAM,-1.235651129461887
phase6v2-r08-baseline-a01,D4-S,11,OUTPUT+LOAD,-1.391578132910748
phase6v2-r08-input-load-a01,D4-S,1,LOAD,2.4336692426315536
phase6v2-r08-input-load-a01,D4-S,2,OUTPUT+LOAD,2.139024026298066
phase6v2-r08-input-load-a01,D4-S,3,INPUT+LOAD,-0.933130467995674
phase6v2-r08-input-load-a01,D4-S,4,LOAD+DOWNSTREAM,-1.0743057484656826
phase6v2-r08-input-load-a01,D4-S,5,NONE,-2.4336692426315536
phase6v2-r08-input-load-a01,D4-S,6,OUTPUT,-2.728314458965041
phase6v2-r08-input-load-a01,D4-S,7,INPUT,-5.800468953258781
phase6v2-r08-input-load-a01,D4-S,8,DOWNSTREAM,-5.941644233728789
phase6v2-r08-input-load-a01,D4-S,9,INPUT+OUTPUT,-6.095114169592269
phase6v2-r08-input-load-a01,D4-S,10,OUTPUT+DOWNSTREAM,-6.236289450062277
phase6v2-r08-input-load-a01,D4-S,11,INPUT+DOWNSTREAM,-9.308443944356018
phase6v2-r08-output-load-a01,D4-S,1,LOAD,2.281583305383966
phase6v2-r08-output-load-a01,D4-S,2,OUTPUT+LOAD,2.142756794533787
phase6v2-r08-output-load-a01,D4-S,3,LOAD+DOWNSTREAM,-1.3987278357882125
phase6v2-r08-output-load-a01,D4-S,4,INPUT+LOAD,-1.5325625536025291
phase6v2-r08-output-load-a01,D4-S,5,NONE,-2.281583305383966
phase6v2-r08-output-load-a01,D4-S,6,OUTPUT,-2.420409816234145
phase6v2-r08-output-load-a01,D4-S,7,DOWNSTREAM,-5.961894446556144
phase6v2-r08-output-load-a01,D4-S,8,INPUT,-6.095729164370461
phase6v2-r08-output-load-a01,D4-S,9,OUTPUT+DOWNSTREAM,-6.100720957406324
phase6v2-r08-output-load-a01,D4-S,10,INPUT+OUTPUT,-6.234555675220641
phase6v2-r08-output-load-a01,D4-S,11,INPUT+DOWNSTREAM,-9.77604030554264
phase6v2-r08-downstream-medium-a01,D4-S,1,NONE,0
phase6v2-r08-downstream-medium-a01,D4-S,2,INPUT,-0.12352824573033516
phase6v2-r08-downstream-medium-a01,D4-S,3,OUTPUT,-0.127120145870503
phase6v2-r08-downstream-medium-a01,D4-S,4,DOWNSTREAM,-0.1811672995385637
phase6v2-r08-downstream-medium-a01,D4-S,5,INPUT+OUTPUT,-0.2506483916008382
phase6v2-r08-downstream-medium-a01,D4-S,6,INPUT+DOWNSTREAM,-0.30469554526889886
phase6v2-r08-downstream-medium-a01,D4-S,7,OUTPUT+DOWNSTREAM,-0.3082874454090667
phase6v2-r08-downstream-medium-a01,D4-S,8,LOAD,-0.4055496519219782
phase6v2-r08-downstream-medium-a01,D4-S,9,INPUT+LOAD,-0.5290778976523134
phase6v2-r08-downstream-medium-a01,D4-S,10,OUTPUT+LOAD,-0.5326697977924812
phase6v2-r08-downstream-medium-a01,D4-S,11,LOAD+DOWNSTREAM,-0.5867169514605419
phase6v2-r08-output-downstream-control-a01,D4-S,1,NONE,0
phase6v2-r08-output-downstream-control-a01,D4-S,2,INPUT,-0.17516895897070212
phase6v2-r08-output-downstream-control-a01,D4-S,3,OUTPUT,-0.24169938391090245
phase6v2-r08-output-downstream-control-a01,D4-S,4,LOAD,-0.2661201579622871
phase6v2-r08-output-downstream-control-a01,D4-S,5,DOWNSTREAM,-0.33375649893745873
phase6v2-r08-output-downstream-control-a01,D4-S,6,INPUT+OUTPUT,-0.41686834288160457
phase6v2-r08-output-downstream-control-a01,D4-S,7,INPUT+LOAD,-0.4412891169329892
phase6v2-r08-output-downstream-control-a01,D4-S,8,OUTPUT+LOAD,-0.5078195418731896
phase6v2-r08-output-downstream-control-a01,D4-S,9,INPUT+DOWNSTREAM,-0.5089254579081608
phase6v2-r08-output-downstream-control-a01,D4-S,10,OUTPUT+DOWNSTREAM,-0.5754558828483611
phase6v2-r08-output-downstream-control-a01,D4-S,11,LOAD+DOWNSTREAM,-0.5998766568997458
phase6v2-r08-load-medium-a01,D4-S,1,LOAD,2.366978522303444
phase6v2-r08-load-medium-a01,D4-S,2,OUTPUT+LOAD,2.0033508863726346
phase6v2-r08-load-medium-a01,D4-S,3,LOAD+DOWNSTREAM,0.6102152852818994
phase6v2-r08-load-medium-a01,D4-S,4,INPUT+LOAD,0.44228581773533726
phase6v2-r08-load-medium-a01,D4-S,5,NONE,-2.366978522303444
phase6v2-r08-load-medium-a01,D4-S,6,OUTPUT,-2.7306061582342536
phase6v2-r08-load-medium-a01,D4-S,7,DOWNSTREAM,-4.1237417593249885
phase6v2-r08-load-medium-a01,D4-S,8,INPUT,-4.291671226871551
phase6v2-r08-load-medium-a01,D4-S,9,OUTPUT+DOWNSTREAM,-4.487369395255799
phase6v2-r08-load-medium-a01,D4-S,10,INPUT+OUTPUT,-4.65529886280236
phase6v2-r08-load-medium-a01,D4-S,11,INPUT+DOWNSTREAM,-6.048434463893095
phase6v2-r08-output-downstream-a01,D4-S,1,OUTPUT+LOAD,1.0368012836190403
phase6v2-r08-output-downstream-a01,D4-S,2,LOAD,0.4836191870573929
phase6v2-r08-output-downstream-a01,D4-S,3,OUTPUT,-0.4836191870573929
phase6v2-r08-output-downstream-a01,D4-S,4,LOAD+DOWNSTREAM,-0.5453862440561446
phase6v2-r08-output-downstream-a01,D4-S,5,INPUT+LOAD,-0.9050807048505749
phase6v2-r08-output-downstream-a01,D4-S,6,NONE,-1.0368012836190403
phase6v2-r08-output-downstream-a01,D4-S,7,OUTPUT+DOWNSTREAM,-1.5126246181709302
phase6v2-r08-output-downstream-a01,D4-S,8,INPUT+OUTPUT,-1.8723190789653605
phase6v2-r08-output-downstream-a01,D4-S,9,DOWNSTREAM,-2.065806714732578
phase6v2-r08-output-downstream-a01,D4-S,10,INPUT,-2.425501175527008
phase6v2-r08-output-downstream-a01,D4-S,11,INPUT+DOWNSTREAM,-3.4545066066405457
phase6v2-r08-input-downstream-a01,D4-S,1,LOAD,0.019609900269046188
phase6v2-r08-input-downstream-a01,D4-S,2,NONE,-0.019609900269046188
phase6v2-r08-input-downstream-a01,D4-S,3,OUTPUT+LOAD,-0.12088852419647145
phase6v2-r08-input-downstream-a01,D4-S,4,INPUT+LOAD,-0.1479845389022132
phase6v2-r08-input-downstream-a01,D4-S,5,OUTPUT,-0.16010832473456382
phase6v2-r08-input-downstream-a01,D4-S,6,INPUT,-0.18720433944030557
phase6v2-r08-input-downstream-a01,D4-S,7,LOAD+DOWNSTREAM,-0.2636655463877438
phase6v2-r08-input-downstream-a01,D4-S,8,DOWNSTREAM,-0.3028853469258362
phase6v2-r08-input-downstream-a01,D4-S,9,INPUT+OUTPUT,-0.3277027639058232
phase6v2-r08-input-downstream-a01,D4-S,10,OUTPUT+DOWNSTREAM,-0.4433837713913538
phase6v2-r08-input-downstream-a01,D4-S,11,INPUT+DOWNSTREAM,-0.47047978609709556
phase6v2-r08-load-downstream-a01,D4-S,1,LOAD,2.371505683972955
phase6v2-r08-load-downstream-a01,D4-S,2,OUTPUT+LOAD,2.055310790972637
phase6v2-r08-load-downstream-a01,D4-S,3,LOAD+DOWNSTREAM,0.41831176223097755
phase6v2-r08-load-downstream-a01,D4-S,4,INPUT+LOAD,0.32847668441165334
phase6v2-r08-load-downstream-a01,D4-S,5,NONE,-2.371505683972955
phase6v2-r08-load-downstream-a01,D4-S,6,OUTPUT,-2.687700576973273
phase6v2-r08-load-downstream-a01,D4-S,7,DOWNSTREAM,-4.324699605714933
phase6v2-r08-load-downstream-a01,D4-S,8,INPUT,-4.4145346835342565
phase6v2-r08-load-downstream-a01,D4-S,9,OUTPUT+DOWNSTREAM,-4.640894498715251
phase6v2-r08-load-downstream-a01,D4-S,10,INPUT+OUTPUT,-4.730729576534575
phase6v2-r08-load-downstream-a01,D4-S,11,INPUT+DOWNSTREAM,-6.367728605276234
phase6v2-r08-output-load-control-a01,D4-SM,1,LOAD,3.0726679309084
phase6v2-r08-output-load-control-a01,D4-SM,2,LOAD+DOWNSTREAM,2.4385576526851223
phase6v2-r08-output-load-control-a01,D4-SM,3,INPUT+LOAD,2.1906970616910115
phase6v2-r08-output-load-control-a01,D4-SM,4,OUTPUT+LOAD,2.180280156663754
phase6v2-r08-output-load-control-a01,D4-SM,5,NONE,-3.0726679309084
phase6v2-r08-output-load-control-a01,D4-SM,6,DOWNSTREAM,-3.706778209131678
phase6v2-r08-output-load-control-a01,D4-SM,7,INPUT,-3.954638800125789
phase6v2-r08-output-load-control-a01,D4-SM,8,OUTPUT,-3.965055705153046
phase6v2-r08-output-load-control-a01,D4-SM,9,INPUT+DOWNSTREAM,-4.588749078349067
phase6v2-r08-output-load-control-a01,D4-SM,10,OUTPUT+DOWNSTREAM,-4.599165983376324
phase6v2-r08-output-load-control-a01,D4-SM,11,INPUT+OUTPUT,-4.847026574370434
phase6v2-r08-input-medium-a01,D4-SM,1,NONE,0
phase6v2-r08-input-medium-a01,D4-SM,2,DOWNSTREAM,-0.08182691870479192
phase6v2-r08-input-medium-a01,D4-SM,3,INPUT,-0.14504355300322624
phase6v2-r08-input-medium-a01,D4-SM,4,LOAD,-0.17106211039932095
phase6v2-r08-input-medium-a01,D4-SM,5,INPUT+DOWNSTREAM,-0.22687047170801816
phase6v2-r08-input-medium-a01,D4-SM,6,LOAD+DOWNSTREAM,-0.2528890291041129
phase6v2-r08-input-medium-a01,D4-SM,7,INPUT+LOAD,-0.3161056634025472
phase6v2-r08-input-medium-a01,D4-SM,8,OUTPUT,-1.1169104480312246
phase6v2-r08-input-medium-a01,D4-SM,9,OUTPUT+DOWNSTREAM,-1.1987373667360166
phase6v2-r08-input-medium-a01,D4-SM,10,INPUT+OUTPUT,-1.261954001034451
phase6v2-r08-input-medium-a01,D4-SM,11,OUTPUT+LOAD,-1.2879725584305457
phase6v2-r08-output-medium-a01,D4-SM,1,OUTPUT,0.8006348061286287
phase6v2-r08-output-medium-a01,D4-SM,2,OUTPUT+DOWNSTREAM,0.31694801325863076
phase6v2-r08-output-medium-a01,D4-SM,3,INPUT+OUTPUT,0.17136890648924352
phase6v2-r08-output-medium-a01,D4-SM,4,OUTPUT+LOAD,0.05874008242383544
phase6v2-r08-output-medium-a01,D4-SM,5,NONE,-0.8006348061286287
phase6v2-r08-output-medium-a01,D4-SM,6,DOWNSTREAM,-1.2843215989986265
phase6v2-r08-output-medium-a01,D4-SM,7,INPUT,-1.4299007057680138
phase6v2-r08-output-medium-a01,D4-SM,8,LOAD,-1.542529529833422
phase6v2-r08-output-medium-a01,D4-SM,9,INPUT+DOWNSTREAM,-1.913587498638012
phase6v2-r08-output-medium-a01,D4-SM,10,LOAD+DOWNSTREAM,-2.02621632270342
phase6v2-r08-output-medium-a01,D4-SM,11,INPUT+LOAD,-2.171795429472807
phase6v2-r08-output-control-a01,D4-SM,1,INPUT,0.03246304707601677
phase6v2-r08-output-control-a01,D4-SM,2,INPUT+DOWNSTREAM,-0.016950768121923254
phase6v2-r08-output-control-a01,D4-SM,3,NONE,-0.03246304707601677
phase6v2-r08-output-control-a01,D4-SM,4,DOWNSTREAM,-0.0818768622739568
phase6v2-r08-output-control-a01,D4-SM,5,INPUT+OUTPUT,-0.7658196848583327
phase6v2-r08-output-control-a01,D4-SM,6,OUTPUT,-0.8307457790103663
phase6v2-r08-output-control-a01,D4-SM,7,OUTPUT+DOWNSTREAM,-0.8801595942083063
phase6v2-r08-output-control-a01,D4-SM,8,INPUT+LOAD,-1.2753657968336367
phase6v2-r08-output-control-a01,D4-SM,9,LOAD,-1.3402918909856703
phase6v2-r08-output-control-a01,D4-SM,10,LOAD+DOWNSTREAM,-1.3897057061836102
phase6v2-r08-output-control-a01,D4-SM,11,OUTPUT+LOAD,-2.1385746229200198
phase6v2-r08-baseline-a01,D4-SM,1,INPUT,0.0229510577147658
phase6v2-r08-baseline-a01,D4-SM,2,INPUT+DOWNSTREAM,0.0051293947547273455
phase6v2-r08-baseline-a01,D4-SM,3,NONE,-0.0229510577147658
phase6v2-r08-baseline-a01,D4-SM,4,DOWNSTREAM,-0.04077272067480425
phase6v2-r08-baseline-a01,D4-SM,5,INPUT+LOAD,-0.34604157455877677
phase6v2-r08-baseline-a01,D4-SM,6,LOAD,-0.39194368998830836
phase6v2-r08-baseline-a01,D4-SM,7,LOAD+DOWNSTREAM,-0.4097653529483468
phase6v2-r08-baseline-a01,D4-SM,8,INPUT+OUTPUT,-1.1027230454612864
phase6v2-r08-baseline-a01,D4-SM,9,OUTPUT,-1.148625160890818
phase6v2-r08-baseline-a01,D4-SM,10,OUTPUT+DOWNSTREAM,-1.1664468238508565
phase6v2-r08-baseline-a01,D4-SM,11,OUTPUT+LOAD,-1.5176177931643606
phase6v2-r08-input-load-a01,D4-SM,1,OUTPUT+LOAD,3.5478263456853547
phase6v2-r08-input-load-a01,D4-SM,2,LOAD,1.1941172853059534
phase6v2-r08-input-load-a01,D4-SM,3,LOAD+DOWNSTREAM,-0.6115487267435018
phase6v2-r08-input-load-a01,D4-SM,4,OUTPUT,-1.1941172853059534
phase6v2-r08-input-load-a01,D4-SM,5,OUTPUT+DOWNSTREAM,-2.9997832973554086
phase6v2-r08-input-load-a01,D4-SM,6,INPUT+LOAD,-3.268042272577901
phase6v2-r08-input-load-a01,D4-SM,7,NONE,-3.5478263456853547
phase6v2-r08-input-load-a01,D4-SM,8,DOWNSTREAM,-5.35349235773481
phase6v2-r08-input-load-a01,D4-SM,9,INPUT+OUTPUT,-5.656276843189808
phase6v2-r08-input-load-a01,D4-SM,10,INPUT,-8.00998590356921
phase6v2-r08-input-load-a01,D4-SM,11,INPUT+DOWNSTREAM,-9.815651915618664
phase6v2-r08-output-load-a01,D4-SM,1,OUTPUT+LOAD,3.697893081376565
phase6v2-r08-output-load-a01,D4-SM,2,LOAD,0.11144003969909688
phase6v2-r08-output-load-a01,D4-SM,3,OUTPUT,-0.11144003969909688
phase6v2-r08-output-load-a01,D4-SM,4,LOAD+DOWNSTREAM,-1.7949443328163028
phase6v2-r08-output-load-a01,D4-SM,5,OUTPUT+DOWNSTREAM,-2.0178244122144964
phase6v2-r08-output-load-a01,D4-SM,6,NONE,-3.697893081376565
phase6v2-r08-output-load-a01,D4-SM,7,INPUT+LOAD,-4.622919278853443
phase6v2-r08-output-load-a01,D4-SM,8,INPUT+OUTPUT,-4.845799358251638
phase6v2-r08-output-load-a01,D4-SM,9,DOWNSTREAM,-5.604277453891965
phase6v2-r08-output-load-a01,D4-SM,10,INPUT,-8.432252399929105
phase6v2-r08-output-load-a01,D4-SM,11,INPUT+DOWNSTREAM,-10.338636772444506
phase6v2-r08-downstream-medium-a01,D4-SM,1,DOWNSTREAM,2.3935275085178924
phase6v2-r08-downstream-medium-a01,D4-SM,2,LOAD+DOWNSTREAM,2.3834226414786364
phase6v2-r08-downstream-medium-a01,D4-SM,3,INPUT+DOWNSTREAM,2.2332214162850446
phase6v2-r08-downstream-medium-a01,D4-SM,4,OUTPUT+DOWNSTREAM,1.29432779584784
phase6v2-r08-downstream-medium-a01,D4-SM,5,NONE,-2.3935275085178924
phase6v2-r08-downstream-medium-a01,D4-SM,6,LOAD,-2.4036323755571485
phase6v2-r08-downstream-medium-a01,D4-SM,7,INPUT,-2.5538336007507403
phase6v2-r08-downstream-medium-a01,D4-SM,8,INPUT+LOAD,-2.5639384677899963
phase6v2-r08-downstream-medium-a01,D4-SM,9,OUTPUT,-3.4927272211879448
phase6v2-r08-downstream-medium-a01,D4-SM,10,OUTPUT+LOAD,-3.502832088227201
phase6v2-r08-downstream-medium-a01,D4-SM,11,INPUT+OUTPUT,-3.6530333134207926
phase6v2-r08-output-downstream-control-a01,D4-SM,1,DOWNSTREAM,2.317232908818445
phase6v2-r08-output-downstream-control-a01,D4-SM,2,INPUT+DOWNSTREAM,2.129627361784552
phase6v2-r08-output-downstream-control-a01,D4-SM,3,OUTPUT+DOWNSTREAM,1.4412876244477326
phase6v2-r08-output-downstream-control-a01,D4-SM,4,LOAD+DOWNSTREAM,1.400732654322708
phase6v2-r08-output-downstream-control-a01,D4-SM,5,NONE,-2.317232908818445
phase6v2-r08-output-downstream-control-a01,D4-SM,6,INPUT,-2.5048384558523384
phase6v2-r08-output-downstream-control-a01,D4-SM,7,OUTPUT,-3.1931781931891576
phase6v2-r08-output-downstream-control-a01,D4-SM,8,LOAD,-3.233733163314182
phase6v2-r08-output-downstream-control-a01,D4-SM,9,INPUT+OUTPUT,-3.380783740223051
phase6v2-r08-output-downstream-control-a01,D4-SM,10,INPUT+LOAD,-3.4213387103480755
phase6v2-r08-output-downstream-control-a01,D4-SM,11,OUTPUT+LOAD,-4.109678447684894
phase6v2-r08-load-medium-a01,D4-SM,1,LOAD,3.3920652488342333
phase6v2-r08-load-medium-a01,D4-SM,2,OUTPUT+LOAD,3.387359204430731
phase6v2-r08-load-medium-a01,D4-SM,3,LOAD+DOWNSTREAM,2.447395168463488
phase6v2-r08-load-medium-a01,D4-SM,4,INPUT+LOAD,1.036025354157692
phase6v2-r08-load-medium-a01,D4-SM,5,NONE,-3.3920652488342333
phase6v2-r08-load-medium-a01,D4-SM,6,OUTPUT,-3.3967712932377356
phase6v2-r08-load-medium-a01,D4-SM,7,DOWNSTREAM,-4.336735329204979
phase6v2-r08-load-medium-a01,D4-SM,8,OUTPUT+DOWNSTREAM,-4.341441373608481
phase6v2-r08-load-medium-a01,D4-SM,9,INPUT,-5.748105143510775
phase6v2-r08-load-medium-a01,D4-SM,10,INPUT+OUTPUT,-5.752811187914277
phase6v2-r08-load-medium-a01,D4-SM,11,INPUT+DOWNSTREAM,-6.692775223881521
phase6v2-r08-output-downstream-a01,D4-SM,1,OUTPUT+DOWNSTREAM,2.7827190853870403
phase6v2-r08-output-downstream-a01,D4-SM,2,DOWNSTREAM,1.1564978000737716
phase6v2-r08-output-downstream-a01,D4-SM,3,LOAD+DOWNSTREAM,0.739726788592712
phase6v2-r08-output-downstream-a01,D4-SM,4,INPUT+DOWNSTREAM,0.36528781570643465
phase6v2-r08-output-downstream-a01,D4-SM,5,OUTPUT,-1.1564978000737716
phase6v2-r08-output-downstream-a01,D4-SM,6,OUTPUT+LOAD,-1.573268811554831
phase6v2-r08-output-downstream-a01,D4-SM,7,INPUT+OUTPUT,-1.9477077844411084
phase6v2-r08-output-downstream-a01,D4-SM,8,NONE,-2.7827190853870403
phase6v2-r08-output-downstream-a01,D4-SM,9,LOAD,-3.1994900968680997
phase6v2-r08-output-downstream-a01,D4-SM,10,INPUT,-3.573929069754377
phase6v2-r08-output-downstream-a01,D4-SM,11,INPUT+LOAD,-3.9907000812354365
phase6v2-r08-input-downstream-a01,D4-SM,1,LOAD+DOWNSTREAM,2.535374380444638
phase6v2-r08-input-downstream-a01,D4-SM,2,DOWNSTREAM,2.1495724894729205
phase6v2-r08-input-downstream-a01,D4-SM,3,INPUT+DOWNSTREAM,1.8774376987776522
phase6v2-r08-input-downstream-a01,D4-SM,4,OUTPUT+DOWNSTREAM,1.0609584394431677
phase6v2-r08-input-downstream-a01,D4-SM,5,LOAD,-2.1495724894729205
phase6v2-r08-input-downstream-a01,D4-SM,6,INPUT+LOAD,-2.4217072801681887
phase6v2-r08-input-downstream-a01,D4-SM,7,NONE,-2.535374380444638
phase6v2-r08-input-downstream-a01,D4-SM,8,INPUT,-2.8075091711399063
phase6v2-r08-input-downstream-a01,D4-SM,9,OUTPUT+LOAD,-3.2381865395026734
phase6v2-r08-input-downstream-a01,D4-SM,10,OUTPUT,-3.623988430474391
phase6v2-r08-input-downstream-a01,D4-SM,11,INPUT+OUTPUT,-3.896123221169659
phase6v2-r08-load-downstream-a01,D4-SM,1,LOAD+DOWNSTREAM,4.852990118385245
phase6v2-r08-load-downstream-a01,D4-SM,2,OUTPUT+LOAD,1.9356675409527326
phase6v2-r08-load-downstream-a01,D4-SM,3,LOAD,1.8379617235528733
phase6v2-r08-load-downstream-a01,D4-SM,4,INPUT+LOAD,-0.7258250958407382
phase6v2-r08-load-downstream-a01,D4-SM,5,OUTPUT+DOWNSTREAM,-1.8379617235528733
phase6v2-r08-load-downstream-a01,D4-SM,6,DOWNSTREAM,-1.9356675409527326
phase6v2-r08-load-downstream-a01,D4-SM,7,INPUT+DOWNSTREAM,-4.499454360346344
phase6v2-r08-load-downstream-a01,D4-SM,8,OUTPUT,-4.852990118385245
phase6v2-r08-load-downstream-a01,D4-SM,9,NONE,-4.950695935785104
phase6v2-r08-load-downstream-a01,D4-SM,10,INPUT+OUTPUT,-7.416776937778856
phase6v2-r08-load-downstream-a01,D4-SM,11,INPUT,-7.514482755178715
phase6v2-r08-output-load-control-a01,D4-SMT,1,LOAD,2.9985237960470816
phase6v2-r08-output-load-control-a01,D4-SMT,2,INPUT+LOAD,2.4795817834542504
phase6v2-r08-output-load-control-a01,D4-SMT,3,LOAD+DOWNSTREAM,2.3769941354349924
phase6v2-r08-output-load-control-a01,D4-SMT,4,OUTPUT+LOAD,2.340076498063089
phase6v2-r08-output-load-control-a01,D4-SMT,5,NONE,-2.9985237960470816
phase6v2-r08-output-load-control-a01,D4-SMT,6,INPUT,-3.517465808639913
phase6v2-r08-output-load-control-a01,D4-SMT,7,DOWNSTREAM,-3.620053456659171
phase6v2-r08-output-load-control-a01,D4-SMT,8,OUTPUT,-3.6569710940310745
phase6v2-r08-output-load-control-a01,D4-SMT,9,INPUT+DOWNSTREAM,-4.138995469252002
phase6v2-r08-output-load-control-a01,D4-SMT,10,INPUT+OUTPUT,-4.175913106623906
phase6v2-r08-output-load-control-a01,D4-SMT,11,OUTPUT+DOWNSTREAM,-4.278500754643163
phase6v2-r08-input-medium-a01,D4-SMT,1,NONE,0
phase6v2-r08-input-medium-a01,D4-SMT,2,INPUT,-0.09196826859890905
phase6v2-r08-input-medium-a01,D4-SMT,3,LOAD,-0.15944233691203175
phase6v2-r08-input-medium-a01,D4-SMT,4,INPUT+LOAD,-0.2514106055109408
phase6v2-r08-input-medium-a01,D4-SMT,5,DOWNSTREAM,-0.4062496948284987
phase6v2-r08-input-medium-a01,D4-SMT,6,INPUT+DOWNSTREAM,-0.49821796342740776
phase6v2-r08-input-medium-a01,D4-SMT,7,LOAD+DOWNSTREAM,-0.5656920317405305
phase6v2-r08-input-medium-a01,D4-SMT,8,OUTPUT,-0.631163143583384
phase6v2-r08-input-medium-a01,D4-SMT,9,INPUT+OUTPUT,-0.723131412182293
phase6v2-r08-input-medium-a01,D4-SMT,10,OUTPUT+LOAD,-0.7906054804954157
phase6v2-r08-input-medium-a01,D4-SMT,11,OUTPUT+DOWNSTREAM,-1.0374128384118828
phase6v2-r08-output-medium-a01,D4-SMT,1,OUTPUT,0.7184079623997207
phase6v2-r08-output-medium-a01,D4-SMT,2,OUTPUT+LOAD,0.5710420341321183
phase6v2-r08-output-medium-a01,D4-SMT,3,INPUT+OUTPUT,0.5265230326087289
phase6v2-r08-output-medium-a01,D4-SMT,4,OUTPUT+DOWNSTREAM,0.4006186722690955
phase6v2-r08-output-medium-a01,D4-SMT,5,NONE,-0.7184079623997207
phase6v2-r08-output-medium-a01,D4-SMT,6,LOAD,-0.8657738906673231
phase6v2-r08-output-medium-a01,D4-SMT,7,INPUT,-0.9102928921907125
phase6v2-r08-output-medium-a01,D4-SMT,8,DOWNSTREAM,-1.036197252530346
phase6v2-r08-output-medium-a01,D4-SMT,9,INPUT+LOAD,-1.057658820458315
phase6v2-r08-output-medium-a01,D4-SMT,10,LOAD+DOWNSTREAM,-1.1835631807979485
phase6v2-r08-output-medium-a01,D4-SMT,11,INPUT+DOWNSTREAM,-1.2280821823213377
phase6v2-r08-output-control-a01,D4-SMT,1,INPUT,0.01156500474347022
phase6v2-r08-output-control-a01,D4-SMT,2,NONE,-0.01156500474347022
phase6v2-r08-output-control-a01,D4-SMT,3,INPUT+LOAD,-0.3565937427158481
phase6v2-r08-output-control-a01,D4-SMT,4,LOAD,-0.37972375220278853
phase6v2-r08-output-control-a01,D4-SMT,5,INPUT+DOWNSTREAM,-0.3979468349491968
phase6v2-r08-output-control-a01,D4-SMT,6,DOWNSTREAM,-0.42107684443613724
phase6v2-r08-output-control-a01,D4-SMT,7,INPUT+OUTPUT,-0.49040339601813543
phase6v2-r08-output-control-a01,D4-SMT,8,OUTPUT,-0.5135334055050759
phase6v2-r08-output-control-a01,D4-SMT,9,LOAD+DOWNSTREAM,-0.7892355918954556
phase6v2-r08-output-control-a01,D4-SMT,10,OUTPUT+LOAD,-0.8816921529643942
phase6v2-r08-output-control-a01,D4-SMT,11,OUTPUT+DOWNSTREAM,-0.9230452451977429
phase6v2-r08-baseline-a01,D4-SMT,1,INPUT+DOWNSTREAM,0.18886123402169253
phase6v2-r08-baseline-a01,D4-SMT,2,DOWNSTREAM,0.18855965641082884
phase6v2-r08-baseline-a01,D4-SMT,3,LOAD+DOWNSTREAM,0.10935667130900067
phase6v2-r08-baseline-a01,D4-SMT,4,INPUT,-0.18855965641082884
phase6v2-r08-baseline-a01,D4-SMT,5,NONE,-0.18886123402169253
phase6v2-r08-baseline-a01,D4-SMT,6,INPUT+LOAD,-0.267762641512657
phase6v2-r08-baseline-a01,D4-SMT,7,LOAD,-0.2680642191235207
phase6v2-r08-baseline-a01,D4-SMT,8,OUTPUT+DOWNSTREAM,-0.45995251986249985
phase6v2-r08-baseline-a01,D4-SMT,9,INPUT+OUTPUT,-0.8370718326841575
phase6v2-r08-baseline-a01,D4-SMT,10,OUTPUT,-0.8373734102950212
phase6v2-r08-baseline-a01,D4-SMT,11,OUTPUT+LOAD,-0.9165763953968494
phase6v2-r08-input-load-a01,D4-SMT,1,OUTPUT+LOAD,3.7428745439546187
phase6v2-r08-input-load-a01,D4-SMT,2,LOAD,1.8198151926362645
phase6v2-r08-input-load-a01,D4-SMT,3,LOAD+DOWNSTREAM,1.186870388338075
phase6v2-r08-input-load-a01,D4-SMT,4,INPUT+LOAD,1.1785518964465913
phase6v2-r08-input-load-a01,D4-SMT,5,OUTPUT,-1.8198151926362645
phase6v2-r08-input-load-a01,D4-SMT,6,OUTPUT+DOWNSTREAM,-2.4527599969344545
phase6v2-r08-input-load-a01,D4-SMT,7,INPUT+OUTPUT,-2.4610784888259376
phase6v2-r08-input-load-a01,D4-SMT,8,NONE,-3.7428745439546187
phase6v2-r08-input-load-a01,D4-SMT,9,DOWNSTREAM,-4.375819348252809
phase6v2-r08-input-load-a01,D4-SMT,10,INPUT,-4.384137840144292
phase6v2-r08-input-load-a01,D4-SMT,11,INPUT+DOWNSTREAM,-5.017082644442482
phase6v2-r08-output-load-a01,D4-SMT,1,OUTPUT+LOAD,3.6944088245117945
phase6v2-r08-output-load-a01,D4-SMT,2,LOAD,1.0096562514910752
phase6v2-r08-output-load-a01,D4-SMT,3,LOAD+DOWNSTREAM,0.44945408428666145
phase6v2-r08-output-load-a01,D4-SMT,4,INPUT+LOAD,0.36839295530140204
phase6v2-r08-output-load-a01,D4-SMT,5,OUTPUT,-1.0096562514910752
phase6v2-r08-output-load-a01,D4-SMT,6,OUTPUT+DOWNSTREAM,-1.569858418695489
phase6v2-r08-output-load-a01,D4-SMT,7,INPUT+OUTPUT,-1.6509195476807483
phase6v2-r08-output-load-a01,D4-SMT,8,NONE,-3.6944088245117945
phase6v2-r08-output-load-a01,D4-SMT,9,DOWNSTREAM,-4.254610991716208
phase6v2-r08-output-load-a01,D4-SMT,10,INPUT,-4.335672120701467
phase6v2-r08-output-load-a01,D4-SMT,11,INPUT+DOWNSTREAM,-4.895874287905881
phase6v2-r08-downstream-medium-a01,D4-SMT,1,DOWNSTREAM,1.194514623288442
phase6v2-r08-downstream-medium-a01,D4-SMT,2,LOAD+DOWNSTREAM,1.0815592258781146
phase6v2-r08-downstream-medium-a01,D4-SMT,3,INPUT+DOWNSTREAM,1.0743749945670729
phase6v2-r08-downstream-medium-a01,D4-SMT,4,OUTPUT+DOWNSTREAM,0.5204913820501371
phase6v2-r08-downstream-medium-a01,D4-SMT,5,NONE,-1.194514623288442
phase6v2-r08-downstream-medium-a01,D4-SMT,6,LOAD,-1.3074700206987695
phase6v2-r08-downstream-medium-a01,D4-SMT,7,INPUT,-1.3146542520098112
phase6v2-r08-downstream-medium-a01,D4-SMT,8,INPUT+LOAD,-1.4276096494201387
phase6v2-r08-downstream-medium-a01,D4-SMT,9,OUTPUT,-1.868537864526747
phase6v2-r08-downstream-medium-a01,D4-SMT,10,OUTPUT+LOAD,-1.9814932619370744
phase6v2-r08-downstream-medium-a01,D4-SMT,11,INPUT+OUTPUT,-1.9886774932481162
phase6v2-r08-output-downstream-control-a01,D4-SMT,1,DOWNSTREAM,1.600285598512245
phase6v2-r08-output-downstream-control-a01,D4-SMT,2,INPUT+DOWNSTREAM,1.4629038046802156
phase6v2-r08-output-downstream-control-a01,D4-SMT,3,LOAD+DOWNSTREAM,1.201448130193364
phase6v2-r08-output-downstream-control-a01,D4-SMT,4,OUTPUT+DOWNSTREAM,1.0726768017690353
phase6v2-r08-output-downstream-control-a01,D4-SMT,5,NONE,-1.600285598512245
phase6v2-r08-output-downstream-control-a01,D4-SMT,6,INPUT,-1.7376673923442745
phase6v2-r08-output-downstream-control-a01,D4-SMT,7,LOAD,-1.9991230668311262
phase6v2-r08-output-downstream-control-a01,D4-SMT,8,OUTPUT,-2.1278943952554545
phase6v2-r08-output-downstream-control-a01,D4-SMT,9,INPUT+LOAD,-2.1365048606631554
phase6v2-r08-output-downstream-control-a01,D4-SMT,10,INPUT+OUTPUT,-2.265276189087484
phase6v2-r08-output-downstream-control-a01,D4-SMT,11,OUTPUT+LOAD,-2.526731863574336
phase6v2-r08-load-medium-a01,D4-SMT,1,LOAD,3.2446724399689026
phase6v2-r08-load-medium-a01,D4-SMT,2,OUTPUT+LOAD,3.2087619824090408
phase6v2-r08-load-medium-a01,D4-SMT,3,LOAD+DOWNSTREAM,2.956426847152663
phase6v2-r08-load-medium-a01,D4-SMT,4,INPUT+LOAD,2.6140656317443014
phase6v2-r08-load-medium-a01,D4-SMT,5,NONE,-3.2446724399689026
phase6v2-r08-load-medium-a01,D4-SMT,6,OUTPUT,-3.2805828975287645
phase6v2-r08-load-medium-a01,D4-SMT,7,DOWNSTREAM,-3.532918032785142
phase6v2-r08-load-medium-a01,D4-SMT,8,OUTPUT+DOWNSTREAM,-3.568828490345004
phase6v2-r08-load-medium-a01,D4-SMT,9,INPUT,-3.875279248193504
phase6v2-r08-load-medium-a01,D4-SMT,10,INPUT+OUTPUT,-3.9111897057533653
phase6v2-r08-load-medium-a01,D4-SMT,11,INPUT+DOWNSTREAM,-4.163524841009743
phase6v2-r08-output-downstream-a01,D4-SMT,1,OUTPUT+DOWNSTREAM,1.9194638189755526
phase6v2-r08-output-downstream-a01,D4-SMT,2,LOAD+DOWNSTREAM,0.2516662533936609
phase6v2-r08-output-downstream-a01,D4-SMT,3,OUTPUT+LOAD,0.11797527117216688
phase6v2-r08-output-downstream-a01,D4-SMT,4,DOWNSTREAM,-0.11797527117216688
phase6v2-r08-output-downstream-a01,D4-SMT,5,OUTPUT,-0.2516662533936609
phase6v2-r08-output-downstream-a01,D4-SMT,6,INPUT+DOWNSTREAM,-0.37401246063070204
phase6v2-r08-output-downstream-a01,D4-SMT,7,INPUT+OUTPUT,-0.507703442852196
phase6v2-r08-output-downstream-a01,D4-SMT,8,LOAD,-1.9194638189755526
phase6v2-r08-output-downstream-a01,D4-SMT,9,INPUT+LOAD,-2.175501008434088
phase6v2-r08-output-downstream-a01,D4-SMT,10,NONE,-2.2891053435413804
phase6v2-r08-output-downstream-a01,D4-SMT,11,INPUT,-2.5451425329999156
phase6v2-r08-input-downstream-a01,D4-SMT,1,LOAD+DOWNSTREAM,1.1693777464723283
phase6v2-r08-input-downstream-a01,D4-SMT,2,DOWNSTREAM,1.1597784986062623
phase6v2-r08-input-downstream-a01,D4-SMT,3,INPUT+DOWNSTREAM,0.9648478213203893
phase6v2-r08-input-downstream-a01,D4-SMT,4,OUTPUT+DOWNSTREAM,0.47193095818471975
phase6v2-r08-input-downstream-a01,D4-SMT,5,LOAD,-1.1597784986062623
phase6v2-r08-input-downstream-a01,D4-SMT,6,NONE,-1.1693777464723283
phase6v2-r08-input-downstream-a01,D4-SMT,7,INPUT+LOAD,-1.3547091758921352
phase6v2-r08-input-downstream-a01,D4-SMT,8,INPUT,-1.3643084237582013
phase6v2-r08-input-downstream-a01,D4-SMT,9,OUTPUT+LOAD,-1.8476260390278048
phase6v2-r08-input-downstream-a01,D4-SMT,10,OUTPUT,-1.8572252868938708
phase6v2-r08-input-downstream-a01,D4-SMT,11,INPUT+OUTPUT,-2.052155964179744
phase6v2-r08-load-downstream-a01,D4-SMT,1,LOAD+DOWNSTREAM,4.304797365784011
phase6v2-r08-load-downstream-a01,D4-SMT,2,OUTPUT+LOAD,2.3033281876258243
phase6v2-r08-load-downstream-a01,D4-SMT,3,LOAD,2.19649327894944
phase6v2-r08-load-downstream-a01,D4-SMT,4,INPUT+LOAD,1.5653770264204094
phase6v2-r08-load-downstream-a01,D4-SMT,5,OUTPUT+DOWNSTREAM,-2.19649327894944
phase6v2-r08-load-downstream-a01,D4-SMT,6,DOWNSTREAM,-2.3033281876258243
phase6v2-r08-load-downstream-a01,D4-SMT,7,INPUT+DOWNSTREAM,-2.934444440154855
phase6v2-r08-load-downstream-a01,D4-SMT,8,OUTPUT,-4.304797365784011
phase6v2-r08-load-downstream-a01,D4-SMT,9,NONE,-4.411632274460395
phase6v2-r08-load-downstream-a01,D4-SMT,10,INPUT+OUTPUT,-4.935913618313042
phase6v2-r08-load-downstream-a01,D4-SMT,11,INPUT,-5.042748526989426
phase6v2-r08-output-load-control-a01,D4-FULL,1,LOAD,3.053292445894822
phase6v2-r08-output-load-control-a01,D4-FULL,2,OUTPUT+LOAD,2.363257587272173
phase6v2-r08-output-load-control-a01,D4-FULL,3,INPUT+LOAD,1.695861560175019
phase6v2-r08-output-load-control-a01,D4-FULL,4,LOAD+DOWNSTREAM,1.301090797751606
phase6v2-r08-output-load-control-a01,D4-FULL,5,NONE,-3.053292445894822
phase6v2-r08-output-load-control-a01,D4-FULL,6,OUTPUT,-3.7433273045174706
phase6v2-r08-output-load-control-a01,D4-FULL,7,INPUT,-4.410723331614625
phase6v2-r08-output-load-control-a01,D4-FULL,8,DOWNSTREAM,-4.805494094038037
phase6v2-r08-output-load-control-a01,D4-FULL,9,INPUT+OUTPUT,-5.100758190237274
phase6v2-r08-output-load-control-a01,D4-FULL,10,OUTPUT+DOWNSTREAM,-5.4955289526606865
phase6v2-r08-output-load-control-a01,D4-FULL,11,INPUT+DOWNSTREAM,-6.1629249797578405
phase6v2-r08-input-medium-a01,D4-FULL,1,NONE,0
phase6v2-r08-input-medium-a01,D4-FULL,2,INPUT,-0.09680121654557572
phase6v2-r08-input-medium-a01,D4-FULL,3,LOAD,-0.12876370087359063
phase6v2-r08-input-medium-a01,D4-FULL,4,INPUT+LOAD,-0.22556491741916634
phase6v2-r08-input-medium-a01,D4-FULL,5,DOWNSTREAM,-0.5076596403341341
phase6v2-r08-input-medium-a01,D4-FULL,6,INPUT+DOWNSTREAM,-0.6044608568797099
phase6v2-r08-input-medium-a01,D4-FULL,7,LOAD+DOWNSTREAM,-0.6364233412077247
phase6v2-r08-input-medium-a01,D4-FULL,8,OUTPUT,-1.0797681331073752
phase6v2-r08-input-medium-a01,D4-FULL,9,INPUT+OUTPUT,-1.1765693496529508
phase6v2-r08-input-medium-a01,D4-FULL,10,OUTPUT+LOAD,-1.2085318339809659
phase6v2-r08-input-medium-a01,D4-FULL,11,OUTPUT+DOWNSTREAM,-1.5874277734415094
phase6v2-r08-output-medium-a01,D4-FULL,1,OUTPUT,1.3534294197651204
phase6v2-r08-output-medium-a01,D4-FULL,2,OUTPUT+DOWNSTREAM,0.988985747601075
phase6v2-r08-output-medium-a01,D4-FULL,3,INPUT+OUTPUT,0.9313363246156973
phase6v2-r08-output-medium-a01,D4-FULL,4,OUTPUT+LOAD,-0.5062221683973398
phase6v2-r08-output-medium-a01,D4-FULL,5,NONE,-1.3534294197651204
phase6v2-r08-output-medium-a01,D4-FULL,6,DOWNSTREAM,-1.7178730919291658
phase6v2-r08-output-medium-a01,D4-FULL,7,INPUT,-1.7755225149145435
phase6v2-r08-output-medium-a01,D4-FULL,8,INPUT+DOWNSTREAM,-2.139966187078589
phase6v2-r08-output-medium-a01,D4-FULL,9,LOAD,-3.2130810079275807
phase6v2-r08-output-medium-a01,D4-FULL,10,LOAD+DOWNSTREAM,-3.577524680091626
phase6v2-r08-output-medium-a01,D4-FULL,11,INPUT+LOAD,-3.635174103077004
phase6v2-r08-output-control-a01,D4-FULL,1,INPUT,0.021755872343575677
phase6v2-r08-output-control-a01,D4-FULL,2,NONE,-0.021755872343575677
phase6v2-r08-output-control-a01,D4-FULL,3,INPUT+DOWNSTREAM,-0.2727325830690681
phase6v2-r08-output-control-a01,D4-FULL,4,DOWNSTREAM,-0.31624432775621947
phase6v2-r08-output-control-a01,D4-FULL,5,INPUT+OUTPUT,-0.7024511246864039
phase6v2-r08-output-control-a01,D4-FULL,6,OUTPUT,-0.7459628693735553
phase6v2-r08-output-control-a01,D4-FULL,7,OUTPUT+DOWNSTREAM,-1.0404513247861993
phase6v2-r08-output-control-a01,D4-FULL,8,INPUT+LOAD,-1.726603821926998
phase6v2-r08-output-control-a01,D4-FULL,9,LOAD,-1.770115566614149
phase6v2-r08-output-control-a01,D4-FULL,10,LOAD+DOWNSTREAM,-2.064604022026793
phase6v2-r08-output-control-a01,D4-FULL,11,OUTPUT+LOAD,-2.494322563644129
phase6v2-r08-baseline-a01,D4-FULL,1,INPUT+DOWNSTREAM,0.3275005647248854
phase6v2-r08-baseline-a01,D4-FULL,2,DOWNSTREAM,0.29716293341698075
phase6v2-r08-baseline-a01,D4-FULL,3,LOAD+DOWNSTREAM,0.1244551516551228
phase6v2-r08-baseline-a01,D4-FULL,4,INPUT,-0.29716293341698075
phase6v2-r08-baseline-a01,D4-FULL,5,NONE,-0.3275005647248854
phase6v2-r08-baseline-a01,D4-FULL,6,INPUT+LOAD,-0.4698707151788387
phase6v2-r08-baseline-a01,D4-FULL,7,LOAD,-0.5002083464867434
phase6v2-r08-baseline-a01,D4-FULL,8,OUTPUT+DOWNSTREAM,-0.8697561416018811
phase6v2-r08-baseline-a01,D4-FULL,9,INPUT+OUTPUT,-1.4640820084358426
phase6v2-r08-baseline-a01,D4-FULL,10,OUTPUT,-1.4944196397437473
phase6v2-r08-baseline-a01,D4-FULL,11,OUTPUT+LOAD,-1.6671274215056051
phase6v2-r08-input-load-a01,D4-FULL,1,OUTPUT+LOAD,3.1665189847885005
phase6v2-r08-input-load-a01,D4-FULL,2,LOAD,2.622419649090326
phase6v2-r08-input-load-a01,D4-FULL,3,LOAD+DOWNSTREAM,0.476673227449799
phase6v2-r08-input-load-a01,D4-FULL,4,OUTPUT,-2.622419649090326
phase6v2-r08-input-load-a01,D4-FULL,5,NONE,-3.1665189847885005
phase6v2-r08-input-load-a01,D4-FULL,6,OUTPUT+DOWNSTREAM,-4.768166070730853
phase6v2-r08-input-load-a01,D4-FULL,7,DOWNSTREAM,-5.312265406429027
phase6v2-r08-input-load-a01,D4-FULL,8,INPUT+LOAD,-7.038061471968958
phase6v2-r08-input-load-a01,D4-FULL,9,INPUT+OUTPUT,-12.28290077014961
phase6v2-r08-input-load-a01,D4-FULL,10,INPUT,-12.827000105847784
phase6v2-r08-input-load-a01,D4-FULL,11,INPUT+DOWNSTREAM,-14.972746527488312
phase6v2-r08-output-load-a01,D4-FULL,1,OUTPUT+LOAD,2.6949722626941206
phase6v2-r08-output-load-a01,D4-FULL,2,LOAD,2.066949846802082
phase6v2-r08-output-load-a01,D4-FULL,3,LOAD+DOWNSTREAM,0.4365454426699576
phase6v2-r08-output-load-a01,D4-FULL,4,OUTPUT,-2.066949846802082
phase6v2-r08-output-load-a01,D4-FULL,5,NONE,-2.6949722626941206
phase6v2-r08-output-load-a01,D4-FULL,6,OUTPUT+DOWNSTREAM,-3.6973542509342057
phase6v2-r08-output-load-a01,D4-FULL,7,DOWNSTREAM,-4.325376666826244
phase6v2-r08-output-load-a01,D4-FULL,8,INPUT+LOAD,-7.927753338038523
phase6v2-r08-output-load-a01,D4-FULL,9,INPUT+OUTPUT,-12.061653031642685
phase6v2-r08-output-load-a01,D4-FULL,10,INPUT,-12.689675447534725
phase6v2-r08-output-load-a01,D4-FULL,11,INPUT+DOWNSTREAM,-14.320079851666849
phase6v2-r08-downstream-medium-a01,D4-FULL,1,DOWNSTREAM,1.1315827650302408
phase6v2-r08-downstream-medium-a01,D4-FULL,2,INPUT+DOWNSTREAM,1.0246231099356156
phase6v2-r08-downstream-medium-a01,D4-FULL,3,LOAD+DOWNSTREAM,0.7650154876302623
phase6v2-r08-downstream-medium-a01,D4-FULL,4,OUTPUT+DOWNSTREAM,-0.006177462546425039
phase6v2-r08-downstream-medium-a01,D4-FULL,5,NONE,-1.1315827650302408
phase6v2-r08-downstream-medium-a01,D4-FULL,6,INPUT,-1.238542420124866
phase6v2-r08-downstream-medium-a01,D4-FULL,7,LOAD,-1.4981500424302192
phase6v2-r08-downstream-medium-a01,D4-FULL,8,INPUT+LOAD,-1.6051096975248447
phase6v2-r08-downstream-medium-a01,D4-FULL,9,OUTPUT,-2.269342992606907
phase6v2-r08-downstream-medium-a01,D4-FULL,10,INPUT+OUTPUT,-2.376302647701532
phase6v2-r08-downstream-medium-a01,D4-FULL,11,OUTPUT+LOAD,-2.6359102700068853
phase6v2-r08-output-downstream-control-a01,D4-FULL,1,DOWNSTREAM,1.6975438586448877
phase6v2-r08-output-downstream-control-a01,D4-FULL,2,INPUT+DOWNSTREAM,1.5717045001147467
phase6v2-r08-output-downstream-control-a01,D4-FULL,3,OUTPUT+DOWNSTREAM,1.0660109836557259
phase6v2-r08-output-downstream-control-a01,D4-FULL,4,LOAD+DOWNSTREAM,0.03137844941891044
phase6v2-r08-output-downstream-control-a01,D4-FULL,5,NONE,-1.6975438586448877
phase6v2-r08-output-downstream-control-a01,D4-FULL,6,INPUT,-1.8233832171750286
phase6v2-r08-output-downstream-control-a01,D4-FULL,7,OUTPUT,-2.329076733634049
phase6v2-r08-output-downstream-control-a01,D4-FULL,8,INPUT+OUTPUT,-2.4549160921641904
phase6v2-r08-output-downstream-control-a01,D4-FULL,9,LOAD,-3.363709267870865
phase6v2-r08-output-downstream-control-a01,D4-FULL,10,INPUT+LOAD,-3.489548626401006
phase6v2-r08-output-downstream-control-a01,D4-FULL,11,OUTPUT+LOAD,-3.9952421428600267
phase6v2-r08-load-medium-a01,D4-FULL,1,LOAD,3.2874941946671647
phase6v2-r08-load-medium-a01,D4-FULL,2,OUTPUT+LOAD,3.2491003326240993
phase6v2-r08-load-medium-a01,D4-FULL,3,LOAD+DOWNSTREAM,2.6176589487321094
phase6v2-r08-load-medium-a01,D4-FULL,4,INPUT+LOAD,-1.332150041347532
phase6v2-r08-load-medium-a01,D4-FULL,5,NONE,-3.2874941946671647
phase6v2-r08-load-medium-a01,D4-FULL,6,OUTPUT,-3.3258880567102302
phase6v2-r08-load-medium-a01,D4-FULL,7,DOWNSTREAM,-3.95732944060222
phase6v2-r08-load-medium-a01,D4-FULL,8,OUTPUT+DOWNSTREAM,-3.9957233026452856
phase6v2-r08-load-medium-a01,D4-FULL,9,INPUT,-7.9071384306818615
phase6v2-r08-load-medium-a01,D4-FULL,10,INPUT+OUTPUT,-7.945532292724927
phase6v2-r08-load-medium-a01,D4-FULL,11,INPUT+DOWNSTREAM,-8.576973676616916
phase6v2-r08-output-downstream-a01,D4-FULL,1,OUTPUT+DOWNSTREAM,2.4397768759497236
phase6v2-r08-output-downstream-a01,D4-FULL,2,OUTPUT,0.8660465068950154
phase6v2-r08-output-downstream-a01,D4-FULL,3,INPUT+OUTPUT,0.3389324113506844
phase6v2-r08-output-downstream-a01,D4-FULL,4,OUTPUT+LOAD,-0.2415499709458504
phase6v2-r08-output-downstream-a01,D4-FULL,5,DOWNSTREAM,-0.8660465068950154
phase6v2-r08-output-downstream-a01,D4-FULL,6,INPUT+DOWNSTREAM,-1.3931606024393464
phase6v2-r08-output-downstream-a01,D4-FULL,7,LOAD+DOWNSTREAM,-1.9736429847358812
phase6v2-r08-output-downstream-a01,D4-FULL,8,NONE,-2.4397768759497236
phase6v2-r08-output-downstream-a01,D4-FULL,9,INPUT,-2.9668909714940543
phase6v2-r08-output-downstream-a01,D4-FULL,10,LOAD,-3.547373353790589
phase6v2-r08-output-downstream-a01,D4-FULL,11,INPUT+LOAD,-4.074487449334921
phase6v2-r08-input-downstream-a01,D4-FULL,1,DOWNSTREAM,0.02766328917794869
phase6v2-r08-input-downstream-a01,D4-FULL,2,NONE,-0.02766328917794869
phase6v2-r08-input-downstream-a01,D4-FULL,3,LOAD+DOWNSTREAM,-0.06251039114730916
phase6v2-r08-input-downstream-a01,D4-FULL,4,LOAD,-0.11783696950320655
phase6v2-r08-input-downstream-a01,D4-FULL,5,INPUT+DOWNSTREAM,-0.153471580120088
phase6v2-r08-input-downstream-a01,D4-FULL,6,INPUT,-0.20879815847598537
phase6v2-r08-input-downstream-a01,D4-FULL,7,INPUT+LOAD,-0.29897183880124323
phase6v2-r08-input-downstream-a01,D4-FULL,8,OUTPUT+DOWNSTREAM,-1.065986542970218
phase6v2-r08-input-downstream-a01,D4-FULL,9,OUTPUT,-1.1213131213261154
phase6v2-r08-input-downstream-a01,D4-FULL,10,OUTPUT+LOAD,-1.2114868016513731
phase6v2-r08-input-downstream-a01,D4-FULL,11,INPUT+OUTPUT,-1.302447990624152
phase6v2-r08-load-downstream-a01,D4-FULL,1,LOAD+DOWNSTREAM,3.9093999613501085
phase6v2-r08-load-downstream-a01,D4-FULL,2,OUTPUT+LOAD,2.9338899119177606
phase6v2-r08-load-downstream-a01,D4-FULL,3,LOAD,2.930604188819489
phase6v2-r08-load-downstream-a01,D4-FULL,4,INPUT+LOAD,-2.149726949834069
phase6v2-r08-load-downstream-a01,D4-FULL,5,OUTPUT+DOWNSTREAM,-2.930604188819489
phase6v2-r08-load-downstream-a01,D4-FULL,6,DOWNSTREAM,-2.9338899119177606
phase6v2-r08-load-downstream-a01,D4-FULL,7,OUTPUT,-3.9093999613501085
phase6v2-r08-load-downstream-a01,D4-FULL,8,NONE,-3.9126856844483804
phase6v2-r08-load-downstream-a01,D4-FULL,9,INPUT+DOWNSTREAM,-8.014221050571319
phase6v2-r08-load-downstream-a01,D4-FULL,10,INPUT+OUTPUT,-8.989731100003667
phase6v2-r08-load-downstream-a01,D4-FULL,11,INPUT,-8.99301682310194
phase6v2-r08-output-load-control-a01,D4-FULL,1,LOAD,3.053292445894822
phase6v2-r08-output-load-control-a01,D4-FULL,2,OUTPUT+LOAD,2.4126455278988423
phase6v2-r08-output-load-control-a01,D4-FULL,3,INPUT+LOAD,1.552845445421645
phase6v2-r08-output-load-control-a01,D4-FULL,4,LOAD+DOWNSTREAM,1.301090797751606
phase6v2-r08-output-load-control-a01,D4-FULL,5,NONE,-3.053292445894822
phase6v2-r08-output-load-control-a01,D4-FULL,6,OUTPUT,-3.6939393638908014
phase6v2-r08-output-load-control-a01,D4-FULL,7,INPUT,-4.553739446367999
phase6v2-r08-output-load-control-a01,D4-FULL,8,DOWNSTREAM,-4.805494094038037
phase6v2-r08-output-load-control-a01,D4-FULL,9,INPUT+OUTPUT,-5.194386364363979
phase6v2-r08-output-load-control-a01,D4-FULL,10,OUTPUT+DOWNSTREAM,-5.446141012034017
phase6v2-r08-output-load-control-a01,D4-FULL,11,INPUT+DOWNSTREAM,-6.305941094511215
phase6v2-r08-input-medium-a01,D4-FULL,1,INPUT,0.17491796168738194
phase6v2-r08-input-medium-a01,D4-FULL,2,INPUT+LOAD,0.046154260813791315
phase6v2-r08-input-medium-a01,D4-FULL,3,NONE,-0.17491796168738194
phase6v2-r08-input-medium-a01,D4-FULL,4,LOAD,-0.30368166256097257
phase6v2-r08-input-medium-a01,D4-FULL,5,INPUT+DOWNSTREAM,-0.3327416786467522
phase6v2-r08-input-medium-a01,D4-FULL,6,INPUT+OUTPUT,-0.6223409824169402
phase6v2-r08-input-medium-a01,D4-FULL,7,DOWNSTREAM,-0.6825776020215161
phase6v2-r08-input-medium-a01,D4-FULL,8,LOAD+DOWNSTREAM,-0.8113413028951066
phase6v2-r08-input-medium-a01,D4-FULL,9,OUTPUT,-0.9721769057917041
phase6v2-r08-input-medium-a01,D4-FULL,10,OUTPUT+LOAD,-1.1009406066652947
phase6v2-r08-input-medium-a01,D4-FULL,11,OUTPUT+DOWNSTREAM,-1.4798365461258383
phase6v2-r08-output-medium-a01,D4-FULL,1,OUTPUT,1.5895956018950563
phase6v2-r08-output-medium-a01,D4-FULL,2,OUTPUT+DOWNSTREAM,1.225151929731011
phase6v2-r08-output-medium-a01,D4-FULL,3,INPUT+OUTPUT,0.8657861346562025
phase6v2-r08-output-medium-a01,D4-FULL,4,OUTPUT+LOAD,-0.2700559862674039
phase6v2-r08-output-medium-a01,D4-FULL,5,NONE,-1.5895956018950563
phase6v2-r08-output-medium-a01,D4-FULL,6,DOWNSTREAM,-1.9540392740591017
phase6v2-r08-output-medium-a01,D4-FULL,7,INPUT,-2.31340506913391
phase6v2-r08-output-medium-a01,D4-FULL,8,INPUT+DOWNSTREAM,-2.6778487412979555
phase6v2-r08-output-medium-a01,D4-FULL,9,LOAD,-3.4492471900575166
phase6v2-r08-output-medium-a01,D4-FULL,10,LOAD+DOWNSTREAM,-3.813690862221562
phase6v2-r08-output-medium-a01,D4-FULL,11,INPUT+LOAD,-4.17305665729637
phase6v2-r08-output-control-a01,D4-FULL,1,NONE,0
phase6v2-r08-output-control-a01,D4-FULL,2,INPUT,-0.2806152633489318
phase6v2-r08-output-control-a01,D4-FULL,3,DOWNSTREAM,-0.2944884554126438
phase6v2-r08-output-control-a01,D4-FULL,4,OUTPUT,-0.5426419285752787
phase6v2-r08-output-control-a01,D4-FULL,5,INPUT+DOWNSTREAM,-0.5751037187615755
phase6v2-r08-output-control-a01,D4-FULL,6,INPUT+OUTPUT,-0.8232571919242104
phase6v2-r08-output-control-a01,D4-FULL,7,OUTPUT+DOWNSTREAM,-0.8371303839879225
phase6v2-r08-output-control-a01,D4-FULL,8,LOAD,-1.7483596942705735
phase6v2-r08-output-control-a01,D4-FULL,9,INPUT+LOAD,-2.0289749576195053
phase6v2-r08-output-control-a01,D4-FULL,10,LOAD+DOWNSTREAM,-2.042848149683217
phase6v2-r08-output-control-a01,D4-FULL,11,OUTPUT+LOAD,-2.2910016228458523
phase6v2-r08-baseline-a01,D4-FULL,1,INPUT+DOWNSTREAM,0.32971343633910866
phase6v2-r08-baseline-a01,D4-FULL,2,DOWNSTREAM,0.2949500618027575
phase6v2-r08-baseline-a01,D4-FULL,3,LOAD+DOWNSTREAM,0.12224228004089957
phase6v2-r08-baseline-a01,D4-FULL,4,INPUT,-0.2949500618027575
phase6v2-r08-baseline-a01,D4-FULL,5,NONE,-0.32971343633910866
phase6v2-r08-baseline-a01,D4-FULL,6,INPUT+LOAD,-0.4676578435646155
phase6v2-r08-baseline-a01,D4-FULL,7,LOAD,-0.5024212181009666
phase6v2-r08-baseline-a01,D4-FULL,8,OUTPUT+DOWNSTREAM,-0.5822561532648792
phase6v2-r08-baseline-a01,D4-FULL,9,INPUT+OUTPUT,-1.1721562768703944
phase6v2-r08-baseline-a01,D4-FULL,10,OUTPUT,-1.2069196514067455
phase6v2-r08-baseline-a01,D4-FULL,11,OUTPUT+LOAD,-1.3796274331686034
phase6v2-r08-input-load-a01,D4-FULL,1,OUTPUT+LOAD,2.984413752185116
phase6v2-r08-input-load-a01,D4-FULL,2,LOAD,2.8045248816937107
phase6v2-r08-input-load-a01,D4-FULL,3,LOAD+DOWNSTREAM,0.6587784600531835
phase6v2-r08-input-load-a01,D4-FULL,4,OUTPUT,-2.8045248816937107
phase6v2-r08-input-load-a01,D4-FULL,5,NONE,-2.984413752185116
phase6v2-r08-input-load-a01,D4-FULL,6,OUTPUT+DOWNSTREAM,-4.9502713033342385
phase6v2-r08-input-load-a01,D4-FULL,7,DOWNSTREAM,-5.130160173825644
phase6v2-r08-input-load-a01,D4-FULL,8,INPUT+LOAD,-5.245122351453691
phase6v2-r08-input-load-a01,D4-FULL,9,INPUT+OUTPUT,-10.854172114841113
phase6v2-r08-input-load-a01,D4-FULL,10,INPUT,-11.034060985332518
phase6v2-r08-input-load-a01,D4-FULL,11,INPUT+DOWNSTREAM,-13.179807406973046
phase6v2-r08-output-load-a01,D4-FULL,1,OUTPUT+LOAD,2.774405345036419
phase6v2-r08-output-load-a01,D4-FULL,2,LOAD,1.9875167644597838
phase6v2-r08-output-load-a01,D4-FULL,3,LOAD+DOWNSTREAM,0.3571123603276595
phase6v2-r08-output-load-a01,D4-FULL,4,OUTPUT,-1.9875167644597838
phase6v2-r08-output-load-a01,D4-FULL,5,NONE,-2.774405345036419
phase6v2-r08-output-load-a01,D4-FULL,6,OUTPUT+DOWNSTREAM,-3.617921168591908
phase6v2-r08-output-load-a01,D4-FULL,7,DOWNSTREAM,-4.4048097491685425
phase6v2-r08-output-load-a01,D4-FULL,8,INPUT+LOAD,-6.932376394912872
phase6v2-r08-output-load-a01,D4-FULL,9,INPUT+OUTPUT,-10.90740992383244
phase6v2-r08-output-load-a01,D4-FULL,10,INPUT,-11.694298504409074
phase6v2-r08-output-load-a01,D4-FULL,11,INPUT+DOWNSTREAM,-13.324702908541198
phase6v2-r08-downstream-medium-a01,D4-FULL,1,DOWNSTREAM,1.1315827650302408
phase6v2-r08-downstream-medium-a01,D4-FULL,2,INPUT+DOWNSTREAM,1.0403624508732519
phase6v2-r08-downstream-medium-a01,D4-FULL,3,LOAD+DOWNSTREAM,0.7650154876302623
phase6v2-r08-downstream-medium-a01,D4-FULL,4,OUTPUT+DOWNSTREAM,0.2856713083284729
phase6v2-r08-downstream-medium-a01,D4-FULL,5,NONE,-1.1315827650302408
phase6v2-r08-downstream-medium-a01,D4-FULL,6,INPUT,-1.2228030791872297
phase6v2-r08-downstream-medium-a01,D4-FULL,7,LOAD,-1.4981500424302192
phase6v2-r08-downstream-medium-a01,D4-FULL,8,INPUT+LOAD,-1.5893703565872084
phase6v2-r08-downstream-medium-a01,D4-FULL,9,OUTPUT,-1.9774942217320088
phase6v2-r08-downstream-medium-a01,D4-FULL,10,INPUT+OUTPUT,-2.0687145358889976
phase6v2-r08-downstream-medium-a01,D4-FULL,11,OUTPUT+LOAD,-2.3440614991319872
phase6v2-r08-output-downstream-control-a01,D4-FULL,1,DOWNSTREAM,1.6975438586448877
phase6v2-r08-output-downstream-control-a01,D4-FULL,2,INPUT+DOWNSTREAM,1.2828791493812597
phase6v2-r08-output-downstream-control-a01,D4-FULL,3,OUTPUT+DOWNSTREAM,1.259552437565444
phase6v2-r08-output-downstream-control-a01,D4-FULL,4,LOAD+DOWNSTREAM,0.03137844941891044
phase6v2-r08-output-downstream-control-a01,D4-FULL,5,NONE,-1.6975438586448877
phase6v2-r08-output-downstream-control-a01,D4-FULL,6,INPUT,-2.1122085679085156
phase6v2-r08-output-downstream-control-a01,D4-FULL,7,OUTPUT,-2.135535279724331
phase6v2-r08-output-downstream-control-a01,D4-FULL,8,INPUT+OUTPUT,-2.550199988987959
phase6v2-r08-output-downstream-control-a01,D4-FULL,9,LOAD,-3.363709267870865
phase6v2-r08-output-downstream-control-a01,D4-FULL,10,INPUT+LOAD,-3.7783739771344926
phase6v2-r08-output-downstream-control-a01,D4-FULL,11,OUTPUT+LOAD,-3.8017006889503087
phase6v2-r08-load-medium-a01,D4-FULL,1,LOAD,3.2874941946671647
phase6v2-r08-load-medium-a01,D4-FULL,2,OUTPUT+LOAD,3.2199376819933203
phase6v2-r08-load-medium-a01,D4-FULL,3,LOAD+DOWNSTREAM,2.6176589487321094
phase6v2-r08-load-medium-a01,D4-FULL,4,INPUT+LOAD,-0.7171609626733098
phase6v2-r08-load-medium-a01,D4-FULL,5,NONE,-3.2874941946671647
phase6v2-r08-load-medium-a01,D4-FULL,6,OUTPUT,-3.355050707341009
phase6v2-r08-load-medium-a01,D4-FULL,7,DOWNSTREAM,-3.95732944060222
phase6v2-r08-load-medium-a01,D4-FULL,8,OUTPUT+DOWNSTREAM,-4.024885953276065
phase6v2-r08-load-medium-a01,D4-FULL,9,INPUT,-7.292149352007639
phase6v2-r08-load-medium-a01,D4-FULL,10,INPUT+OUTPUT,-7.359705864681484
phase6v2-r08-load-medium-a01,D4-FULL,11,INPUT+DOWNSTREAM,-7.961984597942695
phase6v2-r08-output-downstream-a01,D4-FULL,1,OUTPUT+DOWNSTREAM,2.677586579325035
phase6v2-r08-output-downstream-a01,D4-FULL,2,OUTPUT,1.1038562102703269
phase6v2-r08-output-downstream-a01,D4-FULL,3,INPUT+OUTPUT,0.28749529344115055
phase6v2-r08-output-downstream-a01,D4-FULL,4,OUTPUT+LOAD,-0.0037402675705389132
phase6v2-r08-output-downstream-a01,D4-FULL,5,DOWNSTREAM,-1.1038562102703269
phase6v2-r08-output-downstream-a01,D4-FULL,6,INPUT+DOWNSTREAM,-1.9202171270995032
phase6v2-r08-output-downstream-a01,D4-FULL,7,LOAD+DOWNSTREAM,-2.2114526881111924
phase6v2-r08-output-downstream-a01,D4-FULL,8,NONE,-2.677586579325035
phase6v2-r08-output-downstream-a01,D4-FULL,9,INPUT,-3.4939474961542114
phase6v2-r08-output-downstream-a01,D4-FULL,10,LOAD,-3.7851830571659004
phase6v2-r08-output-downstream-a01,D4-FULL,11,INPUT+LOAD,-4.601543973995077
phase6v2-r08-input-downstream-a01,D4-FULL,1,INPUT+DOWNSTREAM,0.13156669768843599
phase6v2-r08-input-downstream-a01,D4-FULL,2,INPUT,0.0762401193325386
phase6v2-r08-input-downstream-a01,D4-FULL,3,INPUT+LOAD,-0.013933560992719252
phase6v2-r08-input-downstream-a01,D4-FULL,4,DOWNSTREAM,-0.0762401193325386
phase6v2-r08-input-downstream-a01,D4-FULL,5,NONE,-0.13156669768843599
phase6v2-r08-input-downstream-a01,D4-FULL,6,LOAD+DOWNSTREAM,-0.16641379965779646
phase6v2-r08-input-downstream-a01,D4-FULL,7,LOAD,-0.22174037801369384
phase6v2-r08-input-downstream-a01,D4-FULL,8,INPUT+OUTPUT,-0.7347741696408939
phase6v2-r08-input-downstream-a01,D4-FULL,9,OUTPUT+DOWNSTREAM,-0.8872544083059711
phase6v2-r08-input-downstream-a01,D4-FULL,10,OUTPUT,-0.9425809866618685
phase6v2-r08-input-downstream-a01,D4-FULL,11,OUTPUT+LOAD,-1.0327546669871264
phase6v2-r08-load-downstream-a01,D4-FULL,1,LOAD+DOWNSTREAM,3.9110428228992444
phase6v2-r08-load-downstream-a01,D4-FULL,2,LOAD,2.9322470503686247
phase6v2-r08-load-downstream-a01,D4-FULL,3,OUTPUT+LOAD,2.90074825040189
phase6v2-r08-load-downstream-a01,D4-FULL,4,INPUT+LOAD,-1.453852995093126
phase6v2-r08-load-downstream-a01,D4-FULL,5,DOWNSTREAM,-2.9322470503686247
phase6v2-r08-load-downstream-a01,D4-FULL,6,OUTPUT+DOWNSTREAM,-2.9637458503353593
phase6v2-r08-load-downstream-a01,D4-FULL,7,NONE,-3.9110428228992444
phase6v2-r08-load-downstream-a01,D4-FULL,8,OUTPUT,-3.942541622865979
phase6v2-r08-load-downstream-a01,D4-FULL,9,INPUT+DOWNSTREAM,-7.318347095830376
phase6v2-r08-load-downstream-a01,D4-FULL,10,INPUT,-8.297142868360995
phase6v2-r08-load-downstream-a01,D4-FULL,11,INPUT+OUTPUT,-8.32864166832773
