run_id,variant,cause,S,M,T,X,E,tau,margin,rank
phase6v2-r01-input-medium-a01,D4-S,INPUT,-0.11391039321805953,,,0.0,-0.11391039321805953,0.6681989747368852,-0.7821093679549447,3
phase6v2-r01-input-medium-a01,D4-S,OUTPUT,-0.5231390276589779,,,0.0,-0.5231390276589779,0.3282065879841657,-0.8513456156431436,4
phase6v2-r01-input-medium-a01,D4-S,LOAD,0.2744180086968938,,,0.0,0.2744180086968938,0.6571809164018613,-0.38276290770496746,1
phase6v2-r01-input-medium-a01,D4-S,DOWNSTREAM,0.1550502750110243,,,0.0,0.1550502750110243,0.7236760915096072,-0.5686258164985829,2
phase6v2-r01-input-load-a01,D4-S,INPUT,-3.0583202678946555,,,0.0,-3.0583202678946555,0.6681989747368852,-3.7265192426315408,3
phase6v2-r01-input-load-a01,D4-S,OUTPUT,-0.5835762632741793,,,0.0,-0.5835762632741793,0.3282065879841657,-0.911782851258345,2
phase6v2-r01-input-load-a01,D4-S,LOAD,3.3890267001191434,,,0.0,3.3890267001191434,0.6571809164018613,2.731845783717282,1
phase6v2-r01-input-load-a01,D4-S,DOWNSTREAM,-3.1741996127920817,,,0.0,-3.1741996127920817,0.7236760915096072,-3.897875704301689,4
phase6v2-r01-output-medium-a01,D4-S,INPUT,-0.1692548215863545,,,0.0,-0.1692548215863545,0.6681989747368852,-0.8374537963232397,3
phase6v2-r01-output-medium-a01,D4-S,OUTPUT,0.19860776955089277,,,0.0,0.19860776955089277,0.3282065879841657,-0.12959881843327292,2
phase6v2-r01-output-medium-a01,D4-S,LOAD,0.9358756009114249,,,0.0,0.9358756009114249,0.6571809164018613,0.2786946845095636,1
phase6v2-r01-output-medium-a01,D4-S,DOWNSTREAM,-0.3333241656640787,,,0.0,-0.3333241656640787,0.7236760915096072,-1.0570002571736858,4
phase6v2-r01-load-downstream-a01,D4-S,INPUT,-1.1276081229427593,,,0.0,-1.1276081229427593,0.6681989747368852,-1.7958070976796443,3
phase6v2-r01-load-downstream-a01,D4-S,OUTPUT,-0.04309845443065071,,,0.0,-0.04309845443065071,0.3282065879841657,-0.3713050424148164,2
phase6v2-r01-load-downstream-a01,D4-S,LOAD,2.9943502047478328,,,0.0,2.9943502047478328,0.6571809164018613,2.3371692883459714,1
phase6v2-r01-load-downstream-a01,D4-S,DOWNSTREAM,-1.1954405993680413,,,0.0,-1.1954405993680413,0.7236760915096072,-1.9191166908776485,4
phase6v2-r01-output-downstream-control-a01,D4-S,INPUT,0.34784463257040055,,,0.0,0.34784463257040055,0.6681989747368852,-0.3203543421664846,3
phase6v2-r01-output-downstream-control-a01,D4-S,OUTPUT,0.2750754036386405,,,0.0,0.2750754036386405,0.3282065879841657,-0.05313118434552516,1
phase6v2-r01-output-downstream-control-a01,D4-S,LOAD,0.3113655925197051,,,0.0,0.3113655925197051,0.6571809164018613,-0.3458153238821562,4
phase6v2-r01-output-downstream-control-a01,D4-S,DOWNSTREAM,0.4488864249395123,,,0.0,0.4488864249395123,0.7236760915096072,-0.2747896665700949,2
phase6v2-r01-downstream-medium-a01,D4-S,INPUT,0.4990417583743744,,,0.0,0.4990417583743744,0.6681989747368852,-0.16915721636251074,2
phase6v2-r01-downstream-medium-a01,D4-S,OUTPUT,0.1920641071399411,,,0.0,0.1920641071399411,0.3282065879841657,-0.1361424808442246,1
phase6v2-r01-downstream-medium-a01,D4-S,LOAD,0.2376181905902944,,,0.0,0.2376181905902944,0.6571809164018613,-0.41956272581156684,4
phase6v2-r01-downstream-medium-a01,D4-S,DOWNSTREAM,0.5167067203019716,,,0.0,0.5167067203019716,0.7236760915096072,-0.2069693712076356,3
phase6v2-r01-output-load-control-a01,D4-S,INPUT,-0.062296097873107935,,,0.0,-0.062296097873107935,0.6681989747368852,-0.7304950726099931,2
phase6v2-r01-output-load-control-a01,D4-S,OUTPUT,-0.4993607649284456,,,0.0,-0.4993607649284456,0.3282065879841657,-0.8275673529126113,3
phase6v2-r01-output-load-control-a01,D4-S,LOAD,2.5391498191517345,,,0.0,2.5391498191517345,0.6571809164018613,1.8819689027498732,1
phase6v2-r01-output-load-control-a01,D4-S,DOWNSTREAM,-0.49282812490681455,,,0.0,-0.49282812490681455,0.7236760915096072,-1.2165042164164217,4
phase6v2-r01-input-downstream-a01,D4-S,INPUT,0.46041378213510203,,,0.0,0.46041378213510203,0.6681989747368852,-0.20778519260178313,3
phase6v2-r01-input-downstream-a01,D4-S,OUTPUT,0.18528750698647328,,,0.0,0.18528750698647328,0.3282065879841657,-0.1429190809976924,2
phase6v2-r01-input-downstream-a01,D4-S,LOAD,0.5851543860457133,,,0.0,0.5851543860457133,0.6571809164018613,-0.07202653035614792,1
phase6v2-r01-input-downstream-a01,D4-S,DOWNSTREAM,0.4516999730714975,,,0.0,0.4516999730714975,0.7236760915096072,-0.2719761184381097,4
phase6v2-r01-output-control-a01,D4-S,INPUT,0.6225715174603962,,,0.0,0.6225715174603962,0.6681989747368852,-0.04562745727648898,1
phase6v2-r01-output-control-a01,D4-S,OUTPUT,0.21492777252251744,,,0.0,0.21492777252251744,0.3282065879841657,-0.11327881546164825,3
phase6v2-r01-output-control-a01,D4-S,LOAD,-0.5618031210916258,,,0.0,-0.5618031210916258,0.6571809164018613,-1.218984037493487,4
phase6v2-r01-output-control-a01,D4-S,DOWNSTREAM,0.6735265316541613,,,0.0,0.6735265316541613,0.7236760915096072,-0.05014955985544589,2
phase6v2-r01-output-downstream-a01,D4-S,INPUT,-0.6453018320961756,,,0.0,-0.6453018320961756,0.6681989747368852,-1.3135008068330607,4
phase6v2-r01-output-downstream-a01,D4-S,OUTPUT,0.6620989416751789,,,0.0,0.6620989416751789,0.3282065879841657,0.3338923536910132,2
phase6v2-r01-output-downstream-a01,D4-S,LOAD,1.3746739104506995,,,0.0,1.3746739104506995,0.6571809164018613,0.7174929940488383,1
phase6v2-r01-output-downstream-a01,D4-S,DOWNSTREAM,-0.3069167126786503,,,0.0,-0.3069167126786503,0.7236760915096072,-1.0305928041882575,3
phase6v2-r01-baseline-a01,D4-S,INPUT,-0.049944589558147415,,,0.0,-0.049944589558147415,0.6681989747368852,-0.7181435642950326,3
phase6v2-r01-baseline-a01,D4-S,OUTPUT,-0.5925466172996546,,,0.0,-0.5925466172996546,0.3282065879841657,-0.9207532052838203,4
phase6v2-r01-baseline-a01,D4-S,LOAD,-0.020563176825577106,,,0.0,-0.020563176825577106,0.6571809164018613,-0.6777440932274383,2
phase6v2-r01-baseline-a01,D4-S,DOWNSTREAM,0.1790412019715039,,,0.0,0.1790412019715039,0.7236760915096072,-0.5446348895381034,1
phase6v2-r01-output-load-a01,D4-S,INPUT,-3.2937300666745264,,,0.0,-3.2937300666745264,0.6681989747368852,-3.9619290414114117,3
phase6v2-r01-output-load-a01,D4-S,OUTPUT,-0.5906922688267839,,,0.0,-0.5906922688267839,0.3282065879841657,-0.9188988568109496,2
phase6v2-r01-output-load-a01,D4-S,LOAD,3.4233999142718594,,,0.0,3.4233999142718594,0.6571809164018613,2.766218997869998,1
phase6v2-r01-output-load-a01,D4-S,DOWNSTREAM,-3.4084528159492113,,,0.0,-3.4084528159492113,0.7236760915096072,-4.132128907458819,4
phase6v2-r01-load-medium-a01,D4-S,INPUT,-1.2707474099893328,,,0.0,-1.2707474099893328,0.6681989747368852,-1.938946384726218,4
phase6v2-r01-load-medium-a01,D4-S,OUTPUT,-0.2138986015398688,,,0.0,-0.2138986015398688,0.3282065879841657,-0.5421051895240345,2
phase6v2-r01-load-medium-a01,D4-S,LOAD,3.1324107403919674,,,0.0,3.1324107403919674,0.6571809164018613,2.475229823990106,1
phase6v2-r01-load-medium-a01,D4-S,DOWNSTREAM,-1.1587252541540642,,,0.0,-1.1587252541540642,0.7236760915096072,-1.8824013456636715,3
phase6v2-r01-input-medium-a01,D4-SM,INPUT,-0.11391039321805953,0.46741218175816,,0.0,0.17675089427005025,0.6620605613306229,-0.4853096670605726,3
phase6v2-r01-input-medium-a01,D4-SM,OUTPUT,-0.5231390276589779,-0.7615221096044797,,0.0,-0.6423305686317289,0.7416412541657941,-1.3839718227975228,4
phase6v2-r01-input-medium-a01,D4-SM,LOAD,0.2744180086968938,0.9893264996085134,,0.0,0.6318722541527035,0.5727001661918831,0.05917208796082041,1
phase6v2-r01-input-medium-a01,D4-SM,DOWNSTREAM,0.1550502750110243,0.05199113105753668,,0.0,0.10352070303428049,0.382984462030126,-0.2794637589958455,2
phase6v2-r01-input-load-a01,D4-SM,INPUT,-3.0583202678946555,-4.905471677093727,,0.0,-3.9818959724941916,0.6620605613306229,-4.643956533824815,4
phase6v2-r01-input-load-a01,D4-SM,OUTPUT,-0.5835762632741793,3.851527025239568,,0.0,1.6339753809826945,0.7416412541657941,0.8923341268169004,2
phase6v2-r01-input-load-a01,D4-SM,LOAD,3.3890267001191434,2.926077875860867,,0.0,3.157552287990005,0.5727001661918831,2.584852121798122,1
phase6v2-r01-input-load-a01,D4-SM,DOWNSTREAM,-3.1741996127920817,-0.08857182333841776,,0.0,-1.6313857180652498,0.382984462030126,-2.014370180095376,3
phase6v2-r01-output-medium-a01,D4-SM,INPUT,-0.1692548215863545,0.6597707820978613,,0.0,0.2452579802557534,0.6620605613306229,-0.41680258107486945,2
phase6v2-r01-output-medium-a01,D4-SM,OUTPUT,0.19860776955089277,2.6278882847125695,,0.0,1.4132480271317311,0.7416412541657941,0.6716067729659371,1
phase6v2-r01-output-medium-a01,D4-SM,LOAD,0.9358756009114249,-1.0043213973064182,,0.0,-0.03422289819749669,0.5727001661918831,-0.6069230643893798,4
phase6v2-r01-output-medium-a01,D4-SM,DOWNSTREAM,-0.3333241656640787,-0.007384320641498352,,0.0,-0.17035424315278852,0.382984462030126,-0.5533387051829145,3
phase6v2-r01-load-downstream-a01,D4-SM,INPUT,-1.1276081229427593,-2.352509697169293,,0.0,-1.740058910056026,0.6620605613306229,-2.4021194713866487,4
phase6v2-r01-load-downstream-a01,D4-SM,OUTPUT,-0.04309845443065071,1.5941974604803302,,0.0,0.7755495030248397,0.7416412541657941,0.03390824885904564,3
phase6v2-r01-load-downstream-a01,D4-SM,LOAD,2.9943502047478328,5.0,,0.0,3.9971751023739164,0.5727001661918831,3.4244749361820332,1
phase6v2-r01-load-downstream-a01,D4-SM,DOWNSTREAM,-1.1954405993680413,5.0,,0.0,1.9022797003159795,0.382984462030126,1.5192952382858536,2
phase6v2-r01-output-downstream-control-a01,D4-SM,INPUT,0.34784463257040055,0.4452617927541352,,0.0,0.39655321266226784,0.6620605613306229,-0.265507348668355,2
phase6v2-r01-output-downstream-control-a01,D4-SM,OUTPUT,0.2750754036386405,0.008899690200370736,,0.0,0.14198754691950563,0.7416412541657941,-0.5996537072462884,3
phase6v2-r01-output-downstream-control-a01,D4-SM,LOAD,0.3113655925197051,-0.9834537018726971,,0.0,-0.336044054676496,0.5727001661918831,-0.9087442208683791,4
phase6v2-r01-output-downstream-control-a01,D4-SM,DOWNSTREAM,0.4488864249395123,5.0,,0.0,2.724443212469756,0.382984462030126,2.34145875043963,1
phase6v2-r01-downstream-medium-a01,D4-SM,INPUT,0.4990417583743744,0.4426188384534988,,0.0,0.47083029841393664,0.6620605613306229,-0.1912302629166862,3
phase6v2-r01-downstream-medium-a01,D4-SM,OUTPUT,0.1920641071399411,-0.6515275558691956,,0.0,-0.22973172436462727,0.7416412541657941,-0.9713729785304214,4
phase6v2-r01-downstream-medium-a01,D4-SM,LOAD,0.2376181905902944,0.963091293206692,,0.0,0.6003547418984931,0.5727001661918831,0.027654575706610007,2
phase6v2-r01-downstream-medium-a01,D4-SM,DOWNSTREAM,0.5167067203019716,5.0,,0.0,2.758353360150986,0.382984462030126,2.37536889812086,1
phase6v2-r01-output-load-control-a01,D4-SM,INPUT,-0.062296097873107935,-0.6751962121097778,,0.0,-0.36874615499144286,0.6620605613306229,-1.0308067163220658,4
phase6v2-r01-output-load-control-a01,D4-SM,OUTPUT,-0.4993607649284456,0.6734899310646904,,0.0,0.08706458306812237,0.7416412541657941,-0.6545766710976717,2
phase6v2-r01-output-load-control-a01,D4-SM,LOAD,2.5391498191517345,5.0,,0.0,3.7695749095758675,0.5727001661918831,3.1968747433839844,1
phase6v2-r01-output-load-control-a01,D4-SM,DOWNSTREAM,-0.49282812490681455,-0.07923707806859613,,0.0,-0.2860326014877053,0.382984462030126,-0.6690170635178313,3
phase6v2-r01-input-downstream-a01,D4-SM,INPUT,0.46041378213510203,0.2760222797889706,,0.0,0.3682180309620363,0.6620605613306229,-0.29384253036858654,3
phase6v2-r01-input-downstream-a01,D4-SM,OUTPUT,0.18528750698647328,-0.7464773872292083,,0.0,-0.28059494012136754,0.7416412541657941,-1.0222361942871616,4
phase6v2-r01-input-downstream-a01,D4-SM,LOAD,0.5851543860457133,0.949515730233766,,0.0,0.7673350581397397,0.5727001661918831,0.19463489194785655,2
phase6v2-r01-input-downstream-a01,D4-SM,DOWNSTREAM,0.4516999730714975,5.0,,0.0,2.725849986535749,0.382984462030126,2.3428655245056227,1
phase6v2-r01-output-control-a01,D4-SM,INPUT,0.6225715174603962,0.6550455005267063,,0.0,0.6388085089935512,0.6620605613306229,-0.023252052337071616,2
phase6v2-r01-output-control-a01,D4-SM,OUTPUT,0.21492777252251744,-0.24392166328627135,,0.0,-0.014496945381876958,0.7416412541657941,-0.756138199547671,3
phase6v2-r01-output-control-a01,D4-SM,LOAD,-0.5618031210916258,-0.9734590617334807,,0.0,-0.7676310914125533,0.5727001661918831,-1.3403312576044364,4
phase6v2-r01-output-control-a01,D4-SM,DOWNSTREAM,0.6735265316541613,0.12973141316873948,,0.0,0.4016289724114504,0.382984462030126,0.01864451038132442,1
phase6v2-r01-output-downstream-a01,D4-SM,INPUT,-0.6453018320961756,0.45340486271599917,,0.0,-0.09594848469008824,0.6620605613306229,-0.7580090460207111,4
phase6v2-r01-output-downstream-a01,D4-SM,OUTPUT,0.6620989416751789,2.6568364772595716,,0.0,1.6594677094673753,0.7416412541657941,0.9178264553015812,2
phase6v2-r01-output-downstream-a01,D4-SM,LOAD,1.3746739104506995,-1.0131831332138619,,0.0,0.18074538861841882,0.5727001661918831,-0.3919547775734643,3
phase6v2-r01-output-downstream-a01,D4-SM,DOWNSTREAM,-0.3069167126786503,5.0,,0.0,2.3465416436606747,0.382984462030126,1.9635571816305488,1
phase6v2-r01-baseline-a01,D4-SM,INPUT,-0.049944589558147415,0.6349092489215007,,0.0,0.29248232968167664,0.6620605613306229,-0.3695782316489462,3
phase6v2-r01-baseline-a01,D4-SM,OUTPUT,-0.5925466172996546,-0.6367279861659529,,0.0,-0.6146373017328037,0.7416412541657941,-1.356278555898598,4
phase6v2-r01-baseline-a01,D4-SM,LOAD,-0.020563176825577106,1.0063327780585132,,0.0,0.49288480061646806,0.5727001661918831,-0.07981536557541508,1
phase6v2-r01-baseline-a01,D4-SM,DOWNSTREAM,0.1790412019715039,0.07280495634975256,,0.0,0.12592307916062823,0.382984462030126,-0.25706138286949776,2
phase6v2-r01-output-load-a01,D4-SM,INPUT,-3.2937300666745264,-5.0,,0.0,-4.146865033337264,0.6620605613306229,-4.808925594667887,4
phase6v2-r01-output-load-a01,D4-SM,OUTPUT,-0.5906922688267839,5.0,,0.0,2.204653865586608,0.7416412541657941,1.463012611420814,2
phase6v2-r01-output-load-a01,D4-SM,LOAD,3.4233999142718594,2.1289372580941963,,0.0,2.7761685861830276,0.5727001661918831,2.2034684199911445,1
phase6v2-r01-output-load-a01,D4-SM,DOWNSTREAM,-3.4084528159492113,-0.08120599557081758,,0.0,-1.7448294057600144,0.382984462030126,-2.1278138677901404,3
phase6v2-r01-load-medium-a01,D4-SM,INPUT,-1.2707474099893328,-2.186390695979135,,0.0,-1.728569052984234,0.6620605613306229,-2.390629614314857,4
phase6v2-r01-load-medium-a01,D4-SM,OUTPUT,-0.2138986015398688,1.7169251827143923,,0.0,0.7515132905872618,0.7416412541657941,0.009872036421467723,2
phase6v2-r01-load-medium-a01,D4-SM,LOAD,3.1324107403919674,5.0,,0.0,4.066205370195984,0.5727001661918831,3.493505204004101,1
phase6v2-r01-load-medium-a01,D4-SM,DOWNSTREAM,-1.1587252541540642,-0.04133453047585657,,0.0,-0.6000298923149604,0.382984462030126,-0.9830143543450864,3
phase6v2-r01-input-medium-a01,D4-SMT,INPUT,0.5201052092333431,0.46741218175816,0.5819622835032525,0.0,0.5231598914982519,0.6373520001476066,-0.1141921086493547,2
phase6v2-r01-input-medium-a01,D4-SMT,OUTPUT,0.3335720214537113,0.0,0.5870878697324519,0.0,0.3068866303953877,0.8797901470813811,-0.5729035166859935,4
phase6v2-r01-input-medium-a01,D4-SMT,LOAD,0.6010514823716162,0.9893264996085134,0.03325254048550613,0.0,0.5412101741552119,0.5587439326340583,-0.017533758478846417,1
phase6v2-r01-input-medium-a01,D4-SMT,DOWNSTREAM,0.6015049446313256,0.05199113105753668,0.6870883606267182,0.0,0.44686147877186017,0.6087059746580112,-0.16184449588615107,3
phase6v2-r01-input-load-a01,D4-SMT,INPUT,0.0,0.0,0.0,0.0,0.0,0.6373520001476066,-0.6373520001476066,4
phase6v2-r01-input-load-a01,D4-SMT,OUTPUT,1.606791813248165,3.851527025239568,0.13771985415562646,0.0,1.86534623088112,0.8797901470813811,0.9855560837997388,2
phase6v2-r01-input-load-a01,D4-SMT,LOAD,3.567460229569118,2.926077875860867,3.6407868628319204,0.0,3.3781083227539686,0.5587439326340583,2.8193643901199104,1
phase6v2-r01-input-load-a01,D4-SMT,DOWNSTREAM,0.10356090948639828,0.0,0.6284716613169984,0.0,0.24401085693446556,0.6087059746580112,-0.3646951177235457,3
phase6v2-r01-output-medium-a01,D4-SMT,INPUT,0.41249529347107416,0.6597707820978613,0.5801316419222241,0.0,0.5507992391637199,0.6373520001476066,-0.08655276098388676,3
phase6v2-r01-output-medium-a01,D4-SMT,OUTPUT,0.4983420528708584,2.6278882847125695,1.627966193580345,0.0,1.584732177054591,0.8797901470813811,0.7049420299732099,1
phase6v2-r01-output-medium-a01,D4-SMT,LOAD,1.3169447941706411,0.0,0.34322174581297965,0.0,0.5533888466612069,0.5587439326340583,-0.005355085972851392,2
phase6v2-r01-output-medium-a01,D4-SMT,DOWNSTREAM,0.26130139766608307,0.01195299080698138,0.0,0.0,0.09108479615768815,0.6087059746580112,-0.5176211785003231,4
phase6v2-r01-load-downstream-a01,D4-SMT,INPUT,0.0908161717013815,0.0,0.0,0.0,0.030272057233793833,0.6373520001476066,-0.6070799429138128,4
phase6v2-r01-load-downstream-a01,D4-SMT,OUTPUT,0.8662815990384932,1.5941974604803302,0.0,0.0,0.8201596865062745,0.8797901470813811,-0.05963046057510668,3
phase6v2-r01-load-downstream-a01,D4-SMT,LOAD,3.0322030663316477,5.0,3.3333333333333335,0.0,3.7885121332216602,0.5587439326340583,3.229768200587602,1
phase6v2-r01-load-downstream-a01,D4-SMT,DOWNSTREAM,0.10932052082170231,5.0,0.6430353643995244,0.0,1.9174519617404089,0.6087059746580112,1.3087459870823976,2
phase6v2-r01-output-downstream-control-a01,D4-SMT,INPUT,0.38763514659945336,0.4452617927541352,0.5803092228786849,0.0,0.4710687207440912,0.6373520001476066,-0.16628327940351545,3
phase6v2-r01-output-downstream-control-a01,D4-SMT,OUTPUT,0.3454170315063931,0.2754371724185958,1.8783551458366772,0.0,0.8330697832538888,0.8797901470813811,-0.04672036382749234,2
phase6v2-r01-output-downstream-control-a01,D4-SMT,LOAD,0.4219958260850053,0.0,0.2220096258172556,0.0,0.2146684839674203,0.5587439326340583,-0.344075448666638,4
phase6v2-r01-output-downstream-control-a01,D4-SMT,DOWNSTREAM,0.4489026577868435,5.0,1.2708316816270848,0.0,2.2399114464713095,0.6087059746580112,1.6312054718132982,1
phase6v2-r01-downstream-medium-a01,D4-SMT,INPUT,0.5065671510985452,0.4426188384534988,0.5781490457526586,0.0,0.5091116784349009,0.6373520001476066,-0.12824032171270572,3
phase6v2-r01-downstream-medium-a01,D4-SMT,OUTPUT,0.2747009089835518,0.0,0.6286037816057812,0.0,0.3011015635297777,0.8797901470813811,-0.5786885835516035,4
phase6v2-r01-downstream-medium-a01,D4-SMT,LOAD,0.3874279248396849,0.963091293206692,0.07564413444467022,0.0,0.47538778416368227,0.5587439326340583,-0.08335614847037603,2
phase6v2-r01-downstream-medium-a01,D4-SMT,DOWNSTREAM,0.5167067203019716,5.0,0.0,0.0,1.8389022401006574,0.6087059746580112,1.2301962654426462,1
phase6v2-r01-output-load-control-a01,D4-SMT,INPUT,0.37048000317950575,0.0,0.0,0.0,0.12349333439316858,0.6373520001476066,-0.5138586657544381,3
phase6v2-r01-output-load-control-a01,D4-SMT,OUTPUT,0.2194395297761417,0.6734899310646904,0.45161165097179384,0.0,0.4481803706042086,0.8797901470813811,-0.4316097764771725,2
phase6v2-r01-output-load-control-a01,D4-SMT,LOAD,2.5401230776320474,5.0,3.4888634049161014,0.0,3.6763288275160497,0.5587439326340583,3.1175848948819915,1
phase6v2-r01-output-load-control-a01,D4-SMT,DOWNSTREAM,0.08938376726101713,0.0,0.0,0.0,0.029794589087005708,0.6087059746580112,-0.5789113855710055,4
phase6v2-r01-input-downstream-a01,D4-SMT,INPUT,0.4633298718157183,0.2760261556392803,0.5834018201422024,0.0,0.44091928253240037,0.6373520001476066,-0.19643271761520625,3
phase6v2-r01-input-downstream-a01,D4-SMT,OUTPUT,0.2200190113980316,0.0,0.49977692206069046,0.0,0.239931977819574,0.8797901470813811,-0.6398581692618072,4
phase6v2-r01-input-downstream-a01,D4-SMT,LOAD,0.687432806998926,0.949515730233766,0.08169988561458931,0.0,0.5728828076157605,0.5587439326340583,0.014138874981702187,2
phase6v2-r01-input-downstream-a01,D4-SMT,DOWNSTREAM,0.45208290074977814,5.0,0.0,0.0,1.8173609669165927,0.6087059746580112,1.2086549922585814,1
phase6v2-r01-output-control-a01,D4-SMT,INPUT,0.6254876071410124,0.6550455005267063,0.5812347885757074,0.0,0.6205892987478087,0.6373520001476066,-0.016762701399797963,1
phase6v2-r01-output-control-a01,D4-SMT,OUTPUT,0.45577944783493096,0.24589389753450155,0.42419732781346353,0.0,0.37529022439429865,0.8797901470813811,-0.5044999226870825,3
phase6v2-r01-output-control-a01,D4-SMT,LOAD,0.002863746627150975,0.0,0.07050597082377895,0.0,0.024456572483643305,0.5587439326340583,-0.534287360150415,4
phase6v2-r01-output-control-a01,D4-SMT,DOWNSTREAM,0.6735265316541613,0.12973141316873948,0.05808464067573154,0.0,0.2871141951662108,0.6087059746580112,-0.32159177949180046,2
phase6v2-r01-output-downstream-a01,D4-SMT,INPUT,0.16757477598591108,0.45340486271599917,0.5744603227898106,0.0,0.3984799871639069,0.6373520001476066,-0.2388720129836997,4
phase6v2-r01-output-downstream-a01,D4-SMT,OUTPUT,0.6620989416751789,2.6568364772595716,0.552646052195928,0.0,1.2905271570435595,0.8797901470813811,0.4107370099621783,2
phase6v2-r01-output-downstream-a01,D4-SMT,LOAD,1.6492940405936918,0.0,0.7098756242895247,0.0,0.7863898882944055,0.5587439326340583,0.22764595566034718,3
phase6v2-r01-output-downstream-a01,D4-SMT,DOWNSTREAM,0.2553702549880157,5.0,0.0,0.0,1.7517900849960053,0.6087059746580112,1.143084110337994,1
phase6v2-r01-baseline-a01,D4-SMT,INPUT,0.5569247376353473,0.6349092489215007,0.5768723594270675,0.0,0.5895687819946386,0.6373520001476066,-0.04778321815296804,2
phase6v2-r01-baseline-a01,D4-SMT,OUTPUT,0.33979837290482456,0.0,0.9137477156837319,0.0,0.41784869619618553,0.8797901470813811,-0.4619414508851956,4
phase6v2-r01-baseline-a01,D4-SMT,LOAD,0.5652710318797124,1.0063327780585132,0.5750863610171759,0.0,0.7155633903184672,0.5587439326340583,0.15681945768440886,1
phase6v2-r01-baseline-a01,D4-SMT,DOWNSTREAM,0.6335866565169584,0.07280495634975256,0.0,0.0,0.23546387095557034,0.6087059746580112,-0.37324210370244093,3
phase6v2-r01-output-load-a01,D4-SMT,INPUT,0.0,0.0,0.0,0.0,0.0,0.6373520001476066,-0.6373520001476066,4
phase6v2-r01-output-load-a01,D4-SMT,OUTPUT,1.5608865626496116,5.0,2.149961602026488,0.0,2.903616054892033,0.8797901470813811,2.023825907810652,2
phase6v2-r01-output-load-a01,D4-SMT,LOAD,3.683765085039873,2.1289372580941963,3.3635436245043686,0.0,3.0587486558794796,0.5587439326340583,2.5000047232454214,1
phase6v2-r01-output-load-a01,D4-SMT,DOWNSTREAM,0.07692456605221655,0.0,0.0,0.0,0.025641522017405518,0.6087059746580112,-0.5830644526406057,3
phase6v2-r01-load-medium-a01,D4-SMT,INPUT,0.021543278754165045,0.0,0.0,0.0,0.007181092918055015,0.6373520001476066,-0.6301709072295516,4
phase6v2-r01-load-medium-a01,D4-SMT,OUTPUT,0.7427704883671133,1.7169251827143923,0.4632326665457475,0.0,0.9743094458757512,0.8797901470813811,0.09451929879437004,2
phase6v2-r01-load-medium-a01,D4-SMT,LOAD,3.232436590497347,5.0,3.3786362929012856,0.0,3.870357627799544,0.5587439326340583,3.311613695165486,1
phase6v2-r01-load-medium-a01,D4-SMT,DOWNSTREAM,0.08867734553406909,0.004334834184277585,1.0005472844124235,0.0,0.3645198213769234,0.6087059746580112,-0.24418615328108784,3
phase6v2-r01-input-medium-a01,D4-FULL,INPUT,-0.11391039321805953,0.46741218175816,0.5819622835032525,0.0,0.3118213573477843,0.6351338204428029,-0.32331246309501854,3
phase6v2-r01-input-medium-a01,D4-FULL,OUTPUT,-0.5231390276589779,-0.7615221096044797,0.5870878697324519,0.7615221096044797,-0.9940465321148151,0.22038264191399504,-1.21442917402881,4
phase6v2-r01-input-medium-a01,D4-FULL,LOAD,0.2744180086968938,0.9893264996085134,0.01895019577734593,0.0,0.4275649013609177,0.38583086482522105,0.04173403653569663,1
phase6v2-r01-input-medium-a01,D4-FULL,DOWNSTREAM,0.1550502750110243,0.05199113105753668,0.6870883606267182,0.0,0.2980432555650931,0.6028478554617279,-0.30480459989663483,2
phase6v2-r01-input-load-a01,D4-FULL,INPUT,-3.0583202678946555,-4.905471677093727,-4.7569196302860055,4.905471677093727,-9.145708868851857,0.6351338204428029,-9.78084268929466,4
phase6v2-r01-input-load-a01,D4-FULL,OUTPUT,-0.5835762632741793,3.851527025239568,-2.2913327750918686,0.0,0.3255393289578401,0.22038264191399504,0.10515668704384507,2
phase6v2-r01-input-load-a01,D4-FULL,LOAD,3.3890267001191434,2.926077875860867,3.6407868628319204,0.0,3.3186304796039767,0.38583086482522105,2.9327996147787556,1
phase6v2-r01-input-load-a01,D4-FULL,DOWNSTREAM,-3.1741996127920817,-0.08857182333841776,0.6284716613169984,0.08857182333841776,-0.9666717482762515,0.6028478554617279,-1.5695196037379793,3
phase6v2-r01-output-medium-a01,D4-FULL,INPUT,-0.1692548215863545,0.6597707820978613,0.5801316419222241,0.0,0.356882534144577,0.6351338204428029,-0.2782512862982259,2
phase6v2-r01-output-medium-a01,D4-FULL,OUTPUT,0.19860776955089277,2.6278882847125695,1.627966193580345,0.0,1.484820749281269,0.22038264191399504,1.264438107367274,1
phase6v2-r01-output-medium-a01,D4-FULL,LOAD,0.9358756009114249,-1.0043213973064182,0.33075899035466505,1.0043213973064182,-0.9168836659865277,0.38583086482522105,-1.3027145308117487,4
phase6v2-r01-output-medium-a01,D4-FULL,DOWNSTREAM,-0.3333241656640787,-0.007384320641498352,-0.6171294205867341,0.01933731144847973,-0.3386166137459168,0.6028478554617279,-0.9414644692076447,3
phase6v2-r01-load-downstream-a01,D4-FULL,INPUT,-1.1276081229427593,-2.352509697169293,-2.147665487709687,2.352509697169293,-4.228437466443205,0.6351338204428029,-4.863571286886009,4
phase6v2-r01-load-downstream-a01,D4-FULL,OUTPUT,-0.04309845443065071,1.5941974604803302,-1.7392170579949302,0.0,-0.06270601731508359,0.22038264191399504,-0.2830886592290786,3
phase6v2-r01-load-downstream-a01,D4-FULL,LOAD,2.9943502047478328,5.0,3.208009743176729,0.0,3.7341199826415203,0.38583086482522105,3.3482891178162992,1
phase6v2-r01-load-downstream-a01,D4-FULL,DOWNSTREAM,-1.1954405993680413,5.0,0.6430353643995244,0.0,1.4825315883438277,0.6028478554617279,0.8796837328820998,2
phase6v2-r01-output-downstream-control-a01,D4-FULL,INPUT,0.34784463257040055,0.4452617927541352,0.5803092228786849,0.0,0.45780521606774016,0.6351338204428029,-0.1773286043750627,3
phase6v2-r01-output-downstream-control-a01,D4-FULL,OUTPUT,0.2750754036386405,0.008899690200370736,1.8783551458366772,0.26653748221822504,0.4542392643403378,0.22038264191399504,0.23385662242634275,2
phase6v2-r01-output-downstream-control-a01,D4-FULL,LOAD,0.3113655925197051,-0.9834537018726971,0.21846308701027636,0.9834537018726971,-1.1346620426536023,0.38583086482522105,-1.5204929074788234,4
phase6v2-r01-output-downstream-control-a01,D4-FULL,DOWNSTREAM,0.4488864249395123,5.0,1.2708316816270848,0.0,2.239906035522199,0.6028478554617279,1.637058180060471,1
phase6v2-r01-downstream-medium-a01,D4-FULL,INPUT,0.4990417583743744,0.4426188384534988,0.5781490457526586,0.0,0.5066032141935106,0.6351338204428029,-0.12853060624929225,3
phase6v2-r01-downstream-medium-a01,D4-FULL,OUTPUT,0.1920641071399411,-0.6515275558691956,0.6286037816057812,0.6515275558691956,-0.5951474449103534,0.22038264191399504,-0.8155300868243485,4
phase6v2-r01-downstream-medium-a01,D4-FULL,LOAD,0.2376181905902944,0.963091293206692,0.0744569662546851,0.0,0.4250554833505571,0.38583086482522105,0.03922461852533604,2
phase6v2-r01-downstream-medium-a01,D4-FULL,DOWNSTREAM,0.5167067203019716,5.0,-1.2695009753606725,0.0,1.4157352483137664,0.6028478554617279,0.8128873928520385,1
phase6v2-r01-output-load-control-a01,D4-FULL,INPUT,-0.062296097873107935,-0.6751962121097778,-0.8069063317468814,0.6751962121097778,-1.1899957593530335,0.6351338204428029,-1.8251295797958362,4
phase6v2-r01-output-load-control-a01,D4-FULL,OUTPUT,-0.4993607649284456,0.6734899310646904,0.042943183684704705,0.0,0.07235744994031648,0.22038264191399504,-0.14802519197367855,2
phase6v2-r01-output-load-control-a01,D4-FULL,LOAD,2.5391498191517345,5.0,3.4888634049161014,0.0,3.676004408022612,0.38583086482522105,3.290173543197391,1
phase6v2-r01-output-load-control-a01,D4-FULL,DOWNSTREAM,-0.49282812490681455,-0.07923707806859613,-0.4069173377642197,0.07923707806859613,-0.4055645916484729,0.6028478554617279,-1.0084124471102007,3
phase6v2-r01-input-downstream-a01,D4-FULL,INPUT,0.46041378213510203,0.2760222797889706,0.5834018201422024,3.875850309657131e-06,0.4399420848384487,0.6351338204428029,-0.19519173560435416,3
phase6v2-r01-input-downstream-a01,D4-FULL,OUTPUT,0.18528750698647328,-0.7464773872292083,0.49977692206069046,0.7464773872292083,-0.7669483732898899,0.22038264191399504,-0.9873310152038849,4
phase6v2-r01-input-downstream-a01,D4-FULL,LOAD,0.5851543860457133,0.949515730233766,0.03496515075999089,0.0,0.5232117556798234,0.38583086482522105,0.1373808908546023,2
phase6v2-r01-input-downstream-a01,D4-FULL,DOWNSTREAM,0.4516999730714975,5.0,-1.5218673465431163,0.0,1.3099442088427937,0.6028478554617279,0.7070963533810658,1
phase6v2-r01-output-control-a01,D4-FULL,INPUT,0.6225715174603962,0.6550455005267063,0.5812347885757074,0.0,0.6196172688542699,0.6351338204428029,-0.015516551588532934,1
phase6v2-r01-output-control-a01,D4-FULL,OUTPUT,0.21492777252251744,-0.24392166328627135,0.2737052166734504,0.4898155608207729,-0.40824511885087406,0.22038264191399504,-0.6286277607648691,3
phase6v2-r01-output-control-a01,D4-FULL,LOAD,-0.5618031210916258,-0.9734590617334807,0.011872593099714751,0.9734590617334807,-1.4812555916419448,0.38583086482522105,-1.8670864564671659,4
phase6v2-r01-output-control-a01,D4-FULL,DOWNSTREAM,0.6735265316541613,0.12973141316873948,-0.2825324231566661,0.0,0.1735751738887449,0.6028478554617279,-0.42927268157298304,2
phase6v2-r01-output-downstream-a01,D4-FULL,INPUT,-0.6453018320961756,0.45340486271599917,0.5744603227898106,0.0,0.12752111780321138,0.6351338204428029,-0.5076127026395915,3
phase6v2-r01-output-downstream-a01,D4-FULL,OUTPUT,0.6620989416751789,2.6568364772595716,-0.42343602257073487,0.0,0.965166465454672,0.22038264191399504,0.744783823540677,2
phase6v2-r01-output-downstream-a01,D4-FULL,LOAD,1.3746739104506995,-1.0131831332138619,0.59517868113899,1.0131831332138619,-0.6942933137552527,0.38583086482522105,-1.0801241785804738,4
phase6v2-r01-output-downstream-a01,D4-FULL,DOWNSTREAM,-0.3069167126786503,5.0,-0.3381344672083256,0.0,1.4516496067043414,0.6028478554617279,0.8488017512426135,1
phase6v2-r01-baseline-a01,D4-FULL,INPUT,-0.049944589558147415,0.6349092489215007,0.5768723594270675,0.0,0.3872790062634736,0.6351338204428029,-0.24785481417932925,2
phase6v2-r01-baseline-a01,D4-FULL,OUTPUT,-0.5925466172996546,-0.6367279861659529,0.9137477156837319,0.6367279861659529,-0.7419036154265781,0.22038264191399504,-0.9622862573405732,4
phase6v2-r01-baseline-a01,D4-FULL,LOAD,-0.020563176825577106,1.0063327780585132,0.5750863610171759,0.0,0.5202853207500374,0.38583086482522105,0.13445445592481636,1
phase6v2-r01-baseline-a01,D4-FULL,DOWNSTREAM,0.1790412019715039,0.07280495634975256,-0.95214230026844,0.0,-0.23343204731572786,0.6028478554617279,-0.8362799027774558,3
phase6v2-r01-output-load-a01,D4-FULL,INPUT,-3.2937300666745264,-5.0,-5.0,5.0,-9.431243355558177,0.6351338204428029,-10.06637717600098,4
phase6v2-r01-output-load-a01,D4-FULL,OUTPUT,-0.5906922688267839,5.0,-0.350038397973512,0.0,1.353089777733235,0.22038264191399504,1.1327071358192398,2
phase6v2-r01-output-load-a01,D4-FULL,LOAD,3.4233999142718594,2.1289372580941963,3.2023110297972672,0.0,2.918216067387774,0.38583086482522105,2.532385202562553,1
phase6v2-r01-output-load-a01,D4-FULL,DOWNSTREAM,-3.4084528159492113,-0.08120599557081758,-1.6559842724937555,0.08120599557081758,-1.7964203569087456,0.6028478554617279,-2.3992682123704734,3
phase6v2-r01-load-medium-a01,D4-FULL,INPUT,-1.2707474099893328,-2.186390695979135,-2.221419372347632,2.186390695979135,-4.079243188751168,0.6351338204428029,-4.714377009193972,4
phase6v2-r01-load-medium-a01,D4-FULL,OUTPUT,-0.2138986015398688,1.7169251827143923,-0.6602710338651208,0.0,0.2809185157698009,0.22038264191399504,0.06053587385580589,2
phase6v2-r01-load-medium-a01,D4-FULL,LOAD,3.1324107403919674,5.0,3.3786362929012856,0.0,3.837015677764418,0.38583086482522105,3.451184812939197,1
phase6v2-r01-load-medium-a01,D4-FULL,DOWNSTREAM,-1.1587252541540642,-0.04133453047585657,1.0005472844124235,0.04566936466013415,-0.11217353139929992,0.6028478554617279,-0.7150213868610278,3
phase6v2-r01-input-medium-a01,D4-FULL,INPUT,-0.11391039321805953,1.373929745406528,0.5819622835032525,0.0,0.613993878563907,0.65331203556834,-0.039318157004433085,2
phase6v2-r01-input-medium-a01,D4-FULL,OUTPUT,-0.5231390276589779,-0.6092176876835838,0.5870878697324519,0.6092176876835838,-0.7909739695536204,0.1130012274318806,-0.903975196985501,4
phase6v2-r01-input-medium-a01,D4-FULL,LOAD,0.2744180086968938,0.9893264996085134,0.01895019577734593,0.0,0.4275649013609177,0.38583086482522105,0.04173403653569663,1
phase6v2-r01-input-medium-a01,D4-FULL,DOWNSTREAM,0.1550502750110243,0.05199113105753668,0.6870883606267182,0.0,0.2980432555650931,0.6028478554617279,-0.30480459989663483,3
phase6v2-r01-input-load-a01,D4-FULL,INPUT,-3.0583202678946555,-2.924377341674982,-4.7569196302860055,3.924377341674982,-7.504249754960196,0.65331203556834,-8.157561790528536,4
phase6v2-r01-input-load-a01,D4-FULL,OUTPUT,-0.5835762632741793,3.0812216201916547,-2.2913327750918686,0.0,0.06877086060853561,0.1130012274318806,-0.04423036682334498,2
phase6v2-r01-input-load-a01,D4-FULL,LOAD,3.3890267001191434,2.926077875860867,3.6407868628319204,0.0,3.3186304796039767,0.38583086482522105,2.9327996147787556,1
phase6v2-r01-input-load-a01,D4-FULL,DOWNSTREAM,-3.1741996127920817,-0.08857182333841776,0.6284716613169984,0.08857182333841776,-0.9666717482762515,0.6028478554617279,-1.5695196037379793,3
phase6v2-r01-output-medium-a01,D4-FULL,INPUT,-0.1692548215863545,0.35638805424971765,0.5801316419222241,0.17142857142857143,0.0843263867666243,0.65331203556834,-0.5689856488017158,2
phase6v2-r01-output-medium-a01,D4-FULL,OUTPUT,0.19860776955089277,3.1023106277700556,1.627966193580345,0.0,1.642961530300431,0.1130012274318806,1.5299603028685504,1
phase6v2-r01-output-medium-a01,D4-FULL,LOAD,0.9358756009114249,-1.0043213973064182,0.33075899035466505,1.0043213973064182,-0.9168836659865277,0.38583086482522105,-1.3027145308117487,4
phase6v2-r01-output-medium-a01,D4-FULL,DOWNSTREAM,-0.3333241656640787,-0.007384320641498352,-0.6171294205867341,0.01933731144847973,-0.3386166137459168,0.6028478554617279,-0.9414644692076447,3
phase6v2-r01-load-downstream-a01,D4-FULL,INPUT,-1.1276081229427593,-1.653436329164006,-2.147665487709687,1.8820077577354344,-3.524911071007585,0.65331203556834,-4.178223106575925,4
phase6v2-r01-load-downstream-a01,D4-FULL,OUTPUT,-0.04309845443065071,1.2753579683842642,-1.7392170579949302,0.0,-0.16898584801377226,0.1130012274318806,-0.2819870754456528,3
phase6v2-r01-load-downstream-a01,D4-FULL,LOAD,2.9943502047478328,5.0,3.208009743176729,0.0,3.7341199826415203,0.38583086482522105,3.3482891178162992,1
phase6v2-r01-load-downstream-a01,D4-FULL,DOWNSTREAM,-1.1954405993680413,5.0,0.6430353643995244,0.0,1.4825315883438277,0.6028478554617279,0.8796837328820998,2
phase6v2-r01-output-downstream-control-a01,D4-FULL,INPUT,0.34784463257040055,0.18478086277473674,0.5803092228786849,0.17142857142857143,0.19954966797936935,0.65331203556834,-0.4537623675889707,3
phase6v2-r01-output-downstream-control-a01,D4-FULL,OUTPUT,0.2750754036386405,0.0071197521602965885,1.8783551458366772,0.21322998577458002,0.5069534481039581,0.1130012274318806,0.3939522206720776,2
phase6v2-r01-output-downstream-control-a01,D4-FULL,LOAD,0.3113655925197051,-0.9834537018726971,0.21846308701027636,0.9834537018726971,-1.1346620426536023,0.38583086482522105,-1.5204929074788234,4
phase6v2-r01-output-downstream-control-a01,D4-FULL,DOWNSTREAM,0.4488864249395123,5.0,1.2708316816270848,0.0,2.239906035522199,0.6028478554617279,1.637058180060471,1
phase6v2-r01-downstream-medium-a01,D4-FULL,INPUT,0.4990417583743744,0.5826664993342276,0.5781490457526586,0.0,0.5532857678204203,0.65331203556834,-0.10002626774791978,3
phase6v2-r01-downstream-medium-a01,D4-FULL,OUTPUT,0.1920641071399411,-0.5212220446953565,0.6286037816057812,0.5212220446953565,-0.4214067633452345,0.1130012274318806,-0.5344079907771151,4
phase6v2-r01-downstream-medium-a01,D4-FULL,LOAD,0.2376181905902944,0.963091293206692,0.0744569662546851,0.0,0.4250554833505571,0.38583086482522105,0.03922461852533604,2
phase6v2-r01-downstream-medium-a01,D4-FULL,DOWNSTREAM,0.5167067203019716,5.0,-1.2695009753606725,0.0,1.4157352483137664,0.6028478554617279,0.8128873928520385,1
phase6v2-r01-output-load-control-a01,D4-FULL,INPUT,-0.062296097873107935,-0.7115855411163936,-0.8069063317468814,0.7115855411163936,-1.2385148646951878,0.65331203556834,-1.8918269002635277,4
phase6v2-r01-output-load-control-a01,D4-FULL,OUTPUT,-0.4993607649284456,0.5387919448517523,0.042943183684704705,0.0,0.027458121202670466,0.1130012274318806,-0.08554310622921013,2
phase6v2-r01-output-load-control-a01,D4-FULL,LOAD,2.5391498191517345,5.0,3.4888634049161014,0.0,3.676004408022612,0.38583086482522105,3.290173543197391,1
phase6v2-r01-output-load-control-a01,D4-FULL,DOWNSTREAM,-0.49282812490681455,-0.07923707806859613,-0.4069173377642197,0.07923707806859613,-0.4055645916484729,0.6028478554617279,-1.0084124471102007,3
phase6v2-r01-input-downstream-a01,D4-FULL,INPUT,0.46041378213510203,1.2208178238311764,0.5834018201422024,3.100680247725705e-06,0.7548747080225792,0.65331203556834,0.10156267245423911,3
phase6v2-r01-input-downstream-a01,D4-FULL,OUTPUT,0.18528750698647328,-0.5971819097833666,0.49977692206069046,0.5971819097833666,-0.5678877366954342,0.1130012274318806,-0.6808889641273148,4
phase6v2-r01-input-downstream-a01,D4-FULL,LOAD,0.5851543860457133,0.949515730233766,0.03496515075999089,0.0,0.5232117556798234,0.38583086482522105,0.1373808908546023,2
phase6v2-r01-input-downstream-a01,D4-FULL,DOWNSTREAM,0.4516999730714975,5.0,-1.5218673465431163,0.0,1.3099442088427937,0.6028478554617279,0.7070963533810658,1
phase6v2-r01-output-control-a01,D4-FULL,INPUT,0.6225715174603962,0.3526078289927936,0.5812347885757074,0.17142857142857143,0.3473761402477276,0.65331203556834,-0.30593589532061244,1
phase6v2-r01-output-control-a01,D4-FULL,OUTPUT,0.21492777252251744,-0.1951373306290171,0.2737052166734504,0.3918524486566183,-0.2940205624676347,0.1130012274318806,-0.4070217898995153,2
phase6v2-r01-output-control-a01,D4-FULL,LOAD,-0.5618031210916258,-0.9734590617334807,0.011872593099714751,0.9734590617334807,-1.4812555916419448,0.38583086482522105,-1.8670864564671659,4
phase6v2-r01-output-control-a01,D4-FULL,DOWNSTREAM,0.6735265316541613,0.12973141316873948,-0.2825324231566661,0.0,0.1735751738887449,0.6028478554617279,-0.42927268157298304,3
phase6v2-r01-output-downstream-a01,D4-FULL,INPUT,-0.6453018320961756,0.19129531874422792,0.5744603227898106,0.17142857142857143,-0.13127730161595047,0.65331203556834,-0.7845893371842905,3
phase6v2-r01-output-downstream-a01,D4-FULL,OUTPUT,0.6620989416751789,3.125469181807657,-0.42343602257073487,0.0,1.1213773669707006,0.1130012274318806,1.00837613953882,1
phase6v2-r01-output-downstream-a01,D4-FULL,LOAD,1.3746739104506995,-1.0131831332138619,0.59517868113899,1.0131831332138619,-0.6942933137552527,0.38583086482522105,-1.0801241785804738,4
phase6v2-r01-output-downstream-a01,D4-FULL,DOWNSTREAM,-0.3069167126786503,5.0,-0.3381344672083256,0.0,1.4516496067043414,0.6028478554617279,0.8488017512426135,2
phase6v2-r01-baseline-a01,D4-FULL,INPUT,-0.049944589558147415,0.7364988277086292,0.5768723594270675,0.0,0.4211421991925164,0.65331203556834,-0.23216983637582367,2
phase6v2-r01-baseline-a01,D4-FULL,OUTPUT,-0.5925466172996546,-0.5093823889327623,0.9137477156837319,0.5093823889327623,-0.572109485782324,0.1130012274318806,-0.6851107132142046,3
phase6v2-r01-baseline-a01,D4-FULL,LOAD,-0.020563176825577106,1.0063327780585132,0.5750863610171759,0.0,0.5202853207500374,0.38583086482522105,0.13445445592481636,1
phase6v2-r01-baseline-a01,D4-FULL,DOWNSTREAM,0.1790412019715039,0.07280495634975256,-0.95214230026844,0.0,-0.23343204731572786,0.6028478554617279,-0.8362799027774558,4
phase6v2-r01-output-load-a01,D4-FULL,INPUT,-3.2937300666745264,-4.171428571428572,-5.0,4.171428571428572,-8.32648145079627,0.65331203556834,-8.979793486364612,4
phase6v2-r01-output-load-a01,D4-FULL,OUTPUT,-0.5906922688267839,5.0,-0.350038397973512,0.0,1.353089777733235,0.1130012274318806,1.2400885503013543,2
phase6v2-r01-output-load-a01,D4-FULL,LOAD,3.4233999142718594,2.1289372580941963,3.2023110297972672,0.0,2.918216067387774,0.38583086482522105,2.532385202562553,1
phase6v2-r01-output-load-a01,D4-FULL,DOWNSTREAM,-3.4084528159492113,-0.08120599557081758,-1.6559842724937555,0.08120599557081758,-1.7964203569087456,0.6028478554617279,-2.3992682123704734,3
phase6v2-r01-load-medium-a01,D4-FULL,INPUT,-1.2707474099893328,-1.5205411282118795,-2.221419372347632,1.7491125567833081,-3.420015193632923,0.65331203556834,-4.073327229201263,4
phase6v2-r01-load-medium-a01,D4-FULL,OUTPUT,-0.2138986015398688,1.3735401461715138,-0.6602710338651208,0.0,0.16645683692217475,0.1130012274318806,0.053455609490294154,2
phase6v2-r01-load-medium-a01,D4-FULL,LOAD,3.1324107403919674,5.0,3.3786362929012856,0.0,3.837015677764418,0.38583086482522105,3.451184812939197,1
phase6v2-r01-load-medium-a01,D4-FULL,DOWNSTREAM,-1.1587252541540642,-0.04133453047585657,1.0005472844124235,0.04566936466013415,-0.11217353139929992,0.6028478554617279,-0.7150213868610278,3
phase6v2-r02-output-control-a01,D4-S,INPUT,0.4489745847073079,,,0.0,0.4489745847073079,0.6404299236070826,-0.19145533889977473,3
phase6v2-r02-output-control-a01,D4-S,OUTPUT,0.3150046968593557,,,0.0,0.3150046968593557,0.2854955506352222,0.02950914622413353,1
phase6v2-r02-output-control-a01,D4-S,LOAD,-0.4699756388267282,,,0.0,-0.4699756388267282,0.5808243484749193,-1.0507999873016476,4
phase6v2-r02-output-control-a01,D4-S,DOWNSTREAM,0.6125988589846553,,,0.0,0.6125988589846553,0.7069466201014406,-0.09434776111678533,2
phase6v2-r02-input-downstream-a01,D4-S,INPUT,0.39883514050437,,,0.0,0.39883514050437,0.6404299236070826,-0.2415947831027126,3
phase6v2-r02-input-downstream-a01,D4-S,OUTPUT,0.21005159253081812,,,0.0,0.21005159253081812,0.2854955506352222,-0.07544395810440407,2
phase6v2-r02-input-downstream-a01,D4-S,LOAD,0.5563467708350476,,,0.0,0.5563467708350476,0.5808243484749193,-0.024477577639871684,1
phase6v2-r02-input-downstream-a01,D4-S,DOWNSTREAM,0.45344189958558734,,,0.0,0.45344189958558734,0.7069466201014406,-0.25350472051585327,4
phase6v2-r02-baseline-a01,D4-S,INPUT,0.5361939122135394,,,0.0,0.5361939122135394,0.6404299236070826,-0.10423601139354322,3
phase6v2-r02-baseline-a01,D4-S,OUTPUT,0.23501980129983657,,,0.0,0.23501980129983657,0.2854955506352222,-0.05047574933538562,2
phase6v2-r02-baseline-a01,D4-S,LOAD,-0.6411088612959968,,,0.0,-0.6411088612959968,0.5808243484749193,-1.2219332097709161,4
phase6v2-r02-baseline-a01,D4-S,DOWNSTREAM,0.7249583872335467,,,0.0,0.7249583872335467,0.7069466201014406,0.01801176713210606,1
phase6v2-r02-output-medium-a01,D4-S,INPUT,-0.6376353336577549,,,0.0,-0.6376353336577549,0.6404299236070826,-1.2780652572648377,4
phase6v2-r02-output-medium-a01,D4-S,OUTPUT,0.6067661675757715,,,0.0,0.6067661675757715,0.2854955506352222,0.3212706169405493,1
phase6v2-r02-output-medium-a01,D4-S,LOAD,0.5773971360832548,,,0.0,0.5773971360832548,0.5808243484749193,-0.003427212391664436,2
phase6v2-r02-output-medium-a01,D4-S,DOWNSTREAM,-0.15114246801256523,,,0.0,-0.15114246801256523,0.7069466201014406,-0.8580890881140059,3
phase6v2-r02-input-medium-a01,D4-S,INPUT,0.4628251848110972,,,0.0,0.4628251848110972,0.6404299236070826,-0.17760473879598543,3
phase6v2-r02-input-medium-a01,D4-S,OUTPUT,0.22380996446339108,,,0.0,0.22380996446339108,0.2854955506352222,-0.06168558617183112,1
phase6v2-r02-input-medium-a01,D4-S,LOAD,-0.24116075888624686,,,0.0,-0.24116075888624686,0.5808243484749193,-0.8219851073611661,4
phase6v2-r02-input-medium-a01,D4-S,DOWNSTREAM,0.6324729075625671,,,0.0,0.6324729075625671,0.7069466201014406,-0.07447371253887347,2
phase6v2-r02-output-load-a01,D4-S,INPUT,-3.0074116127927457,,,0.0,-3.0074116127927457,0.6404299236070826,-3.647841536399828,3
phase6v2-r02-output-load-a01,D4-S,OUTPUT,-0.05754320528877889,,,0.0,-0.05754320528877889,0.2854955506352222,-0.34303875592400107,2
phase6v2-r02-output-load-a01,D4-S,LOAD,3.0550001200120915,,,0.0,3.0550001200120915,0.5808243484749193,2.474175771537172,1
phase6v2-r02-output-load-a01,D4-S,DOWNSTREAM,-3.0549736080162493,,,0.0,-3.0549736080162493,0.7069466201014406,-3.76192022811769,4
phase6v2-r02-output-downstream-a01,D4-S,INPUT,-0.7480186658168839,,,0.0,-0.7480186658168839,0.6404299236070826,-1.3884485894239664,4
phase6v2-r02-output-downstream-a01,D4-S,OUTPUT,0.6320333453237967,,,0.0,0.6320333453237967,0.2854955506352222,0.34653779468857454,2
phase6v2-r02-output-downstream-a01,D4-S,LOAD,1.2497780584295735,,,0.0,1.2497780584295735,0.5808243484749193,0.6689537099546542,1
phase6v2-r02-output-downstream-a01,D4-S,DOWNSTREAM,-0.26554995072844895,,,0.0,-0.26554995072844895,0.7069466201014406,-0.9724965708298896,3
phase6v2-r02-output-downstream-control-a01,D4-S,INPUT,0.3598599681086714,,,0.0,0.3598599681086714,0.6404299236070826,-0.28056995549841124,3
phase6v2-r02-output-downstream-control-a01,D4-S,OUTPUT,0.2860661354336899,,,0.0,0.2860661354336899,0.2854955506352222,0.0005705847984677215,1
phase6v2-r02-output-downstream-control-a01,D4-S,LOAD,0.16182714556777192,,,0.0,0.16182714556777192,0.5808243484749193,-0.41899720290714737,4
phase6v2-r02-output-downstream-control-a01,D4-S,DOWNSTREAM,0.4843352509242894,,,0.0,0.4843352509242894,0.7069466201014406,-0.22261136917715119,2
phase6v2-r02-input-load-a01,D4-S,INPUT,-2.7860165014620693,,,0.0,-2.7860165014620693,0.6404299236070826,-3.4264464250691518,3
phase6v2-r02-input-load-a01,D4-S,OUTPUT,0.04178952241718229,,,0.0,0.04178952241718229,0.2854955506352222,-0.2437060282180399,2
phase6v2-r02-input-load-a01,D4-S,LOAD,2.983639637246884,,,0.0,2.983639637246884,0.5808243484749193,2.4028152887719645,1
phase6v2-r02-input-load-a01,D4-S,DOWNSTREAM,-2.7714908542235723,,,0.0,-2.7714908542235723,0.7069466201014406,-3.478437474325013,4
phase6v2-r02-load-downstream-a01,D4-S,INPUT,-1.3298121209445828,,,0.0,-1.3298121209445828,0.6404299236070826,-1.9702420445516653,4
phase6v2-r02-load-downstream-a01,D4-S,OUTPUT,-0.09977316440834365,,,0.0,-0.09977316440834365,0.2854955506352222,-0.38526871504356586,2
phase6v2-r02-load-downstream-a01,D4-S,LOAD,3.016171126293596,,,0.0,3.016171126293596,0.5808243484749193,2.4353467778186766,1
phase6v2-r02-load-downstream-a01,D4-S,DOWNSTREAM,-1.2329099098998049,,,0.0,-1.2329099098998049,0.7069466201014406,-1.9398565300012454,3
phase6v2-r02-load-medium-a01,D4-S,INPUT,-1.267292260813911,,,0.0,-1.267292260813911,0.6404299236070826,-1.9077221844209937,4
phase6v2-r02-load-medium-a01,D4-S,OUTPUT,-0.12499186042942963,,,0.0,-0.12499186042942963,0.2854955506352222,-0.4104874110646518,2
phase6v2-r02-load-medium-a01,D4-S,LOAD,2.998600936371861,,,0.0,2.998600936371861,0.5808243484749193,2.4177765878969417,1
phase6v2-r02-load-medium-a01,D4-S,DOWNSTREAM,-1.1028104730010253,,,0.0,-1.1028104730010253,0.7069466201014406,-1.809757093102466,3
phase6v2-r02-downstream-medium-a01,D4-S,INPUT,0.41352738979412895,,,0.0,0.41352738979412895,0.6404299236070826,-0.22690253381295367,3
phase6v2-r02-downstream-medium-a01,D4-S,OUTPUT,0.21499148238070737,,,0.0,0.21499148238070737,0.2854955506352222,-0.07050406825451483,1
phase6v2-r02-downstream-medium-a01,D4-S,LOAD,0.1887266531922071,,,0.0,0.1887266531922071,0.5808243484749193,-0.39209769528271216,4
phase6v2-r02-downstream-medium-a01,D4-S,DOWNSTREAM,0.5214292941265103,,,0.0,0.5214292941265103,0.7069466201014406,-0.1855173259749303,2
phase6v2-r02-output-load-control-a01,D4-S,INPUT,-0.9094579034970145,,,0.0,-0.9094579034970145,0.6404299236070826,-1.5498878271040972,4
phase6v2-r02-output-load-control-a01,D4-S,OUTPUT,-0.11793682359705558,,,0.0,-0.11793682359705558,0.2854955506352222,-0.4034323742322778,2
phase6v2-r02-output-load-control-a01,D4-S,LOAD,2.6291409742104292,,,0.0,2.6291409742104292,0.5808243484749193,2.04831662573551,1
phase6v2-r02-output-load-control-a01,D4-S,DOWNSTREAM,-0.5952807912902082,,,0.0,-0.5952807912902082,0.7069466201014406,-1.3022274113916488,3
phase6v2-r02-output-control-a01,D4-SM,INPUT,0.4489745847073079,0.6352161748449455,,0.0,0.5420953797761268,0.6478651184184682,-0.1057697386423414,2
phase6v2-r02-output-control-a01,D4-SM,OUTPUT,0.3150046968593557,0.18206114659829825,,0.0,0.248532921728827,0.8156207854796543,-0.5670878637508273,3
phase6v2-r02-output-control-a01,D4-SM,LOAD,-0.4699756388267282,-0.972008208227552,,0.0,-0.72099192352714,0.5840766666736222,-1.3050685902007624,4
phase6v2-r02-output-control-a01,D4-SM,DOWNSTREAM,0.6125988589846553,0.022649120054939142,,0.0,0.3176239895197972,0.37092436624573605,-0.05330037672593885,1
phase6v2-r02-input-downstream-a01,D4-SM,INPUT,0.39883514050437,0.26779675520497725,,0.0,0.33331594785467367,0.6478651184184682,-0.3145491705637945,3
phase6v2-r02-input-downstream-a01,D4-SM,OUTPUT,0.21005159253081812,-0.7473159975579369,,0.0,-0.26863220251355935,0.8156207854796543,-1.0842529879932137,4
phase6v2-r02-input-downstream-a01,D4-SM,LOAD,0.5563467708350476,0.9493206751254271,,0.0,0.7528337229802373,0.5840766666736222,0.16875705630661508,2
phase6v2-r02-input-downstream-a01,D4-SM,DOWNSTREAM,0.45344189958558734,5.0,,0.0,2.7267209497927936,0.37092436624573605,2.3557965835470576,1
phase6v2-r02-baseline-a01,D4-SM,INPUT,0.5361939122135394,0.6431771200028243,,0.0,0.5896855161081819,0.6478651184184682,-0.058179602310286294,2
phase6v2-r02-baseline-a01,D4-SM,OUTPUT,0.23501980129983657,-0.6763657252807751,,0.0,-0.22067296199046926,0.8156207854796543,-1.0362937474701237,4
phase6v2-r02-baseline-a01,D4-SM,LOAD,-0.6411088612959968,1.0053027062197528,,0.0,0.18209692246187803,0.5840766666736222,-0.4019797442117442,3
phase6v2-r02-baseline-a01,D4-SM,DOWNSTREAM,0.7249583872335467,0.01543304196278245,,0.0,0.3701957145981646,0.37092436624573605,-0.0007286516475714655,1
phase6v2-r02-output-medium-a01,D4-SM,INPUT,-0.6376353336577549,0.6470487163288953,,0.0,0.004706691335570168,0.6478651184184682,-0.643158427082898,3
phase6v2-r02-output-medium-a01,D4-SM,OUTPUT,0.6067661675757715,2.651861249947032,,0.0,1.6293137087614018,0.8156207854796543,0.8136929232817475,1
phase6v2-r02-output-medium-a01,D4-SM,LOAD,0.5773971360832548,-1.000766273436302,,0.0,-0.21168456867652363,0.5840766666736222,-0.7957612353501459,4
phase6v2-r02-output-medium-a01,D4-SM,DOWNSTREAM,-0.15114246801256523,-0.0017171131348417217,,0.0,-0.07642979057370347,0.37092436624573605,-0.4473541568194395,2
phase6v2-r02-input-medium-a01,D4-SM,INPUT,0.4628251848110972,0.465215433789122,,0.0,0.4640203093001096,0.6478651184184682,-0.18384480911835854,2
phase6v2-r02-input-medium-a01,D4-SM,OUTPUT,0.22380996446339108,-0.7057989608155741,,0.0,-0.24099449817609153,0.8156207854796543,-1.0566152836557459,4
phase6v2-r02-input-medium-a01,D4-SM,LOAD,-0.24116075888624686,0.988216006807615,,0.0,0.37352762396068406,0.5840766666736222,-0.21054904271293817,3
phase6v2-r02-input-medium-a01,D4-SM,DOWNSTREAM,0.6324729075625671,-0.003790309891890835,,0.0,0.3143412988353381,0.37092436624573605,-0.056583067410397925,1
phase6v2-r02-output-load-a01,D4-SM,INPUT,-3.0074116127927457,-5.0,,0.0,-4.003705806396373,0.6478651184184682,-4.651570924814841,4
phase6v2-r02-output-load-a01,D4-SM,OUTPUT,-0.05754320528877889,5.0,,0.0,2.4712283973556106,0.8156207854796543,1.6556076118759564,2
phase6v2-r02-output-load-a01,D4-SM,LOAD,3.0550001200120915,2.246856728613116,,0.0,2.6509284243126037,0.5840766666736222,2.0668517576389815,1
phase6v2-r02-output-load-a01,D4-SM,DOWNSTREAM,-3.0549736080162493,-0.08760623454233643,,0.0,-1.5712899212792928,0.37092436624573605,-1.9422142875250288,3
phase6v2-r02-output-downstream-a01,D4-SM,INPUT,-0.7480186658168839,0.4578450221597514,,0.0,-0.14508682182856625,0.6478651184184682,-0.7929519402470344,4
phase6v2-r02-output-downstream-a01,D4-SM,OUTPUT,0.6320333453237967,2.6259144732646176,,0.0,1.6289739092942073,0.8156207854796543,0.8133531238145529,2
phase6v2-r02-output-downstream-a01,D4-SM,LOAD,1.2497780584295735,-1.0118874343120854,,0.0,0.11894531205874403,0.5840766666736222,-0.4651313546148782,3
phase6v2-r02-output-downstream-a01,D4-SM,DOWNSTREAM,-0.26554995072844895,5.0,,0.0,2.3672250246357756,0.37092436624573605,1.9963006583900396,1
phase6v2-r02-output-downstream-control-a01,D4-SM,INPUT,0.3598599681086714,0.4448074513054293,,0.0,0.40233370970705035,0.6478651184184682,-0.24553140871141782,2
phase6v2-r02-output-downstream-control-a01,D4-SM,OUTPUT,0.2860661354336899,-0.012930479959896879,,0.0,0.13656782773689652,0.8156207854796543,-0.6790529577427578,3
phase6v2-r02-output-downstream-control-a01,D4-SM,LOAD,0.16182714556777192,-0.983657551007474,,0.0,-0.41091520271985105,0.5840766666736222,-0.9949918693934733,4
phase6v2-r02-output-downstream-control-a01,D4-SM,DOWNSTREAM,0.4843352509242894,5.0,,0.0,2.7421676254621445,0.37092436624573605,2.3712432592164085,1
phase6v2-r02-input-load-a01,D4-SM,INPUT,-2.7860165014620693,-4.9219100193848755,,0.0,-3.8539632604234724,0.6478651184184682,-4.501828378841941,4
phase6v2-r02-input-load-a01,D4-SM,OUTPUT,0.04178952241718229,3.9556804480367687,,0.0,1.9987349852269756,0.8156207854796543,1.1831141997473211,2
phase6v2-r02-input-load-a01,D4-SM,LOAD,2.983639637246884,2.8752411901954638,,0.0,2.929440413721174,0.5840766666736222,2.3453637470475517,1
phase6v2-r02-input-load-a01,D4-SM,DOWNSTREAM,-2.7714908542235723,-0.08404914533967398,,0.0,-1.4277699997816231,0.37092436624573605,-1.798694366027359,3
phase6v2-r02-load-downstream-a01,D4-SM,INPUT,-1.3298121209445828,-2.351488245247703,,0.0,-1.8406501830961428,0.6478651184184682,-2.488515301514611,4
phase6v2-r02-load-downstream-a01,D4-SM,OUTPUT,-0.09977316440834365,1.637820721123641,,0.0,0.7690237783576487,0.8156207854796543,-0.04659700712200565,3
phase6v2-r02-load-downstream-a01,D4-SM,LOAD,3.016171126293596,5.0,,0.0,4.008085563146798,0.5840766666736222,3.424008896473176,1
phase6v2-r02-load-downstream-a01,D4-SM,DOWNSTREAM,-1.2329099098998049,5.0,,0.0,1.8835450450500977,0.37092436624573605,1.5126206788043617,2
phase6v2-r02-load-medium-a01,D4-SM,INPUT,-1.267292260813911,-2.2267512481353013,,0.0,-1.747021754474606,0.6478651184184682,-2.3948868728930743,4
phase6v2-r02-load-medium-a01,D4-SM,OUTPUT,-0.12499186042942963,1.7077136451171544,,0.0,0.7913608923438624,0.8156207854796543,-0.02425989313579191,2
phase6v2-r02-load-medium-a01,D4-SM,LOAD,2.998600936371861,5.0,,0.0,3.9993004681859308,0.5840766666736222,3.4152238015123086,1
phase6v2-r02-load-medium-a01,D4-SM,DOWNSTREAM,-1.1028104730010253,-0.06692845931221833,,0.0,-0.5848694661566218,0.37092436624573605,-0.9557938324023578,3
phase6v2-r02-downstream-medium-a01,D4-SM,INPUT,0.41352738979412895,0.4366356126848292,,0.0,0.4250815012394791,0.6478651184184682,-0.2227836171789891,3
phase6v2-r02-downstream-medium-a01,D4-SM,OUTPUT,0.21499148238070737,-0.651295292779336,,0.0,-0.2181519051993143,0.8156207854796543,-1.0337726906789686,4
phase6v2-r02-downstream-medium-a01,D4-SM,LOAD,0.1887266531922071,0.9658827067417807,,0.0,0.5773046799669939,0.5840766666736222,-0.0067719867066283745,2
phase6v2-r02-downstream-medium-a01,D4-SM,DOWNSTREAM,0.5214292941265103,5.0,,0.0,2.760714647063255,0.37092436624573605,2.389790280817519,1
phase6v2-r02-output-load-control-a01,D4-SM,INPUT,-0.9094579034970145,-1.162170315578822,,0.0,-1.0358141095379183,0.6478651184184682,-1.6836792279563864,4
phase6v2-r02-output-load-control-a01,D4-SM,OUTPUT,-0.11793682359705558,1.0878554561475453,,0.0,0.48495931627524486,0.8156207854796543,-0.3306614692044095,2
phase6v2-r02-output-load-control-a01,D4-SM,LOAD,2.6291409742104292,5.0,,0.0,3.8145704871052146,0.5840766666736222,3.2304938204315925,1
phase6v2-r02-output-load-control-a01,D4-SM,DOWNSTREAM,-0.5952807912902082,-0.09177249140869419,,0.0,-0.34352664134945116,0.37092436624573605,-0.7144510075951872,3
phase6v2-r02-output-control-a01,D4-SMT,INPUT,0.5164121802320851,0.6352161748449455,0.5825090066074636,0.0,0.5780457872281647,0.6377770948642507,-0.05973130763608603,1
phase6v2-r02-output-control-a01,D4-SMT,OUTPUT,0.5077341967503847,0.42224467484146844,0.2936077581513319,0.0,0.407862209914395,0.8656936572784715,-0.4578314473640765,3
phase6v2-r02-output-control-a01,D4-SMT,LOAD,0.0,0.0,0.0,0.0,0.0,0.5447038436928255,-0.5447038436928255,4
phase6v2-r02-output-control-a01,D4-SMT,DOWNSTREAM,0.6167354142677366,0.02762324172334708,0.0,0.0,0.21478621866369454,0.5923560102730239,-0.37756979160932935,2
phase6v2-r02-input-downstream-a01,D4-SMT,INPUT,0.42392027472861654,0.27169220754526957,0.5809689606210254,0.0,0.4255271476316372,0.6377770948642507,-0.21224994723261353,3
phase6v2-r02-input-downstream-a01,D4-SMT,OUTPUT,0.24200582359917064,0.0,0.3134914563927663,0.0,0.18516575999731233,0.8656936572784715,-0.6805278972811591,4
phase6v2-r02-input-downstream-a01,D4-SMT,LOAD,0.6853024183212981,0.9493206751254271,0.06646826668935336,0.0,0.5670304533786928,0.5447038436928255,0.022326609685867305,2
phase6v2-r02-input-downstream-a01,D4-SMT,DOWNSTREAM,0.4553588028457277,5.0,0.0,0.0,1.8184529342819094,0.5923560102730239,1.2260969240088855,1
phase6v2-r02-baseline-a01,D4-SMT,INPUT,0.6425861157327172,0.6431771200028243,0.5749778411324141,0.0,0.6202470256226519,0.6377770948642507,-0.017530069241598834,2
phase6v2-r02-baseline-a01,D4-SMT,OUTPUT,0.46215872738549024,0.0,0.2977830563407799,0.0,0.2533139279087567,0.8656936572784715,-0.6123797293697149,4
phase6v2-r02-baseline-a01,D4-SMT,LOAD,0.06502043506680547,1.0053027062197528,0.009822674787514977,0.0,0.36004860535802446,0.5447038436928255,-0.18465523833480108,3
phase6v2-r02-baseline-a01,D4-SMT,DOWNSTREAM,0.7249583872335467,0.031188672839098736,1.1799042028944873,0.0,0.6453504209890443,0.5923560102730239,0.0529944107160204,1
phase6v2-r02-output-medium-a01,D4-SMT,INPUT,0.11874218192299305,0.6470487163288953,0.5678781684981613,0.0,0.4445563555833498,0.6377770948642507,-0.1932207392809009,3
phase6v2-r02-output-medium-a01,D4-SMT,OUTPUT,0.6067661675757715,2.651861249947032,1.154377125020862,0.0,1.471001514181222,0.8656936572784715,0.6053078569027506,1
phase6v2-r02-output-medium-a01,D4-SMT,LOAD,1.025986048851169,0.0,0.20016793850427606,0.0,0.40871799578514834,0.5447038436928255,-0.1359858479076772,2
phase6v2-r02-output-medium-a01,D4-SMT,DOWNSTREAM,0.3093733915854724,0.017391755524301798,0.8479706022339659,0.0,0.39157858311458,0.5923560102730239,-0.20077742715844388,4
phase6v2-r02-input-medium-a01,D4-SMT,INPUT,0.5692173883302749,0.465215433789122,0.5790487024638206,0.0,0.5378271748610725,0.6377770948642507,-0.09994992000317826,1
phase6v2-r02-input-medium-a01,D4-SMT,OUTPUT,0.3901927261820913,0.0,0.2934461544050263,0.0,0.22787962686237254,0.8656936572784715,-0.637814030416099,4
phase6v2-r02-input-medium-a01,D4-SMT,LOAD,0.09321781530670133,0.988216006807615,0.0005473630382177392,0.0,0.3606603950508447,0.5447038436928255,-0.18404344864198086,2
phase6v2-r02-input-medium-a01,D4-SMT,DOWNSTREAM,0.6324729075625671,0.010060083811194945,0.006023836851643374,0.0,0.2161856094084685,0.5923560102730239,-0.37617040086455533,3
phase6v2-r02-output-load-a01,D4-SMT,INPUT,0.0,0.0,0.0,0.0,0.0,0.6377770948642507,-0.6377770948642507,4
phase6v2-r02-output-load-a01,D4-SMT,OUTPUT,1.4646597016726763,5.0,0.7139051183490901,0.0,2.3928549400072554,0.8656936572784715,1.527161282728784,2
phase6v2-r02-output-load-a01,D4-SMT,LOAD,3.2362746753615044,2.246856728613116,4.0,0.0,3.161043801324874,0.5447038436928255,2.6163399576320483,1
phase6v2-r02-output-load-a01,D4-SMT,DOWNSTREAM,0.025426127780509067,0.0,0.0,0.0,0.008475375926836356,0.5923560102730239,-0.5838806343461875,3
phase6v2-r02-output-downstream-a01,D4-SMT,INPUT,0.10751898652388032,0.4578450221597514,0.5771631901088892,0.0,0.380842399597507,0.6377770948642507,-0.25693469526674373,4
phase6v2-r02-output-downstream-a01,D4-SMT,OUTPUT,0.6320333453237967,2.6259144732646176,0.7091431519176522,0.0,1.3223636568353556,0.8656936572784715,0.45666999955688414,2
phase6v2-r02-output-downstream-a01,D4-SMT,LOAD,1.522532962548624,0.0,0.10260890481815446,0.0,0.5417139557889261,0.5447038436928255,-0.002989887903899424,3
phase6v2-r02-output-downstream-a01,D4-SMT,DOWNSTREAM,0.24442540895281784,5.0,0.0,0.0,1.7481418029842726,0.5923560102730239,1.1557857927112487,1
phase6v2-r02-output-downstream-control-a01,D4-SMT,INPUT,0.4510144467215276,0.4448074513054293,0.5758189415290974,0.0,0.49054694651868475,0.6377770948642507,-0.14723014834556597,2
phase6v2-r02-output-downstream-control-a01,D4-SMT,OUTPUT,0.3854984049843578,0.4374615738652233,0.3376504802745561,0.0,0.386870153041379,0.8656936572784715,-0.47882350423709247,4
phase6v2-r02-output-downstream-control-a01,D4-SMT,LOAD,0.37647867822139036,0.0,0.00605453497036816,0.0,0.1275110710639195,0.5447038436928255,-0.41719277262890603,3
phase6v2-r02-output-downstream-control-a01,D4-SMT,DOWNSTREAM,0.5042856938703072,5.0,2.1564650337648814,0.0,2.5535835758783962,0.5923560102730239,1.9612275656053724,1
phase6v2-r02-input-load-a01,D4-SMT,INPUT,0.0,0.0,0.0,0.0,0.0,0.6377770948642507,-0.6377770948642507,4
phase6v2-r02-input-load-a01,D4-SMT,OUTPUT,1.5658590458210548,3.9556804480367687,0.2377996739588471,0.0,1.9197797226055568,0.8656936572784715,1.0540860653270854,2
phase6v2-r02-input-load-a01,D4-SMT,LOAD,3.1166598541533226,2.8752411901954638,4.0,0.0,3.3306336814495956,0.5447038436928255,2.78592983775677,1
phase6v2-r02-input-load-a01,D4-SMT,DOWNSTREAM,0.08202319882331581,0.0,0.0,0.0,0.027341066274438604,0.5923560102730239,-0.5650149439985853,3
phase6v2-r02-load-downstream-a01,D4-SMT,INPUT,0.02990344250063639,0.0,0.0,0.0,0.009967814166878796,0.6377770948642507,-0.627809280697372,4
phase6v2-r02-load-downstream-a01,D4-SMT,OUTPUT,0.8053894676208441,1.637820721123641,0.18619040223767896,0.0,0.8764668636607214,0.8656936572784715,0.010773206382249878,3
phase6v2-r02-load-downstream-a01,D4-SMT,LOAD,3.0304672217468314,5.0,4.0,0.0,4.010155740582277,0.5447038436928255,3.465451896889452,1
phase6v2-r02-load-downstream-a01,D4-SMT,DOWNSTREAM,0.06958497219704451,5.0,2.128236819368957,0.0,2.3992739305220003,0.5923560102730239,1.8069179202489765,2
phase6v2-r02-load-medium-a01,D4-SMT,INPUT,0.028815998078340278,0.0,0.0,0.0,0.009605332692780093,0.6377770948642507,-0.6281717621714706,4
phase6v2-r02-load-medium-a01,D4-SMT,OUTPUT,0.7089090754081856,1.7077136451171544,0.28472390575280837,0.0,0.9004488754260495,0.8656936572784715,0.03475521814757798,2
phase6v2-r02-load-medium-a01,D4-SMT,LOAD,3.053679681670951,5.0,4.056196609475791,0.0,4.036625430382247,0.5447038436928255,3.4919215866894215,1
phase6v2-r02-load-medium-a01,D4-SMT,DOWNSTREAM,0.07152929961350467,0.0,0.1642237132316997,0.0,0.07858433761506813,0.5923560102730239,-0.5137716726579558,3
phase6v2-r02-downstream-medium-a01,D4-SMT,INPUT,0.4768746742748138,0.4366356126848292,0.5746120468483632,0.0,0.4960407779360021,0.6377770948642507,-0.14173631692824862,3
phase6v2-r02-downstream-medium-a01,D4-SMT,OUTPUT,0.3000347091274294,0.0,0.3628604460856316,0.0,0.22096505173768702,0.8656936572784715,-0.6447286055407845,4
phase6v2-r02-downstream-medium-a01,D4-SMT,LOAD,0.3795234361006807,0.9658827067417807,0.045338342448245264,0.0,0.46358149509690216,0.5447038436928255,-0.08112234859592338,2
phase6v2-r02-downstream-medium-a01,D4-SMT,DOWNSTREAM,0.5214292941265103,5.0,0.6884380021226767,0.0,2.069955765416396,0.5923560102730239,1.477599755143372,1
phase6v2-r02-output-load-control-a01,D4-SMT,INPUT,0.02652424689710348,0.0,0.0,0.0,0.008841415632367827,0.6377770948642507,-0.6289356792318829,4
phase6v2-r02-output-load-control-a01,D4-SMT,OUTPUT,0.5828756967167038,1.0878554561475453,0.0,0.0,0.556910384288083,0.8656936572784715,-0.30878327299038844,2
phase6v2-r02-output-load-control-a01,D4-SMT,LOAD,2.813517228349929,5.0,4.0,0.0,3.9378390761166426,0.5447038436928255,3.393135232423817,1
phase6v2-r02-output-load-control-a01,D4-SMT,DOWNSTREAM,0.15540389956851336,0.0,0.0,0.0,0.05180129985617112,0.5923560102730239,-0.5405547104168528,3
phase6v2-r02-output-control-a01,D4-FULL,INPUT,0.4489745847073079,0.6352161748449455,0.5825090066074636,0.0,0.5555665887199057,0.6242049449358805,-0.0686383562159748,1
phase6v2-r02-output-control-a01,D4-FULL,OUTPUT,0.3150046968593557,0.18206114659829825,0.12826303881958442,0.24018352824317019,-0.03174056748409074,0.21722557823762484,-0.24896614572171558,2
phase6v2-r02-output-control-a01,D4-FULL,LOAD,-0.4699756388267282,-0.972008208227552,-0.12437834486738523,0.972008208227552,-1.4941289388681072,0.4244603832174403,-1.9185893220855474,4
phase6v2-r02-output-control-a01,D4-FULL,DOWNSTREAM,0.6125988589846553,0.022649120054939142,-0.43633799910549376,0.004974121668407942,0.06132920497629228,0.4795010376108709,-0.4181718326345786,3
phase6v2-r02-input-downstream-a01,D4-FULL,INPUT,0.39883514050437,0.26779675520497725,0.5809689606210254,0.0038954523402923093,0.4119714997698319,0.6242049449358805,-0.21223344516604864,3
phase6v2-r02-input-downstream-a01,D4-FULL,OUTPUT,0.21005159253081812,-0.7473159975579369,0.2832027656789934,0.7473159975579369,-0.8320032106739786,0.21722557823762484,-1.0492287889116034,4
phase6v2-r02-input-downstream-a01,D4-FULL,LOAD,0.5563467708350476,0.9493206751254271,-0.02358080550051721,0.0,0.4940288801533192,0.4244603832174403,0.06956849693587891,2
phase6v2-r02-input-downstream-a01,D4-FULL,DOWNSTREAM,0.45344189958558734,5.0,-3.6952669464853,0.0,0.5860583177000956,0.4795010376108709,0.10655728008922477,1
phase6v2-r02-baseline-a01,D4-FULL,INPUT,0.5361939122135394,0.6431771200028243,0.5749778411324141,0.0,0.584782957782926,0.6242049449358805,-0.03942198715295453,2
phase6v2-r02-baseline-a01,D4-FULL,OUTPUT,0.23501980129983657,-0.6763657252807751,0.2888427697869939,0.6763657252807751,-0.72720011001209,0.21722557823762484,-0.9444256882497148,4
phase6v2-r02-baseline-a01,D4-FULL,LOAD,-0.6411088612959968,1.0053027062197528,-0.15920193943863117,0.0,0.0683306351617083,0.4244603832174403,-0.356129748055732,3
phase6v2-r02-baseline-a01,D4-FULL,DOWNSTREAM,0.7249583872335467,0.01543304196278245,1.1799042028944873,0.015755630876316283,0.6243429131539558,0.4795010376108709,0.14484187554308497,1
phase6v2-r02-output-medium-a01,D4-FULL,INPUT,-0.6376353336577549,0.6470487163288953,0.5678781684981613,0.0,0.19243051705643388,0.6242049449358805,-0.43177442787944664,3
phase6v2-r02-output-medium-a01,D4-FULL,OUTPUT,0.6067661675757715,2.651861249947032,1.154377125020862,0.0,1.471001514181222,0.21722557823762484,1.2537759359435972,1
phase6v2-r02-output-medium-a01,D4-FULL,LOAD,0.5773971360832548,-1.000766273436302,0.20016793850427606,1.000766273436302,-1.075166673052559,0.4244603832174403,-1.4996270562699994,4
phase6v2-r02-output-medium-a01,D4-FULL,DOWNSTREAM,-0.15114246801256523,-0.0017171131348417217,0.8479706022339659,0.01910886865914352,0.21259480503637615,0.4795010376108709,-0.26690623257449475,2
phase6v2-r02-input-medium-a01,D4-FULL,INPUT,0.4628251848110972,0.465215433789122,0.5790487024638206,0.0,0.5023631070213467,0.6242049449358805,-0.12184183791453385,1
phase6v2-r02-input-medium-a01,D4-FULL,OUTPUT,0.22380996446339108,-0.7057989608155741,0.07697883204279535,0.7057989608155741,-0.8408023489187034,0.21722557823762484,-1.0580279271563282,4
phase6v2-r02-input-medium-a01,D4-FULL,LOAD,-0.24116075888624686,0.988216006807615,-0.36158456477845324,0.0,0.12849022771430496,0.4244603832174403,-0.2959701555031353,2
phase6v2-r02-input-medium-a01,D4-FULL,DOWNSTREAM,0.6324729075625671,-0.003790309891890835,-0.2789287224365371,0.013850393703085781,0.1027342313749606,0.4795010376108709,-0.3767668062359103,3
phase6v2-r02-output-load-a01,D4-FULL,INPUT,-3.0074116127927457,-5.0,-5.0,5.0,-9.335803870930915,0.6242049449358805,-9.960008815866797,4
phase6v2-r02-output-load-a01,D4-FULL,OUTPUT,-0.05754320528877889,5.0,-1.78609488165091,0.0,1.0521206376867704,0.21722557823762484,0.8348950594491455,2
phase6v2-r02-output-load-a01,D4-FULL,LOAD,3.0550001200120915,2.246856728613116,3.923226019194936,0.0,3.0750276226067146,0.4244603832174403,2.6505672393892743,1
phase6v2-r02-output-load-a01,D4-FULL,DOWNSTREAM,-3.0549736080162493,-0.08760623454233643,-1.390581492552128,0.08760623454233643,-1.5986600129125745,0.4795010376108709,-2.0781610505234456,3
phase6v2-r02-output-downstream-a01,D4-FULL,INPUT,-0.7480186658168839,0.4578450221597514,0.5771631901088892,0.0,0.09566318215058556,0.6242049449358805,-0.528541762785295,3
phase6v2-r02-output-downstream-a01,D4-FULL,OUTPUT,0.6320333453237967,2.6259144732646176,0.39116307340761847,0.0,1.216370297332011,0.21722557823762484,0.9991447190943861,1
phase6v2-r02-output-downstream-a01,D4-FULL,LOAD,1.2497780584295735,-1.0118874343120854,0.04282149307102843,1.0118874343120854,-0.9183167285825798,0.4244603832174403,-1.3427771118000202,4
phase6v2-r02-output-downstream-a01,D4-FULL,DOWNSTREAM,-0.26554995072844895,5.0,-0.3945997649192231,0.0,1.446616761450776,0.4795010376108709,0.9671157238399051,2
phase6v2-r02-output-downstream-control-a01,D4-FULL,INPUT,0.3598599681086714,0.4448074513054293,0.5758189415290974,0.0,0.46016212031439935,0.6242049449358805,-0.16404282462148118,2
phase6v2-r02-output-downstream-control-a01,D4-FULL,OUTPUT,0.2860661354336899,-0.012930479959896879,0.3376504802745561,0.45039205382512015,-0.24679667524233714,0.21722557823762484,-0.46402225347996195,3
phase6v2-r02-output-downstream-control-a01,D4-FULL,LOAD,0.16182714556777192,-0.983657551007474,-0.06200504159484481,0.983657551007474,-1.2782693666856564,0.4244603832174403,-1.7027297499030967,4
phase6v2-r02-output-downstream-control-a01,D4-FULL,DOWNSTREAM,0.4843352509242894,5.0,2.1564650337648814,0.0,2.5469334282297234,0.4795010376108709,2.0674323906188525,1
phase6v2-r02-input-load-a01,D4-FULL,INPUT,-2.7860165014620693,-4.9219100193848755,-4.802612185561282,4.9219100193848755,-9.092089588187617,0.6242049449358805,-9.716294533123499,4
phase6v2-r02-input-load-a01,D4-FULL,OUTPUT,0.04178952241718229,3.9556804480367687,-2.2163956900264954,0.0,0.5936914268091519,0.21722557823762484,0.37646584857152704,2
phase6v2-r02-input-load-a01,D4-FULL,LOAD,2.983639637246884,2.8752411901954638,3.76669816362516,0.0,3.208526330355836,0.4244603832174403,2.7840659471383957,1
phase6v2-r02-input-load-a01,D4-FULL,DOWNSTREAM,-2.7714908542235723,-0.08404914533967398,-0.2875457215449289,0.08404914533967398,-1.1317443857090657,0.4795010376108709,-1.6112454233199365,3
phase6v2-r02-load-downstream-a01,D4-FULL,INPUT,-1.3298121209445828,-2.351488245247703,-2.1719766269915106,2.351488245247703,-4.302580576308968,0.6242049449358805,-4.926785521244849,4
phase6v2-r02-load-downstream-a01,D4-FULL,OUTPUT,-0.09977316440834365,1.637820721123641,-0.9240945950223189,0.0,0.20465098723099281,0.21722557823762484,-0.012574591006632024,3
phase6v2-r02-load-downstream-a01,D4-FULL,LOAD,3.016171126293596,5.0,3.8764960871529808,0.0,3.9642224044821925,0.4244603832174403,3.5397620212647523,1
phase6v2-r02-load-downstream-a01,D4-FULL,DOWNSTREAM,-1.2329099098998049,5.0,2.128236819368957,0.0,1.9651089698230508,0.4795010376108709,1.48560793221218,2
phase6v2-r02-load-medium-a01,D4-FULL,INPUT,-1.267292260813911,-2.2267512481353013,-2.2226417861876486,2.2267512481353013,-4.132313013180921,0.6242049449358805,-4.756517958116802,4
phase6v2-r02-load-medium-a01,D4-FULL,OUTPUT,-0.12499186042942963,1.7077136451171544,-0.8351340983837999,0.0,0.24919589543464163,0.21722557823762484,0.03197031719701679,2
phase6v2-r02-load-medium-a01,D4-FULL,LOAD,2.998600936371861,5.0,4.056196609475791,0.0,4.018265848615884,0.4244603832174403,3.5938054653984435,1
phase6v2-r02-load-medium-a01,D4-FULL,DOWNSTREAM,-1.1028104730010253,-0.06692845931221833,-0.08281684154269489,0.06692845931221833,-0.4844470505975311,0.4795010376108709,-0.9639480882084019,3
phase6v2-r02-downstream-medium-a01,D4-FULL,INPUT,0.41352738979412895,0.4366356126848292,0.5746120468483632,0.0,0.4749250164424404,0.6242049449358805,-0.14927992849344013,3
phase6v2-r02-downstream-medium-a01,D4-FULL,OUTPUT,0.21499148238070737,-0.651295292779336,0.3628604460856316,0.651295292779336,-0.6757764142170016,0.21722557823762484,-0.8930019924546264,4
phase6v2-r02-downstream-medium-a01,D4-FULL,LOAD,0.1887266531922071,0.9658827067417807,0.020431001090319527,0.0,0.39168012034143573,0.4244603832174403,-0.03278026287600455,2
phase6v2-r02-downstream-medium-a01,D4-FULL,DOWNSTREAM,0.5214292941265103,5.0,0.4739369155834986,0.0,1.9984554032366697,0.4795010376108709,1.5189543656257989,1
phase6v2-r02-output-load-control-a01,D4-FULL,INPUT,-0.9094579034970145,-1.162170315578822,-1.136545195155961,1.162170315578822,-2.231561453656088,0.6242049449358805,-2.8557663985919683,4
phase6v2-r02-output-load-control-a01,D4-FULL,OUTPUT,-0.11793682359705558,1.0878554561475453,-1.120617967662945,0.0,-0.05023311170415179,0.21722557823762484,-0.26745868994177663,2
phase6v2-r02-output-load-control-a01,D4-FULL,LOAD,2.6291409742104292,5.0,3.2659359076212384,0.0,3.631692293943889,0.4244603832174403,3.2072319107264486,1
phase6v2-r02-output-load-control-a01,D4-FULL,DOWNSTREAM,-0.5952807912902082,-0.09177249140869419,-0.5981703305059197,0.09177249140869419,-0.5201803624769682,0.4795010376108709,-0.9996814000878391,3
phase6v2-r02-output-control-a01,D4-FULL,INPUT,0.4489745847073079,0.336744368447385,0.5825090066074636,0.17142857142857143,0.2846474151588141,0.6461781165021886,-0.3615307013433745,2
phase6v2-r02-output-control-a01,D4-FULL,OUTPUT,0.3150046968593557,0.1456489172786386,0.12826303881958442,0.19214682259453614,0.004158728391323446,0.14427934912785556,-0.14012062073653211,1
phase6v2-r02-output-control-a01,D4-FULL,LOAD,-0.4699756388267282,-0.972008208227552,-0.12437834486738523,0.972008208227552,-1.4941289388681072,0.4244603832174403,-1.9185893220855474,4
phase6v2-r02-output-control-a01,D4-FULL,DOWNSTREAM,0.6125988589846553,0.022649120054939142,-0.43633799910549376,0.004974121668407942,0.06132920497629228,0.4795010376108709,-0.4181718326345786,3
phase6v2-r02-input-downstream-a01,D4-FULL,INPUT,0.39883514050437,1.2142374041639818,0.5809689606210254,0.0031163618722338474,0.7282308065575586,0.6461781165021886,0.08205269005536997,2
phase6v2-r02-input-downstream-a01,D4-FULL,OUTPUT,0.21005159253081812,-0.5978527980463495,0.2832027656789934,0.5978527980463495,-0.6327189446585288,0.14427934912785556,-0.7769982937863844,4
phase6v2-r02-input-downstream-a01,D4-FULL,LOAD,0.5563467708350476,0.9493206751254271,-0.02358080550051721,0.0,0.4940288801533192,0.4244603832174403,0.06956849693587891,3
phase6v2-r02-input-downstream-a01,D4-FULL,DOWNSTREAM,0.45344189958558734,5.0,-3.6952669464853,0.0,0.5860583177000956,0.4795010376108709,0.10655728008922477,1
phase6v2-r02-baseline-a01,D4-FULL,INPUT,0.5361939122135394,0.743113124573688,0.5749778411324141,0.0,0.6180949593065472,0.6461781165021886,-0.02808315719564136,2
phase6v2-r02-baseline-a01,D4-FULL,OUTPUT,0.23501980129983657,-0.54109258022462,0.2888427697869939,0.54109258022462,-0.5468359166038832,0.14427934912785556,-0.6911152657317388,4
phase6v2-r02-baseline-a01,D4-FULL,LOAD,-0.6411088612959968,1.0053027062197528,-0.15920193943863117,0.0,0.0683306351617083,0.4244603832174403,-0.356129748055732,3
phase6v2-r02-baseline-a01,D4-FULL,DOWNSTREAM,0.7249583872335467,0.01543304196278245,1.1799042028944873,0.015755630876316283,0.6243429131539558,0.4795010376108709,0.14484187554308497,1
phase6v2-r02-output-medium-a01,D4-FULL,INPUT,-0.6376353336577549,0.34621040163454475,0.5678781684981613,0.17142857142857143,-0.07927749260358773,0.6461781165021886,-0.7254556091057763,3
phase6v2-r02-output-medium-a01,D4-FULL,OUTPUT,0.6067661675757715,3.121488999957626,1.154377125020862,0.0,1.6275440975180864,0.14427934912785556,1.4832647483902308,1
phase6v2-r02-output-medium-a01,D4-FULL,LOAD,0.5773971360832548,-1.000766273436302,0.20016793850427606,1.000766273436302,-1.075166673052559,0.4244603832174403,-1.4996270562699994,4
phase6v2-r02-output-medium-a01,D4-FULL,DOWNSTREAM,-0.15114246801256523,-0.0017171131348417217,0.8479706022339659,0.01910886865914352,0.21259480503637615,0.4795010376108709,-0.26690623257449475,2
phase6v2-r02-input-medium-a01,D4-FULL,INPUT,0.4628251848110972,1.3721723470312976,0.5790487024638206,0.0,0.8046820781020717,0.6461781165021886,0.15850396159988311,1
phase6v2-r02-input-medium-a01,D4-FULL,OUTPUT,0.22380996446339108,-0.5646391686524593,0.07697883204279535,0.5646391686524593,-0.652589292701217,0.14427934912785556,-0.7968686418290726,4
phase6v2-r02-input-medium-a01,D4-FULL,LOAD,-0.24116075888624686,0.988216006807615,-0.36158456477845324,0.0,0.12849022771430496,0.4244603832174403,-0.2959701555031353,2
phase6v2-r02-input-medium-a01,D4-FULL,DOWNSTREAM,0.6324729075625671,-0.003790309891890835,-0.2789287224365371,0.013850393703085781,0.1027342313749606,0.4795010376108709,-0.3767668062359103,3
phase6v2-r02-output-load-a01,D4-FULL,INPUT,-3.0074116127927457,-4.171428571428572,-5.0,4.171428571428572,-8.23104196616901,0.6461781165021886,-8.877220082671199,4
phase6v2-r02-output-load-a01,D4-FULL,OUTPUT,-0.05754320528877889,5.0,-1.78609488165091,0.0,1.0521206376867704,0.14427934912785556,0.9078412885589149,2
phase6v2-r02-output-load-a01,D4-FULL,LOAD,3.0550001200120915,2.246856728613116,3.923226019194936,0.0,3.0750276226067146,0.4244603832174403,2.6505672393892743,1
phase6v2-r02-output-load-a01,D4-FULL,DOWNSTREAM,-3.0549736080162493,-0.08760623454233643,-1.390581492552128,0.08760623454233643,-1.5986600129125745,0.4795010376108709,-2.0781610505234456,3
phase6v2-r02-output-downstream-a01,D4-FULL,INPUT,-0.7480186658168839,0.19484744629922973,0.5771631901088892,0.17142857142857143,-0.16343124789815974,0.6461781165021886,-0.8096093644003484,3
phase6v2-r02-output-downstream-a01,D4-FULL,OUTPUT,0.6320333453237967,3.1007315786116942,0.39116307340761847,0.0,1.3746426657810364,0.14427934912785556,1.2303633166531809,1
phase6v2-r02-output-downstream-a01,D4-FULL,LOAD,1.2497780584295735,-1.0118874343120854,0.04282149307102843,1.0118874343120854,-0.9183167285825798,0.4244603832174403,-1.3427771118000202,4
phase6v2-r02-output-downstream-a01,D4-FULL,DOWNSTREAM,-0.26554995072844895,5.0,-0.3945997649192231,0.0,1.446616761450776,0.4795010376108709,0.9671157238399051,2
phase6v2-r02-output-downstream-control-a01,D4-FULL,INPUT,0.3598599681086714,0.18441738961577203,0.5758189415290974,0.17142857142857143,0.20193686165594216,0.6461781165021886,-0.44424125484624644,3
phase6v2-r02-output-downstream-control-a01,D4-FULL,OUTPUT,0.2860661354336899,-0.010344383967917503,0.3376504802745561,0.3603136430600961,-0.15585623247998662,0.14427934912785556,-0.30013558160784215,2
phase6v2-r02-output-downstream-control-a01,D4-FULL,LOAD,0.16182714556777192,-0.983657551007474,-0.06200504159484481,0.983657551007474,-1.2782693666856564,0.4244603832174403,-1.7027297499030967,4
phase6v2-r02-output-downstream-control-a01,D4-FULL,DOWNSTREAM,0.4843352509242894,5.0,2.1564650337648814,0.0,2.5469334282297234,0.4795010376108709,2.0674323906188525,1
phase6v2-r02-input-load-a01,D4-FULL,INPUT,-2.7860165014620693,-2.9375280155079,-4.802612185561282,3.9375280155079,-7.446246916351651,0.6461781165021886,-8.09242503285384,4
phase6v2-r02-input-load-a01,D4-FULL,OUTPUT,0.04178952241718229,3.164544358429415,-2.2163956900264954,0.0,0.329979396940034,0.14427934912785556,0.18570004781217841,2
phase6v2-r02-input-load-a01,D4-FULL,LOAD,2.983639637246884,2.8752411901954638,3.76669816362516,0.0,3.208526330355836,0.4244603832174403,2.7840659471383957,1
phase6v2-r02-input-load-a01,D4-FULL,DOWNSTREAM,-2.7714908542235723,-0.08404914533967398,-0.2875457215449289,0.08404914533967398,-1.1317443857090657,0.4795010376108709,-1.6112454233199365,3
phase6v2-r02-load-downstream-a01,D4-FULL,INPUT,-1.3298121209445828,-1.6526191676267339,-2.1719766269915106,1.8811905961981623,-3.599326568052438,0.6461781165021886,-4.245504684554627,4
phase6v2-r02-load-downstream-a01,D4-FULL,OUTPUT,-0.09977316440834365,1.310256576898913,-0.9240945950223189,0.0,0.09546293915608343,0.14427934912785556,-0.048816409971772126,3
phase6v2-r02-load-downstream-a01,D4-FULL,LOAD,3.016171126293596,5.0,3.8764960871529808,0.0,3.9642224044821925,0.4244603832174403,3.5397620212647523,1
phase6v2-r02-load-downstream-a01,D4-FULL,DOWNSTREAM,-1.2329099098998049,5.0,2.128236819368957,0.0,1.9651089698230508,0.4795010376108709,1.48560793221218,2
phase6v2-r02-load-medium-a01,D4-FULL,INPUT,-1.267292260813911,-1.5528295699368124,-2.2226417861876486,1.781400998508241,-3.462322204154365,0.6461781165021886,-4.108500320656553,4
phase6v2-r02-load-medium-a01,D4-FULL,OUTPUT,-0.12499186042942963,1.3661709160937234,-0.8351340983837999,0.0,0.13534831909349798,0.14427934912785556,-0.008931030034357579,2
phase6v2-r02-load-medium-a01,D4-FULL,LOAD,2.998600936371861,5.0,4.056196609475791,0.0,4.018265848615884,0.4244603832174403,3.5938054653984435,1
phase6v2-r02-load-medium-a01,D4-FULL,DOWNSTREAM,-1.1028104730010253,-0.06692845931221833,-0.08281684154269489,0.06692845931221833,-0.4844470505975311,0.4795010376108709,-0.9639480882084019,3
phase6v2-r02-downstream-medium-a01,D4-FULL,INPUT,0.41352738979412895,0.577879918719292,0.5746120468483632,0.0,0.5220064517872615,0.6461781165021886,-0.12417166471492713,3
phase6v2-r02-downstream-medium-a01,D4-FULL,OUTPUT,0.21499148238070737,-0.5210362342234688,0.3628604460856316,0.5210362342234688,-0.5020976694758454,0.14427934912785556,-0.646377018603701,4
phase6v2-r02-downstream-medium-a01,D4-FULL,LOAD,0.1887266531922071,0.9658827067417807,0.020431001090319527,0.0,0.39168012034143573,0.4244603832174403,-0.03278026287600455,2
phase6v2-r02-downstream-medium-a01,D4-FULL,DOWNSTREAM,0.5214292941265103,5.0,0.4739369155834986,0.0,1.9984554032366697,0.4795010376108709,1.5189543656257989,1
phase6v2-r02-output-load-control-a01,D4-FULL,INPUT,-0.9094579034970145,-1.101164823891629,-1.136545195155961,1.101164823891629,-2.150220798073164,0.6461781165021886,-2.7963989145753527,4
phase6v2-r02-output-load-control-a01,D4-FULL,OUTPUT,-0.11793682359705558,0.8702843649180363,-1.120617967662945,0.0,-0.1227568087806548,0.14427934912785556,-0.2670361579085104,2
phase6v2-r02-output-load-control-a01,D4-FULL,LOAD,2.6291409742104292,5.0,3.2659359076212384,0.0,3.631692293943889,0.4244603832174403,3.2072319107264486,1
phase6v2-r02-output-load-control-a01,D4-FULL,DOWNSTREAM,-0.5952807912902082,-0.09177249140869419,-0.5981703305059197,0.09177249140869419,-0.5201803624769682,0.4795010376108709,-0.9996814000878391,3
phase6v2-r03-output-downstream-a01,D4-S,INPUT,-0.7596213583776705,,,0.0,-0.7596213583776705,0.6523482380261533,-1.4119695964038237,4
phase6v2-r03-output-downstream-a01,D4-S,OUTPUT,0.5943829082192785,,,0.0,0.5943829082192785,0.27400499873676515,0.3203779094825134,2
phase6v2-r03-output-downstream-a01,D4-S,LOAD,1.3617906056791875,,,0.0,1.3617906056791875,0.5742675419816783,0.7875230636975092,1
phase6v2-r03-output-downstream-a01,D4-S,DOWNSTREAM,-0.3398393691732858,,,0.0,-0.3398393691732858,0.7087230999176027,-1.0485624690908886,3
phase6v2-r03-input-medium-a01,D4-S,INPUT,0.8603498717194814,,,0.0,0.8603498717194814,0.6523482380261533,0.20800163369332814,1
phase6v2-r03-input-medium-a01,D4-S,OUTPUT,-0.19820209858859356,,,0.0,-0.19820209858859356,0.27400499873676515,-0.4722070973253587,4
phase6v2-r03-input-medium-a01,D4-S,LOAD,0.145954420873101,,,0.0,0.145954420873101,0.5742675419816783,-0.4283131211085773,3
phase6v2-r03-input-medium-a01,D4-S,DOWNSTREAM,0.4094152144437127,,,0.0,0.4094152144437127,0.7087230999176027,-0.29930788547389003,2
phase6v2-r03-output-load-a01,D4-S,INPUT,-3.1294001474323876,,,0.0,-3.1294001474323876,0.6523482380261533,-3.781748385458541,4
phase6v2-r03-output-load-a01,D4-S,OUTPUT,0.0889396159275864,,,0.0,0.0889396159275864,0.27400499873676515,-0.18506538280917875,2
phase6v2-r03-output-load-a01,D4-S,LOAD,2.9402963055867035,,,0.0,2.9402963055867035,0.5742675419816783,2.3660287636050255,1
phase6v2-r03-output-load-a01,D4-S,DOWNSTREAM,-2.982873185063689,,,0.0,-2.982873185063689,0.7087230999176027,-3.6915962849812916,3
phase6v2-r03-input-downstream-a01,D4-S,INPUT,0.4075227337415981,,,0.0,0.4075227337415981,0.6523482380261533,-0.24482550428455518,3
phase6v2-r03-input-downstream-a01,D4-S,OUTPUT,0.21415518990086893,,,0.0,0.21415518990086893,0.27400499873676515,-0.05984980883589622,2
phase6v2-r03-input-downstream-a01,D4-S,LOAD,0.5590834197301567,,,0.0,0.5590834197301567,0.5742675419816783,-0.015184122251521548,1
phase6v2-r03-input-downstream-a01,D4-S,DOWNSTREAM,0.4587662887454007,,,0.0,0.4587662887454007,0.7087230999176027,-0.24995681117220203,4
phase6v2-r03-input-load-a01,D4-S,INPUT,-2.7403356464887847,,,0.0,-2.7403356464887847,0.6523482380261533,-3.392683884514938,3
phase6v2-r03-input-load-a01,D4-S,OUTPUT,0.04098767902126913,,,0.0,0.04098767902126913,0.27400499873676515,-0.23301731971549602,2
phase6v2-r03-input-load-a01,D4-S,LOAD,2.9917974234602207,,,0.0,2.9917974234602207,0.5742675419816783,2.4175298814785426,1
phase6v2-r03-input-load-a01,D4-S,DOWNSTREAM,-2.7703483888894778,,,0.0,-2.7703483888894778,0.7087230999176027,-3.4790714888070804,4
phase6v2-r03-baseline-a01,D4-S,INPUT,0.6062900970639687,,,0.0,0.6062900970639687,0.6523482380261533,-0.046058140962184524,1
phase6v2-r03-baseline-a01,D4-S,OUTPUT,0.09284876170092336,,,0.0,0.09284876170092336,0.27400499873676515,-0.18115623703584177,3
phase6v2-r03-baseline-a01,D4-S,LOAD,-0.5567075559534975,,,0.0,-0.5567075559534975,0.5742675419816783,-1.1309750979351758,4
phase6v2-r03-baseline-a01,D4-S,DOWNSTREAM,0.659618247015271,,,0.0,0.659618247015271,0.7087230999176027,-0.049104852902331686,2
phase6v2-r03-downstream-medium-a01,D4-S,INPUT,0.4518845551727931,,,0.0,0.4518845551727931,0.6523482380261533,-0.2004636828533602,2
phase6v2-r03-downstream-medium-a01,D4-S,OUTPUT,0.12371339527142064,,,0.0,0.12371339527142064,0.27400499873676515,-0.1502916034653445,1
phase6v2-r03-downstream-medium-a01,D4-S,LOAD,0.21066792586973934,,,0.0,0.21066792586973934,0.5742675419816783,-0.3635996161119389,4
phase6v2-r03-downstream-medium-a01,D4-S,DOWNSTREAM,0.4907762725541907,,,0.0,0.4907762725541907,0.7087230999176027,-0.21794682736341203,3
phase6v2-r03-output-load-control-a01,D4-S,INPUT,-0.33070517062743054,,,0.0,-0.33070517062743054,0.6523482380261533,-0.9830534086535838,3
phase6v2-r03-output-load-control-a01,D4-S,OUTPUT,-0.5003627078951416,,,0.0,-0.5003627078951416,0.27400499873676515,-0.7743677066319068,2
phase6v2-r03-output-load-control-a01,D4-S,LOAD,2.8722693878435184,,,0.0,2.8722693878435184,0.5742675419816783,2.2980018458618403,1
phase6v2-r03-output-load-control-a01,D4-S,DOWNSTREAM,-0.6918331539862348,,,0.0,-0.6918331539862348,0.7087230999176027,-1.4005562539038374,4
phase6v2-r03-output-medium-a01,D4-S,INPUT,-0.5018164365072226,,,0.0,-0.5018164365072226,0.6523482380261533,-1.154164674533376,4
phase6v2-r03-output-medium-a01,D4-S,OUTPUT,0.5704351658848337,,,0.0,0.5704351658848337,0.27400499873676515,0.2964301671480685,1
phase6v2-r03-output-medium-a01,D4-S,LOAD,0.4051734956382294,,,0.0,0.4051734956382294,0.5742675419816783,-0.16909404634344888,2
phase6v2-r03-output-medium-a01,D4-S,DOWNSTREAM,-0.04864701527196178,,,0.0,-0.04864701527196178,0.7087230999176027,-0.7573701151895645,3
phase6v2-r03-load-downstream-a01,D4-S,INPUT,-1.3114306004102687,,,0.0,-1.3114306004102687,0.6523482380261533,-1.963778838436422,4
phase6v2-r03-load-downstream-a01,D4-S,OUTPUT,-0.02187619690835239,,,0.0,-0.02187619690835239,0.27400499873676515,-0.29588119564511756,2
phase6v2-r03-load-downstream-a01,D4-S,LOAD,2.9618863806434694,,,0.0,2.9618863806434694,0.5742675419816783,2.3876188386617914,1
phase6v2-r03-load-downstream-a01,D4-S,DOWNSTREAM,-1.1686728532574366,,,0.0,-1.1686728532574366,0.7087230999176027,-1.8773959531750393,3
phase6v2-r03-output-downstream-control-a01,D4-S,INPUT,0.2737230598151634,,,0.0,0.2737230598151634,0.6523482380261533,-0.37862517821098984,4
phase6v2-r03-output-downstream-control-a01,D4-S,OUTPUT,0.3167738448987768,,,0.0,0.3167738448987768,0.27400499873676515,0.04276884616201165,1
phase6v2-r03-output-downstream-control-a01,D4-S,LOAD,0.3745230163503798,,,0.0,0.3745230163503798,0.5742675419816783,-0.19974452563129846,2
phase6v2-r03-output-downstream-control-a01,D4-S,DOWNSTREAM,0.39963532538084495,,,0.0,0.39963532538084495,0.7087230999176027,-0.3090877745367578,3
phase6v2-r03-output-control-a01,D4-S,INPUT,0.5721980410200207,,,0.0,0.5721980410200207,0.6523482380261533,-0.08015019700613257,3
phase6v2-r03-output-control-a01,D4-S,OUTPUT,0.26090002236070803,,,0.0,0.26090002236070803,0.27400499873676515,-0.01310497637605712,1
phase6v2-r03-output-control-a01,D4-S,LOAD,-0.6121566007109331,,,0.0,-0.6121566007109331,0.5742675419816783,-1.1864241426926114,4
phase6v2-r03-output-control-a01,D4-S,DOWNSTREAM,0.687246036998119,,,0.0,0.687246036998119,0.7087230999176027,-0.021477062919483703,2
phase6v2-r03-load-medium-a01,D4-S,INPUT,-1.3627980588994197,,,0.0,-1.3627980588994197,0.6523482380261533,-2.015146296925573,4
phase6v2-r03-load-medium-a01,D4-S,OUTPUT,-0.09866156982228073,,,0.0,-0.09866156982228073,0.27400499873676515,-0.3726665685590459,2
phase6v2-r03-load-medium-a01,D4-S,LOAD,2.9796700630078212,,,0.0,2.9796700630078212,0.5742675419816783,2.4054025210261427,1
phase6v2-r03-load-medium-a01,D4-S,DOWNSTREAM,-1.1547429051890554,,,0.0,-1.1547429051890554,0.7087230999176027,-1.863466005106658,3
phase6v2-r03-output-downstream-a01,D4-SM,INPUT,-0.7596213583776705,0.4535702796975807,,0.0,-0.15302553934004492,0.6548986795701052,-0.8079242189101501,4
phase6v2-r03-output-downstream-a01,D4-SM,OUTPUT,0.5943829082192785,2.6557021717054843,,0.0,1.6250425399623813,0.7933736704418962,0.8316688695204851,2
phase6v2-r03-output-downstream-a01,D4-SM,LOAD,1.3617906056791875,-1.0054776031889145,,0.0,0.1781565012451365,0.5801524574603204,-0.4019959562151839,3
phase6v2-r03-output-downstream-a01,D4-SM,DOWNSTREAM,-0.3398393691732858,5.0,,0.0,2.330080315413357,0.3705594399083162,1.9595208755050408,1
phase6v2-r03-input-medium-a01,D4-SM,INPUT,0.8603498717194814,0.4690549895297023,,0.0,0.6647024306245919,0.6548986795701052,0.00980375105448672,1
phase6v2-r03-input-medium-a01,D4-SM,OUTPUT,-0.19820209858859356,-0.7248333885894409,,0.0,-0.4615177435890172,0.7933736704418962,-1.2548914140309133,4
phase6v2-r03-input-medium-a01,D4-SM,LOAD,0.145954420873101,0.9890180275102819,,0.0,0.5674862241916915,0.5801524574603204,-0.012666233268628924,2
phase6v2-r03-input-medium-a01,D4-SM,DOWNSTREAM,0.4094152144437127,0.022736120271349615,,0.0,0.21607566735753117,0.3705594399083162,-0.15448377255078502,3
phase6v2-r03-output-load-a01,D4-SM,INPUT,-3.1294001474323876,-5.0,,0.0,-4.064700073716194,0.6548986795701052,-4.7195987532862995,4
phase6v2-r03-output-load-a01,D4-SM,OUTPUT,0.0889396159275864,5.0,,0.0,2.544469807963793,0.7933736704418962,1.751096137521897,2
phase6v2-r03-output-load-a01,D4-SM,LOAD,2.9402963055867035,2.10171926552604,,0.0,2.521007785556372,0.5801524574603204,1.9408553280960517,1
phase6v2-r03-output-load-a01,D4-SM,DOWNSTREAM,-2.982873185063689,-0.08241338347727414,,0.0,-1.5326432842704816,0.3705594399083162,-1.9032027241787977,3
phase6v2-r03-input-downstream-a01,D4-SM,INPUT,0.4075227337415981,0.2662202661485492,,0.0,0.33687149994507365,0.6548986795701052,-0.3180271796250315,3
phase6v2-r03-input-downstream-a01,D4-SM,OUTPUT,0.21415518990086893,-0.7462856895384602,,0.0,-0.26606524981879565,0.7933736704418962,-1.0594389202606918,4
phase6v2-r03-input-downstream-a01,D4-SM,LOAD,0.5590834197301567,0.9495881090761198,,0.0,0.7543357644031383,0.5801524574603204,0.17418330694281792,2
phase6v2-r03-input-downstream-a01,D4-SM,DOWNSTREAM,0.4587662887454007,5.0,,0.0,2.7293831443727004,0.3705594399083162,2.3588237044643843,1
phase6v2-r03-input-load-a01,D4-SM,INPUT,-2.7403356464887847,-4.929391454466961,,0.0,-3.8348635504778725,0.6548986795701052,-4.489762230047978,4
phase6v2-r03-input-load-a01,D4-SM,OUTPUT,0.04098767902126913,3.991765833118504,,0.0,2.0163767560698864,0.7933736704418962,1.2230030856279903,2
phase6v2-r03-input-load-a01,D4-SM,LOAD,2.9917974234602207,2.838441424283162,,0.0,2.9151194238716913,0.5801524574603204,2.334966966411371,1
phase6v2-r03-input-load-a01,D4-SM,DOWNSTREAM,-2.7703483888894778,-0.07447905661100793,,0.0,-1.422413722750243,0.3705594399083162,-1.792973162658559,3
phase6v2-r03-baseline-a01,D4-SM,INPUT,0.6062900970639687,0.6475551498717522,,0.0,0.6269226234678604,0.6548986795701052,-0.02797605610224474,2
phase6v2-r03-baseline-a01,D4-SM,OUTPUT,0.09284876170092336,-0.7417973793673537,,0.0,-0.32447430883321515,0.7933736704418962,-1.1178479792751115,4
phase6v2-r03-baseline-a01,D4-SM,LOAD,-0.5567075559534975,1.0077401976770373,,0.0,0.22551632086176987,0.5801524574603204,-0.35463613659855053,3
phase6v2-r03-baseline-a01,D4-SM,DOWNSTREAM,0.659618247015271,0.0345494296030538,,0.0,0.34708383830916245,0.3705594399083162,-0.02347560159915374,1
phase6v2-r03-downstream-medium-a01,D4-SM,INPUT,0.4518845551727931,0.44904481216942277,,0.0,0.4504646836711079,0.6548986795701052,-0.20443399589899724,3
phase6v2-r03-downstream-medium-a01,D4-SM,OUTPUT,0.12371339527142064,-0.7313600658658946,,0.0,-0.303823335297237,0.7933736704418962,-1.0971970057391331,4
phase6v2-r03-downstream-medium-a01,D4-SM,LOAD,0.21066792586973934,0.9648043008307804,,0.0,0.5877361133502599,0.5801524574603204,0.007583655889939478,2
phase6v2-r03-downstream-medium-a01,D4-SM,DOWNSTREAM,0.4907762725541907,5.0,,0.0,2.7453881362770955,0.3705594399083162,2.3748286963687795,1
phase6v2-r03-output-load-control-a01,D4-SM,INPUT,-0.33070517062743054,-0.9986848939117967,,0.0,-0.6646950322696137,0.6548986795701052,-1.319593711839719,4
phase6v2-r03-output-load-control-a01,D4-SM,OUTPUT,-0.5003627078951416,0.929583956854716,,0.0,0.21461062447978718,0.7933736704418962,-0.578763045962109,2
phase6v2-r03-output-load-control-a01,D4-SM,LOAD,2.8722693878435184,5.0,,0.0,3.936134693921759,0.5801524574603204,3.355982236461439,1
phase6v2-r03-output-load-control-a01,D4-SM,DOWNSTREAM,-0.6918331539862348,-0.08107746058483756,,0.0,-0.3864553072855362,0.3705594399083162,-0.7570147471938524,3
phase6v2-r03-output-medium-a01,D4-SM,INPUT,-0.5018164365072226,0.6572611448757908,,0.0,0.07772235418428408,0.6548986795701052,-0.5771763253858211,3
phase6v2-r03-output-medium-a01,D4-SM,OUTPUT,0.5704351658848337,2.599625263411096,,0.0,1.585030214647965,0.7933736704418962,0.7916565442060687,1
phase6v2-r03-output-medium-a01,D4-SM,LOAD,0.4051734956382294,-0.9970815971148194,,0.0,-0.29595405073829495,0.5801524574603204,-0.8761065081986154,4
phase6v2-r03-output-medium-a01,D4-SM,DOWNSTREAM,-0.04864701527196178,0.010774719179765375,,0.0,-0.0189361480460982,0.3705594399083162,-0.3894955879544144,2
phase6v2-r03-load-downstream-a01,D4-SM,INPUT,-1.3114306004102687,-2.3335583779025466,,0.0,-1.8224944891564077,0.6548986795701052,-2.477393168726513,4
phase6v2-r03-load-downstream-a01,D4-SM,OUTPUT,-0.02187619690835239,1.648934996520278,,0.0,0.8135293998059628,0.7933736704418962,0.02015572936406662,3
phase6v2-r03-load-downstream-a01,D4-SM,LOAD,2.9618863806434694,5.0,,0.0,3.9809431903217347,0.5801524574603204,3.4007907328614144,1
phase6v2-r03-load-downstream-a01,D4-SM,DOWNSTREAM,-1.1686728532574366,5.0,,0.0,1.9156635733712817,0.3705594399083162,1.5451041334629654,2
phase6v2-r03-output-downstream-control-a01,D4-SM,INPUT,0.2737230598151634,0.43104077228416904,,0.0,0.35238191604966623,0.6548986795701052,-0.30251676352043894,2
phase6v2-r03-output-downstream-control-a01,D4-SM,OUTPUT,0.3167738448987768,0.3089526831619207,,0.0,0.31286326403034875,0.7933736704418962,-0.48051040641154746,3
phase6v2-r03-output-downstream-control-a01,D4-SM,LOAD,0.3745230163503798,-0.9887557813923833,,0.0,-0.3071163825210017,0.5801524574603204,-0.8872688399813221,4
phase6v2-r03-output-downstream-control-a01,D4-SM,DOWNSTREAM,0.39963532538084495,5.0,,0.0,2.6998176626904224,0.3705594399083162,2.3292582227821064,1
phase6v2-r03-output-control-a01,D4-SM,INPUT,0.5721980410200207,0.6486894557401777,,0.0,0.6104437483800992,0.6548986795701052,-0.044454931190005986,2
phase6v2-r03-output-control-a01,D4-SM,OUTPUT,0.26090002236070803,-0.22513853030696085,,0.0,0.01788074602687359,0.7933736704418962,-0.7754929244150226,3
phase6v2-r03-output-control-a01,D4-SM,LOAD,-0.6121566007109331,-0.9739047518763064,,0.0,-0.7930306762936198,0.5801524574603204,-1.3731831337539402,4
phase6v2-r03-output-control-a01,D4-SM,DOWNSTREAM,0.687246036998119,0.04965053108069719,,0.0,0.3684482840394081,0.3705594399083162,-0.002111155868908088,1
phase6v2-r03-load-medium-a01,D4-SM,INPUT,-1.3627980588994197,-2.3074367303630963,,0.0,-1.835117394631258,0.6548986795701052,-2.490016074201363,4
phase6v2-r03-load-medium-a01,D4-SM,OUTPUT,-0.09866156982228073,1.763263741929053,,0.0,0.8323010860533862,0.7933736704418962,0.038927415611489935,2
phase6v2-r03-load-medium-a01,D4-SM,LOAD,2.9796700630078212,5.0,,0.0,3.989835031503911,0.5801524574603204,3.4096825740435905,1
phase6v2-r03-load-medium-a01,D4-SM,DOWNSTREAM,-1.1547429051890554,-0.024713667742592368,,0.0,-0.5897282864658239,0.3705594399083162,-0.9602877263741401,3
phase6v2-r03-output-downstream-a01,D4-SMT,INPUT,0.10728393557281324,0.4535702796975807,0.5827476143929067,0.0,0.3812006098877669,0.6407411703168204,-0.25954056042905355,4
phase6v2-r03-output-downstream-a01,D4-SMT,OUTPUT,0.5943829082192785,2.6557021717054843,0.2998628175094703,0.0,1.183315965811411,0.8551925238637543,0.32812344194765664,2
phase6v2-r03-output-downstream-a01,D4-SMT,LOAD,1.6018338487636163,0.0,0.0005922100038872888,0.0,0.5341420195891678,0.5457119198816375,-0.011569900292469626,3
phase6v2-r03-output-downstream-a01,D4-SMT,DOWNSTREAM,0.21204709168538063,5.0,1.3898203795926893,0.0,2.200622490426023,0.6119851563122393,1.5886373341137836,1
phase6v2-r03-input-medium-a01,D4-SMT,INPUT,0.8603498717194814,0.4690549895297023,0.5812051486638832,0.0,0.6368700033043556,0.6407411703168204,-0.0038711670124648156,1
phase6v2-r03-input-medium-a01,D4-SMT,OUTPUT,0.2914736199073039,0.0,0.29342072572664923,0.0,0.19496478187798438,0.8551925238637543,-0.66022774198577,4
phase6v2-r03-input-medium-a01,D4-SMT,LOAD,0.412967160343502,0.9890180275102819,0.0243034727723572,0.0,0.475429553542047,0.5457119198816375,-0.07028236633959045,2
phase6v2-r03-input-medium-a01,D4-SMT,DOWNSTREAM,0.5827682455425518,0.029226205318963,0.4826435852218167,0.0,0.36487934536111055,0.6119851563122393,-0.2471058109511287,3
phase6v2-r03-output-load-a01,D4-SMT,INPUT,0.0,0.0,0.0,0.0,0.0,0.6407411703168204,-0.6407411703168204,4
phase6v2-r03-output-load-a01,D4-SMT,OUTPUT,1.5876460441518396,5.0,1.3522489253877372,0.0,2.6466316565131924,0.8551925238637543,1.791439132649438,2
phase6v2-r03-output-load-a01,D4-SMT,LOAD,3.241116103580753,2.10171926552604,3.3333333333333335,0.0,2.892056234146709,0.5457119198816375,2.3463443142650715,1
phase6v2-r03-output-load-a01,D4-SMT,DOWNSTREAM,0.09248558644184408,0.0,0.0,0.0,0.030828528813948028,0.6119851563122393,-0.5811566274982912,3
phase6v2-r03-input-downstream-a01,D4-SMT,INPUT,0.4237637498156224,0.27093349547698165,0.5824622406217186,0.0,0.4257198286381076,0.6407411703168204,-0.21502134167871284,3
phase6v2-r03-input-downstream-a01,D4-SMT,OUTPUT,0.24522180266668775,0.0,0.30478408710849236,0.0,0.18333529659172668,0.8551925238637543,-0.6718572272720277,4
phase6v2-r03-input-downstream-a01,D4-SMT,LOAD,0.6923171685357468,0.9495881090761198,0.0,0.0,0.5473017592039555,0.5457119198816375,0.001589839322318043,2
phase6v2-r03-input-downstream-a01,D4-SMT,DOWNSTREAM,0.4608749600577662,5.0,1.0340986699195913,0.0,2.1649912099924524,0.6119851563122393,1.553006053680213,1
phase6v2-r03-input-load-a01,D4-SMT,INPUT,0.0,0.0,0.0,0.0,0.0,0.6407411703168204,-0.6407411703168204,4
phase6v2-r03-input-load-a01,D4-SMT,OUTPUT,1.512508627779408,3.991765833118504,0.08887705489411746,0.0,1.8643838385973435,0.8551925238637543,1.0091913147335891,2
phase6v2-r03-input-load-a01,D4-SMT,LOAD,3.0820969224737502,2.838441424283162,3.6023379526273036,0.0,3.1742920997947386,0.5457119198816375,2.6285801799131012,1
phase6v2-r03-input-load-a01,D4-SMT,DOWNSTREAM,0.05945292062571863,0.0,0.0,0.0,0.019817640208572875,0.6119851563122393,-0.5921675161036664,3
phase6v2-r03-baseline-a01,D4-SMT,INPUT,0.6618303619097063,0.6475551498717522,0.5811784213703208,0.0,0.6301879777172598,0.6407411703168204,-0.010553192599560668,2
phase6v2-r03-baseline-a01,D4-SMT,OUTPUT,0.3317144736380793,0.0,0.2928558593672548,0.0,0.208190111001778,0.8551925238637543,-0.6470024128619764,4
phase6v2-r03-baseline-a01,D4-SMT,LOAD,0.08661080310978612,1.0077401976770373,0.5473963559754064,0.0,0.5472491189207432,0.5457119198816375,0.0015371990391057633,1
phase6v2-r03-baseline-a01,D4-SMT,DOWNSTREAM,0.659618247015271,0.03902124618872365,0.25507652017984633,0.0,0.31790533779461366,0.6119851563122393,-0.2940798185176256,3
phase6v2-r03-downstream-medium-a01,D4-SMT,INPUT,0.5025124139220665,0.44904481216942277,0.5807393190044656,0.0,0.510765515031985,0.6407411703168204,-0.12997565528483546,3
phase6v2-r03-downstream-medium-a01,D4-SMT,OUTPUT,0.2165668120419546,0.0,0.4940572156162887,0.0,0.2368746758860811,0.8551925238637543,-0.6183178479776732,4
phase6v2-r03-downstream-medium-a01,D4-SMT,LOAD,0.3700011133264605,0.9648043008307804,0.0016621794520755382,0.0,0.44548919786977215,0.5457119198816375,-0.10022272201186533,2
phase6v2-r03-downstream-medium-a01,D4-SMT,DOWNSTREAM,0.4907762725541907,5.0,0.20016572431840324,0.0,1.8969806656241983,0.6119851563122393,1.2849955093119592,1
phase6v2-r03-output-load-control-a01,D4-SMT,INPUT,0.3278613308848085,0.0,0.0,0.0,0.10928711029493617,0.6407411703168204,-0.5314540600218842,3
phase6v2-r03-output-load-control-a01,D4-SMT,OUTPUT,0.32748887324171033,0.929583956854716,0.0,0.0,0.41902427669880876,0.8551925238637543,-0.43616824716494557,2
phase6v2-r03-output-load-control-a01,D4-SMT,LOAD,2.8814029184868732,5.0,3.3333333333333335,0.0,3.7382454172734025,0.5457119198816375,3.192533497391765,1
phase6v2-r03-output-load-control-a01,D4-SMT,DOWNSTREAM,0.062272045336908007,0.0,0.0,0.0,0.020757348445636002,0.6119851563122393,-0.5912278078666032,4
phase6v2-r03-output-medium-a01,D4-SMT,INPUT,0.1279859722087078,0.6572611448757908,0.5802407773000602,0.0,0.4551626314615196,0.6407411703168204,-0.18557853885530085,4
phase6v2-r03-output-medium-a01,D4-SMT,OUTPUT,0.5704351658848337,2.599625263411096,0.5375544012855537,0.0,1.2358716101938279,0.8551925238637543,0.3806790863300735,1
phase6v2-r03-output-medium-a01,D4-SMT,LOAD,0.8530297554070676,0.0,0.5428992103235301,0.0,0.46530965524353257,0.5457119198816375,-0.0804022646381049,3
phase6v2-r03-output-medium-a01,D4-SMT,DOWNSTREAM,0.3186129220527909,0.025988922803182456,1.4730409827767392,0.0,0.6058809425442375,0.6119851563122393,-0.006104213768001743,2
phase6v2-r03-load-downstream-a01,D4-SMT,INPUT,0.031660734897397756,0.0,0.0,0.0,0.010553578299132586,0.6407411703168204,-0.6301875920176878,4
phase6v2-r03-load-downstream-a01,D4-SMT,OUTPUT,0.8767453210871814,1.648934996520278,0.4437836906867317,0.0,0.9898213360980637,0.8551925238637543,0.13462881223430934,3
phase6v2-r03-load-downstream-a01,D4-SMT,LOAD,3.03405900730782,5.0,3.666795719782293,0.0,3.900284909030038,0.5457119198816375,3.3545729891484006,1
phase6v2-r03-load-downstream-a01,D4-SMT,DOWNSTREAM,0.12076204889454574,5.0,4.447900807015128,0.0,3.1895542853032244,0.6119851563122393,2.577569128990985,2
phase6v2-r03-output-downstream-control-a01,D4-SMT,INPUT,0.32753747830585805,0.43104077228416904,0.5804377899988806,0.0,0.4463386801963026,0.6407411703168204,-0.19440249012051786,2
phase6v2-r03-output-downstream-control-a01,D4-SMT,OUTPUT,0.3578853782072336,0.5335446269414195,0.3023623693422005,0.0,0.3979307914969512,0.8551925238637543,-0.4572617323668031,4
phase6v2-r03-output-downstream-control-a01,D4-SMT,LOAD,0.47544018642339914,0.0,0.05301999488312336,0.0,0.17615339376884084,0.5457119198816375,-0.3695585261127966,3
phase6v2-r03-output-downstream-control-a01,D4-SMT,DOWNSTREAM,0.4066139230287655,5.0,0.4685045597198335,0.0,1.9583728275828662,0.6119851563122393,1.346387671270627,1
phase6v2-r03-output-control-a01,D4-SMT,INPUT,0.6277383058657582,0.6486894557401777,0.5839004608774582,0.0,0.6201094074944646,0.6407411703168204,-0.020631762822355793,1
phase6v2-r03-output-control-a01,D4-SMT,OUTPUT,0.4965044761026741,0.2453273981905314,0.30020383656486976,0.0,0.34734523695269176,0.8551925238637543,-0.5078472869110626,4
phase6v2-r03-output-control-a01,D4-SMT,LOAD,0.0020312983644263263,0.0,0.4752781031370767,0.0,0.15910313383383434,0.5457119198816375,-0.38660878604780313,3
phase6v2-r03-output-control-a01,D4-SMT,DOWNSTREAM,0.687246036998119,0.05361486504984261,0.47311364671450895,0.0,0.4046581829208235,0.6119851563122393,-0.20732697339141576,2
phase6v2-r03-load-medium-a01,D4-SMT,INPUT,0.029517512994301123,0.0,0.0,0.0,0.009839170998100374,0.6407411703168204,-0.63090199931872,4
phase6v2-r03-load-medium-a01,D4-SMT,OUTPUT,0.7905926244019384,1.763263741929053,0.06790923881171392,0.0,0.8739218683809017,0.8551925238637543,0.01872934451714736,2
phase6v2-r03-load-medium-a01,D4-SMT,LOAD,3.0795440115578545,5.0,3.373110451403828,0.0,3.817551487653894,0.5457119198816375,3.2718395677722567,1
phase6v2-r03-load-medium-a01,D4-SMT,DOWNSTREAM,0.09144283277392203,0.032900259603545694,0.0,0.0,0.041447697459155906,0.6119851563122393,-0.5705374588530834,3
phase6v2-r03-output-downstream-a01,D4-FULL,INPUT,-0.7596213583776705,0.4535702796975807,0.5827476143929067,0.0,0.09223217857093895,0.6300442612544623,-0.5378120826835234,3
phase6v2-r03-output-downstream-a01,D4-FULL,OUTPUT,0.5943829082192785,2.6557021717054843,-0.23924346120311152,0.0,1.003613872907217,0.23077835941238797,0.772835513494829,2
phase6v2-r03-output-downstream-a01,D4-FULL,LOAD,1.3617906056791875,-1.0054776031889145,-0.1786443369301609,1.0054776031889145,-0.9462547146688772,0.4265799154150067,-1.3728346300838838,4
phase6v2-r03-output-downstream-a01,D4-FULL,DOWNSTREAM,-0.3398393691732858,5.0,0.8519285803103314,0.0,1.8373630703790151,0.611657228416739,1.2257058419622762,1
phase6v2-r03-input-medium-a01,D4-FULL,INPUT,0.8603498717194814,0.4690549895297023,0.5812051486638832,0.0,0.6368700033043556,0.6300442612544623,0.00682574204989328,1
phase6v2-r03-input-medium-a01,D4-FULL,OUTPUT,-0.19820209858859356,-0.7248333885894409,0.08115657326805648,0.7248333885894409,-1.0054596932261002,0.23077835941238797,-1.2362380526384882,4
phase6v2-r03-input-medium-a01,D4-FULL,LOAD,0.145954420873101,0.9890180275102819,-0.11220529084569375,0.0,0.34092238584589635,0.4265799154150067,-0.08565752956911038,2
phase6v2-r03-input-medium-a01,D4-FULL,DOWNSTREAM,0.4094152144437127,0.022736120271349615,0.4826435852218167,0.006490085047613387,0.2984415549313463,0.611657228416739,-0.3132156734853927,3
phase6v2-r03-output-load-a01,D4-FULL,INPUT,-3.1294001474323876,-5.0,-5.0,5.0,-9.376466715810796,0.6300442612544623,-10.006510977065258,4
phase6v2-r03-output-load-a01,D4-FULL,OUTPUT,0.0889396159275864,5.0,-1.1477510746122628,0.0,1.3137295137717746,0.23077835941238797,1.0829511543593866,2
phase6v2-r03-output-load-a01,D4-FULL,LOAD,2.9402963055867035,2.10171926552604,2.7909085084667837,0.0,2.610974693193176,0.4265799154150067,2.184394777778169,1
phase6v2-r03-output-load-a01,D4-FULL,DOWNSTREAM,-2.982873185063689,-0.08241338347727414,-0.404470866572472,0.08241338347727414,-1.2389991951817525,0.611657228416739,-1.8506564235984915,3
phase6v2-r03-input-downstream-a01,D4-FULL,INPUT,0.4075227337415981,0.2662202661485492,0.5824622406217186,0.0047132293284324065,0.41402185084218956,0.6300442612544623,-0.21602241041227277,3
phase6v2-r03-input-downstream-a01,D4-FULL,OUTPUT,0.21415518990086893,-0.7462856895384602,0.22667707808037557,0.7462856895384602,-0.8481034967241987,0.23077835941238797,-1.0788818561365867,4
phase6v2-r03-input-downstream-a01,D4-FULL,LOAD,0.5590834197301567,0.9495881090761198,-0.7943871772999259,0.0,0.23809478383545024,0.4265799154150067,-0.1884851315795565,2
phase6v2-r03-input-downstream-a01,D4-FULL,DOWNSTREAM,0.4587662887454007,5.0,0.5132693781840623,0.0,1.9906785556431543,0.611657228416739,1.3790213272264153,1
phase6v2-r03-input-load-a01,D4-FULL,INPUT,-2.7403356464887847,-4.929391454466961,-4.795365357519389,4.929391454466961,-9.084422273958673,0.6300442612544623,-9.714466535213134,4
phase6v2-r03-input-load-a01,D4-FULL,OUTPUT,0.04098767902126913,3.991765833118504,-2.4310170615499125,0.0,0.5339121501966201,0.23077835941238797,0.3031337907842321,2
phase6v2-r03-input-load-a01,D4-FULL,LOAD,2.9917974234602207,2.838441424283162,3.6023379526273036,0.0,3.144192266790229,0.4265799154150067,2.717612351375222,1
phase6v2-r03-input-load-a01,D4-FULL,DOWNSTREAM,-2.7703483888894778,-0.07447905661100793,-1.2033010740669248,0.07447905661100793,-1.4238552298001448,0.611657228416739,-2.0355124582168838,3
phase6v2-r03-baseline-a01,D4-FULL,INPUT,0.6062900970639687,0.6475551498717522,0.5811784213703208,0.0,0.6116745561020139,0.6300442612544623,-0.0183697051524484,1
phase6v2-r03-baseline-a01,D4-FULL,OUTPUT,0.09284876170092336,-0.7417973793673537,0.1520839751914473,0.7417973793673537,-0.9074189268590147,0.23077835941238797,-1.1381972862714027,4
phase6v2-r03-baseline-a01,D4-FULL,LOAD,-0.5567075559534975,1.0077401976770373,0.4810817962196689,0.0,0.31070481264773625,0.4265799154150067,-0.11587510276727048,2
phase6v2-r03-baseline-a01,D4-FULL,DOWNSTREAM,0.659618247015271,0.0345494296030538,0.08022461718221696,0.004471816585669852,0.2536589480145108,0.611657228416739,-0.3579982804022282,3
phase6v2-r03-downstream-medium-a01,D4-FULL,INPUT,0.4518845551727931,0.44904481216942277,0.5807393190044656,0.0,0.4938895621155605,0.6300442612544623,-0.13615469913890182,2
phase6v2-r03-downstream-medium-a01,D4-FULL,OUTPUT,0.12371339527142064,-0.7313600658658946,0.4940572156162887,0.7313600658658946,-0.7692232175252898,0.23077835941238797,-1.0000015769376778,4
phase6v2-r03-downstream-medium-a01,D4-FULL,LOAD,0.21066792586973934,0.9648043008307804,-0.45919111881130376,0.0,0.23876036929640532,0.4265799154150067,-0.1878195461186014,3
phase6v2-r03-downstream-medium-a01,D4-FULL,DOWNSTREAM,0.4907762725541907,5.0,-0.8839508527826785,0.0,1.5356084732571709,0.611657228416739,0.9239512448404319,1
phase6v2-r03-output-load-control-a01,D4-FULL,INPUT,-0.33070517062743054,-0.9986848939117967,-0.8343182838249448,0.9986848939117967,-1.7199210100331874,0.6300442612544623,-2.3499652712876498,4
phase6v2-r03-output-load-control-a01,D4-FULL,OUTPUT,-0.5003627078951416,0.929583956854716,-1.2482597138469274,0.0,-0.27301282162911766,0.23077835941238797,-0.5037911810415057,2
phase6v2-r03-output-load-control-a01,D4-FULL,LOAD,2.8722693878435184,5.0,2.2386070319229767,0.0,3.370292139922165,0.4265799154150067,2.9437122245071583,1
phase6v2-r03-output-load-control-a01,D4-FULL,DOWNSTREAM,-0.6918331539862348,-0.08107746058483756,-0.6108282198546788,0.08107746058483756,-0.5423237387267547,0.611657228416739,-1.1539809671434935,3
phase6v2-r03-output-medium-a01,D4-FULL,INPUT,-0.5018164365072226,0.6572611448757908,0.5802407773000602,0.0,0.24522849522287613,0.6300442612544623,-0.3848157660315862,3
phase6v2-r03-output-medium-a01,D4-FULL,OUTPUT,0.5704351658848337,2.599625263411096,0.35509247682614237,0.0,1.1750509687073574,0.23077835941238797,0.9442726092949694,1
phase6v2-r03-output-medium-a01,D4-FULL,LOAD,0.4051734956382294,-0.9970815971148194,0.48206606458339385,0.9970815971148194,-1.0336956094125513,0.4265799154150067,-1.460275524827558,4
phase6v2-r03-output-medium-a01,D4-FULL,DOWNSTREAM,-0.04864701527196178,0.010774719179765375,1.4730409827767392,0.015214203623417083,0.46317535860476383,0.611657228416739,-0.14848186981197514,2
phase6v2-r03-load-downstream-a01,D4-FULL,INPUT,-1.3114306004102687,-2.3335583779025466,-2.193138244130157,2.3335583779025466,-4.279600785383537,0.6300442612544623,-4.9096450466379995,4
phase6v2-r03-load-downstream-a01,D4-FULL,OUTPUT,-0.02187619690835239,1.648934996520278,-0.65598017457225,0.0,0.32369287501322525,0.23077835941238797,0.09291451560083727,3
phase6v2-r03-load-downstream-a01,D4-FULL,LOAD,2.9618863806434694,5.0,3.666795719782293,0.0,3.8762273668085876,0.4265799154150067,3.449647451393581,1
phase6v2-r03-load-downstream-a01,D4-FULL,DOWNSTREAM,-1.1686728532574366,5.0,4.447900807015128,0.0,2.759742651252564,0.611657228416739,2.148085422835825,2
phase6v2-r03-output-downstream-control-a01,D4-FULL,INPUT,0.2737230598151634,0.43104077228416904,0.5804377899988806,0.0,0.4284005406994044,0.6300442612544623,-0.20164372055505791,2
phase6v2-r03-output-downstream-control-a01,D4-FULL,OUTPUT,0.3167738448987768,0.3089526831619207,-0.5376560407333949,0.22459194377949881,-0.19523511467039795,0.23077835941238797,-0.4260134740827859,3
phase6v2-r03-output-downstream-control-a01,D4-FULL,LOAD,0.3745230163503798,-0.9887557813923833,-0.0823056025420696,0.9887557813923833,-1.220935237253741,0.4265799154150067,-1.6475151526687477,4
phase6v2-r03-output-downstream-control-a01,D4-FULL,DOWNSTREAM,0.39963532538084495,5.0,0.31721220966674013,0.0,1.9056158450158618,0.611657228416739,1.2939586165991228,1
phase6v2-r03-output-control-a01,D4-FULL,INPUT,0.5721980410200207,0.6486894557401777,0.5839004608774582,0.0,0.6015959858792188,0.6300442612544623,-0.028448275375243526,1
phase6v2-r03-output-control-a01,D4-FULL,OUTPUT,0.26090002236070803,-0.22513853030696085,-0.18394748228904084,0.4704659284974922,-0.5198612585759235,0.23077835941238797,-0.7506396179883115,3
phase6v2-r03-output-control-a01,D4-FULL,LOAD,-0.6121566007109331,-0.9739047518763064,0.3481337188384517,0.9739047518763064,-1.3865472964592358,0.4265799154150067,-1.8131272118742425,4
phase6v2-r03-output-control-a01,D4-FULL,DOWNSTREAM,0.687246036998119,0.04965053108069719,0.47311364671450895,0.003964333969145415,0.3993724042952963,0.611657228416739,-0.21228482412144267,2
phase6v2-r03-load-medium-a01,D4-FULL,INPUT,-1.3627980588994197,-2.3074367303630963,-2.294900796953419,2.3074367303630963,-4.295815259101741,0.6300442612544623,-4.9258595203562034,4
phase6v2-r03-load-medium-a01,D4-FULL,OUTPUT,-0.09866156982228073,1.763263741929053,-1.1165590371359202,0.0,0.18268104499028404,0.23077835941238797,-0.04809731442210394,2
phase6v2-r03-load-medium-a01,D4-FULL,LOAD,2.9796700630078212,5.0,3.320823975158404,0.0,3.7668313460554086,0.4265799154150067,3.340251430640402,1
phase6v2-r03-load-medium-a01,D4-FULL,DOWNSTREAM,-1.1547429051890554,-0.024713667742592368,-1.388128526305974,0.05761392734613806,-0.913475627092012,0.611657228416739,-1.525132855508751,3
phase6v2-r03-output-downstream-a01,D4-FULL,INPUT,-0.7596213583776705,0.19142765232949313,0.5827476143929067,0.17142857142857143,-0.166577268646995,0.651724523047134,-0.8183017916941291,3
phase6v2-r03-output-downstream-a01,D4-FULL,OUTPUT,0.5943829082192785,3.1245617373643872,-0.23924346120311152,0.0,1.159900394793518,0.15015439395137753,1.0097460008421404,2
phase6v2-r03-output-downstream-a01,D4-FULL,LOAD,1.3617906056791875,-1.0054776031889145,-0.1786443369301609,1.0054776031889145,-0.9462547146688772,0.4265799154150067,-1.3728346300838838,4
phase6v2-r03-output-downstream-a01,D4-FULL,DOWNSTREAM,-0.3398393691732858,5.0,0.8519285803103314,0.0,1.8373630703790151,0.611657228416739,1.2257058419622762,1
phase6v2-r03-input-medium-a01,D4-FULL,INPUT,0.8603498717194814,1.3752439916237618,0.5812051486638832,0.0,0.9389330040023754,0.651724523047134,0.28720848095524143,1
phase6v2-r03-input-medium-a01,D4-FULL,OUTPUT,-0.19820209858859356,-0.5798667108715527,0.08115657326805648,0.5798667108715527,-0.8121707896022493,0.15015439395137753,-0.9623251835536268,4
phase6v2-r03-input-medium-a01,D4-FULL,LOAD,0.145954420873101,0.9890180275102819,-0.11220529084569375,0.0,0.34092238584589635,0.4265799154150067,-0.08565752956911038,2
phase6v2-r03-input-medium-a01,D4-FULL,DOWNSTREAM,0.4094152144437127,0.022736120271349615,0.4826435852218167,0.006490085047613387,0.2984415549313463,0.611657228416739,-0.3132156734853927,3
phase6v2-r03-output-load-a01,D4-FULL,INPUT,-3.1294001474323876,-4.171428571428572,-5.0,4.171428571428572,-8.271704811048892,0.651724523047134,-8.923429334096026,4
phase6v2-r03-output-load-a01,D4-FULL,OUTPUT,0.0889396159275864,5.0,-1.1477510746122628,0.0,1.3137295137717746,0.15015439395137753,1.163575119820397,2
phase6v2-r03-output-load-a01,D4-FULL,LOAD,2.9402963055867035,2.10171926552604,2.7909085084667837,0.0,2.610974693193176,0.4265799154150067,2.184394777778169,1
phase6v2-r03-output-load-a01,D4-FULL,DOWNSTREAM,-2.982873185063689,-0.08241338347727414,-0.404470866572472,0.08241338347727414,-1.2389991951817525,0.611657228416739,-1.8506564235984915,3
phase6v2-r03-input-downstream-a01,D4-FULL,INPUT,0.4075227337415981,1.2129762129188393,0.5824622406217186,0.003770583462745925,0.7305498122979728,0.651724523047134,0.07882528925083876,2
phase6v2-r03-input-downstream-a01,D4-FULL,OUTPUT,0.21415518990086893,-0.5970285516307682,0.22667707808037557,0.5970285516307682,-0.6490939795139428,0.15015439395137753,-0.7992483734653203,4
phase6v2-r03-input-downstream-a01,D4-FULL,LOAD,0.5590834197301567,0.9495881090761198,-0.7943871772999259,0.0,0.23809478383545024,0.4265799154150067,-0.1884851315795565,3
phase6v2-r03-input-downstream-a01,D4-FULL,DOWNSTREAM,0.4587662887454007,5.0,0.5132693781840623,0.0,1.9906785556431543,0.611657228416739,1.3790213272264153,1
phase6v2-r03-input-load-a01,D4-FULL,INPUT,-2.7403356464887847,-2.9435131635735687,-4.795365357519389,3.9435131635735687,-7.436584552767482,0.651724523047134,-8.088309075814616,4
phase6v2-r03-input-load-a01,D4-FULL,OUTPUT,0.04098767902126913,3.1934126664948033,-2.4310170615499125,0.0,0.26779442798872005,0.15015439395137753,0.11764003403734252,2
phase6v2-r03-input-load-a01,D4-FULL,LOAD,2.9917974234602207,2.838441424283162,3.6023379526273036,0.0,3.144192266790229,0.4265799154150067,2.717612351375222,1
phase6v2-r03-input-load-a01,D4-FULL,DOWNSTREAM,-2.7703483888894778,-0.07447905661100793,-1.2033010740669248,0.07447905661100793,-1.4238552298001448,0.611657228416739,-2.0355124582168838,3
phase6v2-r03-baseline-a01,D4-FULL,INPUT,0.6062900970639687,0.7466155484688304,0.5811784213703208,0.0,0.6446946889677067,0.651724523047134,-0.007029834079427366,1
phase6v2-r03-baseline-a01,D4-FULL,OUTPUT,0.09284876170092336,-0.5934379034938829,0.1520839751914473,0.5934379034938829,-0.7096062923610537,0.15015439395137753,-0.8597606863124312,4
phase6v2-r03-baseline-a01,D4-FULL,LOAD,-0.5567075559534975,1.0077401976770373,0.4810817962196689,0.0,0.31070481264773625,0.4265799154150067,-0.11587510276727048,2
phase6v2-r03-baseline-a01,D4-FULL,DOWNSTREAM,0.659618247015271,0.0345494296030538,0.08022461718221696,0.004471816585669852,0.2536589480145108,0.611657228416739,-0.3579982804022282,3
phase6v2-r03-downstream-medium-a01,D4-FULL,INPUT,0.4518845551727931,0.5878072783069668,0.5807393190044656,0.0,0.5401437174947418,0.651724523047134,-0.11158080555239225,2
phase6v2-r03-downstream-medium-a01,D4-FULL,OUTPUT,0.12371339527142064,-0.5850880526927157,0.4940572156162887,0.5850880526927157,-0.5741938666277178,0.15015439395137753,-0.7243482605790953,4
phase6v2-r03-downstream-medium-a01,D4-FULL,LOAD,0.21066792586973934,0.9648043008307804,-0.45919111881130376,0.0,0.23876036929640532,0.4265799154150067,-0.1878195461186014,3
phase6v2-r03-downstream-medium-a01,D4-FULL,DOWNSTREAM,0.4907762725541907,5.0,-0.8839508527826785,0.0,1.5356084732571709,0.611657228416739,0.9239512448404319,1
phase6v2-r03-output-load-control-a01,D4-FULL,INPUT,-0.33070517062743054,-0.9703764865580087,-0.8343182838249448,0.9703764865580087,-1.6821764668948034,0.651724523047134,-2.333900989941937,4
phase6v2-r03-output-load-control-a01,D4-FULL,OUTPUT,-0.5003627078951416,0.7436671654837728,-1.2482597138469274,0.0,-0.33498508541943206,0.15015439395137753,-0.4851394793708096,2
phase6v2-r03-output-load-control-a01,D4-FULL,LOAD,2.8722693878435184,5.0,2.2386070319229767,0.0,3.370292139922165,0.4265799154150067,2.9437122245071583,1
phase6v2-r03-output-load-control-a01,D4-FULL,DOWNSTREAM,-0.6918331539862348,-0.08107746058483756,-0.6108282198546788,0.08107746058483756,-0.5423237387267547,0.611657228416739,-1.1539809671434935,3
phase6v2-r03-output-medium-a01,D4-FULL,INPUT,-0.5018164365072226,0.3543803444720612,0.5802407773000602,0.17142857142857143,-0.02716034300693851,0.651724523047134,-0.6788848660540725,3
phase6v2-r03-output-medium-a01,D4-FULL,OUTPUT,0.5704351658848337,3.079700210728877,0.35509247682614237,0.0,1.3350759511466175,0.15015439395137753,1.1849215571952398,1
phase6v2-r03-output-medium-a01,D4-FULL,LOAD,0.4051734956382294,-0.9970815971148194,0.48206606458339385,0.9970815971148194,-1.0336956094125513,0.4265799154150067,-1.460275524827558,4
phase6v2-r03-output-medium-a01,D4-FULL,DOWNSTREAM,-0.04864701527196178,0.010774719179765375,1.4730409827767392,0.015214203623417083,0.46317535860476383,0.611657228416739,-0.14848186981197514,2
phase6v2-r03-load-downstream-a01,D4-FULL,INPUT,-1.3114306004102687,-1.6382752737506088,-2.193138244130157,1.8668467023220372,-3.581128075085715,0.651724523047134,-4.232852598132849,4
phase6v2-r03-load-downstream-a01,D4-FULL,OUTPUT,-0.02187619690835239,1.3191479972162223,-0.65598017457225,0.0,0.21376387524520668,0.15015439395137753,0.06360948129382915,3
phase6v2-r03-load-downstream-a01,D4-FULL,LOAD,2.9618863806434694,5.0,3.666795719782293,0.0,3.8762273668085876,0.4265799154150067,3.449647451393581,1
phase6v2-r03-load-downstream-a01,D4-FULL,DOWNSTREAM,-1.1686728532574366,5.0,4.447900807015128,0.0,2.759742651252564,0.611657228416739,2.148085422835825,2
phase6v2-r03-output-downstream-control-a01,D4-FULL,INPUT,0.2737230598151634,0.1734040463987638,0.5804377899988806,0.17142857142857143,0.17109306064236451,0.651724523047134,-0.4806314624047695,3
phase6v2-r03-output-downstream-control-a01,D4-FULL,OUTPUT,0.3167738448987768,0.24716214652953655,-0.5376560407333949,0.17967355502359905,-0.17091357145862626,0.15015439395137753,-0.3210679654100038,2
phase6v2-r03-output-downstream-control-a01,D4-FULL,LOAD,0.3745230163503798,-0.9887557813923833,-0.0823056025420696,0.9887557813923833,-1.220935237253741,0.4265799154150067,-1.6475151526687477,4
phase6v2-r03-output-downstream-control-a01,D4-FULL,DOWNSTREAM,0.39963532538084495,5.0,0.31721220966674013,0.0,1.9056158450158618,0.611657228416739,1.2939586165991228,1
phase6v2-r03-output-control-a01,D4-FULL,INPUT,0.5721980410200207,0.3475229931635707,0.5839004608774582,0.17142857142857143,0.32977859359177847,0.651724523047134,-0.32194592945535555,2
phase6v2-r03-output-control-a01,D4-FULL,OUTPUT,0.26090002236070803,-0.18011082424556868,-0.18394748228904084,0.37637274279799376,-0.4107588375226276,0.15015439395137753,-0.5609132314740051,3
phase6v2-r03-output-control-a01,D4-FULL,LOAD,-0.6121566007109331,-0.9739047518763064,0.3481337188384517,0.9739047518763064,-1.3865472964592358,0.4265799154150067,-1.8131272118742425,4
phase6v2-r03-output-control-a01,D4-FULL,DOWNSTREAM,0.687246036998119,0.04965053108069719,0.47311364671450895,0.003964333969145415,0.3993724042952963,0.611657228416739,-0.21228482412144267,1
phase6v2-r03-load-medium-a01,D4-FULL,INPUT,-1.3627980588994197,-1.6173779557190486,-2.294900796953419,1.845949384290477,-3.6043083214811062,0.651724523047134,-4.2560328445282405,4
phase6v2-r03-load-medium-a01,D4-FULL,OUTPUT,-0.09866156982228073,1.4106109935432425,-1.1165590371359202,0.0,0.0651301288616805,0.15015439395137753,-0.08502426508969703,2
phase6v2-r03-load-medium-a01,D4-FULL,LOAD,2.9796700630078212,5.0,3.320823975158404,0.0,3.7668313460554086,0.4265799154150067,3.340251430640402,1
phase6v2-r03-load-medium-a01,D4-FULL,DOWNSTREAM,-1.1547429051890554,-0.024713667742592368,-1.388128526305974,0.05761392734613806,-0.913475627092012,0.611657228416739,-1.525132855508751,3
phase6v2-r04-input-load-a01,D4-S,INPUT,-2.3340780834009087,,,0.0,-2.3340780834009087,0.6166136912126023,-2.950691774613511,3
phase6v2-r04-input-load-a01,D4-S,OUTPUT,-0.13858133011954685,,,0.0,-0.13858133011954685,0.28799633102187083,-0.4265776611414177,2
phase6v2-r04-input-load-a01,D4-S,LOAD,3.1501626734924457,,,0.0,3.1501626734924457,0.5863194823001924,2.5638431911922535,1
phase6v2-r04-input-load-a01,D4-S,DOWNSTREAM,-2.874142139646724,,,0.0,-2.874142139646724,0.7045705877019018,-3.5787127273486257,4
phase6v2-r04-output-load-a01,D4-S,INPUT,-2.809208493347389,,,0.0,-2.809208493347389,0.6166136912126023,-3.4258221845599914,3
phase6v2-r04-output-load-a01,D4-S,OUTPUT,0.02048648332189451,,,0.0,0.02048648332189451,0.28799633102187083,-0.2675098476999763,2
phase6v2-r04-output-load-a01,D4-S,LOAD,2.9921982071723994,,,0.0,2.9921982071723994,0.5863194823001924,2.405878724872207,1
phase6v2-r04-output-load-a01,D4-S,DOWNSTREAM,-3.0062962049792983,,,0.0,-3.0062962049792983,0.7045705877019018,-3.7108667926812,4
phase6v2-r04-downstream-medium-a01,D4-S,INPUT,0.5365147128421053,,,0.0,0.5365147128421053,0.6166136912126023,-0.08009897837049706,1
phase6v2-r04-downstream-medium-a01,D4-S,OUTPUT,0.1437438667425655,,,0.0,0.1437438667425655,0.28799633102187083,-0.14425246427930533,2
phase6v2-r04-downstream-medium-a01,D4-S,LOAD,0.17166388790751172,,,0.0,0.17166388790751172,0.5863194823001924,-0.4146555943926806,4
phase6v2-r04-downstream-medium-a01,D4-S,DOWNSTREAM,0.526950727228786,,,0.0,0.526950727228786,0.7045705877019018,-0.17761986047311584,3
phase6v2-r04-output-control-a01,D4-S,INPUT,0.8660045481040736,,,0.0,0.8660045481040736,0.6166136912126023,0.24939085689147122,1
phase6v2-r04-output-control-a01,D4-S,OUTPUT,-0.12572334447966402,,,0.0,-0.12572334447966402,0.28799633102187083,-0.4137196755015349,3
phase6v2-r04-output-control-a01,D4-S,LOAD,-0.2228316032469951,,,0.0,-0.2228316032469951,0.5863194823001924,-0.8091510855471875,4
phase6v2-r04-output-control-a01,D4-S,DOWNSTREAM,0.45052769012622385,,,0.0,0.45052769012622385,0.7045705877019018,-0.254042897575678,2
phase6v2-r04-output-load-control-a01,D4-S,INPUT,-0.1427637054899386,,,0.0,-0.1427637054899386,0.6166136912126023,-0.759377396702541,2
phase6v2-r04-output-load-control-a01,D4-S,OUTPUT,-0.5862710230495694,,,0.0,-0.5862710230495694,0.28799633102187083,-0.8742673540714402,3
phase6v2-r04-output-load-control-a01,D4-S,LOAD,2.620495708470729,,,0.0,2.620495708470729,0.5863194823001924,2.034176226170537,1
phase6v2-r04-output-load-control-a01,D4-S,DOWNSTREAM,-0.5637889599509964,,,0.0,-0.5637889599509964,0.7045705877019018,-1.2683595476528984,4
phase6v2-r04-output-downstream-control-a01,D4-S,INPUT,0.43445225243881386,,,0.0,0.43445225243881386,0.6166136912126023,-0.1821614387737885,2
phase6v2-r04-output-downstream-control-a01,D4-S,OUTPUT,0.257370610913539,,,0.0,0.257370610913539,0.28799633102187083,-0.03062572010833181,1
phase6v2-r04-output-downstream-control-a01,D4-S,LOAD,0.18303911852511487,,,0.0,0.18303911852511487,0.5863194823001924,-0.4032803637750775,4
phase6v2-r04-output-downstream-control-a01,D4-S,DOWNSTREAM,0.5050064273333961,,,0.0,0.5050064273333961,0.7045705877019018,-0.19956416036850577,3
phase6v2-r04-baseline-a01,D4-S,INPUT,0.6722367792325254,,,0.0,0.6722367792325254,0.6166136912126023,0.055623088019923106,2
phase6v2-r04-baseline-a01,D4-S,OUTPUT,0.2227743920638677,,,0.0,0.2227743920638677,0.28799633102187083,-0.06522193895800313,3
phase6v2-r04-baseline-a01,D4-S,LOAD,-0.6985980047214266,,,0.0,-0.6985980047214266,0.5863194823001924,-1.2849174870216191,4
phase6v2-r04-baseline-a01,D4-S,DOWNSTREAM,0.764003972503765,,,0.0,0.764003972503765,0.7045705877019018,0.05943338480186311,1
phase6v2-r04-input-medium-a01,D4-S,INPUT,0.5684256175823477,,,0.0,0.5684256175823477,0.6166136912126023,-0.04818807363025468,1
phase6v2-r04-input-medium-a01,D4-S,OUTPUT,0.0036761407357945547,,,0.0,0.0036761407357945547,0.28799633102187083,-0.2843201902860763,3
phase6v2-r04-input-medium-a01,D4-S,LOAD,-0.0735022024671299,,,0.0,-0.0735022024671299,0.5863194823001924,-0.6598216847673223,4
phase6v2-r04-input-medium-a01,D4-S,DOWNSTREAM,0.5240093090133473,,,0.0,0.5240093090133473,0.7045705877019018,-0.18056127868855454,2
phase6v2-r04-input-downstream-a01,D4-S,INPUT,0.3514221604247791,,,0.0,0.3514221604247791,0.6166136912126023,-0.26519153078782326,3
phase6v2-r04-input-downstream-a01,D4-S,OUTPUT,0.12325930542962359,,,0.0,0.12325930542962359,0.28799633102187083,-0.16473702559224723,2
phase6v2-r04-input-downstream-a01,D4-S,LOAD,0.6046593260681328,,,0.0,0.6046593260681328,0.5863194823001924,0.0183398437679404,1
phase6v2-r04-input-downstream-a01,D4-S,DOWNSTREAM,0.4079119024613398,,,0.0,0.4079119024613398,0.7045705877019018,-0.29665868524056205,4
phase6v2-r04-output-downstream-a01,D4-S,INPUT,-0.6027028366624667,,,0.0,-0.6027028366624667,0.6166136912126023,-1.219316527875069,4
phase6v2-r04-output-downstream-a01,D4-S,OUTPUT,0.6154707195442182,,,0.0,0.6154707195442182,0.28799633102187083,0.32747438852234734,2
phase6v2-r04-output-downstream-a01,D4-S,LOAD,1.2502841304212329,,,0.0,1.2502841304212329,0.5863194823001924,0.6639646481210405,1
phase6v2-r04-output-downstream-a01,D4-S,DOWNSTREAM,-0.2634255533117443,,,0.0,-0.2634255533117443,0.7045705877019018,-0.9679961410136462,3
phase6v2-r04-load-medium-a01,D4-S,INPUT,-1.1937644789719557,,,0.0,-1.1937644789719557,0.6166136912126023,-1.810378170184558,4
phase6v2-r04-load-medium-a01,D4-S,OUTPUT,-0.06414936789531746,,,0.0,-0.06414936789531746,0.28799633102187083,-0.3521456989171883,2
phase6v2-r04-load-medium-a01,D4-S,LOAD,2.9462087041394143,,,0.0,2.9462087041394143,0.5863194823001924,2.359889221839222,1
phase6v2-r04-load-medium-a01,D4-S,DOWNSTREAM,-1.0946428308482887,,,0.0,-1.0946428308482887,0.7045705877019018,-1.7992134185501905,3
phase6v2-r04-load-downstream-a01,D4-S,INPUT,-1.0753678781171225,,,0.0,-1.0753678781171225,0.6166136912126023,-1.6919815693297249,3
phase6v2-r04-load-downstream-a01,D4-S,OUTPUT,-0.034678965468135266,,,0.0,-0.034678965468135266,0.28799633102187083,-0.3226752964900061,2
phase6v2-r04-load-downstream-a01,D4-S,LOAD,2.9725231544693065,,,0.0,2.9725231544693065,0.5863194823001924,2.386203672169114,1
phase6v2-r04-load-downstream-a01,D4-S,DOWNSTREAM,-1.1747406424848703,,,0.0,-1.1747406424848703,0.7045705877019018,-1.8793112301867723,4
phase6v2-r04-output-medium-a01,D4-S,INPUT,-0.6077582724106192,,,0.0,-0.6077582724106192,0.6166136912126023,-1.2243719636232215,4
phase6v2-r04-output-medium-a01,D4-S,OUTPUT,0.6300968264759129,,,0.0,0.6300968264759129,0.28799633102187083,0.3421004954540421,1
phase6v2-r04-output-medium-a01,D4-S,LOAD,0.5345213265009916,,,0.0,0.5345213265009916,0.5863194823001924,-0.051798155799200774,2
phase6v2-r04-output-medium-a01,D4-S,DOWNSTREAM,-0.14399764362516068,,,0.0,-0.14399764362516068,0.7045705877019018,-0.8485682313270625,3
phase6v2-r04-input-load-a01,D4-SM,INPUT,-2.3340780834009087,-4.927979830286687,,0.0,-3.6310289568437977,0.6340852571093971,-4.265114213953195,4
phase6v2-r04-input-load-a01,D4-SM,OUTPUT,-0.13858133011954685,3.9798794218210953,,0.0,1.9206490458507743,0.7811828820517667,1.1394661637990078,2
phase6v2-r04-input-load-a01,D4-SM,LOAD,3.1501626734924457,2.880560180990184,,0.0,3.0153614272413147,0.5859047999099277,2.429456627331387,1
phase6v2-r04-input-load-a01,D4-SM,DOWNSTREAM,-2.874142139646724,-0.07062567424589064,,0.0,-1.4723839069463074,0.37141336600116964,-1.843797272947477,3
phase6v2-r04-output-load-a01,D4-SM,INPUT,-2.809208493347389,-5.0,,0.0,-3.9046042466736948,0.6340852571093971,-4.538689503783091,4
phase6v2-r04-output-load-a01,D4-SM,OUTPUT,0.02048648332189451,5.0,,0.0,2.5102432416609473,0.7811828820517667,1.7290603596091807,2
phase6v2-r04-output-load-a01,D4-SM,LOAD,2.9921982071723994,2.2696018240962803,,0.0,2.6309000156343396,0.5859047999099277,2.044995215724412,1
phase6v2-r04-output-load-a01,D4-SM,DOWNSTREAM,-3.0062962049792983,-0.06789934683369724,,0.0,-1.5370977759064977,0.37141336600116964,-1.9085111419076672,3
phase6v2-r04-downstream-medium-a01,D4-SM,INPUT,0.5365147128421053,0.46245552138854573,,0.0,0.4994851171153255,0.6340852571093971,-0.1346001399940716,3
phase6v2-r04-downstream-medium-a01,D4-SM,OUTPUT,0.1437438667425655,-0.81588979967653,,0.0,-0.33607296646698226,0.7811828820517667,-1.117255848518749,4
phase6v2-r04-downstream-medium-a01,D4-SM,LOAD,0.17166388790751172,0.9707214606359575,,0.0,0.5711926742717346,0.5859047999099277,-0.01471212563819313,2
phase6v2-r04-downstream-medium-a01,D4-SM,DOWNSTREAM,0.526950727228786,5.0,,0.0,2.763475363614393,0.37141336600116964,2.392061997613223,1
phase6v2-r04-output-control-a01,D4-SM,INPUT,0.8660045481040736,0.6447239653179396,,0.0,0.7553642567110066,0.6340852571093971,0.12127899960160948,1
phase6v2-r04-output-control-a01,D4-SM,OUTPUT,-0.12572334447966402,-0.13012200488250533,,0.0,-0.12792267468108467,0.7811828820517667,-0.9091055567328513,3
phase6v2-r04-output-control-a01,D4-SM,LOAD,-0.2228316032469951,-0.974584845813151,,0.0,-0.598708224530073,0.5859047999099277,-1.1846130244400008,4
phase6v2-r04-output-control-a01,D4-SM,DOWNSTREAM,0.45052769012622385,0.05187281336315079,,0.0,0.2512002517446873,0.37141336600116964,-0.12021311425648235,2
phase6v2-r04-output-load-control-a01,D4-SM,INPUT,-0.1427637054899386,-0.7088999482879607,,0.0,-0.4258318268889496,0.6340852571093971,-1.0599170839983467,4
phase6v2-r04-output-load-control-a01,D4-SM,OUTPUT,-0.5862710230495694,0.6980964088122216,,0.0,0.05591269288132611,0.7811828820517667,-0.7252701891704405,3
phase6v2-r04-output-load-control-a01,D4-SM,LOAD,2.620495708470729,5.0,,0.0,3.8102478542353646,0.5859047999099277,3.2243430543254368,1
phase6v2-r04-output-load-control-a01,D4-SM,DOWNSTREAM,-0.5637889599509964,-0.057387367464410234,,0.0,-0.3105881637077033,0.37141336600116964,-0.682001529708873,2
phase6v2-r04-output-downstream-control-a01,D4-SM,INPUT,0.43445225243881386,0.44830695517216373,,0.0,0.4413796038054888,0.6340852571093971,-0.19270565330390832,2
phase6v2-r04-output-downstream-control-a01,D4-SM,OUTPUT,0.257370610913539,-0.24202594663367136,,0.0,0.007672332139933832,0.7811828820517667,-0.7735105499118329,3
phase6v2-r04-output-downstream-control-a01,D4-SM,LOAD,0.18303911852511487,-0.993771420240939,,0.0,-0.40536615085791206,0.5859047999099277,-0.9912709507678398,4
phase6v2-r04-output-downstream-control-a01,D4-SM,DOWNSTREAM,0.5050064273333961,5.0,,0.0,2.752503213666698,0.37141336600116964,2.3810898476655282,1
phase6v2-r04-baseline-a01,D4-SM,INPUT,0.6722367792325254,0.6629859537715737,,0.0,0.6676113665020496,0.6340852571093971,0.03352610939265244,2
phase6v2-r04-baseline-a01,D4-SM,OUTPUT,0.2227743920638677,-0.8448469151861699,,0.0,-0.3110362615611511,0.7811828820517667,-1.0922191436129178,4
phase6v2-r04-baseline-a01,D4-SM,LOAD,-0.6985980047214266,1.0121892635401326,,0.0,0.156795629409353,0.5859047999099277,-0.42910917050057473,3
phase6v2-r04-baseline-a01,D4-SM,DOWNSTREAM,0.764003972503765,0.10185348584128606,,0.0,0.4329287291725255,0.37141336600116964,0.061515363171355864,1
phase6v2-r04-input-medium-a01,D4-SM,INPUT,0.5684256175823477,0.47281206653825814,,0.0,0.5206188420603028,0.6340852571093971,-0.11346641504909427,2
phase6v2-r04-input-medium-a01,D4-SM,OUTPUT,0.0036761407357945547,-0.7697404768598195,,0.0,-0.38303216806201246,0.7811828820517667,-1.1642150501137791,4
phase6v2-r04-input-medium-a01,D4-SM,LOAD,-0.0735022024671299,0.9915815128437322,,0.0,0.45903965518830114,0.5859047999099277,-0.12686514472162658,3
phase6v2-r04-input-medium-a01,D4-SM,DOWNSTREAM,0.5240093090133473,0.028173004746421114,,0.0,0.2760911568798842,0.37141336600116964,-0.09532220912128542,1
phase6v2-r04-input-downstream-a01,D4-SM,INPUT,0.3514221604247791,0.27302776430961634,,0.0,0.3122249623671977,0.6340852571093971,-0.3218602947421994,3
phase6v2-r04-input-downstream-a01,D4-SM,OUTPUT,0.12325930542962359,-0.7745023674714895,,0.0,-0.32562153102093294,0.7811828820517667,-1.1068044130726995,4
phase6v2-r04-input-downstream-a01,D4-SM,LOAD,0.6046593260681328,0.9491704622382839,,0.0,0.7769148941532084,0.5859047999099277,0.19101009424328064,2
phase6v2-r04-input-downstream-a01,D4-SM,DOWNSTREAM,0.4079119024613398,5.0,,0.0,2.70395595123067,0.37141336600116964,2.3325425852295,1
phase6v2-r04-output-downstream-a01,D4-SM,INPUT,-0.6027028366624667,0.46475961746968275,,0.0,-0.06897160959639198,0.6340852571093971,-0.703056866705789,4
phase6v2-r04-output-downstream-a01,D4-SM,OUTPUT,0.6154707195442182,2.617326949449413,,0.0,1.6163988344968157,0.7811828820517667,0.835215952445049,2
phase6v2-r04-output-downstream-a01,D4-SM,LOAD,1.2502841304212329,-1.0077840635465027,,0.0,0.12125003343736507,0.5859047999099277,-0.46465476647256265,3
phase6v2-r04-output-downstream-a01,D4-SM,DOWNSTREAM,-0.2634255533117443,5.0,,0.0,2.3682872233441277,0.37141336600116964,1.996873857342958,1
phase6v2-r04-load-medium-a01,D4-SM,INPUT,-1.1937644789719557,-2.2509420441309747,,0.0,-1.7223532615514652,0.6340852571093971,-2.3564385186608625,4
phase6v2-r04-load-medium-a01,D4-SM,OUTPUT,-0.06414936789531746,1.7164031241419186,,0.0,0.8261268781233005,0.7811828820517667,0.044943996071533876,2
phase6v2-r04-load-medium-a01,D4-SM,LOAD,2.9462087041394143,5.0,,0.0,3.973104352069707,0.5859047999099277,3.387199552159779,1
phase6v2-r04-load-medium-a01,D4-SM,DOWNSTREAM,-1.0946428308482887,-0.0737623004583237,,0.0,-0.5842025656533062,0.37141336600116964,-0.9556159316544759,3
phase6v2-r04-load-downstream-a01,D4-SM,INPUT,-1.0753678781171225,-2.3195168796552106,,0.0,-1.6974423788861666,0.6340852571093971,-2.3315276359955637,4
phase6v2-r04-load-downstream-a01,D4-SM,OUTPUT,-0.034678965468135266,1.5918975547376926,,0.0,0.7786092946347787,0.7811828820517667,-0.002573587416987988,3
phase6v2-r04-load-downstream-a01,D4-SM,LOAD,2.9725231544693065,5.0,,0.0,3.9862615772346532,0.5859047999099277,3.4003567773247254,1
phase6v2-r04-load-downstream-a01,D4-SM,DOWNSTREAM,-1.1747406424848703,5.0,,0.0,1.9126296787575647,0.37141336600116964,1.5412163127563951,2
phase6v2-r04-output-medium-a01,D4-SM,INPUT,-0.6077582724106192,0.6554656249897287,,0.0,0.02385367628955476,0.6340852571093971,-0.6102315808198424,3
phase6v2-r04-output-medium-a01,D4-SM,OUTPUT,0.6300968264759129,2.6516278352814413,,0.0,1.6408623308786772,0.7811828820517667,0.8596794488269105,1
phase6v2-r04-output-medium-a01,D4-SM,LOAD,0.5345213265009916,-1.0043340952104545,,0.0,-0.23490638435473143,0.5859047999099277,-0.8208111842646592,4
phase6v2-r04-output-medium-a01,D4-SM,DOWNSTREAM,-0.14399764362516068,-0.00271194355496161,,0.0,-0.07335479359006114,0.37141336600116964,-0.4447681595912308,2
phase6v2-r04-input-load-a01,D4-SMT,INPUT,0.0674971450288378,0.0,0.0,0.0,0.022499048342945933,0.6287090680391136,-0.6062100196961677,3
phase6v2-r04-input-load-a01,D4-SMT,OUTPUT,1.4285714285714286,3.9798794218210953,0.0,0.0,1.8028169501308413,0.8504074078996255,0.9524095422312158,2
phase6v2-r04-input-load-a01,D4-SMT,LOAD,3.1853009526083698,2.880560180990184,3.3548124708881377,0.0,3.1402245348288975,0.5348408003916844,2.605383734437213,1
phase6v2-r04-input-load-a01,D4-SMT,DOWNSTREAM,0.0,0.0,0.0,0.0,0.0,0.6125051471607547,-0.6125051471607547,4
phase6v2-r04-output-load-a01,D4-SMT,INPUT,0.0,0.0,0.0,0.0,0.0,0.6287090680391136,-0.6287090680391136,4
phase6v2-r04-output-load-a01,D4-SMT,OUTPUT,1.5476023628371098,5.0,0.0,0.0,2.182534120945703,0.8504074078996255,1.3321267130460777,2
phase6v2-r04-output-load-a01,D4-SMT,LOAD,3.247531654035634,2.2696018240962803,3.4464280816195667,0.0,2.9878538532504937,0.5348408003916844,2.453013052858809,1
phase6v2-r04-output-load-a01,D4-SMT,DOWNSTREAM,0.07157072449486782,0.0005983317382877323,0.0,0.0,0.024056352077718515,0.6125051471607547,-0.5884487950830362,3
phase6v2-r04-downstream-medium-a01,D4-SMT,INPUT,0.5365147128421053,0.46245552138854573,0.5805223955783465,0.0,0.5264975432696658,0.6287090680391136,-0.10221152476944784,3
phase6v2-r04-downstream-medium-a01,D4-SMT,OUTPUT,0.24648255258972926,0.0,0.37060172127107444,0.0,0.20569475795360123,0.8504074078996255,-0.6447126499460243,4
phase6v2-r04-downstream-medium-a01,D4-SMT,LOAD,0.349360280636933,0.9707214606359575,0.021602492109848048,0.0,0.44722807779424617,0.5348408003916844,-0.08761272259743819,2
phase6v2-r04-downstream-medium-a01,D4-SMT,DOWNSTREAM,0.526950727228786,5.0,0.11968555777950791,0.0,1.8822120950027645,0.6125051471607547,1.26970694784201,1
phase6v2-r04-output-control-a01,D4-SMT,INPUT,0.872561953168066,0.6447239653179396,0.5769555106817685,0.0,0.6980804763892582,0.6287090680391136,0.06937140835014455,1
phase6v2-r04-output-control-a01,D4-SMT,OUTPUT,0.43055737470877775,0.3257926085755698,0.5395159212125827,0.0,0.43195530149897676,0.8504074078996255,-0.4184521064006488,4
phase6v2-r04-output-control-a01,D4-SMT,LOAD,0.32530116699952016,0.0,0.03179014800262825,0.0,0.11903043833404947,0.5348408003916844,-0.4158103620576349,3
phase6v2-r04-output-control-a01,D4-SMT,DOWNSTREAM,0.6319670941644182,0.05187281336315079,0.0,0.0,0.22794663584252298,0.6125051471607547,-0.3845585113182317,2
phase6v2-r04-output-load-control-a01,D4-SMT,INPUT,0.3302805685189275,0.0,0.0,0.0,0.11009352283964251,0.6287090680391136,-0.5186155451994712,3
phase6v2-r04-output-load-control-a01,D4-SMT,OUTPUT,0.19218842077525822,0.6980964088122216,0.0,0.0,0.2967616098624933,0.8504074078996255,-0.5536457980371323,4
phase6v2-r04-output-load-control-a01,D4-SMT,LOAD,2.621858852241024,5.0,3.3333333333333335,0.0,3.651730728524786,0.5348408003916844,3.1168899281331015,1
phase6v2-r04-output-load-control-a01,D4-SMT,DOWNSTREAM,0.04675038595260164,0.0,0.5575817475932372,0.0,0.2014440445152796,0.6125051471607547,-0.411061102645475,2
phase6v2-r04-output-downstream-control-a01,D4-SMT,INPUT,0.4713980581388093,0.44830695517216373,0.5847308823744845,0.0,0.5014786318951524,0.6287090680391136,-0.12723043614396123,2
phase6v2-r04-output-downstream-control-a01,D4-SMT,OUTPUT,0.3605876569152865,0.24290117566646222,0.31074396020825834,0.0,0.3047442642633357,0.8504074078996255,-0.5456631436362899,4
phase6v2-r04-output-downstream-control-a01,D4-SMT,LOAD,0.3592594890393067,0.0,0.0,0.0,0.11975316301310224,0.5348408003916844,-0.4150876373785821,3
phase6v2-r04-output-downstream-control-a01,D4-SMT,DOWNSTREAM,0.5050064273333961,5.0,3.8886022341348063,0.0,3.1312028871560678,0.6125051471607547,2.518697739995313,1
phase6v2-r04-baseline-a01,D4-SMT,INPUT,0.7207873572357246,0.6629859537715737,0.5785801023036509,0.0,0.6541178044369831,0.6287090680391136,0.025408736397869447,1
phase6v2-r04-baseline-a01,D4-SMT,OUTPUT,0.46481500472081,0.0,0.5225746830904426,0.0,0.32912989593708425,0.8504074078996255,-0.5212775119625412,4
phase6v2-r04-baseline-a01,D4-SMT,LOAD,0.07638166254274627,1.0121892635401326,0.039660595070648015,0.0,0.37607717371784233,0.5348408003916844,-0.15876362667384203,3
phase6v2-r04-baseline-a01,D4-SMT,DOWNSTREAM,0.764003972503765,0.10185348584128606,0.5153899754217709,0.0,0.4604158112556073,0.6125051471607547,-0.15208933590514734,2
phase6v2-r04-input-medium-a01,D4-SMT,INPUT,0.5684256175823477,0.47281206653825814,0.5831392705275098,0.0,0.5414589848827052,0.6287090680391136,-0.08725008315640848,1
phase6v2-r04-input-medium-a01,D4-SMT,OUTPUT,0.21748342879808233,0.0,0.29728945220189434,0.0,0.17159096033332555,0.8504074078996255,-0.6788164475663,4
phase6v2-r04-input-medium-a01,D4-SMT,LOAD,0.16141611431626438,0.9915815128437322,0.08515323839270846,0.0,0.41271695518423507,0.5348408003916844,-0.12212384520744929,2
phase6v2-r04-input-medium-a01,D4-SMT,DOWNSTREAM,0.5418179869393003,0.028692101747615172,0.6247658158878864,0.0,0.39842530152493394,0.6125051471607547,-0.21407984563582072,3
phase6v2-r04-input-downstream-a01,D4-SMT,INPUT,0.38836796612477453,0.2751245680609893,0.5808632594561207,0.0,0.41478526454729486,0.6287090680391136,-0.21392380349181878,3
phase6v2-r04-input-downstream-a01,D4-SMT,OUTPUT,0.15854785647007769,0.0,0.3955763109881398,0.0,0.18470805581940583,0.8504074078996255,-0.6656993520802197,4
phase6v2-r04-input-downstream-a01,D4-SMT,LOAD,0.6989612763790216,0.9491704622382839,0.00034178154901574187,0.0,0.5494911733887737,0.5348408003916844,0.014650372997089378,2
phase6v2-r04-input-downstream-a01,D4-SMT,DOWNSTREAM,0.4091014697176903,5.0,0.0,0.0,1.80303382323923,0.6125051471607547,1.1905286760784755,1
phase6v2-r04-output-downstream-a01,D4-SMT,INPUT,0.14067128763383988,0.46475961746968275,0.5808721903095553,0.0,0.39543436513769264,0.6287090680391136,-0.233274702901421,4
phase6v2-r04-output-downstream-a01,D4-SMT,OUTPUT,0.6154707195442182,2.617326949449413,0.6650973333102091,0.0,1.29929833410128,0.8504074078996255,0.4488909262016545,2
phase6v2-r04-output-downstream-a01,D4-SMT,LOAD,1.517426474192884,0.0,0.05909382566975438,0.0,0.5255067666208795,0.5348408003916844,-0.009334033770804884,3
phase6v2-r04-output-downstream-a01,D4-SMT,DOWNSTREAM,0.23775148792414608,5.0,0.0,0.0,1.7459171626413819,0.6125051471607547,1.1334120154806273,1
phase6v2-r04-load-medium-a01,D4-SMT,INPUT,0.027349290090451728,0.0,0.0,0.0,0.009116430030150576,0.6287090680391136,-0.619592638008963,4
phase6v2-r04-load-medium-a01,D4-SMT,OUTPUT,0.7663391756756818,1.7164031241419186,0.10171270506750231,0.0,0.8614850016283676,0.8504074078996255,0.011077593728742063,2
phase6v2-r04-load-medium-a01,D4-SMT,LOAD,3.050213083533605,5.0,3.3333333333333335,0.0,3.79451547228898,0.5348408003916844,3.2596746718972955,1
phase6v2-r04-load-medium-a01,D4-SMT,DOWNSTREAM,0.09813188021985599,0.0,0.17745156675837104,0.0,0.09186114899274234,0.6125051471607547,-0.5206439981680123,3
phase6v2-r04-load-downstream-a01,D4-SMT,INPUT,0.11691797621283191,0.0,0.0,0.0,0.03897265873761064,0.6287090680391136,-0.589736409301503,4
phase6v2-r04-load-downstream-a01,D4-SMT,OUTPUT,0.861644496632076,1.5918975547376926,0.08338073305686088,0.0,0.8456409281422098,0.8504074078996255,-0.004766479757415731,3
phase6v2-r04-load-downstream-a01,D4-SMT,LOAD,3.0334082566805205,5.0,3.3333333333333335,0.0,3.7889138633379513,0.5348408003916844,3.254073062946267,1
phase6v2-r04-load-downstream-a01,D4-SMT,DOWNSTREAM,0.1133432639197738,5.0,0.2598972769006698,0.0,1.7910801802734813,0.6125051471607547,1.1785750331127267,2
phase6v2-r04-output-medium-a01,D4-SMT,INPUT,0.12428394482349753,0.6554656249897287,0.5757008384722804,0.0,0.4518168027618355,0.6287090680391136,-0.17689226527727814,3
phase6v2-r04-output-medium-a01,D4-SMT,OUTPUT,0.6300968264759129,2.6516278352814413,0.47390131472952846,0.0,1.2518753254956276,0.8504074078996255,0.4014679175960021,1
phase6v2-r04-output-medium-a01,D4-SMT,LOAD,1.0370465516777059,0.0,0.10012802071745151,0.0,0.3790581907983858,0.5348408003916844,-0.15578260959329854,2
phase6v2-r04-output-medium-a01,D4-SMT,DOWNSTREAM,0.32127691396887353,0.015481055398816373,0.3885815169837296,0.0,0.24177982878380652,0.6125051471607547,-0.3707253183769481,4
phase6v2-r04-input-load-a01,D4-FULL,INPUT,-2.3340780834009087,-4.927979830286687,-4.759533921282198,4.927979830286687,-8.935177108609953,0.6157670135979821,-9.550944122207934,4
phase6v2-r04-input-load-a01,D4-FULL,OUTPUT,-0.13858133011954685,3.9798794218210953,-2.8013256534543975,0.0,0.34665747941571706,0.22407070376199797,0.12258677565371909,2
phase6v2-r04-input-load-a01,D4-FULL,LOAD,3.1501626734924457,2.880560180990184,3.133260174903276,0.0,3.0546610097953018,0.41543378221300353,2.6392272275822983,1
phase6v2-r04-input-load-a01,D4-FULL,DOWNSTREAM,-2.874142139646724,-0.07062567424589064,-1.2372723175255693,0.07062567424589064,-1.4646390513852852,0.6067773259244764,-2.0714163773097614,3
phase6v2-r04-output-load-a01,D4-FULL,INPUT,-2.809208493347389,-5.0,-5.0,5.0,-9.26973616444913,0.6157670135979821,-9.885503178047111,4
phase6v2-r04-output-load-a01,D4-FULL,OUTPUT,0.02048648332189451,5.0,-3.658568179792068,0.0,0.45397276784327545,0.22407070376199797,0.22990206408127747,2
phase6v2-r04-output-load-a01,D4-FULL,LOAD,2.9921982071723994,2.2696018240962803,3.4096776820686667,0.0,2.8904925711124485,0.41543378221300353,2.475058788899445,1
phase6v2-r04-output-load-a01,D4-FULL,DOWNSTREAM,-3.0062962049792983,-0.06789934683369724,-1.933298089019016,0.06849767857198497,-1.7376622255159888,0.6067773259244764,-2.3444395514404652,3
phase6v2-r04-downstream-medium-a01,D4-FULL,INPUT,0.5365147128421053,0.46245552138854573,0.5805223955783465,0.0,0.5264975432696658,0.6157670135979821,-0.08926947032831634,3
phase6v2-r04-downstream-medium-a01,D4-FULL,OUTPUT,0.1437438667425655,-0.81588979967653,0.34928352190500256,0.81588979967653,-0.9235106033528506,0.22407070376199797,-1.1475813071148486,4
phase6v2-r04-downstream-medium-a01,D4-FULL,LOAD,0.17166388790751172,0.9707214606359575,-0.13004866763627945,0.0,0.33744556030239653,0.41543378221300353,-0.077988221910607,2
phase6v2-r04-downstream-medium-a01,D4-FULL,DOWNSTREAM,0.526950727228786,5.0,-0.35874416716420754,0.0,1.7227355200215262,0.6067773259244764,1.1159581940970498,1
phase6v2-r04-output-control-a01,D4-FULL,INPUT,0.8660045481040736,0.6447239653179396,0.5769555106817685,0.0,0.6958946747012605,0.6157670135979821,0.0801276611032784,1
phase6v2-r04-output-control-a01,D4-FULL,OUTPUT,-0.12572334447966402,-0.13012200488250533,0.473406364788874,0.4559146134580751,-0.3833942749825069,0.22407070376199797,-0.6074649787445049,2
phase6v2-r04-output-control-a01,D4-FULL,LOAD,-0.2228316032469951,-0.974584845813151,-0.08859154563822125,0.974584845813151,-1.4032541773792735,0.41543378221300353,-1.818687959592277,4
phase6v2-r04-output-control-a01,D4-FULL,DOWNSTREAM,0.45052769012622385,0.05187281336315079,-1.4548770662576358,0.0,-0.3174921875894204,0.6067773259244764,-0.9242695135138967,3
phase6v2-r04-output-load-control-a01,D4-FULL,INPUT,-0.1427637054899386,-0.7088999482879607,-0.8073394495664581,0.7088999482879607,-1.2619009827360799,0.6157670135979821,-1.8776679963340621,4
phase6v2-r04-output-load-control-a01,D4-FULL,OUTPUT,-0.5862710230495694,0.6980964088122216,-0.8562674188873496,0.0,-0.24814734437489913,0.22407070376199797,-0.4722180481368971,2
phase6v2-r04-output-load-control-a01,D4-FULL,LOAD,2.620495708470729,5.0,3.1092055086823773,0.0,3.576567072384369,0.41543378221300353,3.1611332901713656,1
phase6v2-r04-output-load-control-a01,D4-FULL,DOWNSTREAM,-0.5637889599509964,-0.057387367464410234,0.5575817475932372,0.057387367464410234,-0.0785855607384667,0.6067773259244764,-0.6853628866629431,3
phase6v2-r04-output-downstream-control-a01,D4-FULL,INPUT,0.43445225243881386,0.44830695517216373,0.5847308823744845,0.0,0.4891633633284873,0.6157670135979821,-0.12660365026949483,2
phase6v2-r04-output-downstream-control-a01,D4-FULL,OUTPUT,0.257370610913539,-0.24202594663367136,-0.6267389701692244,0.4849271223001336,-0.6887252242632524,0.22407070376199797,-0.9127959280252504,3
phase6v2-r04-output-downstream-control-a01,D4-FULL,LOAD,0.18303911852511487,-0.993771420240939,-0.29946774866173315,0.993771420240939,-1.3638381037001248,0.41543378221300353,-1.7792718859131282,4
phase6v2-r04-output-downstream-control-a01,D4-FULL,DOWNSTREAM,0.5050064273333961,5.0,3.8886022341348063,0.0,3.1312028871560678,0.6067773259244764,2.5244255612315913,1
phase6v2-r04-baseline-a01,D4-FULL,INPUT,0.6722367792325254,0.6629859537715737,0.5785801023036509,0.0,0.6379342784359167,0.6157670135979821,0.02216726483793452,1
phase6v2-r04-baseline-a01,D4-FULL,OUTPUT,0.2227743920638677,-0.8448469151861699,0.5225746830904426,0.8448469151861699,-0.8780128618634565,0.22407070376199797,-1.1020835656254544,4
phase6v2-r04-baseline-a01,D4-FULL,LOAD,-0.6985980047214266,1.0121892635401326,0.028544204555404313,0.0,0.11404515445803676,0.41543378221300353,-0.3013886277549668,3
phase6v2-r04-baseline-a01,D4-FULL,DOWNSTREAM,0.764003972503765,0.10185348584128606,0.5153899754217709,0.0,0.4604158112556073,0.6067773259244764,-0.1463615146688691,2
phase6v2-r04-input-medium-a01,D4-FULL,INPUT,0.5684256175823477,0.47281206653825814,0.5831392705275098,0.0,0.5414589848827052,0.6157670135979821,-0.07430802871527697,1
phase6v2-r04-input-medium-a01,D4-FULL,OUTPUT,0.0036761407357945547,-0.7697404768598195,-0.015193620367951632,0.7697404768598195,-1.0301597956904784,0.22407070376199797,-1.2542304994524764,4
phase6v2-r04-input-medium-a01,D4-FULL,LOAD,-0.0735022024671299,0.9915815128437322,-0.01686605449304676,0.0,0.30040441862785183,0.41543378221300353,-0.1150293635851517,2
phase6v2-r04-input-medium-a01,D4-FULL,DOWNSTREAM,0.5240093090133473,0.028173004746421114,0.6247658158878864,0.0005190970011940603,0.39179694621469086,0.6067773259244764,-0.21498037970978556,3
phase6v2-r04-input-downstream-a01,D4-FULL,INPUT,0.3514221604247791,0.27302776430961634,0.5808632594561207,0.002096803751372945,0.3996742576454657,0.6157670135979821,-0.21609275595251642,3
phase6v2-r04-input-downstream-a01,D4-FULL,OUTPUT,0.12325930542962359,-0.7745023674714895,0.3955763109881398,0.7745023674714895,-0.8597246178227316,0.22407070376199797,-1.0837953215847296,4
phase6v2-r04-input-downstream-a01,D4-FULL,LOAD,0.6046593260681328,0.9491704622382839,-0.3949340514737673,0.0,0.38629857894421643,0.41543378221300353,-0.029135203268787102,2
phase6v2-r04-input-downstream-a01,D4-FULL,DOWNSTREAM,0.4079119024613398,5.0,-1.9335649114609432,0.0,1.1581156636667989,0.6067773259244764,0.5513383377423224,1
phase6v2-r04-output-downstream-a01,D4-FULL,INPUT,-0.6027028366624667,0.46475961746968275,0.5808721903095553,0.0,0.14764299037225712,0.6157670135979821,-0.468124023225725,3
phase6v2-r04-output-downstream-a01,D4-FULL,OUTPUT,0.6154707195442182,2.617326949449413,0.14088879241778665,0.0,1.124562153803806,0.22407070376199797,0.900491450041808,1
phase6v2-r04-output-downstream-a01,D4-FULL,LOAD,1.2502841304212329,-1.0077840635465027,-0.036866723061916566,1.0077840635465027,-0.9392396156088982,0.41543378221300353,-1.3546733978219017,4
phase6v2-r04-output-downstream-a01,D4-FULL,DOWNSTREAM,-0.2634255533117443,5.0,-0.7864068940731819,0.0,1.3167225175383577,0.6067773259244764,0.7099451916138813,2
phase6v2-r04-load-medium-a01,D4-FULL,INPUT,-1.1937644789719557,-2.2509420441309747,-2.269263261210009,2.2509420441309747,-4.155598638901955,0.6157670135979821,-4.771365652499937,4
phase6v2-r04-load-medium-a01,D4-FULL,OUTPUT,-0.06414936789531746,1.7164031241419186,-1.0336280017430584,0.0,0.20620858483451424,0.22407070376199797,-0.01786211892748374,2
phase6v2-r04-load-medium-a01,D4-FULL,LOAD,2.9462087041394143,5.0,3.2686351643174785,0.0,3.7382812894856308,0.41543378221300353,3.3228475072726273,1
phase6v2-r04-load-medium-a01,D4-FULL,DOWNSTREAM,-1.0946428308482887,-0.0737623004583237,0.0359435520102826,0.0737623004583237,-0.4512494935571003,0.6067773259244764,-1.0580268194815767,3
phase6v2-r04-load-downstream-a01,D4-FULL,INPUT,-1.0753678781171225,-2.3195168796552106,-2.141118702818123,2.3195168796552106,-4.164851366518696,0.6157670135979821,-4.780618380116678,4
phase6v2-r04-load-downstream-a01,D4-FULL,OUTPUT,-0.034678965468135266,1.5918975547376926,-1.0286310177070073,0.0,0.1761958571875167,0.22407070376199797,-0.04787484657448127,3
phase6v2-r04-load-downstream-a01,D4-FULL,LOAD,2.9725231544693065,5.0,2.962596738742064,0.0,3.64503996440379,0.41543378221300353,3.2296061821907864,1
phase6v2-r04-load-downstream-a01,D4-FULL,DOWNSTREAM,-1.1747406424848703,5.0,0.2598972769006698,0.0,1.3617188781385998,0.6067773259244764,0.7549415522141234,2
phase6v2-r04-output-medium-a01,D4-FULL,INPUT,-0.6077582724106192,0.6554656249897287,0.5757008384722804,0.0,0.2078027303504633,0.6157670135979821,-0.4079642832475189,2
phase6v2-r04-output-medium-a01,D4-FULL,OUTPUT,0.6300968264759129,2.6516278352814413,0.0004840832757807001,0.0,1.0940695816777117,0.22407070376199797,0.8699988779157137,1
phase6v2-r04-output-medium-a01,D4-FULL,LOAD,0.5345213265009916,-1.0043340952104545,0.021181092094572734,1.0043340952104545,-1.153877987415418,0.41543378221300353,-1.5693117696284213,4
phase6v2-r04-output-medium-a01,D4-FULL,DOWNSTREAM,-0.14399764362516068,-0.00271194355496161,0.3885815169837296,0.018192998953777982,0.06243097764742447,0.6067773259244764,-0.544346348277052,3
phase6v2-r04-input-load-a01,D4-FULL,INPUT,-2.3340780834009087,-2.94238386422935,-4.759533921282198,3.94238386422935,-7.287715820533502,0.6457831223448828,-7.933498942878384,4
phase6v2-r04-input-load-a01,D4-FULL,OUTPUT,-0.13858133011954685,3.1839035374568763,-2.8013256534543975,0.0,0.08133218462764402,0.14521298108503555,-0.06388079645739153,2
phase6v2-r04-input-load-a01,D4-FULL,LOAD,3.1501626734924457,2.880560180990184,3.133260174903276,0.0,3.0546610097953018,0.41543378221300353,2.6392272275822983,1
phase6v2-r04-input-load-a01,D4-FULL,DOWNSTREAM,-2.874142139646724,-0.07062567424589064,-1.2372723175255693,0.07062567424589064,-1.4646390513852852,0.6067773259244764,-2.0714163773097614,3
phase6v2-r04-output-load-a01,D4-FULL,INPUT,-2.809208493347389,-4.171428571428572,-5.0,4.171428571428572,-8.164974259687225,0.6457831223448828,-8.810757382032108,4
phase6v2-r04-output-load-a01,D4-FULL,OUTPUT,0.02048648332189451,5.0,-3.658568179792068,0.0,0.45397276784327545,0.14521298108503555,0.3087597867582399,2
phase6v2-r04-output-load-a01,D4-FULL,LOAD,2.9921982071723994,2.2696018240962803,3.4096776820686667,0.0,2.8904925711124485,0.41543378221300353,2.475058788899445,1
phase6v2-r04-output-load-a01,D4-FULL,DOWNSTREAM,-3.0062962049792983,-0.06789934683369724,-1.933298089019016,0.06849767857198497,-1.7376622255159888,0.6067773259244764,-2.3444395514404652,3
phase6v2-r04-downstream-medium-a01,D4-FULL,INPUT,0.5365147128421053,0.5985358456822653,0.5805223955783465,0.0,0.5718576513675723,0.6457831223448828,-0.0739254709773105,2
phase6v2-r04-downstream-medium-a01,D4-FULL,OUTPUT,0.1437438667425655,-0.6527118397412239,0.34928352190500256,0.6527118397412239,-0.7059399901057759,0.14521298108503555,-0.8511529711908115,4
phase6v2-r04-downstream-medium-a01,D4-FULL,LOAD,0.17166388790751172,0.9707214606359575,-0.13004866763627945,0.0,0.33744556030239653,0.41543378221300353,-0.077988221910607,3
phase6v2-r04-downstream-medium-a01,D4-FULL,DOWNSTREAM,0.526950727228786,5.0,-0.35874416716420754,0.0,1.7227355200215262,0.6067773259244764,1.1159581940970498,1
phase6v2-r04-output-control-a01,D4-FULL,INPUT,0.8660045481040736,0.3443506008257803,0.5769555106817685,0.17142857142857143,0.42434164844196937,0.6457831223448828,-0.2214414739029134,1
phase6v2-r04-output-control-a01,D4-FULL,OUTPUT,-0.12572334447966402,-0.10409760390600427,0.473406364788874,0.36473169076646006,-0.2835365519653915,0.14521298108503555,-0.42874953305042707,2
phase6v2-r04-output-control-a01,D4-FULL,LOAD,-0.2228316032469951,-0.974584845813151,-0.08859154563822125,0.974584845813151,-1.4032541773792735,0.41543378221300353,-1.818687959592277,4
phase6v2-r04-output-control-a01,D4-FULL,DOWNSTREAM,0.45052769012622385,0.05187281336315079,-1.4548770662576358,0.0,-0.3174921875894204,0.6067773259244764,-0.9242695135138967,3
phase6v2-r04-output-load-control-a01,D4-FULL,INPUT,-0.1427637054899386,-0.73854853005894,-0.8073394495664581,0.73854853005894,-1.3014324250973854,0.6457831223448828,-1.9472155474422683,4
phase6v2-r04-output-load-control-a01,D4-FULL,OUTPUT,-0.5862710230495694,0.5584771270497773,-0.8562674188873496,0.0,-0.29468710496238054,0.14521298108503555,-0.4399000860474161,2
phase6v2-r04-output-load-control-a01,D4-FULL,LOAD,2.620495708470729,5.0,3.1092055086823773,0.0,3.576567072384369,0.41543378221300353,3.1611332901713656,1
phase6v2-r04-output-load-control-a01,D4-FULL,DOWNSTREAM,-0.5637889599509964,-0.057387367464410234,0.5575817475932372,0.057387367464410234,-0.0785855607384667,0.6067773259244764,-0.6853628866629431,3
phase6v2-r04-output-downstream-control-a01,D4-FULL,INPUT,0.43445225243881386,0.18721699270915954,0.5847308823744845,0.17142857142857143,0.23070480441224783,0.6457831223448828,-0.41507831793263494,2
phase6v2-r04-output-downstream-control-a01,D4-FULL,OUTPUT,0.257370610913539,-0.1936207573069371,-0.6267389701692244,0.38794169784010685,-0.5756047366943143,0.14521298108503555,-0.7208177177793499,3
phase6v2-r04-output-downstream-control-a01,D4-FULL,LOAD,0.18303911852511487,-0.993771420240939,-0.29946774866173315,0.993771420240939,-1.3638381037001248,0.41543378221300353,-1.7792718859131282,4
phase6v2-r04-output-downstream-control-a01,D4-FULL,DOWNSTREAM,0.5050064273333961,5.0,3.8886022341348063,0.0,3.1312028871560678,0.6067773259244764,2.5244255612315913,1
phase6v2-r04-baseline-a01,D4-FULL,INPUT,0.6722367792325254,0.7589601915886875,0.5785801023036509,0.0,0.6699256910416214,0.6457831223448828,0.024142568696738587,1
phase6v2-r04-baseline-a01,D4-FULL,OUTPUT,0.2227743920638677,-0.675877532148936,0.5225746830904426,0.675877532148936,-0.6527203511471446,0.14521298108503555,-0.7979333322321801,4
phase6v2-r04-baseline-a01,D4-FULL,LOAD,-0.6985980047214266,1.0121892635401326,0.028544204555404313,0.0,0.11404515445803676,0.41543378221300353,-0.3013886277549668,3
phase6v2-r04-baseline-a01,D4-FULL,DOWNSTREAM,0.764003972503765,0.10185348584128606,0.5153899754217709,0.0,0.4604158112556073,0.6067773259244764,-0.1463615146688691,2
phase6v2-r04-input-medium-a01,D4-FULL,INPUT,0.5684256175823477,1.3782496532306066,0.5831392705275098,0.0,0.8432715137801546,0.6457831223448828,0.19748839143527186,1
phase6v2-r04-input-medium-a01,D4-FULL,OUTPUT,0.0036761407357945547,-0.6157923814878556,-0.015193620367951632,0.6157923814878556,-0.8248956685278599,0.14521298108503555,-0.9701086496128954,4
phase6v2-r04-input-medium-a01,D4-FULL,LOAD,-0.0735022024671299,0.9915815128437322,-0.01686605449304676,0.0,0.30040441862785183,0.41543378221300353,-0.1150293635851517,2
phase6v2-r04-input-medium-a01,D4-FULL,DOWNSTREAM,0.5240093090133473,0.028173004746421114,0.6247658158878864,0.0005190970011940603,0.39179694621469086,0.6067773259244764,-0.21498037970978556,3
phase6v2-r04-input-downstream-a01,D4-FULL,INPUT,0.3514221604247791,1.218422211447693,0.5808632594561207,0.001677443001098356,0.7152251007750992,0.6457831223448828,0.06944197843021638,2
phase6v2-r04-input-downstream-a01,D4-FULL,OUTPUT,0.12325930542962359,-0.6196018939771916,0.3955763109881398,0.6196018939771916,-0.6531906531636676,0.14521298108503555,-0.7984036342487032,4
phase6v2-r04-input-downstream-a01,D4-FULL,LOAD,0.6046593260681328,0.9491704622382839,-0.3949340514737673,0.0,0.38629857894421643,0.41543378221300353,-0.029135203268787102,3
phase6v2-r04-input-downstream-a01,D4-FULL,DOWNSTREAM,0.4079119024613398,5.0,-1.9335649114609432,0.0,1.1581156636667989,0.6067773259244764,0.5513383377423224,1
phase6v2-r04-output-downstream-a01,D4-FULL,INPUT,-0.6027028366624667,0.20037912254717477,0.5808721903095553,0.17142857142857143,-0.11191241269715033,0.6457831223448828,-0.7576955350420331,3
phase6v2-r04-output-downstream-a01,D4-FULL,OUTPUT,0.6154707195442182,3.0938615595595307,0.14088879241778665,0.0,1.283407023840512,0.14521298108503555,1.1381940427554764,1
phase6v2-r04-output-downstream-a01,D4-FULL,LOAD,1.2502841304212329,-1.0077840635465027,-0.036866723061916566,1.0077840635465027,-0.9392396156088982,0.41543378221300353,-1.3546733978219017,4
phase6v2-r04-output-downstream-a01,D4-FULL,DOWNSTREAM,-0.2634255533117443,5.0,-0.7864068940731819,0.0,1.3167225175383577,0.6067773259244764,0.7099451916138813,2
phase6v2-r04-load-medium-a01,D4-FULL,INPUT,-1.1937644789719557,-1.572182206733351,-2.269263261210009,1.8007536353047797,-3.479156950943218,0.6457831223448828,-4.1249400732881005,4
phase6v2-r04-load-medium-a01,D4-FULL,OUTPUT,-0.06414936789531746,1.373122499313535,-1.0336280017430584,0.0,0.09178170989171967,0.14521298108503555,-0.05343127119331588,2
phase6v2-r04-load-medium-a01,D4-FULL,LOAD,2.9462087041394143,5.0,3.2686351643174785,0.0,3.7382812894856308,0.41543378221300353,3.3228475072726273,1
phase6v2-r04-load-medium-a01,D4-FULL,DOWNSTREAM,-1.0946428308482887,-0.0737623004583237,0.0359435520102826,0.0737623004583237,-0.4512494935571003,0.6067773259244764,-1.0580268194815767,3
phase6v2-r04-load-downstream-a01,D4-FULL,INPUT,-1.0753678781171225,-1.62704207515274,-2.141118702818123,1.8556135037241686,-3.470123055753497,0.6457831223448828,-4.115906178098379,4
phase6v2-r04-load-downstream-a01,D4-FULL,OUTPUT,-0.034678965468135266,1.273518043790154,-1.0286310177070073,0.0,0.07006935353833721,0.14521298108503555,-0.07514362754669834,3
phase6v2-r04-load-downstream-a01,D4-FULL,LOAD,2.9725231544693065,5.0,2.962596738742064,0.0,3.64503996440379,0.41543378221300353,3.2296061821907864,1
phase6v2-r04-load-downstream-a01,D4-FULL,DOWNSTREAM,-1.1747406424848703,5.0,0.2598972769006698,0.0,1.3617188781385998,0.6067773259244764,0.7549415522141234,2
phase6v2-r04-output-medium-a01,D4-FULL,INPUT,-0.6077582724106192,0.35294392856321155,0.5757008384722804,0.17142857142857143,-0.06446640655361385,0.6457831223448828,-0.7102495288984967,3
phase6v2-r04-output-medium-a01,D4-FULL,OUTPUT,0.6300968264759129,3.121302268225153,0.0004840832757807001,0.0,1.2506277259922822,0.14521298108503555,1.1054147449072467,1
phase6v2-r04-output-medium-a01,D4-FULL,LOAD,0.5345213265009916,-1.0043340952104545,0.021181092094572734,1.0043340952104545,-1.153877987415418,0.41543378221300353,-1.5693117696284213,4
phase6v2-r04-output-medium-a01,D4-FULL,DOWNSTREAM,-0.14399764362516068,-0.00271194355496161,0.3885815169837296,0.018192998953777982,0.06243097764742447,0.6067773259244764,-0.544346348277052,2
phase6v2-r05-output-downstream-a01,D4-S,INPUT,-0.32641523473045314,,,0.0,-0.32641523473045314,0.5661975602333187,-0.8926127949637719,3
phase6v2-r05-output-downstream-a01,D4-S,OUTPUT,0.16786616616913067,,,0.0,0.16786616616913067,0.28674154585828127,-0.1188753796891506,2
phase6v2-r05-output-downstream-a01,D4-S,LOAD,1.5462604053481128,,,0.0,1.5462604053481128,0.5911313942419569,0.9551290111061559,1
phase6v2-r05-output-downstream-a01,D4-S,DOWNSTREAM,-0.5208210071855001,,,0.0,-0.5208210071855001,0.7071459983631632,-1.2279670055486633,4
phase6v2-r05-input-downstream-a01,D4-S,INPUT,0.30845513663112506,,,0.0,0.30845513663112506,0.5661975602333187,-0.2577424236021936,3
phase6v2-r05-input-downstream-a01,D4-S,OUTPUT,0.1596492110762791,,,0.0,0.1596492110762791,0.28674154585828127,-0.12709233478200216,2
phase6v2-r05-input-downstream-a01,D4-S,LOAD,0.5894661696840652,,,0.0,0.5894661696840652,0.5911313942419569,-0.0016652245578917535,1
phase6v2-r05-input-downstream-a01,D4-S,DOWNSTREAM,0.42890054387015547,,,0.0,0.42890054387015547,0.7071459983631632,-0.2782454544930077,4
phase6v2-r05-load-downstream-a01,D4-S,INPUT,-1.2915395377350825,,,0.0,-1.2915395377350825,0.5661975602333187,-1.8577370979684011,3
phase6v2-r05-load-downstream-a01,D4-S,OUTPUT,-0.05364615333439885,,,0.0,-0.05364615333439885,0.28674154585828127,-0.34038769919268014,2
phase6v2-r05-load-downstream-a01,D4-S,LOAD,2.9934457148882014,,,0.0,2.9934457148882014,0.5911313942419569,2.4023143206462443,1
phase6v2-r05-load-downstream-a01,D4-S,DOWNSTREAM,-1.2612070349309348,,,0.0,-1.2612070349309348,0.7071459983631632,-1.968353033294098,4
phase6v2-r05-output-downstream-control-a01,D4-S,INPUT,0.34661799214376354,,,0.0,0.34661799214376354,0.5661975602333187,-0.21957956808955514,2
phase6v2-r05-output-downstream-control-a01,D4-S,OUTPUT,0.1993114618851561,,,0.0,0.1993114618851561,0.28674154585828127,-0.08743008397312516,1
phase6v2-r05-output-downstream-control-a01,D4-S,LOAD,0.22516593409065946,,,0.0,0.22516593409065946,0.5911313942419569,-0.3659654601512975,4
phase6v2-r05-output-downstream-control-a01,D4-S,DOWNSTREAM,0.4433066756986961,,,0.0,0.4433066756986961,0.7071459983631632,-0.2638393226644671,3
phase6v2-r05-output-load-control-a01,D4-S,INPUT,-0.24403516134108555,,,0.0,-0.24403516134108555,0.5661975602333187,-0.8102327215744043,3
phase6v2-r05-output-load-control-a01,D4-S,OUTPUT,-0.36838084263480547,,,0.0,-0.36838084263480547,0.28674154585828127,-0.6551223884930868,2
phase6v2-r05-output-load-control-a01,D4-S,LOAD,2.29745839939313,,,0.0,2.29745839939313,0.5911313942419569,1.706327005151173,1
phase6v2-r05-output-load-control-a01,D4-S,DOWNSTREAM,-0.41045266521697493,,,0.0,-0.41045266521697493,0.7071459983631632,-1.117598663580138,4
phase6v2-r05-input-medium-a01,D4-S,INPUT,0.6542389910037172,,,0.0,0.6542389910037172,0.5661975602333187,0.0880414307703985,1
phase6v2-r05-input-medium-a01,D4-S,OUTPUT,-0.1339105827648099,,,0.0,-0.1339105827648099,0.28674154585828127,-0.4206521286230912,3
phase6v2-r05-input-medium-a01,D4-S,LOAD,0.11474226337802133,,,0.0,0.11474226337802133,0.5911313942419569,-0.4763891308639356,4
phase6v2-r05-input-medium-a01,D4-S,DOWNSTREAM,0.44820045834566075,,,0.0,0.44820045834566075,0.7071459983631632,-0.2589455400175024,2
phase6v2-r05-output-control-a01,D4-S,INPUT,0.5193702701541084,,,0.0,0.5193702701541084,0.5661975602333187,-0.04682729007921027,1
phase6v2-r05-output-control-a01,D4-S,OUTPUT,0.12408656859458105,,,0.0,0.12408656859458105,0.28674154585828127,-0.1626549772637002,3
phase6v2-r05-output-control-a01,D4-S,LOAD,-0.49913640478348115,,,0.0,-0.49913640478348115,0.5911313942419569,-1.0902677990254381,4
phase6v2-r05-output-control-a01,D4-S,DOWNSTREAM,0.5765201908097127,,,0.0,0.5765201908097127,0.7071459983631632,-0.13062580755345043,2
phase6v2-r05-baseline-a01,D4-S,INPUT,0.5091672649591015,,,0.0,0.5091672649591015,0.5661975602333187,-0.05703029527421721,2
phase6v2-r05-baseline-a01,D4-S,OUTPUT,0.1513623816989433,,,0.0,0.1513623816989433,0.28674154585828127,-0.13537916415933796,3
phase6v2-r05-baseline-a01,D4-S,LOAD,-0.6100189562422658,,,0.0,-0.6100189562422658,0.5911313942419569,-1.2011503504842227,4
phase6v2-r05-baseline-a01,D4-S,DOWNSTREAM,0.703627870662627,,,0.0,0.703627870662627,0.7071459983631632,-0.0035181277005361666,1
phase6v2-r05-input-load-a01,D4-S,INPUT,-2.476455686285336,,,0.0,-2.476455686285336,0.5661975602333187,-3.042653246518655,3
phase6v2-r05-input-load-a01,D4-S,OUTPUT,0.08840777677658375,,,0.0,0.08840777677658375,0.28674154585828127,-0.19833376908169753,2
phase6v2-r05-input-load-a01,D4-S,LOAD,2.9522162534240834,,,0.0,2.9522162534240834,0.5911313942419569,2.3610848591821263,1
phase6v2-r05-input-load-a01,D4-S,DOWNSTREAM,-2.7415887751906043,,,0.0,-2.7415887751906043,0.7071459983631632,-3.4487347735537677,4
phase6v2-r05-downstream-medium-a01,D4-S,INPUT,0.3535393961971205,,,0.0,0.3535393961971205,0.5661975602333187,-0.2126581640361982,3
phase6v2-r05-downstream-medium-a01,D4-S,OUTPUT,0.1776139743474288,,,0.0,0.1776139743474288,0.28674154585828127,-0.10912757151085248,1
phase6v2-r05-downstream-medium-a01,D4-S,LOAD,0.18803755486397172,,,0.0,0.18803755486397172,0.5911313942419569,-0.4030938393779852,4
phase6v2-r05-downstream-medium-a01,D4-S,DOWNSTREAM,0.5200181125645513,,,0.0,0.5200181125645513,0.7071459983631632,-0.18712788579861184,2
phase6v2-r05-load-medium-a01,D4-S,INPUT,-1.0111808115039984,,,0.0,-1.0111808115039984,0.5661975602333187,-1.577378371737317,3
phase6v2-r05-load-medium-a01,D4-S,OUTPUT,-0.18941743508889378,,,0.0,-0.18941743508889378,0.28674154585828127,-0.476158980947175,2
phase6v2-r05-load-medium-a01,D4-S,LOAD,3.036692536512045,,,0.0,3.036692536512045,0.5911313942419569,2.445561142270088,1
phase6v2-r05-load-medium-a01,D4-S,DOWNSTREAM,-1.087431153699298,,,0.0,-1.087431153699298,0.7071459983631632,-1.7945771520624612,4
phase6v2-r05-output-medium-a01,D4-S,INPUT,-0.6756185839886748,,,0.0,-0.6756185839886748,0.5661975602333187,-1.2418161442219935,4
phase6v2-r05-output-medium-a01,D4-S,OUTPUT,0.6056748825271959,,,0.0,0.6056748825271959,0.28674154585828127,0.31893333666891466,1
phase6v2-r05-output-medium-a01,D4-S,LOAD,0.5895600852101109,,,0.0,0.5895600852101109,0.5911313942419569,-0.001571309031845991,2
phase6v2-r05-output-medium-a01,D4-S,DOWNSTREAM,-0.20177232625501473,,,0.0,-0.20177232625501473,0.7071459983631632,-0.9089183246181779,3
phase6v2-r05-output-load-a01,D4-S,INPUT,-2.7536152189080174,,,0.0,-2.7536152189080174,0.5661975602333187,-3.319812779141336,3
phase6v2-r05-output-load-a01,D4-S,OUTPUT,0.0809821771932284,,,0.0,0.0809821771932284,0.28674154585828127,-0.20575936866505287,2
phase6v2-r05-output-load-a01,D4-S,LOAD,2.936320475520107,,,0.0,2.936320475520107,0.5911313942419569,2.34518908127815,1
phase6v2-r05-output-load-a01,D4-S,DOWNSTREAM,-3.0137794965913014,,,0.0,-3.0137794965913014,0.7071459983631632,-3.7209254949544643,4
phase6v2-r05-output-downstream-a01,D4-SM,INPUT,-0.32641523473045314,0.4665710728120144,,0.0,0.07007791904078062,0.6102715201783864,-0.5401936011376057,4
phase6v2-r05-output-downstream-a01,D4-SM,OUTPUT,0.16786616616913067,2.611450949340891,,0.0,1.3896585577550107,0.7924847400007925,0.5971738177542182,2
phase6v2-r05-output-downstream-a01,D4-SM,LOAD,1.5462604053481128,-1.0101952917137402,,0.0,0.2680325568171863,0.5870270629655928,-0.3189945061484065,3
phase6v2-r05-output-downstream-a01,D4-SM,DOWNSTREAM,-0.5208210071855001,5.0,,0.0,2.23958949640725,0.36950739253629783,1.8700821038709523,1
phase6v2-r05-input-downstream-a01,D4-SM,INPUT,0.30845513663112506,0.2772132387038464,,0.0,0.2928341876674857,0.6102715201783864,-0.31743733251090067,3
phase6v2-r05-input-downstream-a01,D4-SM,OUTPUT,0.1596492110762791,-0.7358997684712133,,0.0,-0.28812527869746707,0.7924847400007925,-1.0806100186982595,4
phase6v2-r05-input-downstream-a01,D4-SM,LOAD,0.5894661696840652,0.9474667528396286,,0.0,0.7684664612618468,0.5870270629655928,0.181439398296254,2
phase6v2-r05-input-downstream-a01,D4-SM,DOWNSTREAM,0.42890054387015547,5.0,,0.0,2.714450271935078,0.36950739253629783,2.34494287939878,1
phase6v2-r05-load-downstream-a01,D4-SM,INPUT,-1.2915395377350825,-2.4474414815999403,,0.0,-1.8694905096675114,0.6102715201783864,-2.4797620298458978,4
phase6v2-r05-load-downstream-a01,D4-SM,OUTPUT,-0.05364615333439885,1.7070261465000938,,0.0,0.8266899965828475,0.7924847400007925,0.03420525658205498,3
phase6v2-r05-load-downstream-a01,D4-SM,LOAD,2.9934457148882014,5.0,,0.0,3.9967228574441007,0.5870270629655928,3.409695794478508,1
phase6v2-r05-load-downstream-a01,D4-SM,DOWNSTREAM,-1.2612070349309348,5.0,,0.0,1.8693964825345326,0.36950739253629783,1.4998890899982347,2
phase6v2-r05-output-downstream-control-a01,D4-SM,INPUT,0.34661799214376354,0.4546723225815632,,0.0,0.4006451573626634,0.6102715201783864,-0.209626362815723,2
phase6v2-r05-output-downstream-control-a01,D4-SM,OUTPUT,0.1993114618851561,-0.040424391755300215,,0.0,0.07944353506492795,0.7924847400007925,-0.7130412049358645,3
phase6v2-r05-output-downstream-control-a01,D4-SM,LOAD,0.22516593409065946,-0.9843333320359927,,0.0,-0.37958369897266664,0.5870270629655928,-0.9666107619382595,4
phase6v2-r05-output-downstream-control-a01,D4-SM,DOWNSTREAM,0.4433066756986961,5.0,,0.0,2.721653337849348,0.36950739253629783,2.35214594531305,1
phase6v2-r05-output-load-control-a01,D4-SM,INPUT,-0.24403516134108555,-0.6242067848522517,,0.0,-0.43412097309666864,0.6102715201783864,-1.044392493275055,4
phase6v2-r05-output-load-control-a01,D4-SM,OUTPUT,-0.36838084263480547,0.6384921209337114,,0.0,0.13505563914945298,0.7924847400007925,-0.6574291008513395,3
phase6v2-r05-output-load-control-a01,D4-SM,LOAD,2.29745839939313,5.0,,0.0,3.648729199696565,0.5870270629655928,3.0617021367309722,1
phase6v2-r05-output-load-control-a01,D4-SM,DOWNSTREAM,-0.41045266521697493,-0.08428050530854833,,0.0,-0.24736658526276162,0.36950739253629783,-0.6168739777990595,2
phase6v2-r05-input-medium-a01,D4-SM,INPUT,0.6542389910037172,0.47320943272879407,,0.0,0.5637242118662557,0.6102715201783864,-0.04654730831213072,2
phase6v2-r05-input-medium-a01,D4-SM,OUTPUT,-0.1339105827648099,-0.7461861262126038,,0.0,-0.4400483544887069,0.7924847400007925,-1.2325330944894994,4
phase6v2-r05-input-medium-a01,D4-SM,LOAD,0.11474226337802133,0.9907772462077079,,0.0,0.5527597547928647,0.5870270629655928,-0.03426730817272816,1
phase6v2-r05-input-medium-a01,D4-SM,DOWNSTREAM,0.44820045834566075,0.015403655395045457,,0.0,0.2318020568703531,0.36950739253629783,-0.13770533566594473,3
phase6v2-r05-output-control-a01,D4-SM,INPUT,0.5193702701541084,0.6468978360650915,,0.0,0.5831340531096,0.6102715201783864,-0.02713746706878639,1
phase6v2-r05-output-control-a01,D4-SM,OUTPUT,0.12408656859458105,0.007302014800818657,,0.0,0.06569429169769986,0.7924847400007925,-0.7267904483030927,3
phase6v2-r05-output-control-a01,D4-SM,LOAD,-0.49913640478348115,-0.9885557585896647,,0.0,-0.743846081686573,0.5870270629655928,-1.3308731446521658,4
phase6v2-r05-output-control-a01,D4-SM,DOWNSTREAM,0.5765201908097127,0.057738676539724976,,0.0,0.31712943367471885,0.36950739253629783,-0.05237795886157898,2
phase6v2-r05-baseline-a01,D4-SM,INPUT,0.5091672649591015,0.6531244593833269,,0.0,0.5811458621712142,0.6102715201783864,-0.02912565800717215,2
phase6v2-r05-baseline-a01,D4-SM,OUTPUT,0.1513623816989433,-0.7878485625963094,,0.0,-0.31824309044868304,0.7924847400007925,-1.1107278304494757,4
phase6v2-r05-baseline-a01,D4-SM,LOAD,-0.6100189562422658,1.0064692753945745,,0.0,0.19822515957615439,0.5870270629655928,-0.38880190338943843,3
phase6v2-r05-baseline-a01,D4-SM,DOWNSTREAM,0.703627870662627,0.025880106063714648,,0.0,0.3647539883631708,0.36950739253629783,-0.004753404173127029,1
phase6v2-r05-input-load-a01,D4-SM,INPUT,-2.476455686285336,-4.903754573120246,,0.0,-3.6901051297027907,0.6102715201783864,-4.300376649881177,4
phase6v2-r05-input-load-a01,D4-SM,OUTPUT,0.08840777677658375,3.9373651179482687,,0.0,2.012886447362426,0.7924847400007925,1.2204017073616336,2
phase6v2-r05-input-load-a01,D4-SM,LOAD,2.9522162534240834,2.874006564210001,,0.0,2.9131114088170422,0.5870270629655928,2.3260843458514495,1
phase6v2-r05-input-load-a01,D4-SM,DOWNSTREAM,-2.7415887751906043,-0.06530532173787701,,0.0,-1.4034470484642407,0.36950739253629783,-1.7729544410005387,3
phase6v2-r05-downstream-medium-a01,D4-SM,INPUT,0.3535393961971205,0.4499331377475658,,0.0,0.40173626697234316,0.6102715201783864,-0.20853525320604321,3
phase6v2-r05-downstream-medium-a01,D4-SM,OUTPUT,0.1776139743474288,-0.7141199023282244,,0.0,-0.26825296399039783,0.7924847400007925,-1.0607377039911903,4
phase6v2-r05-downstream-medium-a01,D4-SM,LOAD,0.18803755486397172,0.9675058729760277,,0.0,0.5777717139199997,0.5870270629655928,-0.009255349045593109,2
phase6v2-r05-downstream-medium-a01,D4-SM,DOWNSTREAM,0.5200181125645513,5.0,,0.0,2.760009056282276,0.36950739253629783,2.390501663745978,1
phase6v2-r05-load-medium-a01,D4-SM,INPUT,-1.0111808115039984,-2.1144685360934794,,0.0,-1.562824673798739,0.6102715201783864,-2.173096193977125,4
phase6v2-r05-load-medium-a01,D4-SM,OUTPUT,-0.18941743508889378,1.6012430262877801,,0.0,0.7059127955994432,0.7924847400007925,-0.0865719444013493,2
phase6v2-r05-load-medium-a01,D4-SM,LOAD,3.036692536512045,5.0,,0.0,4.018346268256023,0.5870270629655928,3.43131920529043,1
phase6v2-r05-load-medium-a01,D4-SM,DOWNSTREAM,-1.087431153699298,-0.07996642273798374,,0.0,-0.5836987882186409,0.36950739253629783,-0.9532061807549387,3
phase6v2-r05-output-medium-a01,D4-SM,INPUT,-0.6756185839886748,0.6497744942322895,,0.0,-0.012922044878192651,0.6102715201783864,-0.623193565056579,3
phase6v2-r05-output-medium-a01,D4-SM,OUTPUT,0.6056748825271959,2.671588124774826,,0.0,1.6386315036510108,0.7924847400007925,0.8461467636502183,1
phase6v2-r05-output-medium-a01,D4-SM,LOAD,0.5895600852101109,-1.0034372687196114,,0.0,-0.2069385917547502,0.5870270629655928,-0.7939656547203431,4
phase6v2-r05-output-medium-a01,D4-SM,DOWNSTREAM,-0.20177232625501473,-0.0025550860200465957,,0.0,-0.10216370613753066,0.36950739253629783,-0.4716710986738285,2
phase6v2-r05-output-load-a01,D4-SM,INPUT,-2.7536152189080174,-5.0,,0.0,-3.8768076094540085,0.6102715201783864,-4.487079129632395,4
phase6v2-r05-output-load-a01,D4-SM,OUTPUT,0.0809821771932284,5.0,,0.0,2.5404910885966143,0.7924847400007925,1.7480063485958217,2
phase6v2-r05-output-load-a01,D4-SM,LOAD,2.936320475520107,2.0361041863232923,,0.0,2.4862123309217,0.5870270629655928,1.8991852679561072,1
phase6v2-r05-output-load-a01,D4-SM,DOWNSTREAM,-3.0137794965913014,-0.07911894833697594,,0.0,-1.5464492224641386,0.36950739253629783,-1.9159566150004363,3
phase6v2-r05-output-downstream-a01,D4-SMT,INPUT,0.36681703102716223,0.4665710728120144,0.5763105078839303,0.0,0.46989953724103567,0.6185887774474459,-0.14868924020641022,4
phase6v2-r05-output-downstream-a01,D4-SMT,OUTPUT,0.49256775257189406,2.611450949340891,2.7130455144348162,0.0,1.9390214054492005,0.8671477239485312,1.0718736815006693,2
phase6v2-r05-output-downstream-a01,D4-SMT,LOAD,1.740944281353715,0.0,0.496902436151736,0.0,0.7459489058351503,0.5426632947926462,0.2032856110425041,3
phase6v2-r05-output-downstream-a01,D4-SMT,DOWNSTREAM,0.16474932823388277,5.0,0.0,0.0,1.7215831094112943,0.46065976116782903,1.2609233482434652,1
phase6v2-r05-input-downstream-a01,D4-SMT,INPUT,0.37896693079636,0.2772132387038464,0.582404207643835,0.0,0.4128614590480138,0.6185887774474459,-0.2057273183994321,3
phase6v2-r05-input-downstream-a01,D4-SMT,OUTPUT,0.1964034406061209,0.0,0.3805153117620607,0.0,0.19230625078939387,0.8671477239485312,-0.6748414731591373,4
phase6v2-r05-input-downstream-a01,D4-SMT,LOAD,0.6878771137292128,0.9474667528396286,0.030226477149760133,0.0,0.5551901145728672,0.5426632947926462,0.012526819780220966,2
phase6v2-r05-input-downstream-a01,D4-SMT,DOWNSTREAM,0.42928181482663474,5.0,0.021174517620093623,0.0,1.8168187774822429,0.46065976116782903,1.3561590163144137,1
phase6v2-r05-load-downstream-a01,D4-SMT,INPUT,0.026969688478995345,0.0,0.0,0.0,0.008989896159665115,0.6185887774474459,-0.6095988812877807,4
phase6v2-r05-load-downstream-a01,D4-SMT,OUTPUT,0.8758294434874523,1.7070261465000938,0.2136697532491075,0.0,0.9321751144122179,0.8671477239485312,0.06502739046368666,3
phase6v2-r05-load-downstream-a01,D4-SMT,LOAD,3.0402610614607433,5.0,3.3333333333333335,0.0,3.791198131598026,0.5426632947926462,3.24853483680538,1
phase6v2-r05-load-downstream-a01,D4-SMT,DOWNSTREAM,0.09261057323231557,5.0,2.5,0.0,2.5308701910774385,0.46065976116782903,2.0702104299096096,2
phase6v2-r05-output-downstream-control-a01,D4-SMT,INPUT,0.40749231931398133,0.4546723225815632,0.5761904523624861,0.0,0.47945169808601024,0.6185887774474459,-0.13913707936143566,2
phase6v2-r05-output-downstream-control-a01,D4-SMT,OUTPUT,0.30220826701110887,0.430805029496043,0.7729005568573157,0.0,0.5019712844548225,0.8671477239485312,-0.3651764394937087,3
phase6v2-r05-output-downstream-control-a01,D4-SMT,LOAD,0.3782207637314953,0.0,0.07927725368489431,0.0,0.15249933913879654,0.5426632947926462,-0.39016395565384965,4
phase6v2-r05-output-downstream-control-a01,D4-SMT,DOWNSTREAM,0.46263410008194084,5.0,2.5,0.0,2.65421136669398,0.46065976116782903,2.1935516055261512,1
phase6v2-r05-output-load-control-a01,D4-SMT,INPUT,0.1894505959209881,0.0,0.0,0.0,0.06315019864032936,0.6185887774474459,-0.5554385788071166,4
phase6v2-r05-output-load-control-a01,D4-SMT,OUTPUT,0.1918847368673502,0.6384921209337114,0.12831649494547084,0.0,0.31956445091551083,0.8671477239485312,-0.5475832730330203,3
phase6v2-r05-output-load-control-a01,D4-SMT,LOAD,2.3003673559217104,5.0,3.3333333333333335,0.0,3.5445668964183477,0.5426632947926462,3.0019036016257017,1
phase6v2-r05-output-load-control-a01,D4-SMT,DOWNSTREAM,0.06667246218824852,0.0,0.260263597163077,0.0,0.10897868645044184,0.46065976116782903,-0.3516810747173872,2
phase6v2-r05-input-medium-a01,D4-SMT,INPUT,0.7524466356273782,0.47320943272879407,0.5824805374925097,0.0,0.6027122019495607,0.6185887774474459,-0.015876575497885237,1
phase6v2-r05-input-medium-a01,D4-SMT,OUTPUT,0.3372396811447273,0.0,0.2921213763638917,0.0,0.20978701916953968,0.8671477239485312,-0.6573607047789916,4
phase6v2-r05-input-medium-a01,D4-SMT,LOAD,0.4155297519891673,0.9907772462077079,0.0840370967821037,0.0,0.496781364992993,0.5426632947926462,-0.045881929799653165,2
phase6v2-r05-input-medium-a01,D4-SMT,DOWNSTREAM,0.6105493069161189,0.02091941025991429,0.0,0.0,0.21048957239201105,0.46065976116782903,-0.250170188775818,3
phase6v2-r05-output-control-a01,D4-SMT,INPUT,0.5571496694019741,0.6468978360650915,0.5775924373523268,0.0,0.5938799809397975,0.6185887774474459,-0.024708796507648345,2
phase6v2-r05-output-control-a01,D4-SMT,OUTPUT,0.37436276380834965,0.46215478605690524,0.7537187626735593,0.0,0.5300787708462714,0.8671477239485312,-0.3370689531022598,3
phase6v2-r05-output-control-a01,D4-SMT,LOAD,0.024597854974333467,0.0,0.24026616103240261,0.0,0.08828800533557869,0.5426632947926462,-0.4543752894570675,4
phase6v2-r05-output-control-a01,D4-SMT,DOWNSTREAM,0.5999066626040684,0.057738676539724976,0.8159576443376084,0.0,0.49120099449380056,0.46065976116782903,0.03054123332597153,1
phase6v2-r05-baseline-a01,D4-SMT,INPUT,0.5983923659743356,0.6531244593833269,0.5792669881378452,0.0,0.6102612711651693,0.6185887774474459,-0.008327506282276631,1
phase6v2-r05-baseline-a01,D4-SMT,OUTPUT,0.38655885067184675,0.0,0.4192321385619077,0.0,0.2685969964112515,0.8671477239485312,-0.5985507275372797,4
phase6v2-r05-baseline-a01,D4-SMT,LOAD,0.07335944579569595,1.0064692753945745,0.03594510422613971,0.0,0.37192460847213665,0.5426632947926462,-0.17073868632050954,2
phase6v2-r05-baseline-a01,D4-SMT,DOWNSTREAM,0.703627870662627,0.03285972603356475,0.0,0.0,0.24549586556539726,0.46065976116782903,-0.21516389560243177,3
phase6v2-r05-input-load-a01,D4-SMT,INPUT,0.0,0.0,0.0,0.0,0.0,0.6185887774474459,-0.6185887774474459,4
phase6v2-r05-input-load-a01,D4-SMT,OUTPUT,1.5622268684650074,3.9373651179482687,0.3068529749121764,0.0,1.9354816537751507,0.8671477239485312,1.0683339298266195,2
phase6v2-r05-input-load-a01,D4-SMT,LOAD,3.0723357628519374,2.874006564210001,3.546835424556189,0.0,3.164392583872709,0.5426632947926462,2.621729289080063,1
phase6v2-r05-input-load-a01,D4-SMT,DOWNSTREAM,0.08961523778688366,0.0,0.5191912516606114,0.0,0.20293549648249834,0.46065976116782903,-0.2577242646853307,3
phase6v2-r05-downstream-medium-a01,D4-SMT,INPUT,0.44231094034331186,0.4499331377475658,0.5770406289295585,0.0,0.48976156900681206,0.6185887774474459,-0.12882720844063383,3
phase6v2-r05-downstream-medium-a01,D4-SMT,OUTPUT,0.2704313947753944,0.0,0.2886647807856778,0.0,0.18636539185369072,0.8671477239485312,-0.6807823320948405,4
phase6v2-r05-downstream-medium-a01,D4-SMT,LOAD,0.3653696709495201,0.9675058729760277,0.02801728465874152,0.0,0.45363094286142974,0.5426632947926462,-0.08903235193121645,2
phase6v2-r05-downstream-medium-a01,D4-SMT,DOWNSTREAM,0.5200181125645513,5.0,0.6952721848577127,0.0,2.071763432474088,0.46065976116782903,1.611103671306259,1
phase6v2-r05-load-medium-a01,D4-SMT,INPUT,0.08400781290383606,0.0,0.0,0.0,0.028002604301278686,0.6185887774474459,-0.5905861731461672,4
phase6v2-r05-load-medium-a01,D4-SMT,OUTPUT,0.6683898902842078,1.6012430262877801,0.0,0.0,0.7565443055239959,0.8671477239485312,-0.11060341842453536,3
phase6v2-r05-load-medium-a01,D4-SMT,LOAD,3.082091438272107,5.0,3.789261958636922,0.0,3.9571177989696764,0.5426632947926462,3.41445450417703,1
phase6v2-r05-load-medium-a01,D4-SMT,DOWNSTREAM,0.06405869711957785,0.0,1.302003654967948,0.0,0.4553541173625086,0.46065976116782903,-0.005305643805320448,2
phase6v2-r05-output-medium-a01,D4-SMT,INPUT,0.09726338378129068,0.6497744942322895,0.5863264443190742,0.0,0.4444547741108848,0.6185887774474459,-0.1741340033365611,4
phase6v2-r05-output-medium-a01,D4-SMT,OUTPUT,0.6056748825271959,2.671588124774826,0.5972715512218931,0.0,1.2915115195079716,0.8671477239485312,0.42436379555944037,1
phase6v2-r05-output-medium-a01,D4-SMT,LOAD,1.1015431080904454,0.0,0.5131963137636263,0.0,0.5382464739513573,0.5426632947926462,-0.004416820841288915,2
phase6v2-r05-output-medium-a01,D4-SMT,DOWNSTREAM,0.29797413111704124,0.017350942162516307,0.7150583891020461,0.0,0.34346115412720124,0.46065976116782903,-0.11719860704062779,3
phase6v2-r05-output-load-a01,D4-SMT,INPUT,0.051913115694608804,0.0,0.0,0.0,0.017304371898202935,0.6185887774474459,-0.601284405549243,4
phase6v2-r05-output-load-a01,D4-SMT,OUTPUT,1.5710422538577336,5.0,0.0,0.0,2.190347417952578,0.8671477239485312,1.3231996940040467,2
phase6v2-r05-output-load-a01,D4-SMT,LOAD,3.24519213872406,2.0361041863232923,3.390855767132798,0.0,2.89071736406005,0.5426632947926462,2.3480540692674037,1
phase6v2-r05-output-load-a01,D4-SMT,DOWNSTREAM,0.08769595212744184,0.0,0.0,0.0,0.029231984042480615,0.46065976116782903,-0.4314277771253484,3
phase6v2-r05-output-downstream-a01,D4-FULL,INPUT,-0.32641523473045314,0.4665710728120144,0.5763105078839303,0.0,0.23882211532183054,0.6006386484001497,-0.3618165330783192,3
phase6v2-r05-output-downstream-a01,D4-FULL,OUTPUT,0.16786616616913067,2.611450949340891,2.7130455144348162,0.0,1.8307875433149459,0.23778669837185054,1.5930008449430952,1
phase6v2-r05-output-downstream-a01,D4-FULL,LOAD,1.5462604053481128,-1.0101952917137402,0.22547178020336234,1.0101952917137402,-0.7563496604344953,0.4213512858560534,-1.1777009462905488,4
phase6v2-r05-output-downstream-a01,D4-FULL,DOWNSTREAM,-0.5208210071855001,5.0,-1.2239404691564402,0.0,1.08507950788602,0.3815960189516227,0.7034834889343973,2
phase6v2-r05-input-downstream-a01,D4-FULL,INPUT,0.30845513663112506,0.2772132387038464,0.582404207643835,0.0,0.3893575276596022,0.6006386484001497,-0.2112811207405475,3
phase6v2-r05-input-downstream-a01,D4-FULL,OUTPUT,0.1596492110762791,-0.7358997684712133,0.3805153117620607,0.7358997684712133,-0.8011448503488378,0.23778669837185054,-1.0389315487206883,4
phase6v2-r05-input-downstream-a01,D4-FULL,LOAD,0.5894661696840652,0.9474667528396286,-0.05605902448571759,0.0,0.4936246326793254,0.4213512858560534,0.07227334682327197,2
phase6v2-r05-input-downstream-a01,D4-FULL,DOWNSTREAM,0.42890054387015547,5.0,-1.2557904541004534,0.0,1.3910366965899008,0.3815960189516227,1.009440677638278,1
phase6v2-r05-load-downstream-a01,D4-FULL,INPUT,-1.2915395377350825,-2.4474414815999403,-2.26586344647923,2.4474414815999403,-4.449056303538025,0.6006386484001497,-5.049694951938174,4
phase6v2-r05-load-downstream-a01,D4-FULL,OUTPUT,-0.05364615333439885,1.7070261465000938,-0.9245161264981564,0.0,0.24295462222251285,0.23778669837185054,0.005167923850662309,3
phase6v2-r05-load-downstream-a01,D4-FULL,LOAD,2.9934457148882014,5.0,3.208687730494905,0.0,3.7340444817943688,0.4213512858560534,3.3126931959383152,1
phase6v2-r05-load-downstream-a01,D4-FULL,DOWNSTREAM,-1.2612070349309348,5.0,0.15549670673665927,0.0,1.2980965572685748,0.3815960189516227,0.916500538316952,2
phase6v2-r05-output-downstream-control-a01,D4-FULL,INPUT,0.34661799214376354,0.4546723225815632,0.5761904523624861,0.0,0.4591602556959376,0.6006386484001497,-0.14147839270421209,2
phase6v2-r05-output-downstream-control-a01,D4-FULL,OUTPUT,0.1993114618851561,-0.040424391755300215,0.7541124093117388,0.4712294212513432,-0.16689626143747827,0.23778669837185054,-0.4046829598093288,3
phase6v2-r05-output-downstream-control-a01,D4-FULL,LOAD,0.22516593409065946,-0.9843333320359927,-0.22371491875758734,0.9843333320359927,-1.3119607709369663,0.4213512858560534,-1.7333120567930198,4
phase6v2-r05-output-downstream-control-a01,D4-FULL,DOWNSTREAM,0.4433066756986961,5.0,0.0,0.0,1.814435558566232,0.3815960189516227,1.4328395396146092,1
phase6v2-r05-output-load-control-a01,D4-FULL,INPUT,-0.24403516134108555,-0.6242067848522517,-0.7101485056208309,0.6242067848522517,-1.1503369354569744,0.6006386484001497,-1.750975583857124,4
phase6v2-r05-output-load-control-a01,D4-FULL,OUTPUT,-0.36838084263480547,0.6384921209337114,-0.22813214967860118,0.0,0.013993042873434927,0.23778669837185054,-0.22379365549841562,2
phase6v2-r05-output-load-control-a01,D4-FULL,LOAD,2.29745839939313,5.0,2.9873111487069064,0.0,3.4282565160333456,0.4213512858560534,3.006905230177292,1
phase6v2-r05-output-load-control-a01,D4-FULL,DOWNSTREAM,-0.41045266521697493,-0.08428050530854833,0.21062261100516255,0.08428050530854833,-0.17898402514866857,0.3815960189516227,-0.5605800441002913,3
phase6v2-r05-input-medium-a01,D4-FULL,INPUT,0.6542389910037172,0.47320943272879407,0.5824805374925097,0.0,0.5699763204083403,0.6006386484001497,-0.030662327991809346,1
phase6v2-r05-input-medium-a01,D4-FULL,OUTPUT,-0.1339105827648099,-0.7461861262126038,0.1889771704036101,0.7461861262126038,-0.9765593057372051,0.23778669837185054,-1.2143460041090557,4
phase6v2-r05-input-medium-a01,D4-FULL,LOAD,0.11474226337802133,0.9907772462077079,0.011597599263212096,0.0,0.37237236961631376,0.4213512858560534,-0.048978916239739656,2
phase6v2-r05-input-medium-a01,D4-FULL,DOWNSTREAM,0.44820045834566075,0.015403655395045457,-0.2720296566703889,0.005515754864868834,0.0583423974919036,0.3815960189516227,-0.3232536214597191,3
phase6v2-r05-output-control-a01,D4-FULL,INPUT,0.5193702701541084,0.6468978360650915,0.5775924373523268,0.0,0.5812868478571755,0.6006386484001497,-0.01935180054297414,1
phase6v2-r05-output-control-a01,D4-FULL,OUTPUT,0.12408656859458105,0.007302014800818657,0.7537187626735593,0.4548527712560866,-0.15981698923310023,0.23778669837185054,-0.3976036876049508,3
phase6v2-r05-output-control-a01,D4-FULL,LOAD,-0.49913640478348115,-0.9885557585896647,0.22203131479158822,0.9885557585896647,-1.4104427081168507,0.4213512858560534,-1.8317939939729042,4
phase6v2-r05-output-control-a01,D4-FULL,DOWNSTREAM,0.5765201908097127,0.057738676539724976,-0.15724557099993597,0.0,0.1590044321165006,0.3815960189516227,-0.22259158683512212,2
phase6v2-r05-baseline-a01,D4-FULL,INPUT,0.5091672649591015,0.6531244593833269,0.5792669881378452,0.0,0.5805195708267579,0.6006386484001497,-0.02011907757339182,1
phase6v2-r05-baseline-a01,D4-FULL,OUTPUT,0.1513623816989433,-0.7878485625963094,0.4192321385619077,0.7878485625963094,-0.8602665767081289,0.23778669837185054,-1.0980532750799794,4
phase6v2-r05-baseline-a01,D4-FULL,LOAD,-0.6100189562422658,1.0064692753945745,-0.012760288526254627,0.0,0.1278966768753514,0.4213512858560534,-0.293454608980702,3
phase6v2-r05-baseline-a01,D4-FULL,DOWNSTREAM,0.703627870662627,0.025880106063714648,-0.3674820237522747,0.006979619969850097,0.11369569768817221,0.3815960189516227,-0.2679003212634505,2
phase6v2-r05-input-load-a01,D4-FULL,INPUT,-2.476455686285336,-4.903754573120246,-4.7631018670110015,4.903754573120246,-8.951525281925772,0.6006386484001497,-9.552163930325921,4
phase6v2-r05-input-load-a01,D4-FULL,OUTPUT,0.08840777677658375,3.9373651179482687,-2.0080453360826622,0.0,0.6725758528807301,0.23778669837185054,0.43478915450887956,2
phase6v2-r05-input-load-a01,D4-FULL,LOAD,2.9522162534240834,2.874006564210001,3.546835424556189,0.0,3.124352747396758,0.4213512858560534,2.7030014615407043,1
phase6v2-r05-input-load-a01,D4-FULL,DOWNSTREAM,-2.7415887751906043,-0.06530532173787701,0.3662367495710088,0.06530532173787701,-0.8788577708570344,0.3815960189516227,-1.2604537898086572,3
phase6v2-r05-downstream-medium-a01,D4-FULL,INPUT,0.3535393961971205,0.4499331377475658,0.5770406289295585,0.0,0.46017105429141497,0.6006386484001497,-0.14046759410873472,3
phase6v2-r05-downstream-medium-a01,D4-FULL,OUTPUT,0.1776139743474288,-0.7141199023282244,0.28632019868894,0.7141199023282244,-0.7975151454255096,0.23778669837185054,-1.0353018437973602,4
phase6v2-r05-downstream-medium-a01,D4-FULL,LOAD,0.18803755486397172,0.9675058729760277,-0.20824885460117856,0.0,0.3157648577462736,0.4213512858560534,-0.1055864281097798,2
phase6v2-r05-downstream-medium-a01,D4-FULL,DOWNSTREAM,0.5200181125645513,5.0,-0.331404045619425,0.0,1.7295380223150423,0.3815960189516227,1.3479420033634195,1
phase6v2-r05-load-medium-a01,D4-FULL,INPUT,-1.0111808115039984,-2.1144685360934794,-2.003128072976927,2.1144685360934794,-3.8240610096182808,0.6006386484001497,-4.42469965801843,4
phase6v2-r05-load-medium-a01,D4-FULL,OUTPUT,-0.18941743508889378,1.6012430262877801,-1.1827610478319894,0.0,0.07635484778896566,0.23778669837185054,-0.1614318505828849,2
phase6v2-r05-load-medium-a01,D4-FULL,LOAD,3.036692536512045,5.0,3.789261958636922,0.0,3.9419848317163226,0.4213512858560534,3.520633545860269,1
phase6v2-r05-load-medium-a01,D4-FULL,DOWNSTREAM,-1.087431153699298,-0.07996642273798374,0.32633785797125897,0.07996642273798374,-0.360319662226658,0.3815960189516227,-0.7419156811782808,3
phase6v2-r05-output-medium-a01,D4-FULL,INPUT,-0.6756185839886748,0.6497744942322895,0.5863264443190742,0.0,0.1868274515208963,0.6006386484001497,-0.4138111968792534,3
phase6v2-r05-output-medium-a01,D4-FULL,OUTPUT,0.6056748825271959,2.671588124774826,0.5052412907242195,0.0,1.260834766008747,0.23778669837185054,1.0230480676368965,1
phase6v2-r05-output-medium-a01,D4-FULL,LOAD,0.5895600852101109,-1.0034372687196114,0.456461569500676,1.0034372687196114,-0.9892424733892196,0.4213512858560534,-1.4105937592452729,4
phase6v2-r05-output-medium-a01,D4-FULL,DOWNSTREAM,-0.20177232625501473,-0.0025550860200465957,0.3849620927557267,0.019906028182562905,0.040305531977658876,0.3815960189516227,-0.3412904869739638,2
phase6v2-r05-output-load-a01,D4-FULL,INPUT,-2.7536152189080174,-5.0,-5.0,5.0,-9.251205072969338,0.6006386484001497,-9.851843721369487,4
phase6v2-r05-output-load-a01,D4-FULL,OUTPUT,0.0809821771932284,5.0,-3.0560718057609852,0.0,0.6749701238107478,0.23778669837185054,0.4371834254388973,2
phase6v2-r05-output-load-a01,D4-FULL,LOAD,2.936320475520107,2.0361041863232923,3.390855767132798,0.0,2.787760142992066,0.4213512858560534,2.3664088571360127,1
phase6v2-r05-output-load-a01,D4-FULL,DOWNSTREAM,-3.0137794965913014,-0.07911894833697594,-0.671942637261761,0.07911894833697594,-1.3340659757336553,0.3815960189516227,-1.715661994685278,3
phase6v2-r05-output-downstream-a01,D4-FULL,INPUT,-0.32641523473045314,0.20182828682104006,0.5763105078839303,0.17142857142857143,-0.020854051437065674,0.6234438104508369,-0.6442978618879025,3
phase6v2-r05-output-downstream-a01,D4-FULL,OUTPUT,0.16786616616913067,3.089160759472713,2.7130455144348162,0.0,1.99002414669222,0.15746707360271897,1.8325570730895009,1
phase6v2-r05-output-downstream-a01,D4-FULL,LOAD,1.5462604053481128,-1.0101952917137402,0.22547178020336234,1.0101952917137402,-0.7563496604344953,0.4213512858560534,-1.1777009462905488,4
phase6v2-r05-output-downstream-a01,D4-FULL,DOWNSTREAM,-0.5208210071855001,5.0,-1.2239404691564402,0.0,1.08507950788602,0.3815960189516227,0.7034834889343973,2
phase6v2-r05-input-downstream-a01,D4-FULL,INPUT,0.30845513663112506,1.2217705909630772,0.582404207643835,0.0,0.7042099784126791,0.6234438104508369,0.08076616796184222,2
phase6v2-r05-input-downstream-a01,D4-FULL,OUTPUT,0.1596492110762791,-0.5887198147769707,0.3805153117620607,0.5887198147769707,-0.6049049120898476,0.15746707360271897,-0.7623719856925666,4
phase6v2-r05-input-downstream-a01,D4-FULL,LOAD,0.5894661696840652,0.9474667528396286,-0.05605902448571759,0.0,0.4936246326793254,0.4213512858560534,0.07227334682327197,3
phase6v2-r05-input-downstream-a01,D4-FULL,DOWNSTREAM,0.42890054387015547,5.0,-1.2557904541004534,0.0,1.3910366965899008,0.3815960189516227,1.009440677638278,1
phase6v2-r05-load-downstream-a01,D4-FULL,INPUT,-1.2915395377350825,-1.729381756708524,-2.26586344647923,1.9579531852799523,-3.7202147655875644,0.6234438104508369,-4.343658576038401,4
phase6v2-r05-load-downstream-a01,D4-FULL,OUTPUT,-0.05364615333439885,1.365620917200075,-0.9245161264981564,0.0,0.12915287912250661,0.15746707360271897,-0.028314194480212357,3
phase6v2-r05-load-downstream-a01,D4-FULL,LOAD,2.9934457148882014,5.0,3.208687730494905,0.0,3.7340444817943688,0.4213512858560534,3.3126931959383152,1
phase6v2-r05-load-downstream-a01,D4-FULL,DOWNSTREAM,-1.2612070349309348,5.0,0.15549670673665927,0.0,1.2980965572685748,0.3815960189516227,0.916500538316952,2
phase6v2-r05-output-downstream-control-a01,D4-FULL,INPUT,0.34661799214376354,0.19230928663667912,0.5761904523624861,0.17142857142857143,0.20027733895240485,0.6234438104508369,-0.423166471498432,3
phase6v2-r05-output-downstream-control-a01,D4-FULL,OUTPUT,0.1993114618851561,-0.03233951340424017,0.7541124093117388,0.37698353700107456,-0.06995541773685626,0.15746707360271897,-0.22742249133957523,2
phase6v2-r05-output-downstream-control-a01,D4-FULL,LOAD,0.22516593409065946,-0.9843333320359927,-0.22371491875758734,0.9843333320359927,-1.3119607709369663,0.4213512858560534,-1.7333120567930198,4
phase6v2-r05-output-downstream-control-a01,D4-FULL,DOWNSTREAM,0.4433066756986961,5.0,0.0,0.0,1.814435558566232,0.3815960189516227,1.4328395396146092,1
phase6v2-r05-output-load-control-a01,D4-FULL,INPUT,-0.24403516134108555,-0.6707939993103728,-0.7101485056208309,0.6707939993103728,-1.2124532214011359,0.6234438104508369,-1.8358970318519727,4
phase6v2-r05-output-load-control-a01,D4-FULL,OUTPUT,-0.36838084263480547,0.5107936967469692,-0.22813214967860118,0.0,-0.028573098522145828,0.15746707360271897,-0.1860401721248648,2
phase6v2-r05-output-load-control-a01,D4-FULL,LOAD,2.29745839939313,5.0,2.9873111487069064,0.0,3.4282565160333456,0.4213512858560534,3.006905230177292,1
phase6v2-r05-output-load-control-a01,D4-FULL,DOWNSTREAM,-0.41045266521697493,-0.08428050530854833,0.21062261100516255,0.08428050530854833,-0.17898402514866857,0.3815960189516227,-0.5605800441002913,3
phase6v2-r05-input-medium-a01,D4-FULL,INPUT,0.6542389910037172,1.3785675461830353,0.5824805374925097,0.0,0.8717623582264208,0.6234438104508369,0.24831854777558393,1
phase6v2-r05-input-medium-a01,D4-FULL,OUTPUT,-0.1339105827648099,-0.596948900970083,0.1889771704036101,0.596948900970083,-0.7775763387471774,0.15746707360271897,-0.9350434123498963,4
phase6v2-r05-input-medium-a01,D4-FULL,LOAD,0.11474226337802133,0.9907772462077079,0.011597599263212096,0.0,0.37237236961631376,0.4213512858560534,-0.048978916239739656,2
phase6v2-r05-input-medium-a01,D4-FULL,DOWNSTREAM,0.44820045834566075,0.015403655395045457,-0.2720296566703889,0.005515754864868834,0.0583423974919036,0.3815960189516227,-0.3232536214597191,3
phase6v2-r05-output-control-a01,D4-FULL,INPUT,0.5193702701541084,0.3460896974235018,0.5775924373523268,0.17142857142857143,0.30958889688140756,0.6234438104508369,-0.3138549135694293,3
phase6v2-r05-output-control-a01,D4-FULL,OUTPUT,0.12408656859458105,0.005841611840654926,0.7537187626735593,0.3638822170048693,-0.06933323596860419,0.15746707360271897,-0.22680030957132316,2
phase6v2-r05-output-control-a01,D4-FULL,LOAD,-0.49913640478348115,-0.9885557585896647,0.22203131479158822,0.9885557585896647,-1.4104427081168507,0.4213512858560534,-1.8317939939729042,4
phase6v2-r05-output-control-a01,D4-FULL,DOWNSTREAM,0.5765201908097127,0.057738676539724976,-0.15724557099993597,0.0,0.1590044321165006,0.3815960189516227,-0.22259158683512212,1
phase6v2-r05-baseline-a01,D4-FULL,INPUT,0.5091672649591015,0.75107099607809,0.5792669881378452,0.0,0.613168416391679,0.6234438104508369,-0.010275394059157894,1
phase6v2-r05-baseline-a01,D4-FULL,OUTPUT,0.1513623816989433,-0.6302788500770475,0.4192321385619077,0.6302788500770475,-0.6501736266824464,0.15746707360271897,-0.8076407002851653,4
phase6v2-r05-baseline-a01,D4-FULL,LOAD,-0.6100189562422658,1.0064692753945745,-0.012760288526254627,0.0,0.1278966768753514,0.4213512858560534,-0.293454608980702,3
phase6v2-r05-baseline-a01,D4-FULL,DOWNSTREAM,0.703627870662627,0.025880106063714648,-0.3674820237522747,0.006979619969850097,0.11369569768817221,0.3815960189516227,-0.2679003212634505,2
phase6v2-r05-input-load-a01,D4-FULL,INPUT,-2.476455686285336,-2.9230036584961967,-4.7631018670110015,3.9230036584961967,-7.310524062427042,0.6234438104508369,-7.933967872877879,4
phase6v2-r05-input-load-a01,D4-FULL,OUTPUT,0.08840777677658375,3.149892094358615,-2.0080453360826622,0.0,0.41008484501751213,0.15746707360271897,0.25261777141479314,2
phase6v2-r05-input-load-a01,D4-FULL,LOAD,2.9522162534240834,2.874006564210001,3.546835424556189,0.0,3.124352747396758,0.4213512858560534,2.7030014615407043,1
phase6v2-r05-input-load-a01,D4-FULL,DOWNSTREAM,-2.7415887751906043,-0.06530532173787701,0.3662367495710088,0.06530532173787701,-0.8788577708570344,0.3815960189516227,-1.2604537898086572,3
phase6v2-r05-downstream-medium-a01,D4-FULL,INPUT,0.3535393961971205,0.5885179387694812,0.5770406289295585,0.0,0.5063659879653867,0.6234438104508369,-0.11707782248545018,3
phase6v2-r05-downstream-medium-a01,D4-FULL,OUTPUT,0.1776139743474288,-0.5712959218625795,0.28632019868894,0.5712959218625795,-0.6070831714713164,0.15746707360271897,-0.7645502450740354,4
phase6v2-r05-downstream-medium-a01,D4-FULL,LOAD,0.18803755486397172,0.9675058729760277,-0.20824885460117856,0.0,0.3157648577462736,0.4213512858560534,-0.1055864281097798,2
phase6v2-r05-downstream-medium-a01,D4-FULL,DOWNSTREAM,0.5200181125645513,5.0,-0.331404045619425,0.0,1.7295380223150423,0.3815960189516227,1.3479420033634195,1
phase6v2-r05-load-medium-a01,D4-FULL,INPUT,-1.0111808115039984,-1.463003400303355,-2.003128072976927,1.6915748288747836,-3.18401225713621,0.6234438104508369,-3.8074560675870472,4
phase6v2-r05-load-medium-a01,D4-FULL,OUTPUT,-0.18941743508889378,1.2809944210302242,-1.1827610478319894,0.0,-0.030394687296886325,0.15746707360271897,-0.1878617608996053,2
phase6v2-r05-load-medium-a01,D4-FULL,LOAD,3.036692536512045,5.0,3.789261958636922,0.0,3.9419848317163226,0.4213512858560534,3.520633545860269,1
phase6v2-r05-load-medium-a01,D4-FULL,DOWNSTREAM,-1.087431153699298,-0.07996642273798374,0.32633785797125897,0.07996642273798374,-0.360319662226658,0.3815960189516227,-0.7419156811782808,3
phase6v2-r05-output-medium-a01,D4-FULL,INPUT,-0.6756185839886748,0.3483910239572602,0.5863264443190742,0.17142857142857143,-0.08506227666601823,0.6234438104508369,-0.7085060871168551,3
phase6v2-r05-output-medium-a01,D4-FULL,OUTPUT,0.6056748825271959,3.1372704998198606,0.5052412907242195,0.0,1.416062224357092,0.15746707360271897,1.258595150754373,1
phase6v2-r05-output-medium-a01,D4-FULL,LOAD,0.5895600852101109,-1.0034372687196114,0.456461569500676,1.0034372687196114,-0.9892424733892196,0.4213512858560534,-1.4105937592452729,4
phase6v2-r05-output-medium-a01,D4-FULL,DOWNSTREAM,-0.20177232625501473,-0.0025550860200465957,0.3849620927557267,0.019906028182562905,0.040305531977658876,0.3815960189516227,-0.3412904869739638,2
phase6v2-r05-output-load-a01,D4-FULL,INPUT,-2.7536152189080174,-4.171428571428572,-5.0,4.171428571428572,-8.146443168207435,0.6234438104508369,-8.769886978658272,4
phase6v2-r05-output-load-a01,D4-FULL,OUTPUT,0.0809821771932284,5.0,-3.0560718057609852,0.0,0.6749701238107478,0.15746707360271897,0.5175030502080289,2
phase6v2-r05-output-load-a01,D4-FULL,LOAD,2.936320475520107,2.0361041863232923,3.390855767132798,0.0,2.787760142992066,0.4213512858560534,2.3664088571360127,1
phase6v2-r05-output-load-a01,D4-FULL,DOWNSTREAM,-3.0137794965913014,-0.07911894833697594,-0.671942637261761,0.07911894833697594,-1.3340659757336553,0.3815960189516227,-1.715661994685278,3
phase6v2-r06-baseline-a01,D4-S,INPUT,0.6295148534065188,,,0.0,0.6295148534065188,0.6519475034455077,-0.022432650038988866,1
phase6v2-r06-baseline-a01,D4-S,OUTPUT,0.13555670273869955,,,0.0,0.13555670273869955,0.27467897056494667,-0.13912226782624712,3
phase6v2-r06-baseline-a01,D4-S,LOAD,-0.5616289030032581,,,0.0,-0.5616289030032581,0.5929767473379568,-1.1546056503412148,4
phase6v2-r06-baseline-a01,D4-S,DOWNSTREAM,0.6772651461138953,,,0.0,0.6772651461138953,0.7051670067019936,-0.027901860588098293,2
phase6v2-r06-input-load-a01,D4-S,INPUT,-2.740607897390903,,,0.0,-2.740607897390903,0.6519475034455077,-3.392555400836411,3
phase6v2-r06-input-load-a01,D4-S,OUTPUT,0.10954016689295035,,,0.0,0.10954016689295035,0.27467897056494667,-0.16513880367199632,2
phase6v2-r06-input-load-a01,D4-S,LOAD,2.9425779410192243,,,0.0,2.9425779410192243,0.5929767473379568,2.3496011936812673,1
phase6v2-r06-input-load-a01,D4-S,DOWNSTREAM,-2.725996702479471,,,0.0,-2.725996702479471,0.7051670067019936,-3.4311637091814644,4
phase6v2-r06-output-downstream-control-a01,D4-S,INPUT,0.3018530191718416,,,0.0,0.3018530191718416,0.6519475034455077,-0.3500944842736661,4
phase6v2-r06-output-downstream-control-a01,D4-S,OUTPUT,0.3253740413124858,,,0.0,0.3253740413124858,0.27467897056494667,0.05069507074753915,1
phase6v2-r06-output-downstream-control-a01,D4-S,LOAD,0.3420680669671685,,,0.0,0.3420680669671685,0.5929767473379568,-0.2509086803707883,2
phase6v2-r06-output-downstream-control-a01,D4-S,DOWNSTREAM,0.42431553533825445,,,0.0,0.42431553533825445,0.7051670067019936,-0.28085147136373917,3
phase6v2-r06-input-medium-a01,D4-S,INPUT,0.570427571091288,,,0.0,0.570427571091288,0.6519475034455077,-0.08151993235421962,1
phase6v2-r06-input-medium-a01,D4-S,OUTPUT,0.11254234819966134,,,0.0,0.11254234819966134,0.27467897056494667,-0.1621366223652853,3
phase6v2-r06-input-medium-a01,D4-S,LOAD,-0.15000408604640275,,,0.0,-0.15000408604640275,0.5929767473379568,-0.7429808333843595,4
phase6v2-r06-input-medium-a01,D4-S,DOWNSTREAM,0.5796209620502251,,,0.0,0.5796209620502251,0.7051670067019936,-0.12554604465176855,2
phase6v2-r06-output-load-control-a01,D4-S,INPUT,-0.09705759657175986,,,0.0,-0.09705759657175986,0.6519475034455077,-0.7490051000172675,2
phase6v2-r06-output-load-control-a01,D4-S,OUTPUT,-0.5543448006077157,,,0.0,-0.5543448006077157,0.27467897056494667,-0.8290237711726625,3
phase6v2-r06-output-load-control-a01,D4-S,LOAD,2.4242348665077516,,,0.0,2.4242348665077516,0.5929767473379568,1.8312581191697948,1
phase6v2-r06-output-load-control-a01,D4-S,DOWNSTREAM,-0.4821046568237923,,,0.0,-0.4821046568237923,0.7051670067019936,-1.1872716635257858,4
phase6v2-r06-load-downstream-a01,D4-S,INPUT,-1.3757163910316783,,,0.0,-1.3757163910316783,0.6519475034455077,-2.027663894477186,4
phase6v2-r06-load-downstream-a01,D4-S,OUTPUT,-0.05270418086608159,,,0.0,-0.05270418086608159,0.27467897056494667,-0.32738315143102825,2
phase6v2-r06-load-downstream-a01,D4-S,LOAD,2.9837082910149078,,,0.0,2.9837082910149078,0.5929767473379568,2.390731543676951,1
phase6v2-r06-load-downstream-a01,D4-S,DOWNSTREAM,-1.2565762556134839,,,0.0,-1.2565762556134839,0.7051670067019936,-1.9617432623154776,3
phase6v2-r06-output-load-a01,D4-S,INPUT,-3.0667562348601987,,,0.0,-3.0667562348601987,0.6519475034455077,-3.7187037383057064,3
phase6v2-r06-output-load-a01,D4-S,OUTPUT,0.010519777146115088,,,0.0,0.010519777146115088,0.27467897056494667,-0.2641591934188316,2
phase6v2-r06-output-load-a01,D4-S,LOAD,3.014981244590806,,,0.0,3.014981244590806,0.5929767473379568,2.422004497252849,1
phase6v2-r06-output-load-a01,D4-S,DOWNSTREAM,-3.0352830502265857,,,0.0,-3.0352830502265857,0.7051670067019936,-3.7404500569285792,4
phase6v2-r06-downstream-medium-a01,D4-S,INPUT,0.5119081174736664,,,0.0,0.5119081174736664,0.6519475034455077,-0.1400393859718413,2
phase6v2-r06-downstream-medium-a01,D4-S,OUTPUT,0.17199044249950557,,,0.0,0.17199044249950557,0.27467897056494667,-0.1026885280654411,1
phase6v2-r06-downstream-medium-a01,D4-S,LOAD,0.1806487338290061,,,0.0,0.1806487338290061,0.5929767473379568,-0.4123280135089507,4
phase6v2-r06-downstream-medium-a01,D4-S,DOWNSTREAM,0.53330881214988,,,0.0,0.53330881214988,0.7051670067019936,-0.1718581945521136,3
phase6v2-r06-input-downstream-a01,D4-S,INPUT,0.3851074897547334,,,0.0,0.3851074897547334,0.6519475034455077,-0.26684001369077426,3
phase6v2-r06-input-downstream-a01,D4-S,OUTPUT,0.17398106672665237,,,0.0,0.17398106672665237,0.27467897056494667,-0.1006979038382943,2
phase6v2-r06-input-downstream-a01,D4-S,LOAD,0.5869451606225513,,,0.0,0.5869451606225513,0.5929767473379568,-0.00603158671540549,1
phase6v2-r06-input-downstream-a01,D4-S,DOWNSTREAM,0.4319659894046735,,,0.0,0.4319659894046735,0.7051670067019936,-0.2732010172973201,4
phase6v2-r06-load-medium-a01,D4-S,INPUT,-1.0402723919256895,,,0.0,-1.0402723919256895,0.6519475034455077,-1.6922198953711973,4
phase6v2-r06-load-medium-a01,D4-S,OUTPUT,-0.17317569307976896,,,0.0,-0.17317569307976896,0.27467897056494667,-0.4478546636447156,2
phase6v2-r06-load-medium-a01,D4-S,LOAD,3.033431264086116,,,0.0,3.033431264086116,0.5929767473379568,2.440454516748159,1
phase6v2-r06-load-medium-a01,D4-S,DOWNSTREAM,-0.9428290123540538,,,0.0,-0.9428290123540538,0.7051670067019936,-1.6479960190560474,3
phase6v2-r06-output-medium-a01,D4-S,INPUT,-0.6993085441427742,,,0.0,-0.6993085441427742,0.6519475034455077,-1.351256047588282,4
phase6v2-r06-output-medium-a01,D4-S,OUTPUT,0.574955518943854,,,0.0,0.574955518943854,0.27467897056494667,0.3002765483789073,1
phase6v2-r06-output-medium-a01,D4-S,LOAD,0.5864650525522244,,,0.0,0.5864650525522244,0.5929767473379568,-0.006511694785732436,2
phase6v2-r06-output-medium-a01,D4-S,DOWNSTREAM,-0.17202089905727613,,,0.0,-0.17202089905727613,0.7051670067019936,-0.8771879057592697,3
phase6v2-r06-output-control-a01,D4-S,INPUT,0.5273383317590835,,,0.0,0.5273383317590835,0.6519475034455077,-0.12460917168642416,2
phase6v2-r06-output-control-a01,D4-S,OUTPUT,0.18814976358189212,,,0.0,0.18814976358189212,0.27467897056494667,-0.08652920698305455,1
phase6v2-r06-output-control-a01,D4-S,LOAD,-0.3464912255174563,,,0.0,-0.3464912255174563,0.5929767473379568,-0.9394679728554132,4
phase6v2-r06-output-control-a01,D4-S,DOWNSTREAM,0.5659790437538714,,,0.0,0.5659790437538714,0.7051670067019936,-0.1391879629481222,3
phase6v2-r06-output-downstream-a01,D4-S,INPUT,-0.7696007557311307,,,0.0,-0.7696007557311307,0.6519475034455077,-1.4215482591766384,4
phase6v2-r06-output-downstream-a01,D4-S,OUTPUT,0.59017997666038,,,0.0,0.59017997666038,0.27467897056494667,0.31550100609543336,2
phase6v2-r06-output-downstream-a01,D4-S,LOAD,1.395093932149063,,,0.0,1.395093932149063,0.5929767473379568,0.8021171848111062,1
phase6v2-r06-output-downstream-a01,D4-S,DOWNSTREAM,-0.3522795601156949,,,0.0,-0.3522795601156949,0.7051670067019936,-1.0574465668176884,3
phase6v2-r06-baseline-a01,D4-SM,INPUT,0.6295148534065188,0.6463289436240001,,0.0,0.6379218985152595,0.6548394973075335,-0.016917598792274058,2
phase6v2-r06-baseline-a01,D4-SM,OUTPUT,0.13555670273869955,-0.7182370806455698,,0.0,-0.2913401889534351,0.7847739096449267,-1.0761140985983617,4
phase6v2-r06-baseline-a01,D4-SM,LOAD,-0.5616289030032581,1.008816587399834,,0.0,0.22359384219828798,0.5896361603907101,-0.3660423181924221,3
phase6v2-r06-baseline-a01,D4-SM,DOWNSTREAM,0.6772651461138953,0.03339632500993458,,0.0,0.35533073556191497,0.3688393917672099,-0.013508656205294955,1
phase6v2-r06-input-load-a01,D4-SM,INPUT,-2.740607897390903,-4.90139190399764,,0.0,-3.8209999006942716,0.6548394973075335,-4.475839398001805,4
phase6v2-r06-input-load-a01,D4-SM,OUTPUT,0.10954016689295035,3.8930520084221096,,0.0,2.00129608765753,0.7847739096449267,1.2165221780126034,2
phase6v2-r06-input-load-a01,D4-SM,LOAD,2.9425779410192243,2.9148280992901707,,0.0,2.9287030201546975,0.5896361603907101,2.3390668597639874,1
phase6v2-r06-input-load-a01,D4-SM,DOWNSTREAM,-2.725996702479471,-0.0737139661495704,,0.0,-1.3998553343145206,0.3688393917672099,-1.7686947260817305,3
phase6v2-r06-output-downstream-control-a01,D4-SM,INPUT,0.3018530191718416,0.448967803930795,,0.0,0.37541041155131827,0.6548394973075335,-0.2794290857562153,2
phase6v2-r06-output-downstream-control-a01,D4-SM,OUTPUT,0.3253740413124858,0.20760277320564663,,0.0,0.2664884072590662,0.7847739096449267,-0.5182855023858605,3
phase6v2-r06-output-downstream-control-a01,D4-SM,LOAD,0.3420680669671685,-0.9887258705838174,,0.0,-0.32332890180832446,0.5896361603907101,-0.9129650621990346,4
phase6v2-r06-output-downstream-control-a01,D4-SM,DOWNSTREAM,0.42431553533825445,5.0,,0.0,2.7121577676691273,0.3688393917672099,2.3433183759019176,1
phase6v2-r06-input-medium-a01,D4-SM,INPUT,0.570427571091288,0.4725380251868503,,0.0,0.5214827981390692,0.6548394973075335,-0.13335669916846438,2
phase6v2-r06-input-medium-a01,D4-SM,OUTPUT,0.11254234819966134,-0.7359280577260253,,0.0,-0.311692854763182,0.7847739096449267,-1.0964667644081088,4
phase6v2-r06-input-medium-a01,D4-SM,LOAD,-0.15000408604640275,0.9870389368464816,,0.0,0.41851742540003944,0.5896361603907101,-0.17111873499067065,3
phase6v2-r06-input-medium-a01,D4-SM,DOWNSTREAM,0.5796209620502251,0.06186040713567823,,0.0,0.32074068459295163,0.3688393917672099,-0.04809870717425829,1
phase6v2-r06-output-load-control-a01,D4-SM,INPUT,-0.09705759657175986,-0.5949503452895133,,0.0,-0.34600397093063656,0.6548394973075335,-1.0008434682381702,4
phase6v2-r06-output-load-control-a01,D4-SM,OUTPUT,-0.5543448006077157,0.6035074853003171,,0.0,0.02458134234630066,0.7847739096449267,-0.760192567298626,3
phase6v2-r06-output-load-control-a01,D4-SM,LOAD,2.4242348665077516,5.0,,0.0,3.7121174332538756,0.5896361603907101,3.1224812728631655,1
phase6v2-r06-output-load-control-a01,D4-SM,DOWNSTREAM,-0.4821046568237923,-0.07841002131423283,,0.0,-0.28025733906901257,0.3688393917672099,-0.6490967308362225,2
phase6v2-r06-load-downstream-a01,D4-SM,INPUT,-1.3757163910316783,-2.4456891417697424,,0.0,-1.9107027664007104,0.6548394973075335,-2.565542263708244,4
phase6v2-r06-load-downstream-a01,D4-SM,OUTPUT,-0.05270418086608159,1.7289581174835553,,0.0,0.8381269683087369,0.7847739096449267,0.05335305866381024,3
phase6v2-r06-load-downstream-a01,D4-SM,LOAD,2.9837082910149078,5.0,,0.0,3.991854145507454,0.5896361603907101,3.402217985116744,1
phase6v2-r06-load-downstream-a01,D4-SM,DOWNSTREAM,-1.2565762556134839,5.0,,0.0,1.871711872193258,0.3688393917672099,1.502872480426048,2
phase6v2-r06-output-load-a01,D4-SM,INPUT,-3.0667562348601987,-5.0,,0.0,-4.033378117430099,0.6548394973075335,-4.688217614737633,4
phase6v2-r06-output-load-a01,D4-SM,OUTPUT,0.010519777146115088,5.0,,0.0,2.5052598885730575,0.7847739096449267,1.7204859789281308,2
phase6v2-r06-output-load-a01,D4-SM,LOAD,3.014981244590806,2.097240119334444,,0.0,2.556110681962625,0.5896361603907101,1.9664745215719148,1
phase6v2-r06-output-load-a01,D4-SM,DOWNSTREAM,-3.0352830502265857,-0.10439014626460594,,0.0,-1.5698365982455957,0.3688393917672099,-1.9386759900128057,3
phase6v2-r06-downstream-medium-a01,D4-SM,INPUT,0.5119081174736664,0.4558908034392327,,0.0,0.48389946045644955,0.6548394973075335,-0.170940036851084,3
phase6v2-r06-downstream-medium-a01,D4-SM,OUTPUT,0.17199044249950557,-0.776801286594786,,0.0,-0.3024054220476402,0.7847739096449267,-1.0871793316925669,4
phase6v2-r06-downstream-medium-a01,D4-SM,LOAD,0.1806487338290061,0.9674342420664184,,0.0,0.5740414879477123,0.5896361603907101,-0.015594672442997837,2
phase6v2-r06-downstream-medium-a01,D4-SM,DOWNSTREAM,0.53330881214988,5.0,,0.0,2.76665440607494,0.3688393917672099,2.3978150143077297,1
phase6v2-r06-input-downstream-a01,D4-SM,INPUT,0.3851074897547334,0.27720814769251984,,0.0,0.3311578187236266,0.6548394973075335,-0.32368167858390695,3
phase6v2-r06-input-downstream-a01,D4-SM,OUTPUT,0.17398106672665237,-0.729992021026424,,0.0,-0.2780054771498858,0.7847739096449267,-1.0627793867948125,4
phase6v2-r06-input-downstream-a01,D4-SM,LOAD,0.5869451606225513,0.9496915591224688,,0.0,0.7683183598725101,0.5896361603907101,0.17868219948179997,2
phase6v2-r06-input-downstream-a01,D4-SM,DOWNSTREAM,0.4319659894046735,5.0,,0.0,2.715982994702337,0.3688393917672099,2.3471436029351267,1
phase6v2-r06-load-medium-a01,D4-SM,INPUT,-1.0402723919256895,-1.8837255109492448,,0.0,-1.4619989514374672,0.6548394973075335,-2.1168384487450007,4
phase6v2-r06-load-medium-a01,D4-SM,OUTPUT,-0.17317569307976896,1.4663122581266932,,0.0,0.6465682825234621,0.7847739096449267,-0.13820562712146456,2
phase6v2-r06-load-medium-a01,D4-SM,LOAD,3.033431264086116,5.0,,0.0,4.0167156320430575,0.5896361603907101,3.4270794716523474,1
phase6v2-r06-load-medium-a01,D4-SM,DOWNSTREAM,-0.9428290123540538,-0.07880595482562669,,0.0,-0.5108174835898402,0.3688393917672099,-0.8796568753570502,3
phase6v2-r06-output-medium-a01,D4-SM,INPUT,-0.6993085441427742,0.6497725416223262,,0.0,-0.024768001260223993,0.6548394973075335,-0.6796074985677576,3
phase6v2-r06-output-medium-a01,D4-SM,OUTPUT,0.574955518943854,2.648296570976973,,0.0,1.6116260449604134,0.7847739096449267,0.8268521353154867,1
phase6v2-r06-output-medium-a01,D4-SM,LOAD,0.5864650525522244,-1.0065898193055631,,0.0,-0.21006238337666938,0.5896361603907101,-0.7996985437673795,4
phase6v2-r06-output-medium-a01,D4-SM,DOWNSTREAM,-0.17202089905727613,0.019992891291230667,,0.0,-0.07601400388302273,0.3688393917672099,-0.44485339565023263,2
phase6v2-r06-output-control-a01,D4-SM,INPUT,0.5273383317590835,0.6397679558995253,,0.0,0.5835531438293045,0.6548394973075335,-0.07128635347822909,2
phase6v2-r06-output-control-a01,D4-SM,OUTPUT,0.18814976358189212,-0.0838779811710233,,0.0,0.05213589120543441,0.7847739096449267,-0.7326380184394923,3
phase6v2-r06-output-control-a01,D4-SM,LOAD,-0.3464912255174563,-0.9734460325992832,,0.0,-0.6599686290583697,0.5896361603907101,-1.2496047894490798,4
phase6v2-r06-output-control-a01,D4-SM,DOWNSTREAM,0.5659790437538714,0.061451275670041314,,0.0,0.31371515971195635,0.3688393917672099,-0.055124232055253575,1
phase6v2-r06-output-downstream-a01,D4-SM,INPUT,-0.7696007557311307,0.46162602042500395,,0.0,-0.1539873676530634,0.6548394973075335,-0.808826864960597,4
phase6v2-r06-output-downstream-a01,D4-SM,OUTPUT,0.59017997666038,2.6493207542875954,,0.0,1.6197503654739878,0.7847739096449267,0.8349764558290611,2
phase6v2-r06-output-downstream-a01,D4-SM,LOAD,1.395093932149063,-1.0143134157467346,,0.0,0.19039025820116418,0.5896361603907101,-0.3992459021895459,3
phase6v2-r06-output-downstream-a01,D4-SM,DOWNSTREAM,-0.3522795601156949,5.0,,0.0,2.3238602199421527,0.3688393917672099,1.9550208281749428,1
phase6v2-r06-baseline-a01,D4-SMT,INPUT,0.6529930249119517,0.6463289436240001,0.5770686002342936,0.0,0.6254635229234151,0.6396050344339355,-0.014141511510520344,1
phase6v2-r06-baseline-a01,D4-SMT,OUTPUT,0.3624814421547513,0.0,0.4841091628802885,0.0,0.2821968683450133,0.8597332773078388,-0.5775364089628254,4
phase6v2-r06-baseline-a01,D4-SMT,LOAD,0.07126109947635374,1.008816587399834,0.27779958569690477,0.0,0.45262575752436424,0.5491363905575245,-0.09651063303316026,2
phase6v2-r06-baseline-a01,D4-SMT,DOWNSTREAM,0.6772651461138953,0.03339632500993458,0.45898398427717657,0.0,0.38988181846700215,0.6281227568651974,-0.2382409383981952,3
phase6v2-r06-input-load-a01,D4-SMT,INPUT,0.0,0.0,0.0,0.0,0.0,0.6396050344339355,-0.6396050344339355,4
phase6v2-r06-input-load-a01,D4-SMT,OUTPUT,1.585496267423377,3.8930520084221096,0.2823363497498943,0.0,1.9202948751984603,0.8597332773078388,1.0605615978906215,2
phase6v2-r06-input-load-a01,D4-SMT,LOAD,3.0710496138105943,2.9148280992901707,4.0,0.0,3.3286259043669215,0.5491363905575245,2.779489513809397,1
phase6v2-r06-input-load-a01,D4-SMT,DOWNSTREAM,0.10299471788850272,0.0,0.0,0.0,0.03433157262950091,0.6281227568651974,-0.5937911842356964,3
phase6v2-r06-output-downstream-control-a01,D4-SMT,INPUT,0.34487140984952436,0.448967803930795,0.5755422582056124,0.0,0.4564604906619773,0.6396050344339355,-0.18314454377195816,2
phase6v2-r06-output-downstream-control-a01,D4-SMT,OUTPUT,0.3731479975812387,0.4462625757692966,0.7690082173868333,0.0,0.5294729302457896,0.8597332773078388,-0.3302603470620492,4
phase6v2-r06-output-downstream-control-a01,D4-SMT,LOAD,0.4398404463044094,0.0,0.5117436658134772,0.0,0.3171947040392955,0.5491363905575245,-0.231941686518229,3
phase6v2-r06-output-downstream-control-a01,D4-SMT,DOWNSTREAM,0.42431553533825445,5.0,1.281735852012966,0.0,2.235350462450407,0.6281227568651974,1.6072277055852093,1
phase6v2-r06-input-medium-a01,D4-SMT,INPUT,0.5792505782175335,0.4725380251868503,0.5795245807696346,0.0,0.5437710613913395,0.6396050344339355,-0.095833973042596,3
phase6v2-r06-input-medium-a01,D4-SMT,OUTPUT,0.28144613858932205,0.0,0.3937858182335897,0.0,0.22507731894097058,0.8597332773078388,-0.6346559583668682,4
phase6v2-r06-input-medium-a01,D4-SMT,LOAD,0.0978980222459529,0.9870389368464816,0.2938603114023125,0.0,0.4595990901649157,0.5491363905575245,-0.08953730039260882,2
phase6v2-r06-input-medium-a01,D4-SMT,DOWNSTREAM,0.5796209620502251,0.06186040713567823,1.3112218763410723,0.0,0.6509010818423252,0.6281227568651974,0.02277832497712784,1
phase6v2-r06-output-load-control-a01,D4-SMT,INPUT,0.35403630907873773,0.0,0.0,0.0,0.11801210302624592,0.6396050344339355,-0.5215929314076896,3
phase6v2-r06-output-load-control-a01,D4-SMT,OUTPUT,0.15735209494830135,0.6035074853003171,0.1294131219158755,0.0,0.29675756738816467,0.8597332773078388,-0.5629757099196742,4
phase6v2-r06-output-load-control-a01,D4-SMT,LOAD,2.4264547822064557,5.0,4.0,0.0,3.8088182607354852,0.5491363905575245,3.259681870177961,1
phase6v2-r06-output-load-control-a01,D4-SMT,DOWNSTREAM,0.051921388346427684,0.0,1.0532312689986976,0.0,0.36838421911504177,0.6281227568651974,-0.2597385377501556,2
phase6v2-r06-load-downstream-a01,D4-SMT,INPUT,0.02949307886779179,0.0,0.0,0.0,0.00983102628926393,0.6396050344339355,-0.6297740081446715,4
phase6v2-r06-load-downstream-a01,D4-SMT,OUTPUT,0.8751091479448593,1.7289581174835553,0.35413606764565647,0.0,0.986067777691357,0.8597332773078388,0.12633450038351823,3
phase6v2-r06-load-downstream-a01,D4-SMT,LOAD,3.034289096298579,5.0,4.0310689524033725,0.0,4.0217860162339845,0.5491363905575245,3.47264962567646,1
phase6v2-r06-load-downstream-a01,D4-SMT,DOWNSTREAM,0.09429768471364461,5.0,0.03305626356638118,0.0,1.7091179827600087,0.6281227568651974,1.0809952258948115,2
phase6v2-r06-output-load-a01,D4-SMT,INPUT,0.0,0.0,0.0,0.0,0.0,0.6396050344339355,-0.6396050344339355,4
phase6v2-r06-output-load-a01,D4-SMT,OUTPUT,1.5012832980447286,5.0,0.8465206219538932,0.0,2.449267973332874,0.8597332773078388,1.5895346960250354,2
phase6v2-r06-output-load-a01,D4-SMT,LOAD,3.2419967959851506,2.097240119334444,4.0,0.0,3.113078971773198,0.5491363905575245,2.5639425812156738,1
phase6v2-r06-output-load-a01,D4-SMT,DOWNSTREAM,0.046575698957617484,0.0,0.18136006544716043,0.0,0.07597858813492597,0.6281227568651974,-0.5521441687302714,3
phase6v2-r06-downstream-medium-a01,D4-SMT,INPUT,0.5158460698068494,0.4558908034392327,0.580144007532105,0.0,0.5172936269260624,0.6396050344339355,-0.12231140750787306,3
phase6v2-r06-downstream-medium-a01,D4-SMT,OUTPUT,0.269572076957288,0.0,0.36034668213301074,0.0,0.20997291969676626,0.8597332773078388,-0.6497603576110725,4
phase6v2-r06-downstream-medium-a01,D4-SMT,LOAD,0.3603646725511753,0.9674342420664184,0.0004055203234216532,0.0,0.4427348116470051,0.5491363905575245,-0.10640157891051938,2
phase6v2-r06-downstream-medium-a01,D4-SMT,DOWNSTREAM,0.53330881214988,5.0,0.026567508827524573,0.0,1.8532921069924682,0.6281227568651974,1.225169350127271,1
phase6v2-r06-input-downstream-a01,D4-SMT,INPUT,0.4232408256393536,0.27720814769251984,0.5878114955454906,0.0,0.4294201562924547,0.6396050344339355,-0.21018487814148074,3
phase6v2-r06-input-downstream-a01,D4-SMT,OUTPUT,0.2073009783212197,0.0,0.29402025819553623,0.0,0.16710707883891862,0.8597332773078388,-0.6926261984689202,4
phase6v2-r06-input-downstream-a01,D4-SMT,LOAD,0.69763984838389,0.9496915591224688,0.3161928116319561,0.0,0.6545080730461049,0.5491363905575245,0.10537168248858042,2
phase6v2-r06-input-downstream-a01,D4-SMT,DOWNSTREAM,0.4321931293220377,5.0,3.580006758169659,0.0,3.004066629163899,0.6281227568651974,2.3759438722987016,1
phase6v2-r06-load-medium-a01,D4-SMT,INPUT,0.037775396661912694,0.0,0.0,0.0,0.012591798887304231,0.6396050344339355,-0.6270132355466312,4
phase6v2-r06-load-medium-a01,D4-SMT,OUTPUT,0.5530942093830366,1.4663122581266932,0.26746632496686285,0.0,0.7622909308255309,0.8597332773078388,-0.09744234648230787,2
phase6v2-r06-load-medium-a01,D4-SMT,LOAD,3.0479382063941616,5.0,4.0,0.0,4.015979402131387,0.5491363905575245,3.466843011573862,1
phase6v2-r06-load-medium-a01,D4-SMT,DOWNSTREAM,0.056157368327101255,0.0,0.905638760362474,0.0,0.32059870956319175,0.6281227568651974,-0.3075240473020056,3
phase6v2-r06-output-medium-a01,D4-SMT,INPUT,0.11719779387267903,0.6497725416223262,0.5681232840329091,0.0,0.4450312065093048,0.6396050344339355,-0.19457382792463068,3
phase6v2-r06-output-medium-a01,D4-SMT,OUTPUT,0.5964601479580489,2.648296570976973,2.7063913095543985,0.0,1.9837160094964734,0.8597332773078388,1.1239827321886346,1
phase6v2-r06-output-medium-a01,D4-SMT,LOAD,1.0723046808122487,0.0,0.6701770914121302,0.0,0.5808272574081262,0.5491363905575245,0.03169086685060174,2
phase6v2-r06-output-medium-a01,D4-SMT,DOWNSTREAM,0.2962959817606411,0.036380801755153014,0.8197988198292616,0.0,0.38415853444835185,0.6281227568651974,-0.2439642224168455,4
phase6v2-r06-output-control-a01,D4-SMT,INPUT,0.5654716676437037,0.6397679558995253,0.5823200438515954,0.0,0.5958532224649414,0.6396050344339355,-0.043751811968994025,1
phase6v2-r06-output-control-a01,D4-SMT,OUTPUT,0.40779713188225303,0.19084908009427543,0.30363795831427437,0.0,0.3007613900969343,0.8597332773078388,-0.5589718872109044,4
phase6v2-r06-output-control-a01,D4-SMT,LOAD,0.07701815800659359,0.0,0.1944444978221384,0.0,0.09048755194291065,0.5491363905575245,-0.45864883861461386,3
phase6v2-r06-output-control-a01,D4-SMT,DOWNSTREAM,0.583264561719369,0.061451275670041314,0.27819018519830757,0.0,0.30763534086257266,0.6281227568651974,-0.3204874160026247,2
phase6v2-r06-output-downstream-a01,D4-SMT,INPUT,0.10775849931045142,0.46162602042500395,0.5792551790572767,0.0,0.38287989959757734,0.6396050344339355,-0.2567251348363581,4
phase6v2-r06-output-downstream-a01,D4-SMT,OUTPUT,0.59017997666038,2.6493207542875954,1.4023976804408493,0.0,1.5472994704629415,0.8597332773078388,0.6875661931551027,2
phase6v2-r06-output-downstream-a01,D4-SMT,LOAD,1.6388880750426094,0.0,0.3000661112691363,0.0,0.6463180621039152,0.5491363905575245,0.09718167154639068,3
phase6v2-r06-output-downstream-a01,D4-SMT,DOWNSTREAM,0.21192364326338822,5.0,2.6312056793923677,0.0,2.614376440885252,0.6281227568651974,1.9862536840200544,1
phase6v2-r06-baseline-a01,D4-FULL,INPUT,0.6295148534065188,0.6463289436240001,0.5770686002342936,0.0,0.6176374657549375,0.6297808050143082,-0.012143339259370722,1
phase6v2-r06-baseline-a01,D4-FULL,OUTPUT,0.13555670273869955,-0.7182370806455698,0.4841091628802885,0.7182370806455698,-0.751094152321097,0.23781040489465508,-0.9889045572157521,4
phase6v2-r06-baseline-a01,D4-FULL,LOAD,-0.5616289030032581,1.008816587399834,0.2658421713045117,0.0,0.23767661856702924,0.44601895221092785,-0.20834233364389862,3
phase6v2-r06-baseline-a01,D4-FULL,DOWNSTREAM,0.6772651461138953,0.03339632500993458,0.4211314602675975,0.0,0.37726431046380915,0.5073716631465451,-0.130107352682736,2
phase6v2-r06-input-load-a01,D4-FULL,INPUT,-2.740607897390903,-4.90139190399764,-4.738739303832763,4.90139190399764,-9.028304939071408,0.6297808050143082,-9.658085744085716,4
phase6v2-r06-input-load-a01,D4-FULL,OUTPUT,0.10954016689295035,3.8930520084221096,-2.02609917494604,0.0,0.6588310001230067,0.23781040489465508,0.42102059522835156,2
phase6v2-r06-input-load-a01,D4-FULL,LOAD,2.9425779410192243,2.9148280992901707,3.802298699384661,0.0,3.219901579898019,0.44601895221092785,2.773882627687091,1
phase6v2-r06-input-load-a01,D4-FULL,DOWNSTREAM,-2.725996702479471,-0.0737139661495704,-2.473145328007611,0.0737139661495704,-1.8313326316951213,0.5073716631465451,-2.3387042948416665,3
phase6v2-r06-output-downstream-control-a01,D4-FULL,INPUT,0.3018530191718416,0.448967803930795,0.5755422582056124,0.0,0.44212102710274964,0.6297808050143082,-0.18765977791155858,3
phase6v2-r06-output-downstream-control-a01,D4-FULL,OUTPUT,0.3253740413124858,0.20760277320564663,0.7690082173868333,0.23865980256365,0.19533520807133858,0.23781040489465508,-0.04247519682331649,2
phase6v2-r06-output-downstream-control-a01,D4-FULL,LOAD,0.3420680669671685,-0.9887258705838174,0.5117436658134772,0.9887258705838174,-1.0336972498515413,0.44601895221092785,-1.4797162020624692,4
phase6v2-r06-output-downstream-control-a01,D4-FULL,DOWNSTREAM,0.42431553533825445,5.0,0.9872614446952526,0.0,2.1371923266778357,0.5073716631465451,1.6298206635312904,1
phase6v2-r06-input-medium-a01,D4-FULL,INPUT,0.570427571091288,0.4725380251868503,0.5795245807696346,0.0,0.5408300590159243,0.6297808050143082,-0.08895074599838393,3
phase6v2-r06-input-medium-a01,D4-FULL,OUTPUT,0.11254234819966134,-0.7359280577260253,0.3937858182335897,0.7359280577260253,-0.8124613548236167,0.23781040489465508,-1.0502717597182718,4
phase6v2-r06-input-medium-a01,D4-FULL,LOAD,-0.15000408604640275,0.9870389368464816,0.2807528897795678,0.0,0.3725959135265489,0.44601895221092785,-0.07342303868437894,2
phase6v2-r06-input-medium-a01,D4-FULL,DOWNSTREAM,0.5796209620502251,0.06186040713567823,1.3112218763410723,0.0,0.6509010818423252,0.5073716631465451,0.14352941869578006,1
phase6v2-r06-output-load-control-a01,D4-FULL,INPUT,-0.09705759657175986,-0.5949503452895133,-0.6818565891427597,0.5949503452895133,-1.0529051889575243,0.6297808050143082,-1.6826859939718326,4
phase6v2-r06-output-load-control-a01,D4-FULL,OUTPUT,-0.5543448006077157,0.6035074853003171,-0.216831014819243,0.0,-0.05588944337554722,0.23781040489465508,-0.2936998482702023,2
phase6v2-r06-output-load-control-a01,D4-FULL,LOAD,2.4242348665077516,5.0,3.6712222279190314,0.0,3.6984856981422607,0.44601895221092785,3.252466745931333,1
phase6v2-r06-output-load-control-a01,D4-FULL,DOWNSTREAM,-0.4821046568237923,-0.07841002131423283,1.0532312689986976,0.07841002131423283,0.0858288423059913,0.5073716631465451,-0.42154282084055383,3
phase6v2-r06-load-downstream-a01,D4-FULL,INPUT,-1.3757163910316783,-2.4456891417697424,-2.291262402349814,2.4456891417697424,-4.483245120153487,0.6297808050143082,-5.113025925167795,4
phase6v2-r06-load-downstream-a01,D4-FULL,OUTPUT,-0.05270418086608159,1.7289581174835553,-0.7986632970719705,0.0,0.2925302131818344,0.23781040489465508,0.054719808287179345,3
phase6v2-r06-load-downstream-a01,D4-FULL,LOAD,2.9837082910149078,5.0,4.0310689524033725,0.0,4.004925747806094,0.44601895221092785,3.5589067955951657,1
phase6v2-r06-load-downstream-a01,D4-FULL,DOWNSTREAM,-1.2565762556134839,5.0,-0.06407887124426548,0.0,1.2264482910474168,0.5073716631465451,0.7190766279008717,2
phase6v2-r06-output-load-a01,D4-FULL,INPUT,-3.0667562348601987,-5.0,-4.899360098955471,5.0,-9.322038777938555,0.6297808050143082,-9.951819582952863,4
phase6v2-r06-output-load-a01,D4-FULL,OUTPUT,0.010519777146115088,5.0,-1.5531251052805186,0.0,1.1524648906218655,0.23781040489465508,0.9146544857272104,2
phase6v2-r06-output-load-a01,D4-FULL,LOAD,3.014981244590806,2.097240119334444,3.972442452649099,0.0,3.0282212721914497,0.44601895221092785,2.5822023199805217,1
phase6v2-r06-output-load-a01,D4-FULL,DOWNSTREAM,-3.0352830502265857,-0.10439014626460594,0.18136006544716043,0.10439014626460594,-1.0904945232792829,0.5073716631465451,-1.597866186425828,3
phase6v2-r06-downstream-medium-a01,D4-FULL,INPUT,0.5119081174736664,0.4558908034392327,0.580144007532105,0.0,0.5159809761483347,0.6297808050143082,-0.1137998288659735,3
phase6v2-r06-downstream-medium-a01,D4-FULL,OUTPUT,0.17199044249950557,-0.776801286594786,0.36034668213301074,0.776801286594786,-0.8582893405822092,0.23781040489465508,-1.0960997454768642,4
phase6v2-r06-downstream-medium-a01,D4-FULL,LOAD,0.1806487338290061,0.9674342420664184,-0.03546598786270595,0.0,0.3708723293442395,0.44601895221092785,-0.07514662286668833,2
phase6v2-r06-downstream-medium-a01,D4-FULL,DOWNSTREAM,0.53330881214988,5.0,-1.1605938120723065,0.0,1.4575716666925242,0.5073716631465451,0.9502000035459791,1
phase6v2-r06-input-downstream-a01,D4-FULL,INPUT,0.3851074897547334,0.27720814769251984,0.5878114955454906,0.0,0.41670904433091466,0.6297808050143082,-0.21307176068339356,3
phase6v2-r06-input-downstream-a01,D4-FULL,OUTPUT,0.17398106672665237,-0.729992021026424,0.24099195929076003,0.729992021026424,-0.8349983526960946,0.23781040489465508,-1.0728087575907497,4
phase6v2-r06-input-downstream-a01,D4-FULL,LOAD,0.5869451606225513,0.9496915591224688,0.2136566583216987,0.0,0.5834311260222397,0.44601895221092785,0.13741217381131182,2
phase6v2-r06-input-downstream-a01,D4-FULL,DOWNSTREAM,0.4319659894046735,5.0,3.580006758169659,0.0,3.003990915858111,0.5073716631465451,2.496619252711566,1
phase6v2-r06-load-medium-a01,D4-FULL,INPUT,-1.0402723919256895,-1.8837255109492448,-1.9436443207437675,1.8837255109492448,-3.5062729188221455,0.6297808050143082,-4.136053723836453,4
phase6v2-r06-load-medium-a01,D4-FULL,OUTPUT,-0.17317569307976896,1.4663122581266932,-0.7080606324359623,0.0,0.19502531087032063,0.23781040489465508,-0.04278509402433445,2
phase6v2-r06-load-medium-a01,D4-FULL,LOAD,3.033431264086116,5.0,3.904765495742788,0.0,3.979398919942968,0.44601895221092785,3.53337996773204,1
phase6v2-r06-load-medium-a01,D4-FULL,DOWNSTREAM,-0.9428290123540538,-0.07880595482562669,0.905638760362474,0.07880595482562669,-0.11747135709802883,0.5073716631465451,-0.6248430202445739,3
phase6v2-r06-output-medium-a01,D4-FULL,INPUT,-0.6993085441427742,0.6497725416223262,0.5681232840329091,0.0,0.17286242717082037,0.6297808050143082,-0.4569183778434879,3
phase6v2-r06-output-medium-a01,D4-FULL,OUTPUT,0.574955518943854,2.648296570976973,2.7063913095543985,0.0,1.976547799825075,0.23781040489465508,1.73873739493042,1
phase6v2-r06-output-medium-a01,D4-FULL,LOAD,0.5864650525522244,-1.0065898193055631,0.6701770914121302,1.0065898193055631,-0.9232390444192993,0.44601895221092785,-1.3692579966302272,4
phase6v2-r06-output-medium-a01,D4-FULL,DOWNSTREAM,-0.17202089905727613,0.019992891291230667,0.5672502551141521,0.016387910463922347,0.12201950531877984,0.5073716631465451,-0.38535215782776533,2
phase6v2-r06-output-control-a01,D4-FULL,INPUT,0.5273383317590835,0.6397679558995253,0.5823200438515954,0.0,0.5831421105034015,0.6297808050143082,-0.04663869451090674,1
phase6v2-r06-output-control-a01,D4-FULL,OUTPUT,0.18814976358189212,-0.0838779811710233,-0.6154036994004739,0.2747270612652987,-0.4451043669285004,0.23781040489465508,-0.6829147718231555,3
phase6v2-r06-output-control-a01,D4-FULL,LOAD,-0.3464912255174563,-0.9734460325992832,0.022660560235673886,0.9734460325992832,-1.4058715985596384,0.44601895221092785,-1.8518905507705663,4
phase6v2-r06-output-control-a01,D4-FULL,DOWNSTREAM,0.5659790437538714,0.061451275670041314,0.27819018519830757,0.0,0.3018735015407401,0.5073716631465451,-0.20549816160580503,2
phase6v2-r06-output-downstream-a01,D4-FULL,INPUT,-0.7696007557311307,0.46162602042500395,0.5792551790572767,0.0,0.09042681458371665,0.6297808050143082,-0.5393539904305915,3
phase6v2-r06-output-downstream-a01,D4-FULL,OUTPUT,0.59017997666038,2.6493207542875954,1.4023976804408493,0.0,1.5472994704629415,0.23781040489465508,1.3094890655682865,2
phase6v2-r06-output-downstream-a01,D4-FULL,LOAD,1.395093932149063,-1.0143134157467346,0.3000661112691363,1.0143134157467346,-0.7873645398562464,0.44601895221092785,-1.2333834920671742,4
phase6v2-r06-output-downstream-a01,D4-FULL,DOWNSTREAM,-0.3522795601156949,5.0,2.6312056793923677,0.0,2.4263087064255577,0.5073716631465451,1.9189370432790125,1
phase6v2-r06-baseline-a01,D4-FULL,INPUT,0.6295148534065188,0.7456345834706287,0.5770686002342936,0.0,0.6507393457038138,0.6504028947949096,0.0003364509089041068,1
phase6v2-r06-baseline-a01,D4-FULL,OUTPUT,0.13555670273869955,-0.5745896645164559,0.4841091628802885,0.5745896645164559,-0.5595642641489451,0.129634564710602,-0.6891988288595471,4
phase6v2-r06-baseline-a01,D4-FULL,LOAD,-0.5616289030032581,1.008816587399834,0.2658421713045117,0.0,0.23767661856702924,0.44601895221092785,-0.20834233364389862,3
phase6v2-r06-baseline-a01,D4-FULL,DOWNSTREAM,0.6772651461138953,0.03339632500993458,0.4211314602675975,0.0,0.37726431046380915,0.5073716631465451,-0.130107352682736,2
phase6v2-r06-input-load-a01,D4-FULL,INPUT,-2.740607897390903,-2.9211135231981116,-4.738739303832763,3.9211135231981116,-7.387933764672037,0.6504028947949096,-8.038336659466946,4
phase6v2-r06-input-load-a01,D4-FULL,OUTPUT,0.10954016689295035,3.114441606737688,-2.02609917494604,0.0,0.3992941995615327,0.129634564710602,0.2696596348509307,2
phase6v2-r06-input-load-a01,D4-FULL,LOAD,2.9425779410192243,2.9148280992901707,3.802298699384661,0.0,3.219901579898019,0.44601895221092785,2.773882627687091,1
phase6v2-r06-input-load-a01,D4-FULL,DOWNSTREAM,-2.725996702479471,-0.0737139661495704,-2.473145328007611,0.0737139661495704,-1.8313326316951213,0.5073716631465451,-2.3387042948416665,3
phase6v2-r06-output-downstream-control-a01,D4-FULL,INPUT,0.3018530191718416,0.18774567171606457,0.5755422582056124,0.17142857142857143,0.18361841160260145,0.6504028947949096,-0.4667844831923082,3
phase6v2-r06-output-downstream-control-a01,D4-FULL,OUTPUT,0.3253740413124858,0.1660822185645173,0.7690082173868333,0.19092784205092,0.22922698370369216,0.129634564710602,0.09959241899309015,2
phase6v2-r06-output-downstream-control-a01,D4-FULL,LOAD,0.3420680669671685,-0.9887258705838174,0.5117436658134772,0.9887258705838174,-1.0336972498515413,0.44601895221092785,-1.4797162020624692,4
phase6v2-r06-output-downstream-control-a01,D4-FULL,DOWNSTREAM,0.42431553533825445,5.0,0.9872614446952526,0.0,2.1371923266778357,0.5073716631465451,1.6298206635312904,1
phase6v2-r06-input-medium-a01,D4-FULL,INPUT,0.570427571091288,1.3780304201494802,0.5795245807696346,0.0,0.842660857336801,0.6504028947949096,0.19225796254189131,1
phase6v2-r06-input-medium-a01,D4-FULL,OUTPUT,0.11254234819966134,-0.5887424461808203,0.3937858182335897,0.5887424461808203,-0.6162138727633434,0.129634564710602,-0.7458484374739454,4
phase6v2-r06-input-medium-a01,D4-FULL,LOAD,-0.15000408604640275,0.9870389368464816,0.2807528897795678,0.0,0.3725959135265489,0.44601895221092785,-0.07342303868437894,3
phase6v2-r06-input-medium-a01,D4-FULL,DOWNSTREAM,0.5796209620502251,0.06186040713567823,1.3112218763410723,0.0,0.6509010818423252,0.5073716631465451,0.14352941869578006,2
phase6v2-r06-output-load-control-a01,D4-FULL,INPUT,-0.09705759657175986,-0.6473888476601821,-0.6818565891427597,0.6473888476601821,-1.122823192118416,0.6504028947949096,-1.7732260869133256,4
phase6v2-r06-output-load-control-a01,D4-FULL,OUTPUT,-0.5543448006077157,0.48280598824025367,-0.216831014819243,0.0,-0.09612327572890168,0.129634564710602,-0.2257578404395037,2
phase6v2-r06-output-load-control-a01,D4-FULL,LOAD,2.4242348665077516,5.0,3.6712222279190314,0.0,3.6984856981422607,0.44601895221092785,3.252466745931333,1
phase6v2-r06-output-load-control-a01,D4-FULL,DOWNSTREAM,-0.4821046568237923,-0.07841002131423283,1.0532312689986976,0.07841002131423283,0.0858288423059913,0.5073716631465451,-0.42154282084055383,3
phase6v2-r06-load-downstream-a01,D4-FULL,INPUT,-1.3757163910316783,-1.7279798848443655,-2.291262402349814,1.956551313415794,-3.754870872824413,0.6504028947949096,-4.405273767619323,4
phase6v2-r06-load-downstream-a01,D4-FULL,OUTPUT,-0.05270418086608159,1.3831664939868442,-0.7986632970719705,0.0,0.17726633868293074,0.129634564710602,0.047631773972328734,3
phase6v2-r06-load-downstream-a01,D4-FULL,LOAD,2.9837082910149078,5.0,4.0310689524033725,0.0,4.004925747806094,0.44601895221092785,3.5589067955951657,1
phase6v2-r06-load-downstream-a01,D4-FULL,DOWNSTREAM,-1.2565762556134839,5.0,-0.06407887124426548,0.0,1.2264482910474168,0.5073716631465451,0.7190766279008717,2
phase6v2-r06-output-load-a01,D4-FULL,INPUT,-3.0667562348601987,-4.171428571428572,-4.899360098955471,4.171428571428572,-8.217276873176651,0.6504028947949096,-8.86767976797156,4
phase6v2-r06-output-load-a01,D4-FULL,OUTPUT,0.010519777146115088,5.0,-1.5531251052805186,0.0,1.1524648906218655,0.129634564710602,1.0228303259112634,2
phase6v2-r06-output-load-a01,D4-FULL,LOAD,3.014981244590806,2.097240119334444,3.972442452649099,0.0,3.0282212721914497,0.44601895221092785,2.5822023199805217,1
phase6v2-r06-output-load-a01,D4-FULL,DOWNSTREAM,-3.0352830502265857,-0.10439014626460594,0.18136006544716043,0.10439014626460594,-1.0904945232792829,0.5073716631465451,-1.597866186425828,3
phase6v2-r06-downstream-medium-a01,D4-FULL,INPUT,0.5119081174736664,0.5932840713228147,0.580144007532105,0.0,0.5617787321095288,0.6504028947949096,-0.08862416268538087,3
phase6v2-r06-downstream-medium-a01,D4-FULL,OUTPUT,0.17199044249950557,-0.6214410292758288,0.36034668213301074,0.6214410292758288,-0.6511423308235996,0.129634564710602,-0.7807768955342016,4
phase6v2-r06-downstream-medium-a01,D4-FULL,LOAD,0.1806487338290061,0.9674342420664184,-0.03546598786270595,0.0,0.3708723293442395,0.44601895221092785,-0.07514662286668833,2
phase6v2-r06-downstream-medium-a01,D4-FULL,DOWNSTREAM,0.53330881214988,5.0,-1.1605938120723065,0.0,1.4575716666925242,0.5073716631465451,0.9502000035459791,1
phase6v2-r06-input-downstream-a01,D4-FULL,INPUT,0.3851074897547334,1.2217665181540158,0.5878114955454906,0.0,0.7315618344847467,0.6504028947949096,0.081158939689837,3
phase6v2-r06-input-downstream-a01,D4-FULL,OUTPUT,0.17398106672665237,-0.5839936168211393,0.24099195929076003,0.5839936168211393,-0.6403338137557149,0.129634564710602,-0.7699683784663168,4
phase6v2-r06-input-downstream-a01,D4-FULL,LOAD,0.5869451606225513,0.9496915591224688,0.2136566583216987,0.0,0.5834311260222397,0.44601895221092785,0.13741217381131182,2
phase6v2-r06-input-downstream-a01,D4-FULL,DOWNSTREAM,0.4319659894046735,5.0,3.580006758169659,0.0,3.003990915858111,0.5073716631465451,2.496619252711566,1
phase6v2-r06-load-medium-a01,D4-FULL,INPUT,-1.0402723919256895,-1.2784089801879672,-1.9436443207437675,1.5069804087593959,-2.9277556397118705,0.6504028947949096,-3.5781585345067803,4
phase6v2-r06-load-medium-a01,D4-FULL,OUTPUT,-0.17317569307976896,1.1730498065013546,-0.7080606324359623,0.0,0.0972711603285411,0.129634564710602,-0.032363404382060895,2
phase6v2-r06-load-medium-a01,D4-FULL,LOAD,3.033431264086116,5.0,3.904765495742788,0.0,3.979398919942968,0.44601895221092785,3.53337996773204,1
phase6v2-r06-load-medium-a01,D4-FULL,DOWNSTREAM,-0.9428290123540538,-0.07880595482562669,0.905638760362474,0.07880595482562669,-0.11747135709802883,0.5073716631465451,-0.6248430202445739,3
phase6v2-r06-output-medium-a01,D4-FULL,INPUT,-0.6993085441427742,0.34838946186928954,0.5681232840329091,0.17142857142857143,-0.09902717084209661,0.6504028947949096,-0.7494300656370063,3
phase6v2-r06-output-medium-a01,D4-FULL,OUTPUT,0.574955518943854,3.1186372567815783,2.7063913095543985,0.0,2.1333280284266105,0.129634564710602,2.0036934637160084,1
phase6v2-r06-output-medium-a01,D4-FULL,LOAD,0.5864650525522244,-1.0065898193055631,0.6701770914121302,1.0065898193055631,-0.9232390444192993,0.44601895221092785,-1.3692579966302272,4
phase6v2-r06-output-medium-a01,D4-FULL,DOWNSTREAM,-0.17202089905727613,0.019992891291230667,0.5672502551141521,0.016387910463922347,0.12201950531877984,0.5073716631465451,-0.38535215782776533,2
phase6v2-r06-output-control-a01,D4-FULL,INPUT,0.5273383317590835,0.3403857932910488,0.5823200438515954,0.17142857142857143,0.3119194848720045,0.6504028947949096,-0.33848340992290515,2
phase6v2-r06-output-control-a01,D4-FULL,OUTPUT,0.18814976358189212,-0.06710238493681864,-0.6154036994004739,0.21978164901223898,-0.38456708926403915,0.129634564710602,-0.5142016539746411,3
phase6v2-r06-output-control-a01,D4-FULL,LOAD,-0.3464912255174563,-0.9734460325992832,0.022660560235673886,0.9734460325992832,-1.4058715985596384,0.44601895221092785,-1.8518905507705663,4
phase6v2-r06-output-control-a01,D4-FULL,DOWNSTREAM,0.5659790437538714,0.061451275670041314,0.27819018519830757,0.0,0.3018735015407401,0.5073716631465451,-0.20549816160580503,1
phase6v2-r06-output-downstream-a01,D4-FULL,INPUT,-0.7696007557311307,0.19787224491143174,0.5792551790572767,0.17142857142857143,-0.1689196820160455,0.6504028947949096,-0.8193225768109551,3
phase6v2-r06-output-downstream-a01,D4-FULL,OUTPUT,0.59017997666038,3.119456603430076,1.4023976804408493,0.0,1.7040114201771017,0.129634564710602,1.5743768554664996,2
phase6v2-r06-output-downstream-a01,D4-FULL,LOAD,1.395093932149063,-1.0143134157467346,0.3000661112691363,1.0143134157467346,-0.7873645398562464,0.44601895221092785,-1.2333834920671742,4
phase6v2-r06-output-downstream-a01,D4-FULL,DOWNSTREAM,-0.3522795601156949,5.0,2.6312056793923677,0.0,2.4263087064255577,0.5073716631465451,1.9189370432790125,1
phase6v2-r07-output-load-a01,D4-S,INPUT,-3.139418048101724,,,0.0,-3.139418048101724,0.6571531349932174,-3.796571183094941,4
phase6v2-r07-output-load-a01,D4-S,OUTPUT,0.09993384912361185,,,0.0,0.09993384912361185,0.29084851232651837,-0.1909146632029065,2
phase6v2-r07-output-load-a01,D4-S,LOAD,2.934075716744844,,,0.0,2.934075716744844,0.57117903949432,2.3628966772505238,1
phase6v2-r07-output-load-a01,D4-S,DOWNSTREAM,-2.964677755930242,,,0.0,-2.964677755930242,0.7075209967770874,-3.672198752707329,3
phase6v2-r07-load-downstream-a01,D4-S,INPUT,-1.2686708324684035,,,0.0,-1.2686708324684035,0.6571531349932174,-1.9258239674616209,4
phase6v2-r07-load-downstream-a01,D4-S,OUTPUT,0.008225111094655815,,,0.0,0.008225111094655815,0.29084851232651837,-0.2826234012318626,2
phase6v2-r07-load-downstream-a01,D4-S,LOAD,2.9517007379731686,,,0.0,2.9517007379731686,0.57117903949432,2.3805216984788484,1
phase6v2-r07-load-downstream-a01,D4-S,DOWNSTREAM,-1.121536078665434,,,0.0,-1.121536078665434,0.7075209967770874,-1.8290570754425213,3
phase6v2-r07-baseline-a01,D4-S,INPUT,0.6278008535534632,,,0.0,0.6278008535534632,0.6571531349932174,-0.029352281439754213,2
phase6v2-r07-baseline-a01,D4-S,OUTPUT,0.15188692907784587,,,0.0,0.15188692907784587,0.29084851232651837,-0.1389615832486725,3
phase6v2-r07-baseline-a01,D4-S,LOAD,-0.6244769673642473,,,0.0,-0.6244769673642473,0.57117903949432,-1.1956560068585673,4
phase6v2-r07-baseline-a01,D4-S,DOWNSTREAM,0.7129955929984391,,,0.0,0.7129955929984391,0.7075209967770874,0.005474596221351713,1
phase6v2-r07-input-downstream-a01,D4-S,INPUT,0.3875473437026441,,,0.0,0.3875473437026441,0.6571531349932174,-0.26960579129057327,4
phase6v2-r07-input-downstream-a01,D4-S,OUTPUT,0.18496652034778924,,,0.0,0.18496652034778924,0.29084851232651837,-0.10588199197872913,2
phase6v2-r07-input-downstream-a01,D4-S,LOAD,0.5680660462547719,,,0.0,0.5680660462547719,0.57117903949432,-0.0031129932395481674,1
phase6v2-r07-input-downstream-a01,D4-S,DOWNSTREAM,0.4474250908244525,,,0.0,0.4474250908244525,0.7075209967770874,-0.2600959059526349,3
phase6v2-r07-output-downstream-control-a01,D4-S,INPUT,0.45214483281530965,,,0.0,0.45214483281530965,0.6571531349932174,-0.20500830217790772,2
phase6v2-r07-output-downstream-control-a01,D4-S,OUTPUT,0.2056821659712233,,,0.0,0.2056821659712233,0.29084851232651837,-0.08516634635529508,1
phase6v2-r07-output-downstream-control-a01,D4-S,LOAD,0.223120125975013,,,0.0,0.223120125975013,0.57117903949432,-0.34805891351930707,4
phase6v2-r07-output-downstream-control-a01,D4-S,DOWNSTREAM,0.46522668379840826,,,0.0,0.46522668379840826,0.7075209967770874,-0.2422943129786791,3
phase6v2-r07-output-load-control-a01,D4-S,INPUT,-0.04747627489975443,,,0.0,-0.04747627489975443,0.6571531349932174,-0.7046294098929718,2
phase6v2-r07-output-load-control-a01,D4-S,OUTPUT,-0.5778092167590942,,,0.0,-0.5778092167590942,0.29084851232651837,-0.8686577290856126,3
phase6v2-r07-output-load-control-a01,D4-S,LOAD,2.248524530521647,,,0.0,2.248524530521647,0.57117903949432,1.6773454910273267,1
phase6v2-r07-output-load-control-a01,D4-S,DOWNSTREAM,-0.4370558034335623,,,0.0,-0.4370558034335623,0.7075209967770874,-1.1445768002106496,4
phase6v2-r07-downstream-medium-a01,D4-S,INPUT,0.46855561685233293,,,0.0,0.46855561685233293,0.6571531349932174,-0.18859751814088443,2
phase6v2-r07-downstream-medium-a01,D4-S,OUTPUT,0.18438315271130687,,,0.0,0.18438315271130687,0.29084851232651837,-0.1064653596152115,1
phase6v2-r07-downstream-medium-a01,D4-S,LOAD,0.23787288627873657,,,0.0,0.23787288627873657,0.57117903949432,-0.33330615321558343,4
phase6v2-r07-downstream-medium-a01,D4-S,DOWNSTREAM,0.5047942114712355,,,0.0,0.5047942114712355,0.7075209967770874,-0.20272678530585186,3
phase6v2-r07-output-control-a01,D4-S,INPUT,0.6258754296219662,,,0.0,0.6258754296219662,0.6571531349932174,-0.031277705371251185,1
phase6v2-r07-output-control-a01,D4-S,OUTPUT,0.18860137851424974,,,0.0,0.18860137851424974,0.29084851232651837,-0.10224713381226863,3
phase6v2-r07-output-control-a01,D4-S,LOAD,-0.5570007866939235,,,0.0,-0.5570007866939235,0.57117903949432,-1.1281798261882434,4
phase6v2-r07-output-control-a01,D4-S,DOWNSTREAM,0.6524143561095049,,,0.0,0.6524143561095049,0.7075209967770874,-0.05510664066758242,2
phase6v2-r07-input-load-a01,D4-S,INPUT,-2.6907066957975365,,,0.0,-2.6907066957975365,0.6571531349932174,-3.347859830790754,3
phase6v2-r07-input-load-a01,D4-S,OUTPUT,0.02496844064230443,,,0.0,0.02496844064230443,0.29084851232651837,-0.26588007168421396,2
phase6v2-r07-input-load-a01,D4-S,LOAD,3.0136061851560343,,,0.0,3.0136061851560343,0.57117903949432,2.442427145661714,1
phase6v2-r07-input-load-a01,D4-S,DOWNSTREAM,-2.7782153546814894,,,0.0,-2.7782153546814894,0.7075209967770874,-3.4857363514585766,4
phase6v2-r07-output-medium-a01,D4-S,INPUT,-0.4825924762090611,,,0.0,-0.4825924762090611,0.6571531349932174,-1.1397456112022786,4
phase6v2-r07-output-medium-a01,D4-S,OUTPUT,0.5608114800586919,,,0.0,0.5608114800586919,0.29084851232651837,0.2699629677321735,1
phase6v2-r07-output-medium-a01,D4-S,LOAD,0.37539741068383214,,,0.0,0.37539741068383214,0.57117903949432,-0.19578162881048788,2
phase6v2-r07-output-medium-a01,D4-S,DOWNSTREAM,-0.03616368482399295,,,0.0,-0.03616368482399295,0.7075209967770874,-0.7436846816010803,3
phase6v2-r07-load-medium-a01,D4-S,INPUT,-1.2008923639911178,,,0.0,-1.2008923639911178,0.6571531349932174,-1.8580454989843351,4
phase6v2-r07-load-medium-a01,D4-S,OUTPUT,-0.05060135599779057,,,0.0,-0.05060135599779057,0.29084851232651837,-0.34144986832430896,2
phase6v2-r07-load-medium-a01,D4-S,LOAD,2.9211426902856377,,,0.0,2.9211426902856377,0.57117903949432,2.3499636507913175,1
phase6v2-r07-load-medium-a01,D4-S,DOWNSTREAM,-0.9144561474311387,,,0.0,-0.9144561474311387,0.7075209967770874,-1.621977144208226,3
phase6v2-r07-input-medium-a01,D4-S,INPUT,0.632657847912845,,,0.0,0.632657847912845,0.6571531349932174,-0.024495287080372408,1
phase6v2-r07-input-medium-a01,D4-S,OUTPUT,0.07630743070003884,,,0.0,0.07630743070003884,0.29084851232651837,-0.21454108162647953,3
phase6v2-r07-input-medium-a01,D4-S,LOAD,-0.1271784752286647,,,0.0,-0.1271784752286647,0.57117903949432,-0.6983575147229848,4
phase6v2-r07-input-medium-a01,D4-S,DOWNSTREAM,0.5707491607288868,,,0.0,0.5707491607288868,0.7075209967770874,-0.13677183604820053,2
phase6v2-r07-output-downstream-a01,D4-S,INPUT,-0.6457358486758744,,,0.0,-0.6457358486758744,0.6571531349932174,-1.3028889836690918,4
phase6v2-r07-output-downstream-a01,D4-S,OUTPUT,0.5260163592916794,,,0.0,0.5260163592916794,0.29084851232651837,0.23516784696516108,2
phase6v2-r07-output-downstream-a01,D4-S,LOAD,1.2874309241391566,,,0.0,1.2874309241391566,0.57117903949432,0.7162518846448366,1
phase6v2-r07-output-downstream-a01,D4-S,DOWNSTREAM,-0.2811398164691858,,,0.0,-0.2811398164691858,0.7075209967770874,-0.9886608132462731,3
phase6v2-r07-output-load-a01,D4-SM,INPUT,-3.139418048101724,-5.0,,0.0,-4.069709024050862,0.6582772203508592,-4.7279862444017215,4
phase6v2-r07-output-load-a01,D4-SM,OUTPUT,0.09993384912361185,5.0,,0.0,2.5499669245618057,0.7849396939207037,1.7650272306411021,2
phase6v2-r07-output-load-a01,D4-SM,LOAD,2.934075716744844,2.190371544601579,,0.0,2.5622236306732113,0.5780813938681634,1.9841422368050479,1
phase6v2-r07-output-load-a01,D4-SM,DOWNSTREAM,-2.964677755930242,-0.060718987847219685,,0.0,-1.5126983718887308,0.3720448743794572,-1.884743246268188,3
phase6v2-r07-load-downstream-a01,D4-SM,INPUT,-1.2686708324684035,-2.2329894906055476,,0.0,-1.7508301615369755,0.6582772203508592,-2.409107381887835,4
phase6v2-r07-load-downstream-a01,D4-SM,OUTPUT,0.008225111094655815,1.54584024141954,,0.0,0.7770326762570979,0.7849396939207037,-0.007907017663605798,3
phase6v2-r07-load-downstream-a01,D4-SM,LOAD,2.9517007379731686,5.0,,0.0,3.9758503689865843,0.5780813938681634,3.397768975118421,1
phase6v2-r07-load-downstream-a01,D4-SM,DOWNSTREAM,-1.121536078665434,5.0,,0.0,1.939231960667283,0.3720448743794572,1.5671870862878259,2
phase6v2-r07-baseline-a01,D4-SM,INPUT,0.6278008535534632,0.6561956495878771,,0.0,0.6419982515706701,0.6582772203508592,-0.016278968780189085,2
phase6v2-r07-baseline-a01,D4-SM,OUTPUT,0.15188692907784587,-0.8093201788881215,,0.0,-0.3287166249051378,0.7849396939207037,-1.1136563188258415,4
phase6v2-r07-baseline-a01,D4-SM,LOAD,-0.6244769673642473,1.0088257046040396,,0.0,0.19217436861989617,0.5780813938681634,-0.3859070252482672,3
phase6v2-r07-baseline-a01,D4-SM,DOWNSTREAM,0.7129955929984391,0.032508521628413986,,0.0,0.37275205731342653,0.3720448743794572,0.0007071829339693192,1
phase6v2-r07-input-downstream-a01,D4-SM,INPUT,0.3875473437026441,0.2766844738071108,,0.0,0.33211590875487745,0.6582772203508592,-0.3261613115959818,3
phase6v2-r07-input-downstream-a01,D4-SM,OUTPUT,0.18496652034778924,-0.7548154656961615,,0.0,-0.28492447267418614,0.7849396939207037,-1.0698641665948898,4
phase6v2-r07-input-downstream-a01,D4-SM,LOAD,0.5680660462547719,0.9477473999189456,,0.0,0.7579067230868588,0.5780813938681634,0.17982532921869543,2
phase6v2-r07-input-downstream-a01,D4-SM,DOWNSTREAM,0.4474250908244525,5.0,,0.0,2.7237125454122264,0.3720448743794572,2.3516676710327693,1
phase6v2-r07-output-downstream-control-a01,D4-SM,INPUT,0.45214483281530965,0.454124623468554,,0.0,0.4531347281419318,0.6582772203508592,-0.20514249220892744,2
phase6v2-r07-output-downstream-control-a01,D4-SM,OUTPUT,0.2056821659712233,-0.1545628066737762,,0.0,0.02555967964872355,0.7849396939207037,-0.7593800142719802,3
phase6v2-r07-output-downstream-control-a01,D4-SM,LOAD,0.223120125975013,-0.9842005836776752,,0.0,-0.3805402288513311,0.5780813938681634,-0.9586216227194945,4
phase6v2-r07-output-downstream-control-a01,D4-SM,DOWNSTREAM,0.46522668379840826,5.0,,0.0,2.7326133418992042,0.3720448743794572,2.360568467519747,1
phase6v2-r07-output-load-control-a01,D4-SM,INPUT,-0.04747627489975443,-0.5474789221339298,,0.0,-0.29747759851684213,0.6582772203508592,-0.9557548188677014,4
phase6v2-r07-output-load-control-a01,D4-SM,OUTPUT,-0.5778092167590942,0.5955104913469903,,0.0,0.008850637293948027,0.7849396939207037,-0.7760890566267558,3
phase6v2-r07-output-load-control-a01,D4-SM,LOAD,2.248524530521647,5.0,,0.0,3.6242622652608234,0.5780813938681634,3.04618087139266,1
phase6v2-r07-output-load-control-a01,D4-SM,DOWNSTREAM,-0.4370558034335623,-0.065617674015058,,0.0,-0.25133673872431017,0.3720448743794572,-0.6233816131037674,2
phase6v2-r07-downstream-medium-a01,D4-SM,INPUT,0.46855561685233293,0.4416072115791417,,0.0,0.45508141421573733,0.6582772203508592,-0.2031958061351219,3
phase6v2-r07-downstream-medium-a01,D4-SM,OUTPUT,0.18438315271130687,-0.6360017203815823,,0.0,-0.2258092838351377,0.7849396939207037,-1.0107489777558414,4
phase6v2-r07-downstream-medium-a01,D4-SM,LOAD,0.23787288627873657,0.9657172082663892,,0.0,0.6017950472725628,0.5780813938681634,0.02371365340439946,2
phase6v2-r07-downstream-medium-a01,D4-SM,DOWNSTREAM,0.5047942114712355,5.0,,0.0,2.752397105735618,0.3720448743794572,2.3803522313561607,1
phase6v2-r07-output-control-a01,D4-SM,INPUT,0.6258754296219662,0.6523229366751024,,0.0,0.6390991831485343,0.6582772203508592,-0.019178037202324916,2
phase6v2-r07-output-control-a01,D4-SM,OUTPUT,0.18860137851424974,-0.2585834259336448,,0.0,-0.03499102370969753,0.7849396939207037,-0.8199307176304013,3
phase6v2-r07-output-control-a01,D4-SM,LOAD,-0.5570007866939235,-0.9735111381041867,,0.0,-0.7652559623990551,0.5780813938681634,-1.3433373562672184,4
phase6v2-r07-output-control-a01,D4-SM,DOWNSTREAM,0.6524143561095049,0.07927155988909625,,0.0,0.3658429579993006,0.3720448743794572,-0.006201916380156602,1
phase6v2-r07-input-load-a01,D4-SM,INPUT,-2.6907066957975365,-4.9184884716192,,0.0,-3.804597583708368,0.6582772203508592,-4.462874804059227,4
phase6v2-r07-input-load-a01,D4-SM,OUTPUT,0.02496844064230443,3.9812064609063036,,0.0,2.003087450774304,0.7849396939207037,1.2181477568536003,2
phase6v2-r07-input-load-a01,D4-SM,LOAD,3.0136061851560343,2.857966973029624,,0.0,2.935786579092829,0.5780813938681634,2.3577051852246655,1
phase6v2-r07-input-load-a01,D4-SM,DOWNSTREAM,-2.7782153546814894,-0.06957784649352497,,0.0,-1.423896600587507,0.3720448743794572,-1.7959414749669644,3
phase6v2-r07-output-medium-a01,D4-SM,INPUT,-0.4825924762090611,0.660699193025392,,0.0,0.08905335840816547,0.6582772203508592,-0.5692238619426937,3
phase6v2-r07-output-medium-a01,D4-SM,OUTPUT,0.5608114800586919,2.586264002530988,,0.0,1.5735377412948401,0.7849396939207037,0.7885980473741364,1
phase6v2-r07-output-medium-a01,D4-SM,LOAD,0.37539741068383214,-0.9989224719848727,,0.0,-0.3117625306505203,0.5780813938681634,-0.8898439245186837,4
phase6v2-r07-output-medium-a01,D4-SM,DOWNSTREAM,-0.03616368482399295,0.006783529378638955,,0.0,-0.014690077722676997,0.3720448743794572,-0.3867349521021342,2
phase6v2-r07-load-medium-a01,D4-SM,INPUT,-1.2008923639911178,-1.964138901034855,,0.0,-1.5825156325129863,0.6582772203508592,-2.2407928528638457,4
phase6v2-r07-load-medium-a01,D4-SM,OUTPUT,-0.05060135599779057,1.5204118612477433,,0.0,0.7349052526249764,0.7849396939207037,-0.05003444129572732,2
phase6v2-r07-load-medium-a01,D4-SM,LOAD,2.9211426902856377,5.0,,0.0,3.960571345142819,0.5780813938681634,3.3824899512746556,1
phase6v2-r07-load-medium-a01,D4-SM,DOWNSTREAM,-0.9144561474311387,-0.09280751346682212,,0.0,-0.5036318304489804,0.3720448743794572,-0.8756767048284376,3
phase6v2-r07-input-medium-a01,D4-SM,INPUT,0.632657847912845,0.4731867603264984,,0.0,0.5529223041196717,0.6582772203508592,-0.10535491623118753,2
phase6v2-r07-input-medium-a01,D4-SM,OUTPUT,0.07630743070003884,-0.7636306045863301,,0.0,-0.34366158694314564,0.7849396939207037,-1.1286012808638493,4
phase6v2-r07-input-medium-a01,D4-SM,LOAD,-0.1271784752286647,0.9875115434982047,,0.0,0.43016653413477,0.5780813938681634,-0.14791485973339336,3
phase6v2-r07-input-medium-a01,D4-SM,DOWNSTREAM,0.5707491607288868,0.05749512482238554,,0.0,0.31412214277563616,0.3720448743794572,-0.057922731603821054,1
phase6v2-r07-output-downstream-a01,D4-SM,INPUT,-0.6457358486758744,0.4591534126184965,,0.0,-0.09329121802868895,0.6582772203508592,-0.7515684383795482,4
phase6v2-r07-output-downstream-a01,D4-SM,OUTPUT,0.5260163592916794,2.6090573661868626,,0.0,1.567536862739271,0.7849396939207037,0.7825971688185672,2
phase6v2-r07-output-downstream-a01,D4-SM,LOAD,1.2874309241391566,-1.0051717937204527,,0.0,0.14112956520935194,0.5780813938681634,-0.43695182865881144,3
phase6v2-r07-output-downstream-a01,D4-SM,DOWNSTREAM,-0.2811398164691858,5.0,,0.0,2.359430091765407,0.3720448743794572,1.9873852173859499,1
phase6v2-r07-output-load-a01,D4-SMT,INPUT,0.0,0.0,0.0,0.0,0.0,0.6412499886751334,-0.6412499886751334,4
phase6v2-r07-output-load-a01,D4-SMT,OUTPUT,1.6103920097997306,5.0,0.0,0.0,2.203464003266577,0.8588519090021761,1.3446120942644009,2
phase6v2-r07-output-load-a01,D4-SMT,LOAD,3.240232545337201,2.190371544601579,3.6463586017710075,0.0,3.025654230569929,0.5205103129217906,2.5051439176481387,1
phase6v2-r07-output-load-a01,D4-SMT,DOWNSTREAM,0.1069806781267837,0.0024620966458638554,0.0,0.0,0.036480924924215855,0.6023432966667888,-0.5658623717425729,3
phase6v2-r07-load-downstream-a01,D4-SMT,INPUT,0.03485261312110193,0.0,0.0,0.0,0.011617537707033977,0.6412499886751334,-0.6296324509680994,4
phase6v2-r07-load-downstream-a01,D4-SMT,OUTPUT,0.8838027752750922,1.54584024141954,0.0,0.0,0.8098810055648774,0.8588519090021761,-0.04897090343729871,3
phase6v2-r07-load-downstream-a01,D4-SMT,LOAD,3.0389337164382346,5.0,3.3333333333333335,0.0,3.79075568325719,0.5205103129217906,3.2702453703353993,1
phase6v2-r07-load-downstream-a01,D4-SMT,DOWNSTREAM,0.13460248747981626,5.0,0.0,0.0,1.7115341624932723,0.6023432966667888,1.1091908658264835,2
phase6v2-r07-baseline-a01,D4-SMT,INPUT,0.6814302628242181,0.6561956495878771,0.581285211302911,0.0,0.6396370412383354,0.6412499886751334,-0.0016129474367979624,1
phase6v2-r07-baseline-a01,D4-SMT,OUTPUT,0.38933644393002365,0.0,0.34551504353899365,0.0,0.24495049582300576,0.8588519090021761,-0.6139014131791704,4
phase6v2-r07-baseline-a01,D4-SMT,LOAD,0.07354459632620801,1.0088257046040396,0.26152897410104325,0.0,0.4479664250104303,0.5205103129217906,-0.0725438879113603,2
phase6v2-r07-baseline-a01,D4-SMT,DOWNSTREAM,0.7129955929984391,0.03766966818561633,0.6775173702666892,0.0,0.4760608771502482,0.6023432966667888,-0.12628241951654057,3
phase6v2-r07-input-downstream-a01,D4-SMT,INPUT,0.4313438584766096,0.2766844738071108,0.5834600641199226,0.0,0.4304961321345477,0.6412499886751334,-0.2107538565405857,3
phase6v2-r07-input-downstream-a01,D4-SMT,OUTPUT,0.22121007036088353,0.0,0.29328488773572003,0.0,0.17149831936553453,0.8588519090021761,-0.6873535896366416,4
phase6v2-r07-input-downstream-a01,D4-SMT,LOAD,0.6916244431942735,0.9477473999189456,0.2151287767099386,0.0,0.6181668732743859,0.5205103129217906,0.09765656035259529,2
phase6v2-r07-input-downstream-a01,D4-SMT,DOWNSTREAM,0.4476189237175243,5.0,0.0,0.0,1.815872974572508,0.6023432966667888,1.2135296779057192,1
phase6v2-r07-output-downstream-control-a01,D4-SMT,INPUT,0.4620686475308029,0.454124623468554,0.5773369541972505,0.0,0.49784340839886915,0.6412499886751334,-0.14340658027626424,2
phase6v2-r07-output-downstream-control-a01,D4-SMT,OUTPUT,0.30792366380952857,0.31636839151750007,0.4412220862432952,0.0,0.35517138052344127,0.8588519090021761,-0.5036805284787349,4
phase6v2-r07-output-downstream-control-a01,D4-SMT,LOAD,0.3611676880654756,0.0,0.009733497930985135,0.0,0.12363372866548693,0.5205103129217906,-0.3968765842563037,3
phase6v2-r07-output-downstream-control-a01,D4-SMT,DOWNSTREAM,0.4703113006416951,5.0,0.0,0.0,1.8234371002138985,0.6023432966667888,1.2210938035471097,1
phase6v2-r07-output-load-control-a01,D4-SMT,INPUT,0.35119546360821113,0.0,0.0,0.0,0.11706515453607037,0.6412499886751334,-0.524184834139063,3
phase6v2-r07-output-load-control-a01,D4-SMT,OUTPUT,0.11789640671348936,0.5955104913469903,0.41428775608724977,0.0,0.3758982180492431,0.8588519090021761,-0.482953690952933,2
phase6v2-r07-output-load-control-a01,D4-SMT,LOAD,2.252322801681071,5.0,3.3333333333333335,0.0,3.5285520450048016,0.5205103129217906,3.008041732083011,1
phase6v2-r07-output-load-control-a01,D4-SMT,DOWNSTREAM,0.053048918658237354,0.0,0.0,0.0,0.017682972886079118,0.6023432966667888,-0.5846603237807096,4
phase6v2-r07-downstream-medium-a01,D4-SMT,INPUT,0.47302055363914053,0.4416072115791417,0.579382882867164,0.0,0.49800354936181535,0.6412499886751334,-0.14324643931331804,3
phase6v2-r07-downstream-medium-a01,D4-SMT,OUTPUT,0.2668547197771562,0.0,0.8045889064541248,0.0,0.357147875410427,0.8588519090021761,-0.5017040335917491,4
phase6v2-r07-downstream-medium-a01,D4-SMT,LOAD,0.39457015946536156,0.9657172082663892,0.30361559705194824,0.0,0.5546343215945664,0.5205103129217906,0.03412400867277576,2
phase6v2-r07-downstream-medium-a01,D4-SMT,DOWNSTREAM,0.5047942114712355,5.0,0.0,0.0,1.8349314038237452,0.6023432966667888,1.2325881071569564,1
phase6v2-r07-output-control-a01,D4-SMT,INPUT,0.6352568136571685,0.6523229366751024,0.5832590079439004,0.0,0.6236129194253904,0.6412499886751334,-0.017637069249742954,1
phase6v2-r07-output-control-a01,D4-SMT,OUTPUT,0.42649526413579675,0.22843872406977395,0.3126031181248181,0.0,0.3225123687767963,0.8588519090021761,-0.5363395402253799,4
phase6v2-r07-output-control-a01,D4-SMT,LOAD,0.003729193257701247,0.0,0.02500902945473241,0.0,0.00957940757081122,0.5205103129217906,-0.5109309053509794,3
phase6v2-r07-output-control-a01,D4-SMT,DOWNSTREAM,0.6524143561095049,0.07927155988909625,0.3736808282823547,0.0,0.36845558142698537,0.6023432966667888,-0.2338877152398034,2
phase6v2-r07-input-load-a01,D4-SMT,INPUT,0.0,0.0,0.0,0.0,0.0,0.6412499886751334,-0.6412499886751334,4
phase6v2-r07-input-load-a01,D4-SMT,OUTPUT,1.4981428192439894,3.9812064609063036,0.08750891578047902,0.0,1.8556193986435907,0.8588519090021761,0.9967674896414146,2
phase6v2-r07-input-load-a01,D4-SMT,LOAD,3.071565108355622,2.857966973029624,3.3996657779465767,0.0,3.109732619777274,0.5205103129217906,2.5892223068554836,1
phase6v2-r07-input-load-a01,D4-SMT,DOWNSTREAM,0.05454816169972074,0.0,0.0,0.0,0.01818272056657358,0.6023432966667888,-0.5841605761002152,3
phase6v2-r07-output-medium-a01,D4-SMT,INPUT,0.12858086336357005,0.660699193025392,0.5791777296784477,0.0,0.45615259535580327,0.6412499886751334,-0.18509739331933012,3
phase6v2-r07-output-medium-a01,D4-SMT,OUTPUT,0.5608114800586919,2.586264002530988,2.7187114690380683,0.0,1.9552623172092496,0.8588519090021761,1.0964104082070736,1
phase6v2-r07-output-medium-a01,D4-SMT,LOAD,0.832030908700444,0.0,0.48810617929545375,0.0,0.4400456959986326,0.5205103129217906,-0.08046461692315804,2
phase6v2-r07-output-medium-a01,D4-SMT,DOWNSTREAM,0.32321982377831,0.021458863547504592,0.016729026378247743,0.0,0.12046923790135411,0.6023432966667888,-0.48187405876543465,4
phase6v2-r07-load-medium-a01,D4-SMT,INPUT,0.032975437211810836,0.0,0.0,0.0,0.010991812403936945,0.6412499886751334,-0.6302581762711964,4
phase6v2-r07-load-medium-a01,D4-SMT,OUTPUT,0.7061619715723422,1.5204118612477433,0.1426430879371353,0.0,0.7897389735857403,0.8588519090021761,-0.06911293541643582,2
phase6v2-r07-load-medium-a01,D4-SMT,LOAD,3.0484223467312046,5.0,3.7791751211477185,0.0,3.942532489292974,0.5205103129217906,3.4220221763711836,1
phase6v2-r07-load-medium-a01,D4-SMT,DOWNSTREAM,0.12334647567670953,0.0,0.11163669124580351,0.0,0.07832772230750434,0.6023432966667888,-0.5240155743592845,3
phase6v2-r07-input-medium-a01,D4-SMT,INPUT,0.632657847912845,0.4731867603264984,0.5808729584465702,0.0,0.5622391888953046,0.6412499886751334,-0.07901079977982883,1
phase6v2-r07-input-medium-a01,D4-SMT,OUTPUT,0.28788806825150154,0.0,0.45679037643547993,0.0,0.2482261482289938,0.8588519090021761,-0.6106257607731823,4
phase6v2-r07-input-medium-a01,D4-SMT,LOAD,0.14684877537171995,0.9875115434982047,0.0019209079926424436,0.0,0.3787604089541891,0.5205103129217906,-0.1417499039676015,2
phase6v2-r07-input-medium-a01,D4-SMT,DOWNSTREAM,0.5869930496484721,0.05749512482238554,0.0,0.0,0.21482939149028588,0.6023432966667888,-0.38751390517650286,3
phase6v2-r07-output-downstream-a01,D4-SMT,INPUT,0.10739599670632777,0.4591534126184965,0.5721096648014538,0.0,0.37955302470875935,0.6412499886751334,-0.26169696396637404,4
phase6v2-r07-output-downstream-a01,D4-SMT,OUTPUT,0.5260163592916794,2.6090573661868626,1.0098564994412365,0.0,1.3816434083065927,0.8588519090021761,0.5227914993044166,2
phase6v2-r07-output-downstream-a01,D4-SMT,LOAD,1.4878604106883546,0.0,0.11745309683523836,0.0,0.5351045025078643,0.5205103129217906,0.014594189586073725,3
phase6v2-r07-output-downstream-a01,D4-SMT,DOWNSTREAM,0.19503873770770017,5.0,0.0,0.0,1.7316795792359,0.6023432966667888,1.1293362825691113,1
phase6v2-r07-output-load-a01,D4-FULL,INPUT,-3.139418048101724,-5.0,-4.766946597788198,5.0,-9.302121548629973,0.6320983878524123,-9.934219936482386,4
phase6v2-r07-output-load-a01,D4-FULL,OUTPUT,0.09993384912361185,5.0,-4.725178671269239,0.0,0.12491839261812417,0.2313980739513397,-0.10647968133321555,2
phase6v2-r07-output-load-a01,D4-FULL,LOAD,2.934075716744844,2.190371544601579,3.6463586017710075,0.0,2.923601954372477,0.4104013209709391,2.513200633401538,1
phase6v2-r07-output-load-a01,D4-FULL,DOWNSTREAM,-2.964677755930242,-0.060718987847219685,-1.4359955196047824,0.06318108449308354,-1.5503118389538315,0.5954517127368806,-2.1457635516907123,3
phase6v2-r07-load-downstream-a01,D4-FULL,INPUT,-1.2686708324684035,-2.2329894906055476,-1.9816986531336265,2.2329894906055476,-4.060775816008073,0.6320983878524123,-4.692874203860486,4
phase6v2-r07-load-downstream-a01,D4-FULL,OUTPUT,0.008225111094655815,1.54584024141954,-1.2808528769421859,0.0,0.09107082519067,0.2313980739513397,-0.1403272487606697,3
phase6v2-r07-load-downstream-a01,D4-FULL,LOAD,2.9517007379731686,5.0,3.1253415577672605,0.0,3.692347431913477,0.4104013209709391,3.281946110942538,1
phase6v2-r07-load-downstream-a01,D4-FULL,DOWNSTREAM,-1.121536078665434,5.0,-0.9506548085900444,0.0,0.9759363709148405,0.5954517127368806,0.38048465817795996,2
phase6v2-r07-baseline-a01,D4-FULL,INPUT,0.6278008535534632,0.6561956495878771,0.581285211302911,0.0,0.6217605714814171,0.6320983878524123,-0.01033781637099529,1
phase6v2-r07-baseline-a01,D4-FULL,OUTPUT,0.15188692907784587,-0.8093201788881215,0.29588057436893567,0.8093201788881215,-0.9298377373685681,0.2313980739513397,-1.1612358113199077,4
phase6v2-r07-baseline-a01,D4-FULL,LOAD,-0.6244769673642473,1.0088257046040396,0.22520626490924667,0.0,0.20318500071634635,0.4104013209709391,-0.20721632025459277,3
phase6v2-r07-baseline-a01,D4-FULL,DOWNSTREAM,0.7129955929984391,0.032508521628413986,0.6775173702666892,0.005161146557202347,0.46917934840731174,0.5954517127368806,-0.12627236432956884,2
phase6v2-r07-input-downstream-a01,D4-FULL,INPUT,0.3875473437026441,0.2766844738071108,0.5834600641199226,0.0,0.4158972938765591,0.6320983878524123,-0.21620109397585324,3
phase6v2-r07-input-downstream-a01,D4-FULL,OUTPUT,0.18496652034778924,-0.7548154656961615,0.17723719041141134,0.7548154656961615,-0.8856860506751485,0.2313980739513397,-1.1170841246264882,4
phase6v2-r07-input-downstream-a01,D4-FULL,LOAD,0.5680660462547719,0.9477473999189456,0.11742579335366952,0.0,0.5444130798424623,0.4104013209709391,0.13401175887152322,1
phase6v2-r07-input-downstream-a01,D4-FULL,DOWNSTREAM,0.4474250908244525,5.0,-3.4139337758007917,0.0,0.6778304383412204,0.5954517127368806,0.08237872560433979,2
phase6v2-r07-output-downstream-control-a01,D4-FULL,INPUT,0.45214483281530965,0.454124623468554,0.5773369541972505,0.0,0.4945354701603713,0.6320983878524123,-0.13756291769204104,2
phase6v2-r07-output-downstream-control-a01,D4-FULL,OUTPUT,0.2056821659712233,-0.1545628066737762,0.4412220862432952,0.47093119819127627,-0.30681738301102884,0.2313980739513397,-0.5382154569623685,3
phase6v2-r07-output-downstream-control-a01,D4-FULL,LOAD,0.223120125975013,-0.9842005836776752,-0.1717465569595411,0.9842005836776752,-1.2951429218984096,0.4104013209709391,-1.7055442428693488,4
phase6v2-r07-output-downstream-control-a01,D4-FULL,DOWNSTREAM,0.46522668379840826,5.0,-0.9383077613281215,0.0,1.5089729741567623,0.5954517127368806,0.9135212614198818,1
phase6v2-r07-output-load-control-a01,D4-FULL,INPUT,-0.04747627489975443,-0.5474789221339298,-0.7172708193868528,0.5474789221339298,-0.9848875942741089,0.6320983878524123,-1.6169859821265211,4
phase6v2-r07-output-load-control-a01,D4-FULL,OUTPUT,-0.5778092167590942,0.5955104913469903,0.04791957848777392,0.0,0.02187361769188999,0.2313980739513397,-0.2095244562594497,2
phase6v2-r07-output-load-control-a01,D4-FULL,LOAD,2.248524530521647,5.0,3.152042301846232,0.0,3.466855610789293,0.4104013209709391,3.056454289818354,1
phase6v2-r07-output-load-control-a01,D4-FULL,DOWNSTREAM,-0.4370558034335623,-0.065617674015058,-1.137711216586867,0.065617674015058,-0.6124125720268871,0.5954517127368806,-1.2078642847637677,3
phase6v2-r07-downstream-medium-a01,D4-FULL,INPUT,0.46855561685233293,0.4416072115791417,0.579382882867164,0.0,0.49651523709954626,0.6320983878524123,-0.1355831507528661,3
phase6v2-r07-downstream-medium-a01,D4-FULL,OUTPUT,0.18438315271130687,-0.6360017203815823,0.8045889064541248,0.6360017203815823,-0.5183449407869658,0.2313980739513397,-0.7497430147383055,4
phase6v2-r07-downstream-medium-a01,D4-FULL,LOAD,0.23787288627873657,0.9657172082663892,0.30174480549444366,0.0,0.5017783000131898,0.4104013209709391,0.09137697904225067,2
phase6v2-r07-downstream-medium-a01,D4-FULL,DOWNSTREAM,0.5047942114712355,5.0,-3.251671611201318,0.0,0.7510408667566392,0.5954517127368806,0.1555891540197586,1
phase6v2-r07-output-control-a01,D4-FULL,INPUT,0.6258754296219662,0.6523229366751024,0.5832590079439004,0.0,0.6204857914136563,0.6320983878524123,-0.011612596438756007,1
phase6v2-r07-output-control-a01,D4-FULL,OUTPUT,0.18860137851424974,-0.2585834259336448,-0.8669594496310103,0.48702215000341875,-0.799335982353554,0.2313980739513397,-1.0307340563048937,3
phase6v2-r07-output-control-a01,D4-FULL,LOAD,-0.5570007866939235,-0.9735111381041867,-0.2957554635099849,0.9735111381041867,-1.582266934206885,0.4104013209709391,-1.992668255177824,4
phase6v2-r07-output-control-a01,D4-FULL,DOWNSTREAM,0.6524143561095049,0.07927155988909625,0.3206631276316752,0.0,0.3507830145434255,0.5954517127368806,-0.2446686981934551,2
phase6v2-r07-input-load-a01,D4-FULL,INPUT,-2.6907066957975365,-4.9184884716192,-4.792235765568817,4.9184884716192,-9.052298782614384,0.6320983878524123,-9.684397170466797,4
phase6v2-r07-input-load-a01,D4-FULL,OUTPUT,0.02496844064230443,3.9812064609063036,-2.5150793161136518,0.0,0.49703186181165204,0.2313980739513397,0.26563378786031233,2
phase6v2-r07-input-load-a01,D4-FULL,LOAD,3.0136061851560343,2.857966973029624,3.3996657779465767,0.0,3.090412978710745,0.4104013209709391,2.680011657739806,1
phase6v2-r07-input-load-a01,D4-FULL,DOWNSTREAM,-2.7782153546814894,-0.06957784649352497,-2.0301162357815774,0.06957784649352497,-1.695547658812389,0.5954517127368806,-2.29099937154927,3
phase6v2-r07-output-medium-a01,D4-FULL,INPUT,-0.4825924762090611,0.660699193025392,0.5791777296784477,0.0,0.25242814883159287,0.6320983878524123,-0.3796702390208195,2
phase6v2-r07-output-medium-a01,D4-FULL,OUTPUT,0.5608114800586919,2.586264002530988,2.7187114690380683,0.0,1.9552623172092496,0.2313980739513397,1.7238642432579099,1
phase6v2-r07-output-medium-a01,D4-FULL,LOAD,0.37539741068383214,-0.9989224719848727,0.34909415200672306,0.9989224719848727,-1.0903994417496452,0.4104013209709391,-1.5008007627205844,4
phase6v2-r07-output-medium-a01,D4-FULL,DOWNSTREAM,-0.03616368482399295,0.006783529378638955,-0.043465819537676115,0.014675334168865637,-0.038957325829875676,0.5954517127368806,-0.6344090385667562,3
phase6v2-r07-load-medium-a01,D4-FULL,INPUT,-1.2008923639911178,-1.964138901034855,-1.9538606113143868,1.964138901034855,-3.6704361931483085,0.6320983878524123,-4.302534581000721,4
phase6v2-r07-load-medium-a01,D4-FULL,OUTPUT,-0.05060135599779057,1.5204118612477433,-0.8383920215045719,0.0,0.21047282791512698,0.2313980739513397,-0.020925246036212736,2
phase6v2-r07-load-medium-a01,D4-FULL,LOAD,2.9211426902856377,5.0,3.7791751211477185,0.0,3.900105937144452,0.4104013209709391,3.4897046161735132,1
phase6v2-r07-load-medium-a01,D4-FULL,DOWNSTREAM,-0.9144561474311387,-0.09280751346682212,0.07313454087628452,0.09280751346682212,-0.40418388680738093,0.5954517127368806,-0.9996355995442615,3
phase6v2-r07-input-medium-a01,D4-FULL,INPUT,0.632657847912845,0.4731867603264984,0.5808729584465702,0.0,0.5622391888953046,0.6320983878524123,-0.0698591989571078,1
phase6v2-r07-input-medium-a01,D4-FULL,OUTPUT,0.07630743070003884,-0.7636306045863301,0.45679037643547993,0.7636306045863301,-0.8404748704032673,0.2313980739513397,-1.071872944354607,4
phase6v2-r07-input-medium-a01,D4-FULL,LOAD,-0.1271784752286647,0.9875115434982047,-0.22706648506995242,0.0,0.21108886106652922,0.4104013209709391,-0.1993124599044099,2
phase6v2-r07-input-medium-a01,D4-FULL,DOWNSTREAM,0.5707491607288868,0.05749512482238554,-1.2275922652712143,0.0,-0.19978265990664734,0.5954517127368806,-0.7952343726435279,3
phase6v2-r07-output-downstream-a01,D4-FULL,INPUT,-0.6457358486758744,0.4591534126184965,0.5721096648014538,0.0,0.1285090762480253,0.6320983878524123,-0.503589311604387,3
phase6v2-r07-output-downstream-a01,D4-FULL,OUTPUT,0.5260163592916794,2.6090573661868626,-0.10828211106070473,0.0,1.008930538139279,0.2313980739513397,0.7775324641879393,1
phase6v2-r07-output-downstream-a01,D4-FULL,LOAD,1.2874309241391566,-1.0051717937204527,-0.20026231972826122,1.0051717937204527,-0.9778395234903052,0.4104013209709391,-1.3882408444612444,4
phase6v2-r07-output-downstream-a01,D4-FULL,DOWNSTREAM,-0.2811398164691858,5.0,-2.2543916911512474,0.0,0.8214894974598556,0.5954517127368806,0.22603778472297498,2
phase6v2-r07-output-load-a01,D4-FULL,INPUT,-3.139418048101724,-4.171428571428572,-4.766946597788198,4.171428571428572,-8.197359643868069,0.6517903513243971,-8.849149995192466,4
phase6v2-r07-output-load-a01,D4-FULL,OUTPUT,0.09993384912361185,5.0,-4.725178671269239,0.0,0.12491839261812417,0.15472843638248013,-0.029810043764355962,2
phase6v2-r07-output-load-a01,D4-FULL,LOAD,2.934075716744844,2.190371544601579,3.6463586017710075,0.0,2.923601954372477,0.4104013209709391,2.513200633401538,1
phase6v2-r07-output-load-a01,D4-FULL,DOWNSTREAM,-2.964677755930242,-0.060718987847219685,-1.4359955196047824,0.06318108449308354,-1.5503118389538315,0.5954517127368806,-2.1457635516907123,3
phase6v2-r07-load-downstream-a01,D4-FULL,INPUT,-1.2686708324684035,-1.5578201639130094,-1.9816986531336265,1.786391592484438,-3.389121475656118,0.6517903513243971,-4.040911826980515,4
phase6v2-r07-load-downstream-a01,D4-FULL,OUTPUT,0.008225111094655815,1.236672193135632,-1.2808528769421859,0.0,-0.011985190903966029,0.15472843638248013,-0.16671362728644615,3
phase6v2-r07-load-downstream-a01,D4-FULL,LOAD,2.9517007379731686,5.0,3.1253415577672605,0.0,3.692347431913477,0.4104013209709391,3.281946110942538,1
phase6v2-r07-load-downstream-a01,D4-FULL,DOWNSTREAM,-1.121536078665434,5.0,-0.9506548085900444,0.0,0.9759363709148405,0.5954517127368806,0.38048465817795996,2
phase6v2-r07-baseline-a01,D4-FULL,INPUT,0.6278008535534632,0.7535279482417303,0.581285211302911,0.0,0.6542046710327015,0.6517903513243971,0.0024143197083044132,1
phase6v2-r07-baseline-a01,D4-FULL,OUTPUT,0.15188692907784587,-0.6474561431104972,0.29588057436893567,0.6474561431104972,-0.7140190229984024,0.15472843638248013,-0.8687474593808825,4
phase6v2-r07-baseline-a01,D4-FULL,LOAD,-0.6244769673642473,1.0088257046040396,0.22520626490924667,0.0,0.20318500071634635,0.4104013209709391,-0.20721632025459277,3
phase6v2-r07-baseline-a01,D4-FULL,DOWNSTREAM,0.7129955929984391,0.032508521628413986,0.6775173702666892,0.005161146557202347,0.46917934840731174,0.5954517127368806,-0.12627236432956884,2
phase6v2-r07-input-downstream-a01,D4-FULL,INPUT,0.3875473437026441,1.2213475790456887,0.5834600641199226,0.0,0.7307849956227518,0.6517903513243971,0.07899464429835468,3
phase6v2-r07-input-downstream-a01,D4-FULL,OUTPUT,0.18496652034778924,-0.6038523725569293,0.17723719041141134,0.6038523725569293,-0.6844019264895055,0.15472843638248013,-0.8391303628719856,4
phase6v2-r07-input-downstream-a01,D4-FULL,LOAD,0.5680660462547719,0.9477473999189456,0.11742579335366952,0.0,0.5444130798424623,0.4104013209709391,0.13401175887152322,1
phase6v2-r07-input-downstream-a01,D4-FULL,DOWNSTREAM,0.4474250908244525,5.0,-3.4139337758007917,0.0,0.6778304383412204,0.5954517127368806,0.08237872560433979,2
phase6v2-r07-output-downstream-control-a01,D4-FULL,INPUT,0.45214483281530965,0.19187112734627176,0.5773369541972505,0.17142857142857143,0.23568906669103917,0.6517903513243971,-0.41610128463335794,3
phase6v2-r07-output-downstream-control-a01,D4-FULL,OUTPUT,0.2056821659712233,-0.12365024533902096,0.4412220862432952,0.37674495855302104,-0.20232695626118855,0.15472843638248013,-0.3570553926436687,2
phase6v2-r07-output-downstream-control-a01,D4-FULL,LOAD,0.223120125975013,-0.9842005836776752,-0.1717465569595411,0.9842005836776752,-1.2951429218984096,0.4104013209709391,-1.7055442428693488,4
phase6v2-r07-output-downstream-control-a01,D4-FULL,DOWNSTREAM,0.46522668379840826,5.0,-0.9383077613281215,0.0,1.5089729741567623,0.5954517127368806,0.9135212614198818,1
phase6v2-r07-output-load-control-a01,D4-FULL,INPUT,-0.04747627489975443,-0.6094117091357153,-0.7172708193868528,0.6094117091357153,-1.0674646436098227,0.6517903513243971,-1.7192549949342197,4
phase6v2-r07-output-load-control-a01,D4-FULL,OUTPUT,-0.5778092167590942,0.47640839307759225,0.04791957848777392,0.0,-0.01782708173124269,0.15472843638248013,-0.17255551811372283,2
phase6v2-r07-output-load-control-a01,D4-FULL,LOAD,2.248524530521647,5.0,3.152042301846232,0.0,3.466855610789293,0.4104013209709391,3.056454289818354,1
phase6v2-r07-output-load-control-a01,D4-FULL,DOWNSTREAM,-0.4370558034335623,-0.065617674015058,-1.137711216586867,0.065617674015058,-0.6124125720268871,0.5954517127368806,-1.2078642847637677,3
phase6v2-r07-downstream-medium-a01,D4-FULL,INPUT,0.46855561685233293,0.581857197834742,0.579382882867164,0.0,0.5432652325180797,0.6517903513243971,-0.10852511880631743,3
phase6v2-r07-downstream-medium-a01,D4-FULL,OUTPUT,0.18438315271130687,-0.5088013763052659,0.8045889064541248,0.5088013763052659,-0.3487444820185439,0.15472843638248013,-0.503472918401024,4
phase6v2-r07-downstream-medium-a01,D4-FULL,LOAD,0.23787288627873657,0.9657172082663892,0.30174480549444366,0.0,0.5017783000131898,0.4104013209709391,0.09137697904225067,2
phase6v2-r07-downstream-medium-a01,D4-FULL,DOWNSTREAM,0.5047942114712355,5.0,-3.251671611201318,0.0,0.7510408667566392,0.5954517127368806,0.1555891540197586,1
phase6v2-r07-output-control-a01,D4-FULL,INPUT,0.6258754296219662,0.35042977791151053,0.5832590079439004,0.17142857142857143,0.3484261670638877,0.6517903513243971,-0.30336418426050943,2
phase6v2-r07-output-control-a01,D4-FULL,OUTPUT,0.18860137851424974,-0.20686674074691586,-0.8669594496310103,0.389617720002735,-0.6846926572906271,0.15472843638248013,-0.8394210936731072,3
phase6v2-r07-output-control-a01,D4-FULL,LOAD,-0.5570007866939235,-0.9735111381041867,-0.2957554635099849,0.9735111381041867,-1.582266934206885,0.4104013209709391,-1.992668255177824,4
phase6v2-r07-output-control-a01,D4-FULL,DOWNSTREAM,0.6524143561095049,0.07927155988909625,0.3206631276316752,0.0,0.3507830145434255,0.5954517127368806,-0.2446686981934551,1
phase6v2-r07-input-load-a01,D4-FULL,INPUT,-2.6907066957975365,-2.9347907772953596,-4.792235765568817,3.9347907772953596,-7.407368523515931,0.6517903513243971,-8.059158874840328,4
phase6v2-r07-input-load-a01,D4-FULL,OUTPUT,0.02496844064230443,3.184965168725043,-2.5150793161136518,0.0,0.2316180977512318,0.15472843638248013,0.07688966136875167,2
phase6v2-r07-input-load-a01,D4-FULL,LOAD,3.0136061851560343,2.857966973029624,3.3996657779465767,0.0,3.090412978710745,0.4104013209709391,2.680011657739806,1
phase6v2-r07-input-load-a01,D4-FULL,DOWNSTREAM,-2.7782153546814894,-0.06957784649352497,-2.0301162357815774,0.06957784649352497,-1.695547658812389,0.5954517127368806,-2.29099937154927,3
phase6v2-r07-output-medium-a01,D4-FULL,INPUT,-0.4825924762090611,0.35713078299174217,0.5791777296784477,0.17142857142857143,-0.020189892608195176,0.6517903513243971,-0.6719802439325923,3
phase6v2-r07-output-medium-a01,D4-FULL,OUTPUT,0.5608114800586919,3.0690112020247904,2.7187114690380683,0.0,2.11617805037385,0.15472843638248013,1.96144961399137,1
phase6v2-r07-output-medium-a01,D4-FULL,LOAD,0.37539741068383214,-0.9989224719848727,0.34909415200672306,0.9989224719848727,-1.0903994417496452,0.4104013209709391,-1.5008007627205844,4
phase6v2-r07-output-medium-a01,D4-FULL,DOWNSTREAM,-0.03616368482399295,0.006783529378638955,-0.043465819537676115,0.014675334168865637,-0.038957325829875676,0.5954517127368806,-0.6344090385667562,2
phase6v2-r07-load-medium-a01,D4-FULL,INPUT,-1.2008923639911178,-1.3427396922564552,-1.9538606113143868,1.5713111208278838,-3.0704753433485372,0.6517903513243971,-3.7222656946729344,4
phase6v2-r07-load-medium-a01,D4-FULL,OUTPUT,-0.05060135599779057,1.2163294889981946,-0.8383920215045719,0.0,0.1091120371652774,0.15472843638248013,-0.04561639921720273,2
phase6v2-r07-load-medium-a01,D4-FULL,LOAD,2.9211426902856377,5.0,3.7791751211477185,0.0,3.900105937144452,0.4104013209709391,3.4897046161735132,1
phase6v2-r07-load-medium-a01,D4-FULL,DOWNSTREAM,-0.9144561474311387,-0.09280751346682212,0.07313454087628452,0.09280751346682212,-0.40418388680738093,0.5954517127368806,-0.9996355995442615,3
phase6v2-r07-input-medium-a01,D4-FULL,INPUT,0.632657847912845,1.3785494082611986,0.5808729584465702,0.0,0.8640267382068713,0.6517903513243971,0.21223638688247415,1
phase6v2-r07-input-medium-a01,D4-FULL,OUTPUT,0.07630743070003884,-0.6109044836690641,0.45679037643547993,0.6109044836690641,-0.6368400425135793,0.15472843638248013,-0.7915684788960594,3
phase6v2-r07-input-medium-a01,D4-FULL,LOAD,-0.1271784752286647,0.9875115434982047,-0.22706648506995242,0.0,0.21108886106652922,0.4104013209709391,-0.1993124599044099,2
phase6v2-r07-input-medium-a01,D4-FULL,DOWNSTREAM,0.5707491607288868,0.05749512482238554,-1.2275922652712143,0.0,-0.19978265990664734,0.5954517127368806,-0.7952343726435279,4
phase6v2-r07-output-downstream-a01,D4-FULL,INPUT,-0.6457358486758744,0.19589415866622578,0.5721096648014538,0.17142857142857143,-0.13067257983130307,0.6517903513243971,-0.7824629311557002,3
phase6v2-r07-output-downstream-a01,D4-FULL,OUTPUT,0.5260163592916794,3.08724589294949,-0.10828211106070473,0.0,1.1683267137268216,0.15472843638248013,1.0135982773443415,1
phase6v2-r07-output-downstream-a01,D4-FULL,LOAD,1.2874309241391566,-1.0051717937204527,-0.20026231972826122,1.0051717937204527,-0.9778395234903052,0.4104013209709391,-1.3882408444612444,4
phase6v2-r07-output-downstream-a01,D4-FULL,DOWNSTREAM,-0.2811398164691858,5.0,-2.2543916911512474,0.0,0.8214894974598556,0.5954517127368806,0.22603778472297498,2
phase6v2-r08-output-load-control-a01,D4-S,INPUT,-0.03801011442138982,,,0.0,-0.03801011442138982,0.6382068717247549,-0.6762169861461447,2
phase6v2-r08-output-load-control-a01,D4-S,OUTPUT,-0.6776956908157279,,,0.0,-0.6776956908157279,0.2830365359356399,-0.9607322267513678,3
phase6v2-r08-output-load-control-a01,D4-S,LOAD,2.3237784538460247,,,0.0,2.3237784538460247,0.5955945673942468,1.7281838864517778,1
phase6v2-r08-output-load-control-a01,D4-S,DOWNSTREAM,-0.500739793685909,,,0.0,-0.500739793685909,0.7074368013602121,-1.2081765950461212,4
phase6v2-r08-input-medium-a01,D4-S,INPUT,0.5277584067406265,,,0.0,0.5277584067406265,0.6382068717247549,-0.11044846498412841,1
phase6v2-r08-input-medium-a01,D4-S,OUTPUT,0.08547148732337419,,,0.0,0.08547148732337419,0.2830365359356399,-0.1975650486122657,3
phase6v2-r08-input-medium-a01,D4-S,LOAD,-0.15293197990961643,,,0.0,-0.15293197990961643,0.5955945673942468,-0.7485265473038631,4
phase6v2-r08-input-medium-a01,D4-S,DOWNSTREAM,0.5677051495963078,,,0.0,0.5677051495963078,0.7074368013602121,-0.13973165176390434,2
phase6v2-r08-output-medium-a01,D4-S,INPUT,-0.6136481127960877,,,0.0,-0.6136481127960877,0.6382068717247549,-1.2518549845208424,4
phase6v2-r08-output-medium-a01,D4-S,OUTPUT,0.510023092479816,,,0.0,0.510023092479816,0.2830365359356399,0.22698655654417615,1
phase6v2-r08-output-medium-a01,D4-S,LOAD,0.6949675279702904,,,0.0,0.6949675279702904,0.5955945673942468,0.09937296057604361,2
phase6v2-r08-output-medium-a01,D4-S,DOWNSTREAM,-0.21858772391390086,,,0.0,-0.21858772391390086,0.7074368013602121,-0.926024525274113,3
phase6v2-r08-output-control-a01,D4-S,INPUT,0.699988326588566,,,0.0,0.699988326588566,0.6382068717247549,0.06178145486381115,1
phase6v2-r08-output-control-a01,D4-S,OUTPUT,0.07099382256528204,,,0.0,0.07099382256528204,0.2830365359356399,-0.21204271337035785,3
phase6v2-r08-output-control-a01,D4-S,LOAD,-0.46336258455259294,,,0.0,-0.46336258455259294,0.5955945673942468,-1.0589571519468397,4
phase6v2-r08-output-control-a01,D4-S,DOWNSTREAM,0.5678824823600173,,,0.0,0.5678824823600173,0.7074368013602121,-0.13955431900019488,2
phase6v2-r08-baseline-a01,D4-S,INPUT,0.678295886038452,,,0.0,0.678295886038452,0.6382068717247549,0.04008901431369716,1
phase6v2-r08-baseline-a01,D4-S,OUTPUT,0.09495794308936481,,,0.0,0.09495794308936481,0.2830365359356399,-0.18807859284627507,3
phase6v2-r08-baseline-a01,D4-S,LOAD,-0.5678159583565289,,,0.0,-0.5678159583565289,0.5955945673942468,-1.1634105257507756,4
phase6v2-r08-baseline-a01,D4-S,DOWNSTREAM,0.6752852119627978,,,0.0,0.6752852119627978,0.7074368013602121,-0.03215158939741436,2
phase6v2-r08-input-load-a01,D4-S,INPUT,-2.7285928389024727,,,0.0,-2.7285928389024727,0.6382068717247549,-3.3667997106272276,3
phase6v2-r08-input-load-a01,D4-S,OUTPUT,-0.011608680397847617,,,0.0,-0.011608680397847617,0.2830365359356399,-0.2946452163334875,2
phase6v2-r08-input-load-a01,D4-S,LOAD,3.0292638100258005,,,0.0,3.0292638100258005,0.5955945673942468,2.4336692426315536,1
phase6v2-r08-input-load-a01,D4-S,DOWNSTREAM,-2.800538189737024,,,0.0,-2.800538189737024,0.7074368013602121,-3.507974991097236,4
phase6v2-r08-output-load-a01,D4-S,INPUT,-3.1759389872617403,,,0.0,-3.1759389872617403,0.6382068717247549,-3.814145858986495,4
phase6v2-r08-output-load-a01,D4-S,OUTPUT,0.14421002508546074,,,0.0,0.14421002508546074,0.2830365359356399,-0.13882651085017914,2
phase6v2-r08-output-load-a01,D4-S,LOAD,2.877177872778213,,,0.0,2.877177872778213,0.5955945673942468,2.281583305383966,1
phase6v2-r08-output-load-a01,D4-S,DOWNSTREAM,-2.972874339811966,,,0.0,-2.972874339811966,0.7074368013602121,-3.6803111411721785,3
phase6v2-r08-downstream-medium-a01,D4-S,INPUT,0.5146786259944197,,,0.0,0.5146786259944197,0.6382068717247549,-0.12352824573033516,1
phase6v2-r08-downstream-medium-a01,D4-S,OUTPUT,0.15591639006513688,,,0.0,0.15591639006513688,0.2830365359356399,-0.127120145870503,2
phase6v2-r08-downstream-medium-a01,D4-S,LOAD,0.19004491547226857,,,0.0,0.19004491547226857,0.5955945673942468,-0.4055496519219782,4
phase6v2-r08-downstream-medium-a01,D4-S,DOWNSTREAM,0.5262695018216484,,,0.0,0.5262695018216484,0.7074368013602121,-0.1811672995385637,3
phase6v2-r08-output-downstream-control-a01,D4-S,INPUT,0.46303791275405276,,,0.0,0.46303791275405276,0.6382068717247549,-0.17516895897070212,1
phase6v2-r08-output-downstream-control-a01,D4-S,OUTPUT,0.04133715202473743,,,0.0,0.04133715202473743,0.2830365359356399,-0.24169938391090245,2
phase6v2-r08-output-downstream-control-a01,D4-S,LOAD,0.32947440943195966,,,0.0,0.32947440943195966,0.5955945673942468,-0.2661201579622871,3
phase6v2-r08-output-downstream-control-a01,D4-S,DOWNSTREAM,0.3736803024227534,,,0.0,0.3736803024227534,0.7074368013602121,-0.33375649893745873,4
phase6v2-r08-load-medium-a01,D4-S,INPUT,-1.286485832843352,,,0.0,-1.286485832843352,0.6382068717247549,-1.9246927045681068,4
phase6v2-r08-load-medium-a01,D4-S,OUTPUT,-0.08059109999516968,,,0.0,-0.08059109999516968,0.2830365359356399,-0.36362763593080955,2
phase6v2-r08-load-medium-a01,D4-S,LOAD,2.962573089697691,,,0.0,2.962573089697691,0.5955945673942468,2.366978522303444,1
phase6v2-r08-load-medium-a01,D4-S,DOWNSTREAM,-1.0493264356613325,,,0.0,-1.0493264356613325,0.7074368013602121,-1.7567632370215447,3
phase6v2-r08-output-downstream-a01,D4-S,INPUT,-0.7504930201832128,,,0.0,-0.7504930201832128,0.6382068717247549,-1.3886998919079678,4
phase6v2-r08-output-downstream-a01,D4-S,OUTPUT,0.5596275842164636,,,0.0,0.5596275842164636,0.2830365359356399,0.27659104828082376,2
phase6v2-r08-output-downstream-a01,D4-S,LOAD,1.3558048027324634,,,0.0,1.3558048027324634,0.5955945673942468,0.7602102353382166,1
phase6v2-r08-output-downstream-a01,D4-S,DOWNSTREAM,-0.32156862975332534,,,0.0,-0.32156862975332534,0.7074368013602121,-1.0290054311135375,3
phase6v2-r08-input-downstream-a01,D4-S,INPUT,0.4706124325534955,,,0.0,0.4706124325534955,0.6382068717247549,-0.16759443917125938,3
phase6v2-r08-input-downstream-a01,D4-S,OUTPUT,0.14253811147012224,,,0.0,0.14253811147012224,0.2830365359356399,-0.14049842446551764,2
phase6v2-r08-input-downstream-a01,D4-S,LOAD,0.615204467663293,,,0.0,0.615204467663293,0.5955945673942468,0.019609900269046188,1
phase6v2-r08-input-downstream-a01,D4-S,DOWNSTREAM,0.42416135470342214,,,0.0,0.42416135470342214,0.7074368013602121,-0.28327544665679,4
phase6v2-r08-load-downstream-a01,D4-S,INPUT,-1.4048221278365467,,,0.0,-1.4048221278365467,0.6382068717247549,-2.043028999561302,4
phase6v2-r08-load-downstream-a01,D4-S,OUTPUT,-0.03315835706467794,,,0.0,-0.03315835706467794,0.2830365359356399,-0.31619489300031783,2
phase6v2-r08-load-downstream-a01,D4-S,LOAD,2.967100251367202,,,0.0,2.967100251367202,0.5955945673942468,2.371505683972955,1
phase6v2-r08-load-downstream-a01,D4-S,DOWNSTREAM,-1.2457571203817654,,,0.0,-1.2457571203817654,0.7074368013602121,-1.9531939217419776,3
phase6v2-r08-output-load-control-a01,D4-SM,INPUT,-0.03801011442138982,-0.4331519741700469,,0.0,-0.23558104429571836,0.6463898249216702,-0.8819708692173885,3
phase6v2-r08-output-load-control-a01,D4-SM,OUTPUT,-0.6776956908157279,0.45067712573442864,,0.0,-0.11350928254064963,0.7788784917039963,-0.8923877742446459,4
phase6v2-r08-output-load-control-a01,D4-SM,LOAD,2.3237784538460247,5.0,,0.0,3.6618892269230123,0.5892212960146123,3.0726679309084,1
phase6v2-r08-output-load-control-a01,D4-SM,DOWNSTREAM,-0.500739793685909,-0.028266277974783538,,0.0,-0.2645030358303463,0.3696072423929315,-0.6341102782232778,2
phase6v2-r08-input-medium-a01,D4-SM,INPUT,0.5277584067406265,0.4749341370962614,,0.0,0.5013462719184439,0.6463898249216702,-0.14504355300322624,2
phase6v2-r08-input-medium-a01,D4-SM,OUTPUT,0.08547148732337419,-0.7615353999778308,,0.0,-0.3380319563272283,0.7788784917039963,-1.1169104480312246,4
phase6v2-r08-input-medium-a01,D4-SM,LOAD,-0.15293197990961643,0.989250351140199,,0.0,0.4181591856152913,0.5892212960146123,-0.17106211039932095,3
phase6v2-r08-input-medium-a01,D4-SM,DOWNSTREAM,0.5677051495963078,0.007855497779971387,,0.0,0.2877803236881396,0.3696072423929315,-0.08182691870479192,1
phase6v2-r08-output-medium-a01,D4-SM,INPUT,-0.6136481127960877,0.6478959633606578,,0.0,0.01712392528228507,0.6463898249216702,-0.6292658996393852,3
phase6v2-r08-output-medium-a01,D4-SM,OUTPUT,0.510023092479816,2.6490035031854338,,0.0,1.579513297832625,0.7788784917039963,0.8006348061286287,1
phase6v2-r08-output-medium-a01,D4-SM,LOAD,0.6949675279702904,-1.0003143833506525,,0.0,-0.15267342769018105,0.5892212960146123,-0.7418947237047933,4
phase6v2-r08-output-medium-a01,D4-SM,DOWNSTREAM,-0.21858772391390086,-0.009571377040232023,,0.0,-0.11407955047706644,0.3696072423929315,-0.48368679286999794,2
phase6v2-r08-output-control-a01,D4-SM,INPUT,0.699988326588566,0.657717417406808,,0.0,0.678852871997687,0.6463898249216702,0.03246304707601677,1
phase6v2-r08-output-control-a01,D4-SM,OUTPUT,0.07099382256528204,-0.10980230302598859,,0.0,-0.019404240230353274,0.7788784917039963,-0.7982827319343495,3
phase6v2-r08-output-control-a01,D4-SM,LOAD,-0.46336258455259294,-0.9738525112374893,,0.0,-0.7186075478950411,0.5892212960146123,-1.3078288439096535,4
phase6v2-r08-output-control-a01,D4-SM,DOWNSTREAM,0.5678824823600173,0.07250437202996572,,0.0,0.3201934271949915,0.3696072423929315,-0.049413815197940025,2
phase6v2-r08-baseline-a01,D4-SM,INPUT,0.678295886038452,0.6603858792344198,,0.0,0.669340882636436,0.6463898249216702,0.0229510577147658,1
phase6v2-r08-baseline-a01,D4-SM,OUTPUT,0.09495794308936481,-0.7885491660334767,,0.0,-0.34679561147205595,0.7788784917039963,-1.1256741031760522,4
phase6v2-r08-baseline-a01,D4-SM,LOAD,-0.5678159583565289,1.0082732858386683,,0.0,0.2202286637410697,0.5892212960146123,-0.36899263227354256,3
phase6v2-r08-baseline-a01,D4-SM,DOWNSTREAM,0.6752852119627978,0.02828594690298833,,0.0,0.35178557943289307,0.3696072423929315,-0.017821662960038454,2
phase6v2-r08-input-load-a01,D4-SM,INPUT,-2.7285928389024727,-4.902946627021895,,0.0,-3.815769732962184,0.6463898249216702,-4.462159557883854,4
phase6v2-r08-input-load-a01,D4-SM,OUTPUT,-0.011608680397847617,3.9230747241852413,,0.0,1.9557330218936968,0.7788784917039963,1.1768545301897007,2
phase6v2-r08-input-load-a01,D4-SM,LOAD,3.0292638100258005,2.891122412994732,,0.0,2.960193111510266,0.5892212960146123,2.370971815495654,1
phase6v2-r08-input-load-a01,D4-SM,DOWNSTREAM,-2.800538189737024,-0.07157934957602356,,0.0,-1.4360587696565237,0.3696072423929315,-1.8056660120494552,3
phase6v2-r08-output-load-a01,D4-SM,INPUT,-3.1759389872617403,-5.0,,0.0,-4.087969493630871,0.6463898249216702,-4.73435931855254,4
phase6v2-r08-output-load-a01,D4-SM,OUTPUT,0.14421002508546074,5.0,,0.0,2.5721050125427305,0.7788784917039963,1.7932265208387341,2
phase6v2-r08-output-load-a01,D4-SM,LOAD,2.877177872778213,2.110597840326673,,0.0,2.493887856552443,0.5892212960146123,1.904666560537831,1
phase6v2-r08-output-load-a01,D4-SM,DOWNSTREAM,-2.972874339811966,-0.10067992043297036,,0.0,-1.5367771301224682,0.3696072423929315,-1.9063843725153997,3
phase6v2-r08-downstream-medium-a01,D4-SM,INPUT,0.5146786259944197,0.45748883938322515,,0.0,0.48608373268882243,0.6463898249216702,-0.16030609223284775,3
phase6v2-r08-downstream-medium-a01,D4-SM,OUTPUT,0.15591639006513688,-0.7965588319972492,,0.0,-0.32032122096605614,0.7788784917039963,-1.0991997126700523,4
phase6v2-r08-downstream-medium-a01,D4-SM,LOAD,0.19004491547226857,0.9681879424784435,,0.0,0.5791164289753561,0.5892212960146123,-0.010104867039256171,2
phase6v2-r08-downstream-medium-a01,D4-SM,DOWNSTREAM,0.5262695018216484,5.0,,0.0,2.763134750910824,0.3696072423929315,2.3935275085178924,1
phase6v2-r08-output-downstream-control-a01,D4-SM,INPUT,0.46303791275405276,0.45453064302150137,,0.0,0.4587842778877771,0.6463898249216702,-0.1876055470338931,2
phase6v2-r08-output-downstream-control-a01,D4-SM,OUTPUT,0.04133715202473743,-0.23547073735816998,,0.0,-0.09706679266671628,0.7788784917039963,-0.8759452843707125,3
phase6v2-r08-output-downstream-control-a01,D4-SM,LOAD,0.32947440943195966,-0.9840323263942095,,0.0,-0.32727895848112487,0.5892212960146123,-0.9165002544957371,4
phase6v2-r08-output-downstream-control-a01,D4-SM,DOWNSTREAM,0.3736803024227534,5.0,,0.0,2.686840151211377,0.3696072423929315,2.317232908818445,1
phase6v2-r08-load-medium-a01,D4-SM,INPUT,-1.286485832843352,-2.1328143066663903,,0.0,-1.709650069754871,0.6463898249216702,-2.3560398946765413,4
phase6v2-r08-load-medium-a01,D4-SM,OUTPUT,-0.08059109999516968,1.6289359945961577,,0.0,0.774172447300494,0.7788784917039963,-0.0047060444035023075,2
phase6v2-r08-load-medium-a01,D4-SM,LOAD,2.962573089697691,5.0,,0.0,3.9812865448488455,0.5892212960146123,3.3920652488342333,1
phase6v2-r08-load-medium-a01,D4-SM,DOWNSTREAM,-1.0493264356613325,-0.10079924029429548,,0.0,-0.575062837977814,0.3696072423929315,-0.9446700803707455,3
phase6v2-r08-output-downstream-a01,D4-SM,INPUT,-0.7504930201832128,0.4608527012918795,,0.0,-0.14482015944566667,0.6463898249216702,-0.7912099843673368,4
phase6v2-r08-output-downstream-a01,D4-SM,OUTPUT,0.5596275842164636,2.624350684504798,,0.0,1.5919891343606307,0.7788784917039963,0.8131106426566345,2
phase6v2-r08-output-downstream-a01,D4-SM,LOAD,1.3558048027324634,-1.0109042336653578,,0.0,0.17245028453355282,0.5892212960146123,-0.41677101148105944,3
phase6v2-r08-output-downstream-a01,D4-SM,DOWNSTREAM,-0.32156862975332534,5.0,,0.0,2.3392156851233374,0.3696072423929315,1.969608442730406,1
phase6v2-r08-input-downstream-a01,D4-SM,INPUT,0.4706124325534955,0.27789763589930844,,0.0,0.37425503422640194,0.6463898249216702,-0.27213479069526825,3
phase6v2-r08-input-downstream-a01,D4-SM,OUTPUT,0.14253811147012224,-0.7620092281216353,,0.0,-0.3097355583257565,0.7788784917039963,-1.0886140500297528,4
phase6v2-r08-input-downstream-a01,D4-SM,LOAD,0.615204467663293,0.9490400153376491,,0.0,0.782122241500471,0.5892212960146123,0.1929009454858588,2
phase6v2-r08-input-downstream-a01,D4-SM,DOWNSTREAM,0.42416135470342214,5.0,,0.0,2.712080677351711,0.3696072423929315,2.3424734349587792,1
phase6v2-r08-load-downstream-a01,D4-SM,INPUT,-1.4048221278365467,-2.429971861107336,,0.0,-1.9173969944719413,0.6463898249216702,-2.5637868193936115,4
phase6v2-r08-load-downstream-a01,D4-SM,OUTPUT,-0.03315835706467794,1.6886211578725296,,0.0,0.8277314004039259,0.7788784917039963,0.04885290869992964,3
phase6v2-r08-load-downstream-a01,D4-SM,LOAD,2.967100251367202,5.0,,0.0,3.983550125683601,0.5892212960146123,3.394328829668989,1
phase6v2-r08-load-downstream-a01,D4-SM,DOWNSTREAM,-1.2457571203817654,5.0,,0.0,1.8771214398091174,0.3696072423929315,1.5075141974161859,2
phase6v2-r08-output-load-control-a01,D4-SMT,INPUT,0.3669638507905259,0.0,0.0,0.0,0.12232128359684197,0.6412632961896731,-0.5189420125928312,2
phase6v2-r08-output-load-control-a01,D4-SMT,OUTPUT,0.14557688403546193,0.45067712573442864,0.0,0.0,0.1987513365899635,0.8571986345739563,-0.6584472979839928,4
phase6v2-r08-output-load-control-a01,D4-SMT,LOAD,2.331776423387663,5.0,3.3333333333333335,0.0,3.5550365855736654,0.5565127895265837,2.9985237960470816,1
phase6v2-r08-output-load-control-a01,D4-SMT,DOWNSTREAM,0.056641800891785235,0.02149484922826885,0.0,0.0,0.026045550040018028,0.6475752106521074,-0.6215296606120894,3
phase6v2-r08-input-medium-a01,D4-SMT,INPUT,0.5873113311261879,0.4749341370962614,0.5856396145498428,0.0,0.5492950275907641,0.6412632961896731,-0.09196826859890905,1
phase6v2-r08-input-medium-a01,D4-SMT,OUTPUT,0.290209228080224,0.0,0.387897244891493,0.0,0.22603549099057232,0.8571986345739563,-0.631163143583384,4
phase6v2-r08-input-medium-a01,D4-SMT,LOAD,0.13032608426468814,0.989250351140199,0.07163492243876868,0.0,0.3970704526145519,0.5565127895265837,-0.15944233691203175,2
phase6v2-r08-input-medium-a01,D4-SMT,DOWNSTREAM,0.578676096836848,0.01868482916444624,0.12661562146953206,0.0,0.24132551582360875,0.6475752106521074,-0.4062496948284987,3
phase6v2-r08-output-medium-a01,D4-SMT,INPUT,0.12203046382476795,0.6478959633606578,0.5782086720106182,0.0,0.4493783663986813,0.6412632961896731,-0.19188492979099186,3
phase6v2-r08-output-medium-a01,D4-SMT,OUTPUT,0.510023092479816,2.6490035031854338,1.5677931952557809,0.0,1.575606596973677,0.8571986345739563,0.7184079623997207,1
phase6v2-r08-output-medium-a01,D4-SMT,LOAD,1.0739417745679805,0.0,0.15349880920896308,0.0,0.4091468612589812,0.5565127895265837,-0.14736592826760248,2
phase6v2-r08-output-medium-a01,D4-SMT,DOWNSTREAM,0.2523940968779735,0.010452554530663011,0.7265111101558102,0.0,0.3297859205214822,0.6475752106521074,-0.31778929013062523,4
phase6v2-r08-output-control-a01,D4-SMT,INPUT,0.7144698043338112,0.657717417406808,0.586297681058811,0.0,0.6528283009331434,0.6412632961896731,0.01156500474347022,1
phase6v2-r08-output-control-a01,D4-SMT,OUTPUT,0.4010149472409989,0.3642568598606957,0.3004188943353572,0.0,0.3552302338123506,0.8571986345739563,-0.5019684007616056,4
phase6v2-r08-output-control-a01,D4-SMT,LOAD,0.09558070687449821,0.0,0.46948141932729776,0.0,0.18835404206726533,0.5565127895265837,-0.3681587474593183,2
phase6v2-r08-output-control-a01,D4-SMT,DOWNSTREAM,0.6240158111764443,0.07250437202996572,0.01766992967191123,0.0,0.23806337095944044,0.6475752106521074,-0.409511839692667,3
phase6v2-r08-baseline-a01,D4-SMT,INPUT,0.678295886038452,0.6603858792344198,0.585560489712443,0.0,0.641414084995105,0.6412632961896731,0.00015078880543184514,2
phase6v2-r08-baseline-a01,D4-SMT,OUTPUT,0.33193267526431874,0.0,0.294126699637564,0.0,0.2086864583006276,0.8571986345739563,-0.6485121762733287,4
phase6v2-r08-baseline-a01,D4-SMT,LOAD,0.07955256354515719,1.0082732858386683,0.34410356389044106,0.0,0.4773098044247555,0.5565127895265837,-0.07920298510182816,3
phase6v2-r08-baseline-a01,D4-SMT,DOWNSTREAM,0.6752852119627978,0.03834856925578248,1.795223186386524,0.0,0.8362856558683681,0.6475752106521074,0.18871044521626068,1
phase6v2-r08-input-load-a01,D4-SMT,INPUT,0.0,0.0,0.0,0.0,0.0,0.6412632961896731,-0.6412632961896731,4
phase6v2-r08-input-load-a01,D4-SMT,OUTPUT,1.4991161110806541,3.9230747241852413,0.03399409543350446,0.0,1.8187283102331333,0.8571986345739563,0.961529675659177,2
phase6v2-r08-input-load-a01,D4-SMT,LOAD,3.107488761129795,2.891122412994732,4.014961799341548,0.0,3.3378576578220254,0.5565127895265837,2.7813448682954416,1
phase6v2-r08-input-load-a01,D4-SMT,DOWNSTREAM,0.04389121906175316,0.0,0.0,0.0,0.01463040635391772,0.6475752106521074,-0.6329448042981897,3
phase6v2-r08-output-load-a01,D4-SMT,INPUT,0.0,0.0,0.0,0.0,0.0,0.6412632961896731,-0.6412632961896731,4
phase6v2-r08-output-load-a01,D4-SMT,OUTPUT,1.5987247632529482,5.0,0.0,0.0,2.199574921084316,0.8571986345739563,1.3423762865103597,2
phase6v2-r08-output-load-a01,D4-SMT,LOAD,3.2079906195741237,2.110597840326673,3.4070475226832593,0.0,2.9085453275280186,0.5565127895265837,2.352032538001435,1
phase6v2-r08-output-load-a01,D4-SMT,DOWNSTREAM,0.09938914780216361,0.0,0.16272998254091786,0.0,0.08737304344769382,0.6475752106521074,-0.5602021672044136,3
phase6v2-r08-downstream-medium-a01,D4-SMT,INPUT,0.5201927856597495,0.45748883938322515,0.5856893773619374,0.0,0.521123667468304,0.6412632961896731,-0.12013962872136918,3
phase6v2-r08-downstream-medium-a01,D4-SMT,OUTPUT,0.25393852643441645,0.0,0.29558765357253763,0.0,0.18317539333565136,0.8571986345739563,-0.6740232412383049,4
phase6v2-r08-downstream-medium-a01,D4-SMT,LOAD,0.360338066696775,0.9681879424784435,0.0021461671735501496,0.0,0.44355739211625617,0.5565127895265837,-0.11295539741032751,2
phase6v2-r08-downstream-medium-a01,D4-SMT,DOWNSTREAM,0.5262695018216484,5.0,0.0,0.0,1.8420898339405494,0.6475752106521074,1.194514623288442,1
phase6v2-r08-output-downstream-control-a01,D4-SMT,INPUT,0.47346468739394904,0.45453064302150137,0.583649176657481,0.0,0.5038815023576438,0.6412632961896731,-0.1373817938320293,2
phase6v2-r08-output-downstream-control-a01,D4-SMT,OUTPUT,0.27114111075047165,0.25658087469287333,0.4610475280488946,0.0,0.3295898378307465,0.8571986345739563,-0.5276087967432097,4
phase6v2-r08-output-downstream-control-a01,D4-SMT,LOAD,0.4461545535986069,0.0,0.02687141002450065,0.0,0.15767532120770253,0.5565127895265837,-0.3988374683188811,3
phase6v2-r08-output-downstream-control-a01,D4-SMT,DOWNSTREAM,0.4430877604149622,5.0,1.3004946670780952,0.0,2.2478608091643526,0.6475752106521074,1.600285598512245,1
phase6v2-r08-load-medium-a01,D4-SMT,INPUT,0.03196946389521622,0.0,0.0,0.0,0.010656487965072072,0.6412632961896731,-0.630606808224601,4
phase6v2-r08-load-medium-a01,D4-SMT,OUTPUT,0.7528203478924836,1.6289359945961577,0.08210818855364252,0.0,0.8212881770140945,0.8571986345739563,-0.035910457559861775,2
phase6v2-r08-load-medium-a01,D4-SMT,LOAD,3.0702223551531262,5.0,3.3333333333333335,0.0,3.8011852294954864,0.5565127895265837,3.2446724399689026,1
phase6v2-r08-load-medium-a01,D4-SMT,DOWNSTREAM,0.10335996349312722,0.0,0.9746288900144762,0.0,0.3593296178358678,0.6475752106521074,-0.2882455928162396,3
phase6v2-r08-output-downstream-a01,D4-SMT,INPUT,0.10779177861973581,0.4608527012918795,0.5870338402817986,0.0,0.385226106731138,0.6412632961896731,-0.25603718945853515,4
phase6v2-r08-output-downstream-a01,D4-SMT,OUTPUT,0.5621155172671338,2.624350684504798,2.441288337171516,0.0,1.875918179647816,0.8571986345739563,1.0187195450738598,2
phase6v2-r08-output-downstream-a01,D4-SMT,LOAD,1.5898203704084615,0.0,0.6341802850200313,0.0,0.7413335518094977,0.5565127895265837,0.184820762282914,3
phase6v2-r08-output-downstream-a01,D4-SMT,DOWNSTREAM,0.19942074051014264,5.0,0.0,0.0,1.7331402468367143,0.6475752106521074,1.0855650361846068,1
phase6v2-r08-input-downstream-a01,D4-SMT,INPUT,0.4706124325534955,0.2788143000448215,0.5895711241130833,0.0,0.44633261890380016,0.6412632961896731,-0.194930677285873,3
phase6v2-r08-input-downstream-a01,D4-SMT,OUTPUT,0.2077837968551783,0.0,0.3002694856020632,0.0,0.1693510941524138,0.8571986345739563,-0.6878475404215425,4
phase6v2-r08-input-downstream-a01,D4-SMT,LOAD,0.7348972250412008,0.9490400153376491,0.0,0.0,0.5613124134596167,0.5565127895265837,0.004799623933033015,2
phase6v2-r08-input-downstream-a01,D4-SMT,DOWNSTREAM,0.4364599995742075,5.0,0.0,0.0,1.8121533331914026,0.6475752106521074,1.1645781225392953,1
phase6v2-r08-load-downstream-a01,D4-SMT,INPUT,0.03044113098192703,0.0,0.0,0.0,0.010147043660642343,0.6412632961896731,-0.6311162525290308,4
phase6v2-r08-load-downstream-a01,D4-SMT,OUTPUT,0.8942537213566787,1.6886211578725296,0.1489733875072374,0.0,0.9106160889121485,0.8571986345739563,0.05341745433819223,3
phase6v2-r08-load-downstream-a01,D4-SMT,LOAD,3.0319520686160613,5.0,3.549774630078444,0.0,3.8605755662315016,0.5565127895265837,3.3040627767049178,1
phase6v2-r08-load-downstream-a01,D4-SMT,DOWNSTREAM,0.10306786849106625,5.0,0.0021138937171132997,0.0,1.701727254069393,0.6475752106521074,1.0541520434172855,2
phase6v2-r08-output-load-control-a01,D4-FULL,INPUT,-0.03801011442138982,-0.4331519741700469,-0.4229388380343726,0.4331519741700469,-0.7311856163786501,0.6262452693411527,-1.3574308857198027,3
phase6v2-r08-output-load-control-a01,D4-FULL,OUTPUT,-0.6776956908157279,0.45067712573442864,-1.1765544791609783,0.0,-0.4678576814140925,0.2221771772085565,-0.690034858622649,2
phase6v2-r08-output-load-control-a01,D4-FULL,LOAD,2.3237784538460247,5.0,3.0880389553822827,0.0,3.4706058030761024,0.41731335718128076,3.053292445894822,1
phase6v2-r08-output-load-control-a01,D4-FULL,DOWNSTREAM,-0.500739793685909,-0.028266277974783538,-3.0467042601786694,0.04976112720305239,-1.2416645711495065,0.5105370769937094,-1.7522016481432159,4
phase6v2-r08-input-medium-a01,D4-FULL,INPUT,0.5277584067406265,0.4749341370962614,0.5856396145498428,0.0,0.5294440527955769,0.6262452693411527,-0.09680121654557572,1
phase6v2-r08-input-medium-a01,D4-FULL,OUTPUT,0.08547148732337419,-0.7615353999778308,0.387897244891493,0.7615353999778308,-0.8575909558988187,0.2221771772085565,-1.0797681331073752,4
phase6v2-r08-input-medium-a01,D4-FULL,LOAD,-0.15293197990961643,0.989250351140199,0.02933059769248782,0.0,0.28854965630769014,0.41731335718128076,-0.12876370087359063,2
phase6v2-r08-input-medium-a01,D4-FULL,DOWNSTREAM,0.5677051495963078,0.007855497779971387,-0.5344403432441287,0.010829331384474852,0.002877436659575317,0.5105370769937094,-0.5076596403341341,3
phase6v2-r08-output-medium-a01,D4-FULL,INPUT,-0.6136481127960877,0.6478959633606578,0.5782086720106182,0.0,0.20415217419172946,0.6262452693411527,-0.42209309514942317,3
phase6v2-r08-output-medium-a01,D4-FULL,OUTPUT,0.510023092479816,2.6490035031854338,1.5677931952557809,0.0,1.575606596973677,0.2221771772085565,1.3534294197651204,1
phase6v2-r08-output-medium-a01,D4-FULL,LOAD,0.6949675279702904,-1.0003143833506525,-1.0207246875112188,1.0003143833506525,-1.4423382309811794,0.41731335718128076,-1.8596515881624602,4
phase6v2-r08-output-medium-a01,D4-FULL,DOWNSTREAM,-0.21858772391390086,-0.009571377040232023,0.7265111101558102,0.020023931570895034,0.14609340482966404,0.5105370769937094,-0.3644436721640454,2
phase6v2-r08-output-control-a01,D4-FULL,INPUT,0.699988326588566,0.657717417406808,0.586297681058811,0.0,0.6480011416847283,0.6262452693411527,0.021755872343575677,1
phase6v2-r08-output-control-a01,D4-FULL,OUTPUT,0.07099382256528204,-0.10980230302598859,-0.04510349034350994,0.4740591628866843,-0.5020298198214231,0.2221771772085565,-0.7242069970299796,3
phase6v2-r08-output-control-a01,D4-FULL,LOAD,-0.46336258455259294,-0.9738525112374893,0.3656336182346717,0.9738525112374893,-1.3310463370892927,0.41731335718128076,-1.7483596942705735,4
phase6v2-r08-output-control-a01,D4-FULL,DOWNSTREAM,0.5678824823600173,0.07250437202996572,0.007759010353213802,0.0,0.2160486215810656,0.5105370769937094,-0.2944884554126438,2
phase6v2-r08-baseline-a01,D4-FULL,INPUT,0.678295886038452,0.6603858792344198,0.585560489712443,0.0,0.641414084995105,0.6262452693411527,0.015168815653952339,2
phase6v2-r08-baseline-a01,D4-FULL,OUTPUT,0.09495794308936481,-0.7885491660334767,0.22501302761362577,0.7885491660334767,-0.9447418978103054,0.2221771772085565,-1.1669190750188618,4
phase6v2-r08-baseline-a01,D4-FULL,LOAD,-0.5678159583565289,1.0082732858386683,0.29335939877612904,0.0,0.24460557541942282,0.41731335718128076,-0.17270778176185794,3
phase6v2-r08-baseline-a01,D4-FULL,DOWNSTREAM,0.6752852119627978,0.02828594690298833,1.795223186386524,0.01006262235279415,0.8228688260646425,0.5105370769937094,0.3123317490709331,1
phase6v2-r08-input-load-a01,D4-FULL,INPUT,-2.7285928389024727,-4.902946627021895,-4.762328208164341,4.902946627021895,-9.034235851718131,0.6262452693411527,-9.660481121059284,4
phase6v2-r08-input-load-a01,D4-FULL,OUTPUT,-0.011608680397847617,3.9230747241852413,-2.428785508614463,0.0,0.4942268450576435,0.2221771772085565,0.272049667849087,2
phase6v2-r08-input-load-a01,D4-FULL,LOAD,3.0292638100258005,2.891122412994732,4.014961799341548,0.0,3.311782674120694,0.41731335718128076,2.8944693169394133,1
phase6v2-r08-input-load-a01,D4-FULL,DOWNSTREAM,-2.800538189737024,-0.07157934957602356,-1.8187724458993362,0.07157934957602356,-1.6352093446468179,0.5105370769937094,-2.1457464216405273,3
phase6v2-r08-output-load-a01,D4-FULL,INPUT,-3.1759389872617403,-5.0,-4.929434759236609,5.0,-9.368457915499452,0.6262452693411527,-9.994703184840604,4
phase6v2-r08-output-load-a01,D4-FULL,OUTPUT,0.14421002508546074,5.0,-3.535644869621733,0.0,0.536188385154576,0.2221771772085565,0.3140112079460195,2
phase6v2-r08-output-load-a01,D4-FULL,LOAD,2.877177872778213,2.110597840326673,3.4070475226832593,0.0,2.798274411929382,0.41731335718128076,2.3809610547481013,1
phase6v2-r08-output-load-a01,D4-FULL,DOWNSTREAM,-2.972874339811966,-0.10067992043297036,0.015992040128602697,0.10067992043297036,-1.1198673271384147,0.5105370769937094,-1.6304044041321242,3
phase6v2-r08-downstream-medium-a01,D4-FULL,INPUT,0.5146786259944197,0.45748883938322515,0.5856893773619374,0.0,0.5192856142465274,0.6262452693411527,-0.10695965509462524,2
phase6v2-r08-downstream-medium-a01,D4-FULL,OUTPUT,0.15591639006513688,-0.7965588319972492,0.2835697868195317,0.7965588319972492,-0.9155830503681094,0.2221771772085565,-1.1377602275766658,4
phase6v2-r08-downstream-medium-a01,D4-FULL,LOAD,0.19004491547226857,0.9681879424784435,-1.0059946186068054,0.0,0.050746079781302265,0.41731335718128076,-0.3665672773999785,3
phase6v2-r08-downstream-medium-a01,D4-FULL,DOWNSTREAM,0.5262695018216484,5.0,-0.599909975749798,0.0,1.6421198420239502,0.5105370769937094,1.1315827650302408,1
phase6v2-r08-output-downstream-control-a01,D4-FULL,INPUT,0.46303791275405276,0.45453064302150137,0.583649176657481,0.0,0.5004059108110117,0.6262452693411527,-0.12583935853014094,2
phase6v2-r08-output-downstream-control-a01,D4-FULL,OUTPUT,0.04133715202473743,-0.23547073735816998,0.4422213281447468,0.4920516120510433,-0.4093556977806052,0.2221771772085565,-0.6315328749891618,3
phase6v2-r08-output-downstream-control-a01,D4-FULL,LOAD,0.32947440943195966,-0.9840323263942095,-0.13990125998921113,0.9840323263942095,-1.2488520520446964,0.41731335718128076,-1.6661654092259772,4
phase6v2-r08-output-downstream-control-a01,D4-FULL,DOWNSTREAM,0.3736803024227534,5.0,1.2505625044930375,0.0,2.208080935638597,0.5105370769937094,1.6975438586448877,1
phase6v2-r08-load-medium-a01,D4-FULL,INPUT,-1.286485832843352,-2.1328143066663903,-2.16245384051172,2.1328143066663903,-3.9933989666735443,0.6262452693411527,-4.619644236014697,4
phase6v2-r08-load-medium-a01,D4-FULL,OUTPUT,-0.08059109999516968,1.6289359945961577,-0.9969949491045147,0.0,0.18378331516549107,0.2221771772085565,-0.03839386204306544,2
phase6v2-r08-load-medium-a01,D4-FULL,LOAD,2.962573089697691,5.0,3.1518495658476464,0.0,3.7048075518484453,0.41731335718128076,3.2874941946671647,1
phase6v2-r08-load-medium-a01,D4-FULL,DOWNSTREAM,-1.0493264356613325,-0.10079924029429548,0.9746288900144762,0.10079924029429548,-0.15929816894134607,0.5105370769937094,-0.6698352459350555,3
phase6v2-r08-output-downstream-a01,D4-FULL,INPUT,-0.7504930201832128,0.4608527012918795,0.5870338402817986,0.0,0.09913117379682175,0.6262452693411527,-0.5271140955443309,3
phase6v2-r08-output-downstream-a01,D4-FULL,OUTPUT,0.5596275842164636,2.624350684504798,2.441288337171516,0.0,1.875088868630926,0.2221771772085565,1.6529116914223694,1
phase6v2-r08-output-downstream-a01,D4-FULL,LOAD,1.3558048027324634,-1.0109042336653578,0.6169627699502129,1.0109042336653578,-0.690283120659585,0.41731335718128076,-1.1075964778408658,4
phase6v2-r08-output-downstream-a01,D4-FULL,DOWNSTREAM,-0.32156862975332534,5.0,-0.7862245856834846,0.0,1.2974022615210634,0.5105370769937094,0.786865184527354,2
phase6v2-r08-input-downstream-a01,D4-FULL,INPUT,0.4706124325534955,0.27789763589930844,0.5895711241130833,0.0009166641455130559,0.445110400043116,0.6262452693411527,-0.18113486929803668,3
phase6v2-r08-input-downstream-a01,D4-FULL,OUTPUT,0.14253811147012224,-0.7620092281216353,0.29108083619758857,0.7620092281216353,-0.8714726549396101,0.2221771772085565,-1.0936498321481667,4
phase6v2-r08-input-downstream-a01,D4-FULL,LOAD,0.615204467663293,0.9490400153376491,-0.5828254524328734,0.0,0.3271396768560229,0.41731335718128076,-0.09017368032525785,2
phase6v2-r08-input-downstream-a01,D4-FULL,DOWNSTREAM,0.42416135470342214,5.0,-3.8095602561884476,0.0,0.5382003661716581,0.5105370769937094,0.02766328917794869,1
phase6v2-r08-load-downstream-a01,D4-FULL,INPUT,-1.4048221278365467,-2.429971861107336,-2.237548035671325,2.429971861107336,-4.454085869312405,0.6262452693411527,-5.080331138653558,4
phase6v2-r08-load-downstream-a01,D4-FULL,OUTPUT,-0.03315835706467794,1.6886211578725296,-0.9840026845347749,0.0,0.2238200387576923,0.2221771772085565,0.0016428615491357879,3
phase6v2-r08-load-downstream-a01,D4-FULL,LOAD,2.967100251367202,5.0,3.549774630078444,0.0,3.838958293815215,0.41731335718128076,3.4216449366339345,1
phase6v2-r08-load-downstream-a01,D4-FULL,DOWNSTREAM,-1.2457571203817654,5.0,-0.7544379898411775,0.0,0.9999349632590192,0.5105370769937094,0.4893978862653098,2
phase6v2-r08-output-load-control-a01,D4-FULL,INPUT,-0.03801011442138982,-0.5179501507646089,-0.4229388380343726,0.5179501507646089,-0.8442498518380661,0.6561971486351109,-1.500447000473177,3
phase6v2-r08-output-load-control-a01,D4-FULL,OUTPUT,-0.6776956908157279,0.3605417005875429,-1.1765544791609783,0.0,-0.4979028231297211,0.14274409486625836,-0.6406469179959795,2
phase6v2-r08-output-load-control-a01,D4-FULL,LOAD,2.3237784538460247,5.0,3.0880389553822827,0.0,3.4706058030761024,0.41731335718128076,3.053292445894822,1
phase6v2-r08-output-load-control-a01,D4-FULL,DOWNSTREAM,-0.500739793685909,-0.028266277974783538,-3.0467042601786694,0.04976112720305239,-1.2416645711495065,0.5105370769937094,-1.7522016481432159,4
phase6v2-r08-input-medium-a01,D4-FULL,INPUT,0.5277584067406265,1.3799473096770092,0.5856396145498428,0.0,0.8311151103224929,0.6561971486351109,0.17491796168738194,1
phase6v2-r08-input-medium-a01,D4-FULL,OUTPUT,0.08547148732337419,-0.6092283199822647,0.387897244891493,0.6092283199822647,-0.6545148492380638,0.14274409486625836,-0.7972589441043222,4
phase6v2-r08-input-medium-a01,D4-FULL,LOAD,-0.15293197990961643,0.989250351140199,0.02933059769248782,0.0,0.28854965630769014,0.41731335718128076,-0.12876370087359063,2
phase6v2-r08-input-medium-a01,D4-FULL,DOWNSTREAM,0.5677051495963078,0.007855497779971387,-0.5344403432441287,0.010829331384474852,0.002877436659575317,0.5105370769937094,-0.5076596403341341,3
phase6v2-r08-output-medium-a01,D4-FULL,INPUT,-0.6136481127960877,0.3468881992599548,0.5782086720106182,0.17142857142857143,-0.06761231860374299,0.6561971486351109,-0.7238094672388539,3
phase6v2-r08-output-medium-a01,D4-FULL,OUTPUT,0.510023092479816,3.119202802548347,1.5677931952557809,0.0,1.7323396967613147,0.14274409486625836,1.5895956018950563,1
phase6v2-r08-output-medium-a01,D4-FULL,LOAD,0.6949675279702904,-1.0003143833506525,-1.0207246875112188,1.0003143833506525,-1.4423382309811794,0.41731335718128076,-1.8596515881624602,4
phase6v2-r08-output-medium-a01,D4-FULL,DOWNSTREAM,-0.21858772391390086,-0.009571377040232023,0.7265111101558102,0.020023931570895034,0.14609340482966404,0.5105370769937094,-0.3644436721640454,2
phase6v2-r08-output-control-a01,D4-FULL,INPUT,0.699988326588566,0.35474536249687494,0.586297681058811,0.17142857142857143,0.37558188528617914,0.6561971486351109,-0.2806152633489318,1
phase6v2-r08-output-control-a01,D4-FULL,OUTPUT,0.07099382256528204,-0.08784184242079088,-0.04510349034350994,0.37924733030934743,-0.3998978337090204,0.14274409486625836,-0.5426419285752787,3
phase6v2-r08-output-control-a01,D4-FULL,LOAD,-0.46336258455259294,-0.9738525112374893,0.3656336182346717,0.9738525112374893,-1.3310463370892927,0.41731335718128076,-1.7483596942705735,4
phase6v2-r08-output-control-a01,D4-FULL,DOWNSTREAM,0.5678824823600173,0.07250437202996572,0.007759010353213802,0.0,0.2160486215810656,0.5105370769937094,-0.2944884554126438,2
phase6v2-r08-baseline-a01,D4-FULL,INPUT,0.678295886038452,0.7568801319589644,0.585560489712443,0.0,0.6735788359032865,0.6561971486351109,0.017381687268175572,2
phase6v2-r08-baseline-a01,D4-FULL,OUTPUT,0.09495794308936481,-0.6308393328267814,0.22501302761362577,0.6308393328267814,-0.7344621202013784,0.14274409486625836,-0.8772062150676367,4
phase6v2-r08-baseline-a01,D4-FULL,LOAD,-0.5678159583565289,1.0082732858386683,0.29335939877612904,0.0,0.24460557541942282,0.41731335718128076,-0.17270778176185794,3
phase6v2-r08-baseline-a01,D4-FULL,DOWNSTREAM,0.6752852119627978,0.02828594690298833,1.795223186386524,0.01006262235279415,0.8228688260646425,0.5105370769937094,0.3123317490709331,1
phase6v2-r08-input-load-a01,D4-FULL,INPUT,-2.7285928389024727,-2.9223573016175157,-4.762328208164341,3.9223573016175157,-7.393450084512292,0.6561971486351109,-8.049647233147402,4
phase6v2-r08-input-load-a01,D4-FULL,OUTPUT,-0.011608680397847617,3.138459779348193,-2.428785508614463,0.0,0.23268853011196086,0.14274409486625836,0.0899444352457025,2
phase6v2-r08-input-load-a01,D4-FULL,LOAD,3.0292638100258005,2.891122412994732,4.014961799341548,0.0,3.311782674120694,0.41731335718128076,2.8944693169394133,1
phase6v2-r08-input-load-a01,D4-FULL,DOWNSTREAM,-2.800538189737024,-0.07157934957602356,-1.8187724458993362,0.07157934957602356,-1.6352093446468179,0.5105370769937094,-2.1457464216405273,3
phase6v2-r08-output-load-a01,D4-FULL,INPUT,-3.1759389872617403,-4.171428571428572,-4.929434759236609,4.171428571428572,-8.263696010737545,0.6561971486351109,-8.919893159372656,4
phase6v2-r08-output-load-a01,D4-FULL,OUTPUT,0.14421002508546074,5.0,-3.535644869621733,0.0,0.536188385154576,0.14274409486625836,0.3934442902883176,2
phase6v2-r08-output-load-a01,D4-FULL,LOAD,2.877177872778213,2.110597840326673,3.4070475226832593,0.0,2.798274411929382,0.41731335718128076,2.3809610547481013,1
phase6v2-r08-output-load-a01,D4-FULL,DOWNSTREAM,-2.972874339811966,-0.10067992043297036,0.015992040128602697,0.10067992043297036,-1.1198673271384147,0.5105370769937094,-1.6304044041321242,3
phase6v2-r08-downstream-medium-a01,D4-FULL,INPUT,0.5146786259944197,0.5945625000780087,0.5856893773619374,0.0,0.564976834478122,0.6561971486351109,-0.09122031415698895,2
phase6v2-r08-downstream-medium-a01,D4-FULL,OUTPUT,0.15591639006513688,-0.6372470655977993,0.2835697868195317,0.6372470655977993,-0.7031673618355095,0.14274409486625836,-0.8459114567017679,4
phase6v2-r08-downstream-medium-a01,D4-FULL,LOAD,0.19004491547226857,0.9681879424784435,-1.0059946186068054,0.0,0.050746079781302265,0.41731335718128076,-0.3665672773999785,3
phase6v2-r08-downstream-medium-a01,D4-FULL,DOWNSTREAM,0.5262695018216484,5.0,-0.599909975749798,0.0,1.6421198420239502,0.5105370769937094,1.1315827650302408,1
phase6v2-r08-output-downstream-control-a01,D4-FULL,INPUT,0.46303791275405276,0.1921959429886297,0.583649176657481,0.17142857142857143,0.24153243937148305,0.6561971486351109,-0.41466470926362786,2
phase6v2-r08-output-downstream-control-a01,D4-FULL,OUTPUT,0.04133715202473743,-0.188376589886536,0.4422213281447468,0.39364128964083467,-0.2952473262131853,0.14274409486625836,-0.43799142107944367,3
phase6v2-r08-output-downstream-control-a01,D4-FULL,LOAD,0.32947440943195966,-0.9840323263942095,-0.13990125998921113,0.9840323263942095,-1.2488520520446964,0.41731335718128076,-1.6661654092259772,4
phase6v2-r08-output-downstream-control-a01,D4-FULL,DOWNSTREAM,0.3736803024227534,5.0,1.2505625044930375,0.0,2.208080935638597,0.5105370769937094,1.6975438586448877,1
phase6v2-r08-load-medium-a01,D4-FULL,INPUT,-1.286485832843352,-1.4776800167616835,-2.16245384051172,1.7062514453331121,-3.348458008705364,0.6561971486351109,-4.0046551573404745,4
phase6v2-r08-load-medium-a01,D4-FULL,OUTPUT,-0.08059109999516968,1.303148795676926,-0.9969949491045147,0.0,0.07518758219241388,0.14274409486625836,-0.06755651267384448,2
phase6v2-r08-load-medium-a01,D4-FULL,LOAD,2.962573089697691,5.0,3.1518495658476464,0.0,3.7048075518484453,0.41731335718128076,3.2874941946671647,1
phase6v2-r08-load-medium-a01,D4-FULL,DOWNSTREAM,-1.0493264356613325,-0.10079924029429548,0.9746288900144762,0.10079924029429548,-0.15929816894134607,0.5105370769937094,-0.6698352459350555,3
phase6v2-r08-output-downstream-a01,D4-FULL,INPUT,-0.7504930201832128,0.19725358960493217,0.5870338402817986,0.17142857142857143,-0.16016376819406544,0.6561971486351109,-0.8163609168291763,3
phase6v2-r08-output-downstream-a01,D4-FULL,OUTPUT,0.5596275842164636,3.0994805476038385,2.441288337171516,0.0,2.0334654896639393,0.14274409486625836,1.8907213947976809,1
phase6v2-r08-output-downstream-a01,D4-FULL,LOAD,1.3558048027324634,-1.0109042336653578,0.6169627699502129,1.0109042336653578,-0.690283120659585,0.41731335718128076,-1.1075964778408658,4
phase6v2-r08-output-downstream-a01,D4-FULL,DOWNSTREAM,-0.32156862975332534,5.0,-0.7862245856834846,0.0,1.2974022615210634,0.5105370769937094,0.786865184527354,2
phase6v2-r08-input-downstream-a01,D4-FULL,INPUT,0.4706124325534955,1.2223181087194468,0.5895711241130833,0.0007333313164104448,0.7601005571455982,0.6561971486351109,0.1039034085104873,1
phase6v2-r08-input-downstream-a01,D4-FULL,OUTPUT,0.14253811147012224,-0.6096073824973083,0.29108083619758857,0.6096073824973083,-0.6682701941071741,0.14274409486625836,-0.8110142889734325,4
phase6v2-r08-input-downstream-a01,D4-FULL,LOAD,0.615204467663293,0.9490400153376491,-0.5828254524328734,0.0,0.3271396768560229,0.41731335718128076,-0.09017368032525785,3
phase6v2-r08-input-downstream-a01,D4-FULL,DOWNSTREAM,0.42416135470342214,5.0,-3.8095602561884476,0.0,0.5382003661716581,0.5105370769937094,0.02766328917794869,2
phase6v2-r08-load-downstream-a01,D4-FULL,INPUT,-1.4048221278365467,-1.7154060603144405,-2.237548035671325,1.943977488885869,-3.7299028968266397,0.6561971486351109,-4.386100045461751,4
phase6v2-r08-load-downstream-a01,D4-FULL,OUTPUT,-0.03315835706467794,1.3508969262980237,-0.9840026845347749,0.0,0.11124529489952366,0.14274409486625836,-0.0314987999667347,3
phase6v2-r08-load-downstream-a01,D4-FULL,LOAD,2.967100251367202,5.0,3.549774630078444,0.0,3.838958293815215,0.41731335718128076,3.4216449366339345,1
phase6v2-r08-load-downstream-a01,D4-FULL,DOWNSTREAM,-1.2457571203817654,5.0,-0.7544379898411775,0.0,0.9999349632590192,0.5105370769937094,0.4893978862653098,2
