run_id,repetition,condition_id,true_mechanism_set,predicted_mechanism_set,input_score,output_score,load_score,downstream_score,true_compound_degree,predicted_cause_count,training_protocol,model,feature_tier,fold,true_INPUT,true_OUTPUT,true_LOAD,true_DOWNSTREAM,pred_INPUT,pred_OUTPUT,pred_LOAD,pred_DOWNSTREAM
phase6v2-r01-input-load-a01,1,INPUT_LOAD,INPUT+LOAD,LOAD,-8.106982360976907,-8.106982360976907,-8.106982360976907,-8.106982360976907,2,1,P1,M0,F0,1,1,0,1,0,0,0,1,0
phase6v2-r01-load-downstream-a01,1,LOAD_DOWNSTREAM,LOAD+DOWNSTREAM,LOAD,-0.15497786783671705,-0.15497786783671705,-0.15497786783671705,-0.15497786783671705,2,1,P1,M0,F0,1,0,0,1,1,0,0,1,0
phase6v2-r01-input-downstream-a01,1,INPUT_DOWNSTREAM,INPUT+DOWNSTREAM,DOWNSTREAM,-0.17048994773066722,-0.17048994773066722,-0.17048994773066722,-0.17048994773066722,2,1,P1,M0,F0,1,1,0,0,1,0,0,0,1
phase6v2-r01-output-downstream-a01,1,OUTPUT_DOWNSTREAM,OUTPUT+DOWNSTREAM,OUTPUT,-2.103552687185948,-2.103552687185948,-2.103552687185948,-2.103552687185948,2,1,P1,M0,F0,1,0,1,0,1,0,1,0,0
phase6v2-r01-output-load-a01,1,OUTPUT_LOAD,OUTPUT+LOAD,LOAD,-11.547884023380456,-11.547884023380456,-11.547884023380456,-11.547884023380456,2,1,P1,M0,F0,1,0,1,1,0,0,0,1,0
phase6v2-r02-input-downstream-a01,2,INPUT_DOWNSTREAM,INPUT+DOWNSTREAM,DOWNSTREAM,-0.1707534142904077,-0.1707534142904077,-0.1707534142904077,-0.1707534142904077,2,1,P1,M0,F0,2,1,0,0,1,0,0,0,1
phase6v2-r02-output-load-a01,2,OUTPUT_LOAD,OUTPUT+LOAD,LOAD,-11.036764636331997,-11.036764636331997,-11.036764636331997,-11.036764636331997,2,1,P1,M0,F0,2,0,1,1,0,0,0,1,0
phase6v2-r02-output-downstream-a01,2,OUTPUT_DOWNSTREAM,OUTPUT+DOWNSTREAM,DOWNSTREAM,-2.02183622634434,-2.02183622634434,-2.02183622634434,-2.02183622634434,2,1,P1,M0,F0,2,0,1,0,1,0,0,0,1
phase6v2-r02-input-load-a01,2,INPUT_LOAD,INPUT+LOAD,LOAD,-8.35498103881331,-8.35498103881331,-8.35498103881331,-8.35498103881331,2,1,P1,M0,F0,2,1,0,1,0,0,0,1,0
phase6v2-r02-load-downstream-a01,2,LOAD_DOWNSTREAM,LOAD+DOWNSTREAM,LOAD,-0.19559740638703843,-0.19559740638703843,-0.19559740638703843,-0.19559740638703843,2,1,P1,M0,F0,2,0,0,1,1,0,0,1,0
phase6v2-r03-output-downstream-a01,3,OUTPUT_DOWNSTREAM,OUTPUT+DOWNSTREAM,OUTPUT,-2.1014619887791866,-2.1014619887791866,-2.1014619887791866,-2.1014619887791866,2,1,P1,M0,F0,3,0,1,0,1,0,1,0,0
phase6v2-r03-output-load-a01,3,OUTPUT_LOAD,OUTPUT+LOAD,LOAD,-12.036156359094393,-12.036156359094393,-12.036156359094393,-12.036156359094393,2,1,P1,M0,F0,3,0,1,1,0,0,0,1,0
phase6v2-r03-input-downstream-a01,3,INPUT_DOWNSTREAM,INPUT+DOWNSTREAM,DOWNSTREAM,-0.17568883593872067,-0.17568883593872067,-0.17568883593872067,-0.17568883593872067,2,1,P1,M0,F0,3,1,0,0,1,0,0,0,1
phase6v2-r03-input-load-a01,3,INPUT_LOAD,INPUT+LOAD,LOAD,-8.530716040391347,-8.530716040391347,-8.530716040391347,-8.530716040391347,2,1,P1,M0,F0,3,1,0,1,0,0,0,1,0
phase6v2-r03-load-downstream-a01,3,LOAD_DOWNSTREAM,LOAD+DOWNSTREAM,LOAD,-0.23399426490692382,-0.23399426490692382,-0.23399426490692382,-0.23399426490692382,2,1,P1,M0,F0,3,0,0,1,1,0,0,1,0
phase6v2-r04-input-load-a01,4,INPUT_LOAD,INPUT+LOAD,LOAD,-8.322305795929147,-8.322305795929147,-8.322305795929147,-8.322305795929147,2,1,P1,M0,F0,4,1,0,1,0,0,0,1,0
phase6v2-r04-output-load-a01,4,OUTPUT_LOAD,OUTPUT+LOAD,LOAD,-11.119639381469181,-11.119639381469181,-11.119639381469181,-11.119639381469181,2,1,P1,M0,F0,4,0,1,1,0,0,0,1,0
phase6v2-r04-input-downstream-a01,4,INPUT_DOWNSTREAM,INPUT+DOWNSTREAM,DOWNSTREAM,-0.174775052991448,-0.174775052991448,-0.174775052991448,-0.174775052991448,2,1,P1,M0,F0,4,1,0,0,1,0,0,0,1
phase6v2-r04-output-downstream-a01,4,OUTPUT_DOWNSTREAM,OUTPUT+DOWNSTREAM,DOWNSTREAM,-1.997617357131053,-1.997617357131053,-1.997617357131053,-1.997617357131053,2,1,P1,M0,F0,4,0,1,0,1,0,0,0,1
phase6v2-r04-load-downstream-a01,4,LOAD_DOWNSTREAM,LOAD+DOWNSTREAM,LOAD,-0.1731329051039639,-0.1731329051039639,-0.1731329051039639,-0.1731329051039639,2,1,P1,M0,F0,4,0,0,1,1,0,0,1,0
phase6v2-r05-output-downstream-a01,5,OUTPUT_DOWNSTREAM,OUTPUT+DOWNSTREAM,DOWNSTREAM,-2.022512825403935,-2.022512825403935,-2.022512825403935,-2.022512825403935,2,1,P1,M0,F0,5,0,1,0,1,0,0,0,1
phase6v2-r05-input-downstream-a01,5,INPUT_DOWNSTREAM,INPUT+DOWNSTREAM,DOWNSTREAM,-0.16905658199561538,-0.16905658199561538,-0.16905658199561538,-0.16905658199561538,2,1,P1,M0,F0,5,1,0,0,1,0,0,0,1
phase6v2-r05-load-downstream-a01,5,LOAD_DOWNSTREAM,LOAD+DOWNSTREAM,LOAD,-0.38934145723950975,-0.38934145723950975,-0.38934145723950975,-0.38934145723950975,2,1,P1,M0,F0,5,0,0,1,1,0,0,1,0
phase6v2-r05-input-load-a01,5,INPUT_LOAD,INPUT+LOAD,LOAD,-8.239012824015223,-8.239012824015223,-8.239012824015223,-8.239012824015223,2,1,P1,M0,F0,5,1,0,1,0,0,0,1,0
phase6v2-r05-output-load-a01,5,OUTPUT_LOAD,OUTPUT+LOAD,LOAD,-12.360697958458687,-12.360697958458687,-12.360697958458687,-12.360697958458687,2,1,P1,M0,F0,5,0,1,1,0,0,0,1,0
phase6v2-r06-input-load-a01,6,INPUT_LOAD,INPUT+LOAD,LOAD,-8.051435880812367,-8.051435880812367,-8.051435880812367,-8.051435880812367,2,1,P1,M0,F0,6,1,0,1,0,0,0,1,0
phase6v2-r06-load-downstream-a01,6,LOAD_DOWNSTREAM,LOAD+DOWNSTREAM,LOAD,-0.4407876207795824,-0.4407876207795824,-0.4407876207795824,-0.4407876207795824,2,1,P1,M0,F0,6,0,0,1,1,0,0,1,0
phase6v2-r06-output-load-a01,6,OUTPUT_LOAD,OUTPUT+LOAD,LOAD,-11.422042098557919,-11.422042098557919,-11.422042098557919,-11.422042098557919,2,1,P1,M0,F0,6,0,1,1,0,0,0,1,0
phase6v2-r06-input-downstream-a01,6,INPUT_DOWNSTREAM,INPUT+DOWNSTREAM,DOWNSTREAM,-0.17668206842646114,-0.17668206842646114,-0.17668206842646114,-0.17668206842646114,2,1,P1,M0,F0,6,1,0,0,1,0,0,0,1
phase6v2-r06-output-downstream-a01,6,OUTPUT_DOWNSTREAM,OUTPUT+DOWNSTREAM,OUTPUT,-2.100934459464922,-2.100934459464922,-2.100934459464922,-2.100934459464922,2,1,P1,M0,F0,6,0,1,0,1,0,1,0,0
phase6v2-r07-output-load-a01,7,OUTPUT_LOAD,OUTPUT+LOAD,LOAD,-11.40989516613345,-11.40989516613345,-11.40989516613345,-11.40989516613345,2,1,P1,M0,F0,7,0,1,1,0,0,0,1,0
phase6v2-r07-load-downstream-a01,7,LOAD_DOWNSTREAM,LOAD+DOWNSTREAM,LOAD,-0.0391398477638884,-0.0391398477638884,-0.0391398477638884,-0.0391398477638884,2,1,P1,M0,F0,7,0,0,1,1,0,0,1,0
phase6v2-r07-input-downstream-a01,7,INPUT_DOWNSTREAM,INPUT+DOWNSTREAM,DOWNSTREAM,-0.17474622454009422,-0.17474622454009422,-0.17474622454009422,-0.17474622454009422,2,1,P1,M0,F0,7,1,0,0,1,0,0,0,1
phase6v2-r07-input-load-a01,7,INPUT_LOAD,INPUT+LOAD,LOAD,-8.33467295314721,-8.33467295314721,-8.33467295314721,-8.33467295314721,2,1,P1,M0,F0,7,1,0,1,0,0,0,1,0
phase6v2-r07-output-downstream-a01,7,OUTPUT_DOWNSTREAM,OUTPUT+DOWNSTREAM,DOWNSTREAM,-1.985414761811796,-1.985414761811796,-1.985414761811796,-1.985414761811796,2,1,P1,M0,F0,7,0,1,0,1,0,0,0,1
phase6v2-r08-input-load-a01,8,INPUT_LOAD,INPUT+LOAD,LOAD,-8.20469598244415,-8.20469598244415,-8.20469598244415,-8.20469598244415,2,1,P1,M0,F0,8,1,0,1,0,0,0,1,0
phase6v2-r08-output-load-a01,8,OUTPUT_LOAD,OUTPUT+LOAD,LOAD,-11.981556471048224,-11.981556471048224,-11.981556471048224,-11.981556471048224,2,1,P1,M0,F0,8,0,1,1,0,0,0,1,0
phase6v2-r08-output-downstream-a01,8,OUTPUT_DOWNSTREAM,OUTPUT+DOWNSTREAM,DOWNSTREAM,-2.00584886447703,-2.00584886447703,-2.00584886447703,-2.00584886447703,2,1,P1,M0,F0,8,0,1,0,1,0,0,0,1
phase6v2-r08-input-downstream-a01,8,INPUT_DOWNSTREAM,INPUT+DOWNSTREAM,DOWNSTREAM,-0.17376786262404972,-0.17376786262404972,-0.17376786262404972,-0.17376786262404972,2,1,P1,M0,F0,8,1,0,0,1,0,0,0,1
phase6v2-r08-load-downstream-a01,8,LOAD_DOWNSTREAM,LOAD+DOWNSTREAM,LOAD,-0.37287664824550193,-0.37287664824550193,-0.37287664824550193,-0.37287664824550193,2,1,P1,M0,F0,8,0,0,1,1,0,0,1,0
phase6v2-r01-input-load-a01,1,INPUT_LOAD,INPUT+LOAD,LOAD,-13.378883758726435,-13.378883758726435,-13.378883758726435,-13.378883758726435,2,1,P1,M1,F1,1,1,0,1,0,0,0,1,0
phase6v2-r01-load-downstream-a01,1,LOAD_DOWNSTREAM,LOAD+DOWNSTREAM,LOAD,-3.709011232207248,-3.709011232207248,-3.709011232207248,-3.709011232207248,2,1,P1,M1,F1,1,0,0,1,1,0,0,1,0
phase6v2-r01-input-downstream-a01,1,INPUT_DOWNSTREAM,INPUT+DOWNSTREAM,INPUT,-2.9016967652770647,-2.9016967652770647,-2.9016967652770647,-2.9016967652770647,2,1,P1,M1,F1,1,1,0,0,1,1,0,0,0
phase6v2-r01-output-downstream-a01,1,OUTPUT_DOWNSTREAM,OUTPUT+DOWNSTREAM,OUTPUT,-1.266230473932611,-1.266230473932611,-1.266230473932611,-1.266230473932611,2,1,P1,M1,F1,1,0,1,0,1,0,1,0,0
phase6v2-r01-output-load-a01,1,OUTPUT_LOAD,OUTPUT+LOAD,LOAD,-17.86892991735941,-17.86892991735941,-17.86892991735941,-17.86892991735941,2,1,P1,M1,F1,1,0,1,1,0,0,0,1,0
phase6v2-r02-input-downstream-a01,2,INPUT_DOWNSTREAM,INPUT+DOWNSTREAM,DOWNSTREAM,-2.794300733938569,-2.794300733938569,-2.794300733938569,-2.794300733938569,2,1,P1,M1,F1,2,1,0,0,1,0,0,0,1
phase6v2-r02-output-load-a01,2,OUTPUT_LOAD,OUTPUT+LOAD,LOAD,-17.375467071131613,-17.375467071131613,-17.375467071131613,-17.375467071131613,2,1,P1,M1,F1,2,0,1,1,0,0,0,1,0
phase6v2-r02-output-downstream-a01,2,OUTPUT_DOWNSTREAM,OUTPUT+DOWNSTREAM,OUTPUT,-2.4344836388971873,-2.4344836388971873,-2.4344836388971873,-2.4344836388971873,2,1,P1,M1,F1,2,0,1,0,1,0,1,0,0
phase6v2-r02-input-load-a01,2,INPUT_LOAD,INPUT+LOAD,LOAD,-13.564780763991704,-13.564780763991704,-13.564780763991704,-13.564780763991704,2,1,P1,M1,F1,2,1,0,1,0,0,0,1,0
phase6v2-r02-load-downstream-a01,2,LOAD_DOWNSTREAM,LOAD+DOWNSTREAM,LOAD,-2.4939318263582537,-2.4939318263582537,-2.4939318263582537,-2.4939318263582537,2,1,P1,M1,F1,2,0,0,1,1,0,0,1,0
phase6v2-r03-output-downstream-a01,3,OUTPUT_DOWNSTREAM,OUTPUT+DOWNSTREAM,OUTPUT,-1.3609115425164449,-1.3609115425164449,-1.3609115425164449,-1.3609115425164449,2,1,P1,M1,F1,3,0,1,0,1,0,1,0,0
phase6v2-r03-output-load-a01,3,OUTPUT_LOAD,OUTPUT+LOAD,LOAD,-18.498862602522408,-18.498862602522408,-18.498862602522408,-18.498862602522408,2,1,P1,M1,F1,3,0,1,1,0,0,0,1,0
phase6v2-r03-input-downstream-a01,3,INPUT_DOWNSTREAM,INPUT+DOWNSTREAM,DOWNSTREAM,-0.8616671200229815,-0.8616671200229815,-0.8616671200229815,-0.8616671200229815,2,1,P1,M1,F1,3,1,0,0,1,0,0,0,1
phase6v2-r03-input-load-a01,3,INPUT_LOAD,INPUT+LOAD,LOAD,-13.859087221911897,-13.859087221911897,-13.859087221911897,-13.859087221911897,2,1,P1,M1,F1,3,1,0,1,0,0,0,1,0
phase6v2-r03-load-downstream-a01,3,LOAD_DOWNSTREAM,LOAD+DOWNSTREAM,LOAD,-2.445766460844737,-2.445766460844737,-2.445766460844737,-2.445766460844737,2,1,P1,M1,F1,3,0,0,1,1,0,0,1,0
phase6v2-r04-input-load-a01,4,INPUT_LOAD,INPUT+LOAD,LOAD,-13.535007661318025,-13.535007661318025,-13.535007661318025,-13.535007661318025,2,1,P1,M1,F1,4,1,0,1,0,0,0,1,0
phase6v2-r04-output-load-a01,4,OUTPUT_LOAD,OUTPUT+LOAD,LOAD,-17.491169613947445,-17.491169613947445,-17.491169613947445,-17.491169613947445,2,1,P1,M1,F1,4,0,1,1,0,0,0,1,0
phase6v2-r04-input-downstream-a01,4,INPUT_DOWNSTREAM,INPUT+DOWNSTREAM,DOWNSTREAM,-0.8760110403198573,-0.8760110403198573,-0.8760110403198573,-0.8760110403198573,2,1,P1,M1,F1,4,1,0,0,1,0,0,0,1
phase6v2-r04-output-downstream-a01,4,OUTPUT_DOWNSTREAM,OUTPUT+DOWNSTREAM,OUTPUT,-2.1473405609326517,-2.1473405609326517,-2.1473405609326517,-2.1473405609326517,2,1,P1,M1,F1,4,0,1,0,1,0,1,0,0
phase6v2-r04-load-downstream-a01,4,LOAD_DOWNSTREAM,LOAD+DOWNSTREAM,LOAD,-3.3502198211268905,-3.3502198211268905,-3.3502198211268905,-3.3502198211268905,2,1,P1,M1,F1,4,0,0,1,1,0,0,1,0
phase6v2-r05-output-downstream-a01,5,OUTPUT_DOWNSTREAM,OUTPUT+DOWNSTREAM,OUTPUT,-1.694942351581904,-1.694942351581904,-1.694942351581904,-1.694942351581904,2,1,P1,M1,F1,5,0,1,0,1,0,1,0,0
phase6v2-r05-input-downstream-a01,5,INPUT_DOWNSTREAM,INPUT+DOWNSTREAM,INPUT,-2.120795334144086,-2.120795334144086,-2.120795334144086,-2.120795334144086,2,1,P1,M1,F1,5,1,0,0,1,1,0,0,0
phase6v2-r05-load-downstream-a01,5,LOAD_DOWNSTREAM,LOAD+DOWNSTREAM,LOAD,-2.6656356219821453,-2.6656356219821453,-2.6656356219821453,-2.6656356219821453,2,1,P1,M1,F1,5,0,0,1,1,0,0,1,0
phase6v2-r05-input-load-a01,5,INPUT_LOAD,INPUT+LOAD,LOAD,-13.28808732287777,-13.28808732287777,-13.28808732287777,-13.28808732287777,2,1,P1,M1,F1,5,1,0,1,0,0,0,1,0
phase6v2-r05-output-load-a01,5,OUTPUT_LOAD,OUTPUT+LOAD,LOAD,-19.04333371082743,-19.04333371082743,-19.04333371082743,-19.04333371082743,2,1,P1,M1,F1,5,0,1,1,0,0,0,1,0
phase6v2-r06-input-load-a01,6,INPUT_LOAD,INPUT+LOAD,LOAD,-12.92648085278913,-12.92648085278913,-12.92648085278913,-12.92648085278913,2,1,P1,M1,F1,6,1,0,1,0,0,0,1,0
phase6v2-r06-load-downstream-a01,6,LOAD_DOWNSTREAM,LOAD+DOWNSTREAM,LOAD,-2.667024438761793,-2.667024438761793,-2.667024438761793,-2.667024438761793,2,1,P1,M1,F1,6,0,0,1,1,0,0,1,0
phase6v2-r06-output-load-a01,6,OUTPUT_LOAD,OUTPUT+LOAD,LOAD,-18.298411235512813,-18.298411235512813,-18.298411235512813,-18.298411235512813,2,1,P1,M1,F1,6,0,1,1,0,0,0,1,0
phase6v2-r06-input-downstream-a01,6,INPUT_DOWNSTREAM,INPUT+DOWNSTREAM,DOWNSTREAM,-0.841879913256884,-0.841879913256884,-0.841879913256884,-0.841879913256884,2,1,P1,M1,F1,6,1,0,0,1,0,0,0,1
phase6v2-r06-output-downstream-a01,6,OUTPUT_DOWNSTREAM,OUTPUT+DOWNSTREAM,OUTPUT,-1.2898715184633114,-1.2898715184633114,-1.2898715184633114,-1.2898715184633114,2,1,P1,M1,F1,6,0,1,0,1,0,1,0,0
phase6v2-r07-output-load-a01,7,OUTPUT_LOAD,OUTPUT+LOAD,LOAD,-18.615298999187278,-18.615298999187278,-18.615298999187278,-18.615298999187278,2,1,P1,M1,F1,7,0,1,1,0,0,0,1,0
phase6v2-r07-load-downstream-a01,7,LOAD_DOWNSTREAM,LOAD+DOWNSTREAM,LOAD,-2.2134267476569365,-2.2134267476569365,-2.2134267476569365,-2.2134267476569365,2,1,P1,M1,F1,7,0,0,1,1,0,0,1,0
phase6v2-r07-input-downstream-a01,7,INPUT_DOWNSTREAM,INPUT+DOWNSTREAM,DOWNSTREAM,-0.8493913166846773,-0.8493913166846773,-0.8493913166846773,-0.8493913166846773,2,1,P1,M1,F1,7,1,0,0,1,0,0,0,1
phase6v2-r07-input-load-a01,7,INPUT_LOAD,INPUT+LOAD,LOAD,-13.374938773353708,-13.374938773353708,-13.374938773353708,-13.374938773353708,2,1,P1,M1,F1,7,1,0,1,0,0,0,1,0
phase6v2-r07-output-downstream-a01,7,OUTPUT_DOWNSTREAM,OUTPUT+DOWNSTREAM,OUTPUT,-1.2769259518170126,-1.2769259518170126,-1.2769259518170126,-1.2769259518170126,2,1,P1,M1,F1,7,0,1,0,1,0,1,0,0
phase6v2-r08-input-load-a01,8,INPUT_LOAD,INPUT+LOAD,LOAD,-13.212174446326486,-13.212174446326486,-13.212174446326486,-13.212174446326486,2,1,P1,M1,F1,8,1,0,1,0,0,0,1,0
phase6v2-r08-output-load-a01,8,OUTPUT_LOAD,OUTPUT+LOAD,LOAD,-18.813730566550007,-18.813730566550007,-18.813730566550007,-18.813730566550007,2,1,P1,M1,F1,8,0,1,1,0,0,0,1,0
phase6v2-r08-output-downstream-a01,8,OUTPUT_DOWNSTREAM,OUTPUT+DOWNSTREAM,OUTPUT,-1.2696208858294367,-1.2696208858294367,-1.2696208858294367,-1.2696208858294367,2,1,P1,M1,F1,8,0,1,0,1,0,1,0,0
phase6v2-r08-input-downstream-a01,8,INPUT_DOWNSTREAM,INPUT+DOWNSTREAM,DOWNSTREAM,-0.8308465804025306,-0.8308465804025306,-0.8308465804025306,-0.8308465804025306,2,1,P1,M1,F1,8,1,0,0,1,0,0,0,1
phase6v2-r08-load-downstream-a01,8,LOAD_DOWNSTREAM,LOAD+DOWNSTREAM,LOAD,-2.62935500328023,-2.62935500328023,-2.62935500328023,-2.62935500328023,2,1,P1,M1,F1,8,0,0,1,1,0,0,1,0
phase6v2-r01-input-load-a01,1,INPUT_LOAD,INPUT+LOAD,LOAD,-17.411415973157297,-17.411415973157297,-17.411415973157297,-17.411415973157297,2,1,P1,M1,F2,1,1,0,1,0,0,0,1,0
phase6v2-r01-load-downstream-a01,1,LOAD_DOWNSTREAM,LOAD+DOWNSTREAM,LOAD,-6.501965146163868,-6.501965146163868,-6.501965146163868,-6.501965146163868,2,1,P1,M1,F2,1,0,0,1,1,0,0,1,0
phase6v2-r01-input-downstream-a01,1,INPUT_DOWNSTREAM,INPUT+DOWNSTREAM,DOWNSTREAM,-3.049499206044255,-3.049499206044255,-3.049499206044255,-3.049499206044255,2,1,P1,M1,F2,1,1,0,0,1,0,0,0,1
phase6v2-r01-output-downstream-a01,1,OUTPUT_DOWNSTREAM,OUTPUT+DOWNSTREAM,OUTPUT,-5.1393746460941605,-5.1393746460941605,-5.1393746460941605,-5.1393746460941605,2,1,P1,M1,F2,1,0,1,0,1,0,1,0,0
phase6v2-r01-output-load-a01,1,OUTPUT_LOAD,OUTPUT+LOAD,LOAD,-24.192610601770777,-24.192610601770777,-24.192610601770777,-24.192610601770777,2,1,P1,M1,F2,1,0,1,1,0,0,0,1,0
phase6v2-r02-input-downstream-a01,2,INPUT_DOWNSTREAM,INPUT+DOWNSTREAM,DOWNSTREAM,-2.8693819226753,-2.8693819226753,-2.8693819226753,-2.8693819226753,2,1,P1,M1,F2,2,1,0,0,1,0,0,0,1
phase6v2-r02-output-load-a01,2,OUTPUT_LOAD,OUTPUT+LOAD,LOAD,-21.965475433475923,-21.965475433475923,-21.965475433475923,-21.965475433475923,2,1,P1,M1,F2,2,0,1,1,0,0,0,1,0
phase6v2-r02-output-downstream-a01,2,OUTPUT_DOWNSTREAM,OUTPUT+DOWNSTREAM,OUTPUT,-5.5034005111170625,-5.5034005111170625,-5.5034005111170625,-5.5034005111170625,2,1,P1,M1,F2,2,0,1,0,1,0,1,0,0
phase6v2-r02-input-load-a01,2,INPUT_LOAD,INPUT+LOAD,LOAD,-17.252287555989682,-17.252287555989682,-17.252287555989682,-17.252287555989682,2,1,P1,M1,F2,2,1,0,1,0,0,0,1,0
phase6v2-r02-load-downstream-a01,2,LOAD_DOWNSTREAM,LOAD+DOWNSTREAM,LOAD,-5.7576721269741,-5.7576721269741,-5.7576721269741,-5.7576721269741,2,1,P1,M1,F2,2,0,0,1,1,0,0,1,0
phase6v2-r03-output-downstream-a01,3,OUTPUT_DOWNSTREAM,OUTPUT+DOWNSTREAM,OUTPUT,-5.156607676313812,-5.156607676313812,-5.156607676313812,-5.156607676313812,2,1,P1,M1,F2,3,0,1,0,1,0,1,0,0
phase6v2-r03-output-load-a01,3,OUTPUT_LOAD,OUTPUT+LOAD,LOAD,-23.358379885308445,-23.358379885308445,-23.358379885308445,-23.358379885308445,2,1,P1,M1,F2,3,0,1,1,0,0,0,1,0
phase6v2-r03-input-downstream-a01,3,INPUT_DOWNSTREAM,INPUT+DOWNSTREAM,DOWNSTREAM,-1.1451822910040028,-1.1451822910040028,-1.1451822910040028,-1.1451822910040028,2,1,P1,M1,F2,3,1,0,0,1,0,0,0,1
phase6v2-r03-input-load-a01,3,INPUT_LOAD,INPUT+LOAD,LOAD,-17.597424086611525,-17.597424086611525,-17.597424086611525,-17.597424086611525,2,1,P1,M1,F2,3,1,0,1,0,0,0,1,0
phase6v2-r03-load-downstream-a01,3,LOAD_DOWNSTREAM,LOAD+DOWNSTREAM,LOAD,-5.824123792905941,-5.824123792905941,-5.824123792905941,-5.824123792905941,2,1,P1,M1,F2,3,0,0,1,1,0,0,1,0
phase6v2-r04-input-load-a01,4,INPUT_LOAD,INPUT+LOAD,LOAD,-17.203698082446152,-17.203698082446152,-17.203698082446152,-17.203698082446152,2,1,P1,M1,F2,4,1,0,1,0,0,0,1,0
phase6v2-r04-output-load-a01,4,OUTPUT_LOAD,OUTPUT+LOAD,LOAD,-22.12134589410132,-22.12134589410132,-22.12134589410132,-22.12134589410132,2,1,P1,M1,F2,4,0,1,1,0,0,0,1,0
phase6v2-r04-input-downstream-a01,4,INPUT_DOWNSTREAM,INPUT+DOWNSTREAM,DOWNSTREAM,-1.0675031695164496,-1.0675031695164496,-1.0675031695164496,-1.0675031695164496,2,1,P1,M1,F2,4,1,0,0,1,0,0,0,1
phase6v2-r04-output-downstream-a01,4,OUTPUT_DOWNSTREAM,OUTPUT+DOWNSTREAM,DOWNSTREAM,-5.255017040716114,-5.255017040716114,-5.255017040716114,-5.255017040716114,2,1,P1,M1,F2,4,0,1,0,1,0,0,0,1
phase6v2-r04-load-downstream-a01,4,LOAD_DOWNSTREAM,LOAD+DOWNSTREAM,LOAD,-6.195200448833998,-6.195200448833998,-6.195200448833998,-6.195200448833998,2,1,P1,M1,F2,4,0,0,1,1,0,0,1,0
phase6v2-r05-output-downstream-a01,5,OUTPUT_DOWNSTREAM,OUTPUT+DOWNSTREAM,OUTPUT,-5.8585182520170225,-5.8585182520170225,-5.8585182520170225,-5.8585182520170225,2,1,P1,M1,F2,5,0,1,0,1,0,1,0,0
phase6v2-r05-input-downstream-a01,5,INPUT_DOWNSTREAM,INPUT+DOWNSTREAM,DOWNSTREAM,-2.2253942824365467,-2.2253942824365467,-2.2253942824365467,-2.2253942824365467,2,1,P1,M1,F2,5,1,0,0,1,0,0,0,1
phase6v2-r05-load-downstream-a01,5,LOAD_DOWNSTREAM,LOAD+DOWNSTREAM,LOAD,-5.939364474080411,-5.939364474080411,-5.939364474080411,-5.939364474080411,2,1,P1,M1,F2,5,0,0,1,1,0,0,1,0
phase6v2-r05-input-load-a01,5,INPUT_LOAD,INPUT+LOAD,LOAD,-16.881962728199095,-16.881962728199095,-16.881962728199095,-16.881962728199095,2,1,P1,M1,F2,5,1,0,1,0,0,0,1,0
phase6v2-r05-output-load-a01,5,OUTPUT_LOAD,OUTPUT+LOAD,LOAD,-24.184295767285438,-24.184295767285438,-24.184295767285438,-24.184295767285438,2,1,P1,M1,F2,5,0,1,1,0,0,0,1,0
phase6v2-r06-input-load-a01,6,INPUT_LOAD,INPUT+LOAD,LOAD,-16.422741463948498,-16.422741463948498,-16.422741463948498,-16.422741463948498,2,1,P1,M1,F2,6,1,0,1,0,0,0,1,0
phase6v2-r06-load-downstream-a01,6,LOAD_DOWNSTREAM,LOAD+DOWNSTREAM,LOAD,-5.9409260710465706,-5.9409260710465706,-5.9409260710465706,-5.9409260710465706,2,1,P1,M1,F2,6,0,0,1,1,0,0,1,0
phase6v2-r06-output-load-a01,6,OUTPUT_LOAD,OUTPUT+LOAD,LOAD,-23.026218954709897,-23.026218954709897,-23.026218954709897,-23.026218954709897,2,1,P1,M1,F2,6,0,1,1,0,0,0,1,0
phase6v2-r06-input-downstream-a01,6,INPUT_DOWNSTREAM,INPUT+DOWNSTREAM,DOWNSTREAM,-0.9999883113607471,-0.9999883113607471,-0.9999883113607471,-0.9999883113607471,2,1,P1,M1,F2,6,1,0,0,1,0,0,0,1
phase6v2-r06-output-downstream-a01,6,OUTPUT_DOWNSTREAM,OUTPUT+DOWNSTREAM,OUTPUT,-5.129731183460309,-5.129731183460309,-5.129731183460309,-5.129731183460309,2,1,P1,M1,F2,6,0,1,0,1,0,1,0,0
phase6v2-r07-output-load-a01,7,OUTPUT_LOAD,OUTPUT+LOAD,LOAD,-23.409324983824717,-23.409324983824717,-23.409324983824717,-23.409324983824717,2,1,P1,M1,F2,7,0,1,1,0,0,0,1,0
phase6v2-r07-load-downstream-a01,7,LOAD_DOWNSTREAM,LOAD+DOWNSTREAM,LOAD,-5.699272747191905,-5.699272747191905,-5.699272747191905,-5.699272747191905,2,1,P1,M1,F2,7,0,0,1,1,0,0,1,0
phase6v2-r07-input-downstream-a01,7,INPUT_DOWNSTREAM,INPUT+DOWNSTREAM,DOWNSTREAM,-0.9987273987516246,-0.9987273987516246,-0.9987273987516246,-0.9987273987516246,2,1,P1,M1,F2,7,1,0,0,1,0,0,0,1
phase6v2-r07-input-load-a01,7,INPUT_LOAD,INPUT+LOAD,LOAD,-16.983977488851217,-16.983977488851217,-16.983977488851217,-16.983977488851217,2,1,P1,M1,F2,7,1,0,1,0,0,0,1,0
phase6v2-r07-output-downstream-a01,7,OUTPUT_DOWNSTREAM,OUTPUT+DOWNSTREAM,DOWNSTREAM,-4.748618349065279,-4.748618349065279,-4.748618349065279,-4.748618349065279,2,1,P1,M1,F2,7,0,1,0,1,0,0,0,1
phase6v2-r08-input-load-a01,8,INPUT_LOAD,INPUT+LOAD,LOAD,-16.774923891174318,-16.774923891174318,-16.774923891174318,-16.774923891174318,2,1,P1,M1,F2,8,1,0,1,0,0,0,1,0
phase6v2-r08-output-load-a01,8,OUTPUT_LOAD,OUTPUT+LOAD,LOAD,-23.734871729230665,-23.734871729230665,-23.734871729230665,-23.734871729230665,2,1,P1,M1,F2,8,0,1,1,0,0,0,1,0
phase6v2-r08-output-downstream-a01,8,OUTPUT_DOWNSTREAM,OUTPUT+DOWNSTREAM,DOWNSTREAM,-5.001831157156484,-5.001831157156484,-5.001831157156484,-5.001831157156484,2,1,P1,M1,F2,8,0,1,0,1,0,0,0,1
phase6v2-r08-input-downstream-a01,8,INPUT_DOWNSTREAM,INPUT+DOWNSTREAM,DOWNSTREAM,-1.1494051830475083,-1.1494051830475083,-1.1494051830475083,-1.1494051830475083,2,1,P1,M1,F2,8,1,0,0,1,0,0,0,1
phase6v2-r08-load-downstream-a01,8,LOAD_DOWNSTREAM,LOAD+DOWNSTREAM,LOAD,-5.912765818841098,-5.912765818841098,-5.912765818841098,-5.912765818841098,2,1,P1,M1,F2,8,0,0,1,1,0,0,1,0
phase6v2-r01-input-load-a01,1,INPUT_LOAD,INPUT+LOAD,LOAD,0.0013841939466237281,0.06788178900070382,0.9999999999961955,2.0492801983176744e-07,2,1,P1,M2,F0,1,1,0,1,0,0,0,1,0
phase6v2-r01-load-downstream-a01,1,LOAD_DOWNSTREAM,LOAD+DOWNSTREAM,LOAD,0.048501768993817515,0.0656486022978597,0.9998706226743658,0.009333267209749748,2,1,P1,M2,F0,1,0,0,1,1,0,0,1,0
phase6v2-r01-input-downstream-a01,1,INPUT_DOWNSTREAM,INPUT+DOWNSTREAM,DOWNSTREAM,0.20070907895585668,0.027718367497296413,0.2599566523624417,0.869007498237529,2,1,P1,M2,F0,1,1,0,0,1,0,0,0,1
phase6v2-r01-output-downstream-a01,1,OUTPUT_DOWNSTREAM,OUTPUT+DOWNSTREAM,OUTPUT+DOWNSTREAM,0.15044362111808612,0.9344424013876987,0.20351653910769027,0.5902024906340094,2,2,P1,M2,F0,1,0,1,0,1,0,1,0,1
phase6v2-r01-output-load-a01,1,OUTPUT_LOAD,OUTPUT+LOAD,OUTPUT+LOAD,0.00042739985091464925,0.5169609676323492,0.9999999999999989,5.672899610771815e-10,2,2,P1,M2,F0,1,0,1,1,0,0,1,1,0
phase6v2-r02-input-downstream-a01,2,INPUT_DOWNSTREAM,INPUT+DOWNSTREAM,DOWNSTREAM,0.20333446151439089,0.029952367358491407,0.2703435793061808,0.8634330402486305,2,1,P1,M2,F0,2,1,0,0,1,0,0,0,1
phase6v2-r02-output-load-a01,2,OUTPUT_LOAD,OUTPUT+LOAD,OUTPUT+LOAD,0.00039613691067093493,0.5489964596801625,0.9999999999999862,3.254866416759216e-09,2,2,P1,M2,F0,2,0,1,1,0,0,1,1,0
phase6v2-r02-output-downstream-a01,2,OUTPUT_DOWNSTREAM,OUTPUT+DOWNSTREAM,OUTPUT+DOWNSTREAM,0.13463303027663848,0.9166738279127976,0.1723254864651741,0.5982715825620905,2,2,P1,M2,F0,2,0,1,0,1,0,1,0,1
phase6v2-r02-input-load-a01,2,INPUT_LOAD,INPUT+LOAD,LOAD,0.0009654624743287988,0.06040999083202299,0.9999999999944031,3.9219941922060554e-07,2,1,P1,M2,F0,2,1,0,1,0,0,0,1,0
phase6v2-r02-load-downstream-a01,2,LOAD_DOWNSTREAM,LOAD+DOWNSTREAM,LOAD,0.04497430597945885,0.06796546065217444,0.9998688759243967,0.00973881196330749,2,1,P1,M2,F0,2,0,0,1,1,0,0,1,0
phase6v2-r03-output-downstream-a01,3,OUTPUT_DOWNSTREAM,OUTPUT+DOWNSTREAM,OUTPUT+DOWNSTREAM,0.15013196201698298,0.9424379776502593,0.20299334958521575,0.5800946797929086,2,2,P1,M2,F0,3,0,1,0,1,0,1,0,1
phase6v2-r03-output-load-a01,3,OUTPUT_LOAD,OUTPUT+LOAD,OUTPUT+LOAD,0.00036373174972231147,0.5823207893141327,0.9999999999999998,2.1728047620667176e-10,2,2,P1,M2,F0,3,0,1,1,0,0,1,1,0
phase6v2-r03-input-downstream-a01,3,INPUT_DOWNSTREAM,INPUT+DOWNSTREAM,DOWNSTREAM,0.20009143843664856,0.02833977303562089,0.2654293136145614,0.8658152211613278,2,1,P1,M2,F0,3,1,0,0,1,0,0,0,1
phase6v2-r03-input-load-a01,3,INPUT_LOAD,INPUT+LOAD,LOAD,0.0011871220897739948,0.07423561005330374,0.9999999999988471,9.034107722632281e-08,2,1,P1,M2,F0,3,1,0,1,0,0,0,1,0
phase6v2-r03-load-downstream-a01,3,LOAD_DOWNSTREAM,LOAD+DOWNSTREAM,LOAD,0.046786130516289964,0.06933263007969304,0.9999056031644497,0.007433397036005636,2,1,P1,M2,F0,3,0,0,1,1,0,0,1,0
phase6v2-r04-input-load-a01,4,INPUT_LOAD,INPUT+LOAD,LOAD,0.001082349042655546,0.06443870682774214,0.9999999999978306,1.3453692158497063e-07,2,1,P1,M2,F0,4,1,0,1,0,0,0,1,0
phase6v2-r04-output-load-a01,4,OUTPUT_LOAD,OUTPUT+LOAD,LOAD,0.00040566189711775197,0.4676176685576125,0.9999999999999967,9.487873684157668e-10,2,1,P1,M2,F0,4,0,1,1,0,0,0,1,0
phase6v2-r04-input-downstream-a01,4,INPUT_DOWNSTREAM,INPUT+DOWNSTREAM,DOWNSTREAM,0.20662400884609583,0.02902746511557183,0.25995335388046453,0.8710634891364986,2,1,P1,M2,F0,4,1,0,0,1,0,0,0,1
phase6v2-r04-output-downstream-a01,4,OUTPUT_DOWNSTREAM,OUTPUT+DOWNSTREAM,OUTPUT+DOWNSTREAM,0.13147023537821603,0.9117373969874992,0.18185397335453432,0.6133615307651888,2,2,P1,M2,F0,4,0,1,0,1,0,1,0,1
phase6v2-r04-load-downstream-a01,4,LOAD_DOWNSTREAM,LOAD+DOWNSTREAM,LOAD,0.047358960083135504,0.06367859647401071,0.9998820577341183,0.008478966150265594,2,1,P1,M2,F0,4,0,0,1,1,0,0,1,0
phase6v2-r05-output-downstream-a01,5,OUTPUT_DOWNSTREAM,OUTPUT+DOWNSTREAM,OUTPUT+DOWNSTREAM,0.13151016648535713,0.9192716076400068,0.18883108936363838,0.5984821913557695,2,2,P1,M2,F0,5,0,1,0,1,0,1,0,1
phase6v2-r05-input-downstream-a01,5,INPUT_DOWNSTREAM,INPUT+DOWNSTREAM,DOWNSTREAM,0.20715111765598118,0.03211510308082617,0.25985622323312685,0.8673349144150776,2,1,P1,M2,F0,5,1,0,0,1,0,0,0,1
phase6v2-r05-load-downstream-a01,5,LOAD_DOWNSTREAM,LOAD+DOWNSTREAM,LOAD,0.04432317848251492,0.06540674811537475,0.9999234186818424,0.006541911594797966,2,1,P1,M2,F0,5,0,0,1,1,0,0,1,0
phase6v2-r05-input-load-a01,5,INPUT_LOAD,INPUT+LOAD,LOAD,0.0011369517395312502,0.056299536156263506,0.9999999999970857,1.7888207880224353e-07,2,1,P1,M2,F0,5,1,0,1,0,0,0,1,0
phase6v2-r05-output-load-a01,5,OUTPUT_LOAD,OUTPUT+LOAD,OUTPUT+LOAD,0.00025606687449823164,0.5549848412728543,0.9999999999999998,1.4432280312830967e-10,2,2,P1,M2,F0,5,0,1,1,0,0,1,1,0
phase6v2-r06-input-load-a01,6,INPUT_LOAD,INPUT+LOAD,LOAD,0.0012242211437068443,0.05807156461509253,0.9999999999952689,2.3411292617124766e-07,2,1,P1,M2,F0,6,1,0,1,0,0,0,1,0
phase6v2-r06-load-downstream-a01,6,LOAD_DOWNSTREAM,LOAD+DOWNSTREAM,LOAD,0.044282313913768065,0.06961201988817406,0.9999302994330331,0.006180670580620281,2,1,P1,M2,F0,6,0,0,1,1,0,0,1,0
phase6v2-r06-output-load-a01,6,OUTPUT_LOAD,OUTPUT+LOAD,OUTPUT+LOAD,0.0003982376869552065,0.5538986383043145,0.999999999999998,6.947907518530901e-10,2,2,P1,M2,F0,6,0,1,1,0,0,1,1,0
phase6v2-r06-input-downstream-a01,6,INPUT_DOWNSTREAM,INPUT+DOWNSTREAM,DOWNSTREAM,0.2057386846081649,0.029498327258901863,0.2623680246119658,0.867127995385519,2,1,P1,M2,F0,6,1,0,0,1,0,0,0,1
phase6v2-r06-output-downstream-a01,6,OUTPUT_DOWNSTREAM,OUTPUT+DOWNSTREAM,OUTPUT+DOWNSTREAM,0.14600226328721394,0.946549309821378,0.20160043596187152,0.5809853559091911,2,2,P1,M2,F0,6,0,1,0,1,0,1,0,1
phase6v2-r07-output-load-a01,7,OUTPUT_LOAD,OUTPUT+LOAD,OUTPUT+LOAD,0.00046178825872312444,0.5373892780629485,0.999999999999998,7.121821478051007e-10,2,2,P1,M2,F0,7,0,1,1,0,0,1,1,0
phase6v2-r07-load-downstream-a01,7,LOAD_DOWNSTREAM,LOAD+DOWNSTREAM,LOAD,0.051816320600974866,0.0669113095229797,0.9998046611949611,0.011893286924372588,2,1,P1,M2,F0,7,0,0,1,1,0,0,1,0
phase6v2-r07-input-downstream-a01,7,INPUT_DOWNSTREAM,INPUT+DOWNSTREAM,DOWNSTREAM,0.20093380760152985,0.027729981032591156,0.26159894715586085,0.8686308110936599,2,1,P1,M2,F0,7,1,0,0,1,0,0,0,1
phase6v2-r07-input-load-a01,7,INPUT_LOAD,INPUT+LOAD,LOAD,0.0012973214251016968,0.07505943216909508,0.999999999997597,1.4461737682605611e-07,2,1,P1,M2,F0,7,1,0,1,0,0,0,1,0
phase6v2-r07-output-downstream-a01,7,OUTPUT_DOWNSTREAM,OUTPUT+DOWNSTREAM,OUTPUT+DOWNSTREAM,0.14843297061200722,0.9138932542521955,0.19042094379509159,0.6223903373688028,2,2,P1,M2,F0,7,0,1,0,1,0,1,0,1
phase6v2-r08-input-load-a01,8,INPUT_LOAD,INPUT+LOAD,LOAD,0.001089069642852856,0.060336991460638985,0.9999999999967937,1.445834699484786e-07,2,1,P1,M2,F0,8,1,0,1,0,0,0,1,0
phase6v2-r08-output-load-a01,8,OUTPUT_LOAD,OUTPUT+LOAD,OUTPUT+LOAD,0.00028688866366612277,0.6389630251081778,0.9999999999999996,1.8471826359275698e-10,2,2,P1,M2,F0,8,0,1,1,0,0,1,1,0
phase6v2-r08-output-downstream-a01,8,OUTPUT_DOWNSTREAM,OUTPUT+DOWNSTREAM,OUTPUT+DOWNSTREAM,0.1326738282528278,0.9122697276946014,0.17760115309978372,0.616846222941108,2,2,P1,M2,F0,8,0,1,0,1,0,1,0,1
phase6v2-r08-input-downstream-a01,8,INPUT_DOWNSTREAM,INPUT+DOWNSTREAM,DOWNSTREAM,0.20834120182916613,0.03008005941467099,0.23171705882319404,0.8754928964708131,2,1,P1,M2,F0,8,1,0,0,1,0,0,0,1
phase6v2-r08-load-downstream-a01,8,LOAD_DOWNSTREAM,LOAD+DOWNSTREAM,LOAD,0.044123109720078504,0.06670073022262964,0.9999072428960833,0.0064286784371281255,2,1,P1,M2,F0,8,0,0,1,1,0,0,1,0
phase6v2-r01-input-load-a01,1,INPUT_LOAD,INPUT+LOAD,LOAD+DOWNSTREAM,1.38349558137433e-06,0.046214906511569634,0.9999999999827249,0.9874296459289801,2,2,P1,M2,F1,1,1,0,1,0,0,0,1,1
phase6v2-r01-load-downstream-a01,1,LOAD_DOWNSTREAM,LOAD+DOWNSTREAM,LOAD,0.013687076133209264,0.05821634187082487,0.9999056201061807,0.31805822767185427,2,1,P1,M2,F1,1,0,0,1,1,0,0,1,0
phase6v2-r01-input-downstream-a01,1,INPUT_DOWNSTREAM,INPUT+DOWNSTREAM,INPUT+DOWNSTREAM,0.7133213883970696,0.03640710150808771,0.13556531689776288,0.6523316387749098,2,2,P1,M2,F1,1,1,0,0,1,1,0,0,1
phase6v2-r01-output-downstream-a01,1,OUTPUT_DOWNSTREAM,OUTPUT+DOWNSTREAM,OUTPUT,0.0014901616141345237,0.991972667778206,0.1519973687911127,0.1225591803072972,2,1,P1,M2,F1,1,0,1,0,1,0,1,0,0
phase6v2-r01-output-load-a01,1,OUTPUT_LOAD,OUTPUT+LOAD,LOAD+DOWNSTREAM,1.578621551597377e-09,0.4169195993654226,0.9999999999999811,0.9934052332171257,2,2,P1,M2,F1,1,0,1,1,0,0,0,1,1
phase6v2-r02-input-downstream-a01,2,INPUT_DOWNSTREAM,INPUT+DOWNSTREAM,INPUT+DOWNSTREAM,0.7288691297967351,0.04324379374167251,0.14211943858989481,0.8688946093259013,2,2,P1,M2,F1,2,1,0,0,1,1,0,0,1
phase6v2-r02-output-load-a01,2,OUTPUT_LOAD,OUTPUT+LOAD,LOAD+DOWNSTREAM,1.7739747178884025e-09,0.47406513304853615,0.9999999999999458,0.9918749813791811,2,2,P1,M2,F1,2,0,1,1,0,0,0,1,1
phase6v2-r02-output-downstream-a01,2,OUTPUT_DOWNSTREAM,OUTPUT+DOWNSTREAM,OUTPUT,0.003227347642308306,0.990287512616108,0.13068012962922046,0.2629515121273057,2,1,P1,M2,F1,2,0,1,0,1,0,1,0,0
phase6v2-r02-input-load-a01,2,INPUT_LOAD,INPUT+LOAD,LOAD+DOWNSTREAM,3.5722144153749874e-07,0.03909709813473735,0.9999999999925502,0.9876753590233496,2,2,P1,M2,F1,2,1,0,1,0,0,0,1,1
phase6v2-r02-load-downstream-a01,2,LOAD_DOWNSTREAM,LOAD+DOWNSTREAM,LOAD,0.0065146189065238376,0.05321021002443488,0.9999185889352886,0.3248904096616324,2,1,P1,M2,F1,2,0,0,1,1,0,0,1,0
phase6v2-r03-output-downstream-a01,3,OUTPUT_DOWNSTREAM,OUTPUT+DOWNSTREAM,OUTPUT,0.0011075833558036611,0.9906146776030721,0.15166399242399117,0.10312832673097092,2,1,P1,M2,F1,3,0,1,0,1,0,1,0,0
phase6v2-r03-output-load-a01,3,OUTPUT_LOAD,OUTPUT+LOAD,LOAD+DOWNSTREAM,4.943074014437068e-10,0.4656117523128499,0.9999999999999933,0.9895471075939279,2,2,P1,M2,F1,3,0,1,1,0,0,0,1,1
phase6v2-r03-input-downstream-a01,3,INPUT_DOWNSTREAM,INPUT+DOWNSTREAM,INPUT+DOWNSTREAM,0.6043419483729938,0.0339624174820025,0.1502845369016254,0.7301092243003383,2,2,P1,M2,F1,3,1,0,0,1,1,0,0,1
phase6v2-r03-input-load-a01,3,INPUT_LOAD,INPUT+LOAD,LOAD+DOWNSTREAM,3.514581005670995e-07,0.04929473216940627,0.9999999999953113,0.9927649474483848,2,2,P1,M2,F1,3,1,0,1,0,0,0,1,1
phase6v2-r03-load-downstream-a01,3,LOAD_DOWNSTREAM,LOAD+DOWNSTREAM,LOAD,0.006850735441207897,0.05803805998655633,0.9999149544210224,0.33433853454712137,2,1,P1,M2,F1,3,0,0,1,1,0,0,1,0
phase6v2-r04-input-load-a01,4,INPUT_LOAD,INPUT+LOAD,LOAD+DOWNSTREAM,5.984501411425961e-07,0.046656447031215055,0.9999999999919729,0.9940333010430947,2,2,P1,M2,F1,4,1,0,1,0,0,0,1,1
phase6v2-r04-output-load-a01,4,OUTPUT_LOAD,OUTPUT+LOAD,LOAD+DOWNSTREAM,2.1338985864751758e-09,0.40192391859019455,0.9999999999999678,0.9948301279337985,2,2,P1,M2,F1,4,0,1,1,0,0,0,1,1
phase6v2-r04-input-downstream-a01,4,INPUT_DOWNSTREAM,INPUT+DOWNSTREAM,INPUT+DOWNSTREAM,0.6199477424342937,0.032683843525337666,0.14707396302363285,0.7313927902369065,2,2,P1,M2,F1,4,1,0,0,1,1,0,0,1
phase6v2-r04-output-downstream-a01,4,OUTPUT_DOWNSTREAM,OUTPUT+DOWNSTREAM,OUTPUT,0.0026682076763874306,0.9875720332862968,0.12100330775081616,0.18905228279435043,2,1,P1,M2,F1,4,0,1,0,1,0,1,0,0
phase6v2-r04-load-downstream-a01,4,LOAD_DOWNSTREAM,LOAD+DOWNSTREAM,LOAD,0.014166741807237718,0.055356295750928555,0.9998963273127439,0.4555709423555228,2,1,P1,M2,F1,4,0,0,1,1,0,0,1,0
phase6v2-r05-output-downstream-a01,5,OUTPUT_DOWNSTREAM,OUTPUT+DOWNSTREAM,OUTPUT,0.0026095752049805593,0.9879637652725534,0.12277120718133022,0.16581159258551595,2,1,P1,M2,F1,5,0,1,0,1,0,1,0,0
phase6v2-r05-input-downstream-a01,5,INPUT_DOWNSTREAM,INPUT+DOWNSTREAM,INPUT+DOWNSTREAM,0.7209032711651162,0.03764172181337407,0.13235392497169743,0.7698131988764447,2,2,P1,M2,F1,5,1,0,0,1,1,0,0,1
phase6v2-r05-load-downstream-a01,5,LOAD_DOWNSTREAM,LOAD+DOWNSTREAM,LOAD,0.006379684314670933,0.05457646088862026,0.9999373639823338,0.4084300767981485,2,1,P1,M2,F1,5,0,0,1,1,0,0,1,0
phase6v2-r05-input-load-a01,5,INPUT_LOAD,INPUT+LOAD,LOAD+DOWNSTREAM,6.604743539296612e-07,0.042723671738325704,0.9999999999885343,0.9916219196228836,2,2,P1,M2,F1,5,1,0,1,0,0,0,1,1
phase6v2-r05-output-load-a01,5,OUTPUT_LOAD,OUTPUT+LOAD,LOAD+DOWNSTREAM,3.084601500965571e-10,0.4735299445931708,0.9999999999999969,0.99465363741609,2,2,P1,M2,F1,5,0,1,1,0,0,0,1,1
phase6v2-r06-input-load-a01,6,INPUT_LOAD,INPUT+LOAD,LOAD+DOWNSTREAM,9.340874905399386e-07,0.04501483400016012,0.9999999999807843,0.989074272171779,2,2,P1,M2,F1,6,1,0,1,0,0,0,1,1
phase6v2-r06-load-downstream-a01,6,LOAD_DOWNSTREAM,LOAD+DOWNSTREAM,LOAD,0.005984058796267969,0.05704203161894857,0.9999381191934931,0.38276418556563446,2,1,P1,M2,F1,6,0,0,1,1,0,0,1,0
phase6v2-r06-output-load-a01,6,OUTPUT_LOAD,OUTPUT+LOAD,LOAD+DOWNSTREAM,1.0442270469099848e-09,0.4657205461484312,0.9999999999999898,0.9975544280565297,2,2,P1,M2,F1,6,0,1,1,0,0,0,1,1
phase6v2-r06-input-downstream-a01,6,INPUT_DOWNSTREAM,INPUT+DOWNSTREAM,INPUT+DOWNSTREAM,0.6104017526475043,0.03475960502652802,0.1467267049427037,0.728691904872501,2,2,P1,M2,F1,6,1,0,0,1,1,0,0,1
phase6v2-r06-output-downstream-a01,6,OUTPUT_DOWNSTREAM,OUTPUT+DOWNSTREAM,OUTPUT,0.0013409829696035451,0.9928854399322236,0.14990389517473846,0.10205634260555446,2,1,P1,M2,F1,6,0,1,0,1,0,1,0,0
phase6v2-r07-output-load-a01,7,OUTPUT_LOAD,OUTPUT+LOAD,LOAD+DOWNSTREAM,7.351878993311771e-10,0.3997704234707803,0.9999999999999944,0.9987582458428728,2,2,P1,M2,F1,7,0,1,1,0,0,0,1,1
phase6v2-r07-load-downstream-a01,7,LOAD_DOWNSTREAM,LOAD+DOWNSTREAM,LOAD,0.009164019790330444,0.05500609614613151,0.9998817724853352,0.3697005338972662,2,1,P1,M2,F1,7,0,0,1,1,0,0,1,0
phase6v2-r07-input-downstream-a01,7,INPUT_DOWNSTREAM,INPUT+DOWNSTREAM,INPUT+DOWNSTREAM,0.6095021033308853,0.03325847169143877,0.14646446595668008,0.7293526116517696,2,2,P1,M2,F1,7,1,0,0,1,1,0,0,1
phase6v2-r07-input-load-a01,7,INPUT_LOAD,INPUT+LOAD,LOAD+DOWNSTREAM,4.426861961514843e-07,0.04789595762915288,0.9999999999903877,0.9907854066729532,2,2,P1,M2,F1,7,1,0,1,0,0,0,1,1
phase6v2-r07-output-downstream-a01,7,OUTPUT_DOWNSTREAM,OUTPUT+DOWNSTREAM,OUTPUT,0.0019022305844861008,0.9832629824062431,0.13382042968136243,0.14068592258075957,2,1,P1,M2,F1,7,0,1,0,1,0,1,0,0
phase6v2-r08-input-load-a01,8,INPUT_LOAD,INPUT+LOAD,LOAD+DOWNSTREAM,5.243906009029099e-07,0.04349028141320443,0.9999999999895863,0.9909280163566313,2,2,P1,M2,F1,8,1,0,1,0,0,0,1,1
phase6v2-r08-output-load-a01,8,OUTPUT_LOAD,OUTPUT+LOAD,LOAD+DOWNSTREAM,2.606272912881051e-10,0.46836549796075955,0.9999999999999964,0.997070048013935,2,2,P1,M2,F1,8,0,1,1,0,0,0,1,1
phase6v2-r08-output-downstream-a01,8,OUTPUT_DOWNSTREAM,OUTPUT+DOWNSTREAM,OUTPUT,0.001544176477041168,0.9891975155490114,0.14247820084346782,0.13086571875142733,2,1,P1,M2,F1,8,0,1,0,1,0,1,0,0
phase6v2-r08-input-downstream-a01,8,INPUT_DOWNSTREAM,INPUT+DOWNSTREAM,INPUT+DOWNSTREAM,0.6127872449390277,0.03296256140558763,0.14410981266653922,0.7293140105891163,2,2,P1,M2,F1,8,1,0,0,1,1,0,0,1
phase6v2-r08-load-downstream-a01,8,LOAD_DOWNSTREAM,LOAD+DOWNSTREAM,LOAD,0.006201250298679137,0.054383733256865296,0.9999360924905207,0.3984222524767867,2,1,P1,M2,F1,8,0,0,1,1,0,0,1,0
phase6v2-r01-input-load-a01,1,INPUT_LOAD,INPUT+LOAD,LOAD,0.008506793824096814,0.06540043165843457,0.9999999999999203,0.02388642675314847,2,1,P1,M2,F2,1,1,0,1,0,0,0,1,0
phase6v2-r01-load-downstream-a01,1,LOAD_DOWNSTREAM,LOAD+DOWNSTREAM,LOAD+DOWNSTREAM,0.008821285280273901,0.04571944231361765,0.9999456663356849,0.9739827342587613,2,2,P1,M2,F2,1,0,0,1,1,0,0,1,1
phase6v2-r01-input-downstream-a01,1,INPUT_DOWNSTREAM,INPUT+DOWNSTREAM,DOWNSTREAM,0.22313058023522545,0.02516271519170692,0.05369658622863229,0.9965503543340863,2,1,P1,M2,F2,1,1,0,0,1,0,0,0,1
phase6v2-r01-output-downstream-a01,1,OUTPUT_DOWNSTREAM,OUTPUT+DOWNSTREAM,OUTPUT+DOWNSTREAM,0.0007403470400573237,0.988781173956042,0.06559198153155331,0.9877586290466884,2,2,P1,M2,F2,1,0,1,0,1,0,1,0,1
phase6v2-r01-output-load-a01,1,OUTPUT_LOAD,OUTPUT+LOAD,LOAD,0.00023106285447170713,0.457124589093814,1.0,0.01832214171356556,2,1,P1,M2,F2,1,0,1,1,0,0,0,1,0
phase6v2-r02-input-downstream-a01,2,INPUT_DOWNSTREAM,INPUT+DOWNSTREAM,DOWNSTREAM,0.3351395431238838,0.033886535389106326,0.05458303774529066,0.9973846411111269,2,1,P1,M2,F2,2,1,0,0,1,0,0,0,1
phase6v2-r02-output-load-a01,2,OUTPUT_LOAD,OUTPUT+LOAD,OUTPUT+LOAD,0.0005181988497722426,0.6911393313810742,0.9999999999999998,0.025792514276267976,2,2,P1,M2,F2,2,0,1,1,0,0,1,1,0
phase6v2-r02-output-downstream-a01,2,OUTPUT_DOWNSTREAM,OUTPUT+DOWNSTREAM,OUTPUT+DOWNSTREAM,0.0023329593489837064,0.9862089424261922,0.060502479599500406,0.9893544144268749,2,2,P1,M2,F2,2,0,1,0,1,0,1,0,1
phase6v2-r02-input-load-a01,2,INPUT_LOAD,INPUT+LOAD,LOAD,0.00304934095150706,0.08359092292295843,0.999999999999958,0.027289737792865275,2,1,P1,M2,F2,2,1,0,1,0,0,0,1,0
phase6v2-r02-load-downstream-a01,2,LOAD_DOWNSTREAM,LOAD+DOWNSTREAM,LOAD+DOWNSTREAM,0.002201477265829397,0.035800051872182895,0.9999791938957155,0.9749860671691012,2,2,P1,M2,F2,2,0,0,1,1,0,0,1,1
phase6v2-r03-output-downstream-a01,3,OUTPUT_DOWNSTREAM,OUTPUT+DOWNSTREAM,OUTPUT+DOWNSTREAM,0.0004520241371050857,0.9869035445219758,0.07921353773465069,0.9875649456443006,2,2,P1,M2,F2,3,0,1,0,1,0,1,0,1
phase6v2-r03-output-load-a01,3,OUTPUT_LOAD,OUTPUT+LOAD,OUTPUT+LOAD,0.000178002288011431,0.7164511936355793,1.0,0.025300745778475922,2,2,P1,M2,F2,3,0,1,1,0,0,1,1,0
phase6v2-r03-input-downstream-a01,3,INPUT_DOWNSTREAM,INPUT+DOWNSTREAM,DOWNSTREAM,0.12596465359429856,0.02631704226770185,0.06030977087038027,0.9971055135442921,2,1,P1,M2,F2,3,1,0,0,1,0,0,0,1
phase6v2-r03-input-load-a01,3,INPUT_LOAD,INPUT+LOAD,LOAD,0.006344275400465814,0.11745336865374717,0.999999999999972,0.029431437968116796,2,1,P1,M2,F2,3,1,0,1,0,0,0,1,0
phase6v2-r03-load-downstream-a01,3,LOAD_DOWNSTREAM,LOAD+DOWNSTREAM,LOAD+DOWNSTREAM,0.0031974131725635764,0.04561598390739432,0.9999752071710943,0.9764792700713182,2,2,P1,M2,F2,3,0,0,1,1,0,0,1,1
phase6v2-r04-input-load-a01,4,INPUT_LOAD,INPUT+LOAD,LOAD,0.009497451112927206,0.12086484764557286,0.9999999999999705,0.028358673432622435,2,1,P1,M2,F2,4,1,0,1,0,0,0,1,0
phase6v2-r04-output-load-a01,4,OUTPUT_LOAD,OUTPUT+LOAD,OUTPUT+LOAD,0.00039716627838014176,0.6838720635571351,1.0,0.026456714636151166,2,2,P1,M2,F2,4,0,1,1,0,0,1,1,0
phase6v2-r04-input-downstream-a01,4,INPUT_DOWNSTREAM,INPUT+DOWNSTREAM,DOWNSTREAM,0.1076417117961273,0.022823412202889807,0.06095356063952614,0.9970506681237341,2,1,P1,M2,F2,4,1,0,0,1,0,0,0,1
phase6v2-r04-output-downstream-a01,4,OUTPUT_DOWNSTREAM,OUTPUT+DOWNSTREAM,OUTPUT+DOWNSTREAM,0.0016106448779435113,0.9821542654905202,0.055920803342880084,0.9887862710705724,2,2,P1,M2,F2,4,0,1,0,1,0,1,0,1
phase6v2-r04-load-downstream-a01,4,LOAD_DOWNSTREAM,LOAD+DOWNSTREAM,LOAD+DOWNSTREAM,0.009504485634902258,0.043349487404674106,0.999971566686947,0.9773577993525268,2,2,P1,M2,F2,4,0,0,1,1,0,0,1,1
phase6v2-r05-output-downstream-a01,5,OUTPUT_DOWNSTREAM,OUTPUT+DOWNSTREAM,OUTPUT+DOWNSTREAM,0.0009345421454966226,0.9802392616355717,0.0763006202322535,0.9857952894628329,2,2,P1,M2,F2,5,0,1,0,1,0,1,0,1
phase6v2-r05-input-downstream-a01,5,INPUT_DOWNSTREAM,INPUT+DOWNSTREAM,DOWNSTREAM,0.22721952415832614,0.02749730885272444,0.054277593955558964,0.9970058382877987,2,1,P1,M2,F2,5,1,0,0,1,0,0,0,1
phase6v2-r05-load-downstream-a01,5,LOAD_DOWNSTREAM,LOAD+DOWNSTREAM,LOAD+DOWNSTREAM,0.003264273131781614,0.040556452204938566,0.999983844403641,0.9756884061206432,2,2,P1,M2,F2,5,0,0,1,1,0,0,1,1
phase6v2-r05-input-load-a01,5,INPUT_LOAD,INPUT+LOAD,LOAD,0.005301475511711022,0.09884812225902313,0.9999999999999059,0.030035943791035035,2,1,P1,M2,F2,5,1,0,1,0,0,0,1,0
phase6v2-r05-output-load-a01,5,OUTPUT_LOAD,OUTPUT+LOAD,OUTPUT+LOAD,9.205667591415131e-05,0.7303558582851207,1.0,0.024763975973880897,2,2,P1,M2,F2,5,0,1,1,0,0,1,1,0
phase6v2-r06-input-load-a01,6,INPUT_LOAD,INPUT+LOAD,LOAD,0.007039803627385596,0.10391469199966338,0.9999999999998972,0.029443834923017945,2,1,P1,M2,F2,6,1,0,1,0,0,0,1,0
phase6v2-r06-load-downstream-a01,6,LOAD_DOWNSTREAM,LOAD+DOWNSTREAM,LOAD+DOWNSTREAM,0.002764480541542395,0.04392263764292628,0.9999868469491316,0.9749057431013114,2,2,P1,M2,F2,6,0,0,1,1,0,0,1,1
phase6v2-r06-output-load-a01,6,OUTPUT_LOAD,OUTPUT+LOAD,OUTPUT+LOAD,0.000567514623297086,0.7317955961682814,1.0,0.024929412751288838,2,2,P1,M2,F2,6,0,1,1,0,0,1,1,0
phase6v2-r06-input-downstream-a01,6,INPUT_DOWNSTREAM,INPUT+DOWNSTREAM,DOWNSTREAM,0.1118704508089914,0.02596678468653168,0.05979810103486729,0.9970012770630298,2,1,P1,M2,F2,6,1,0,0,1,0,0,0,1
phase6v2-r06-output-downstream-a01,6,OUTPUT_DOWNSTREAM,OUTPUT+DOWNSTREAM,OUTPUT+DOWNSTREAM,0.0005281914628653535,0.9897096937577378,0.07833828560362303,0.987142358616873,2,2,P1,M2,F2,6,0,1,0,1,0,1,0,1
phase6v2-r07-output-load-a01,7,OUTPUT_LOAD,OUTPUT+LOAD,OUTPUT+LOAD,0.0003171519452755867,0.6754437410888195,1.0,0.027019985133066665,2,2,P1,M2,F2,7,0,1,1,0,0,1,1,0
phase6v2-r07-load-downstream-a01,7,LOAD_DOWNSTREAM,LOAD+DOWNSTREAM,LOAD+DOWNSTREAM,0.00435858578201192,0.042353210700673126,0.999964567115278,0.977251020829258,2,2,P1,M2,F2,7,0,0,1,1,0,0,1,1
phase6v2-r07-input-downstream-a01,7,INPUT_DOWNSTREAM,INPUT+DOWNSTREAM,DOWNSTREAM,0.11307005066363687,0.024208368648597763,0.05881555343865869,0.9971018371961711,2,1,P1,M2,F2,7,1,0,0,1,0,0,0,1
phase6v2-r07-input-load-a01,7,INPUT_LOAD,INPUT+LOAD,LOAD,0.004576043435513776,0.11084723809512603,0.9999999999999531,0.02861135202203059,2,1,P1,M2,F2,7,1,0,1,0,0,0,1,0
phase6v2-r07-output-downstream-a01,7,OUTPUT_DOWNSTREAM,OUTPUT+DOWNSTREAM,OUTPUT+DOWNSTREAM,0.0006449324233497893,0.97512297087901,0.07152385889124997,0.9886091545619813,2,2,P1,M2,F2,7,0,1,0,1,0,1,0,1
phase6v2-r08-input-load-a01,8,INPUT_LOAD,INPUT+LOAD,LOAD,0.003234725590676136,0.10069213776564742,0.9999999999999407,0.0287249729088763,2,1,P1,M2,F2,8,1,0,1,0,0,0,1,0
phase6v2-r08-output-load-a01,8,OUTPUT_LOAD,OUTPUT+LOAD,OUTPUT+LOAD,0.00010826925792633773,0.7508161581823372,1.0,0.027107235829991857,2,2,P1,M2,F2,8,0,1,1,0,0,1,1,0
phase6v2-r08-output-downstream-a01,8,OUTPUT_DOWNSTREAM,OUTPUT+DOWNSTREAM,OUTPUT+DOWNSTREAM,0.0005503810822103315,0.9835098578113428,0.07274438792379012,0.9878684393509478,2,2,P1,M2,F2,8,0,1,0,1,0,1,0,1
phase6v2-r08-input-downstream-a01,8,INPUT_DOWNSTREAM,INPUT+DOWNSTREAM,DOWNSTREAM,0.14358813675909168,0.023554842608068463,0.06260683167318744,0.9971205530942006,2,1,P1,M2,F2,8,1,0,0,1,0,0,0,1
phase6v2-r08-load-downstream-a01,8,LOAD_DOWNSTREAM,LOAD+DOWNSTREAM,LOAD+DOWNSTREAM,0.0022358466184016386,0.040685760341207335,0.999985053801046,0.9761679256551181,2,2,P1,M2,F2,8,0,0,1,1,0,0,1,1
phase6v2-r01-input-load-a01,1,INPUT_LOAD,INPUT+LOAD,INPUT+LOAD,0.8264727137501977,0.06706404838581533,0.9999999999997606,0.01694818378578921,2,2,P1,M2,F3,1,1,0,1,0,1,0,1,0
phase6v2-r01-load-downstream-a01,1,LOAD_DOWNSTREAM,LOAD+DOWNSTREAM,LOAD+DOWNSTREAM,0.04174061980466815,0.04839423801336795,0.9999298241262835,0.9731716092762259,2,2,P1,M2,F3,1,0,0,1,1,0,0,1,1
phase6v2-r01-input-downstream-a01,1,INPUT_DOWNSTREAM,INPUT+DOWNSTREAM,INPUT+DOWNSTREAM,0.9479193052016125,0.033509614813114055,0.02895606937502832,0.9955653759190504,2,2,P1,M2,F3,1,1,0,0,1,1,0,0,1
phase6v2-r01-output-downstream-a01,1,OUTPUT_DOWNSTREAM,OUTPUT+DOWNSTREAM,OUTPUT+DOWNSTREAM,0.02142127865468796,0.9951410121107844,0.044252895154778635,0.9867433901484902,2,2,P1,M2,F3,1,0,1,0,1,0,1,0,1
phase6v2-r01-output-load-a01,1,OUTPUT_LOAD,OUTPUT+LOAD,OUTPUT+LOAD,0.007273844078996742,0.8826217420204213,1.0,0.014250486635777921,2,2,P1,M2,F3,1,0,1,1,0,0,1,1,0
phase6v2-r02-input-downstream-a01,2,INPUT_DOWNSTREAM,INPUT+DOWNSTREAM,INPUT+DOWNSTREAM,0.9507182939794009,0.04038854957797248,0.028762763168792744,0.9966811733312433,2,2,P1,M2,F3,2,1,0,0,1,1,0,0,1
phase6v2-r02-output-load-a01,2,OUTPUT_LOAD,OUTPUT+LOAD,OUTPUT+LOAD,0.004678258015776556,0.9349713486219174,0.9999999999999993,0.02175443714028981,2,2,P1,M2,F3,2,0,1,1,0,0,1,1,0
phase6v2-r02-output-downstream-a01,2,OUTPUT_DOWNSTREAM,OUTPUT+DOWNSTREAM,OUTPUT+DOWNSTREAM,0.025535153362535465,0.9944883036194484,0.0402652666630435,0.9885879309228569,2,2,P1,M2,F3,2,0,1,0,1,0,1,0,1
phase6v2-r02-input-load-a01,2,INPUT_LOAD,INPUT+LOAD,INPUT+LOAD,0.7128105891415681,0.07443003780136856,0.9999999999998268,0.01971262226039859,2,2,P1,M2,F3,2,1,0,1,0,1,0,1,0
phase6v2-r02-load-downstream-a01,2,LOAD_DOWNSTREAM,LOAD+DOWNSTREAM,LOAD+DOWNSTREAM,0.036084942269218566,0.03973667881750413,0.9999666049944294,0.9733343039546847,2,2,P1,M2,F3,2,0,0,1,1,0,0,1,1
phase6v2-r03-output-downstream-a01,3,OUTPUT_DOWNSTREAM,OUTPUT+DOWNSTREAM,OUTPUT+DOWNSTREAM,0.019303704397021806,0.9945699466956652,0.050632254954178474,0.9863616468375388,2,2,P1,M2,F3,3,0,1,0,1,0,1,0,1
phase6v2-r03-output-load-a01,3,OUTPUT_LOAD,OUTPUT+LOAD,OUTPUT+LOAD,0.0023073616578183965,0.9388166853090405,0.9999999999999998,0.021065703697150294,2,2,P1,M2,F3,3,0,1,1,0,0,1,1,0
phase6v2-r03-input-downstream-a01,3,INPUT_DOWNSTREAM,INPUT+DOWNSTREAM,INPUT+DOWNSTREAM,0.9344336327721342,0.033628951289137066,0.030756403832527427,0.9962302113490842,2,2,P1,M2,F3,3,1,0,0,1,1,0,0,1
phase6v2-r03-input-load-a01,3,INPUT_LOAD,INPUT+LOAD,INPUT+LOAD,0.7321571049725839,0.0970204933369184,0.9999999999999114,0.02120057590029047,2,2,P1,M2,F3,3,1,0,1,0,1,0,1,0
phase6v2-r03-load-downstream-a01,3,LOAD_DOWNSTREAM,LOAD+DOWNSTREAM,LOAD+DOWNSTREAM,0.036294362725897346,0.04711807583702095,0.9999643571552029,0.9749747444597882,2,2,P1,M2,F3,3,0,0,1,1,0,0,1,1
phase6v2-r04-input-load-a01,4,INPUT_LOAD,INPUT+LOAD,INPUT+LOAD,0.8045249823759061,0.10049445708519501,0.9999999999998823,0.02085555368674313,2,2,P1,M2,F3,4,1,0,1,0,1,0,1,0
phase6v2-r04-output-load-a01,4,OUTPUT_LOAD,OUTPUT+LOAD,OUTPUT+LOAD,0.003320403070471421,0.9330636326112662,0.9999999999999996,0.022305721371906378,2,2,P1,M2,F3,4,0,1,1,0,0,1,1,0
phase6v2-r04-input-downstream-a01,4,INPUT_DOWNSTREAM,INPUT+DOWNSTREAM,INPUT+DOWNSTREAM,0.9257694102961399,0.031179581590702447,0.02916549819745177,0.9961795515932175,2,2,P1,M2,F3,4,1,0,0,1,1,0,0,1
phase6v2-r04-output-downstream-a01,4,OUTPUT_DOWNSTREAM,OUTPUT+DOWNSTREAM,OUTPUT+DOWNSTREAM,0.024701177976948843,0.9933607493434796,0.035969351840636744,0.9879283363234733,2,2,P1,M2,F3,4,0,1,0,1,0,1,0,1
phase6v2-r04-load-downstream-a01,4,LOAD_DOWNSTREAM,LOAD+DOWNSTREAM,LOAD+DOWNSTREAM,0.05243007705585692,0.04652005128160063,0.9999574109427056,0.9764428013778587,2,2,P1,M2,F3,4,0,0,1,1,0,0,1,1
phase6v2-r05-output-downstream-a01,5,OUTPUT_DOWNSTREAM,OUTPUT+DOWNSTREAM,OUTPUT+DOWNSTREAM,0.02492178492112455,0.9928656390413602,0.048222946497503305,0.984688246918992,2,2,P1,M2,F3,5,0,1,0,1,0,1,0,1
phase6v2-r05-input-downstream-a01,5,INPUT_DOWNSTREAM,INPUT+DOWNSTREAM,INPUT+DOWNSTREAM,0.9505640454238047,0.03631854323669023,0.02900444382704024,0.9961642697350607,2,2,P1,M2,F3,5,1,0,0,1,1,0,0,1
phase6v2-r05-load-downstream-a01,5,LOAD_DOWNSTREAM,LOAD+DOWNSTREAM,LOAD+DOWNSTREAM,0.03646771170575803,0.04370879642285001,0.9999763712669243,0.974067262497437,2,2,P1,M2,F3,5,0,0,1,1,0,0,1,1
phase6v2-r05-input-load-a01,5,INPUT_LOAD,INPUT+LOAD,INPUT+LOAD,0.7474316781718782,0.08693403156959938,0.9999999999997069,0.021664836489000482,2,2,P1,M2,F3,5,1,0,1,0,1,0,1,0
phase6v2-r05-output-load-a01,5,OUTPUT_LOAD,OUTPUT+LOAD,OUTPUT+LOAD,0.002230337718677635,0.9426251360792154,1.0,0.020284651605447585,2,2,P1,M2,F3,5,0,1,1,0,0,1,1,0
phase6v2-r06-input-load-a01,6,INPUT_LOAD,INPUT+LOAD,INPUT+LOAD,0.7571292857370049,0.08825550867813815,0.999999999999623,0.021557400488136966,2,2,P1,M2,F3,6,1,0,1,0,1,0,1,0
phase6v2-r06-load-downstream-a01,6,LOAD_DOWNSTREAM,LOAD+DOWNSTREAM,LOAD+DOWNSTREAM,0.03640525555431816,0.04590874983795416,0.9999795171798364,0.9733263620268269,2,2,P1,M2,F3,6,0,0,1,1,0,0,1,1
phase6v2-r06-output-load-a01,6,OUTPUT_LOAD,OUTPUT+LOAD,OUTPUT+LOAD,0.003259205901047194,0.9420042939947503,0.9999999999999998,0.020934578981803204,2,2,P1,M2,F3,6,0,1,1,0,0,1,1,0
phase6v2-r06-input-downstream-a01,6,INPUT_DOWNSTREAM,INPUT+DOWNSTREAM,INPUT+DOWNSTREAM,0.9283743417330921,0.033235513716398525,0.029375850480068636,0.9961258367637716,2,2,P1,M2,F3,6,1,0,0,1,1,0,0,1
phase6v2-r06-output-downstream-a01,6,OUTPUT_DOWNSTREAM,OUTPUT+DOWNSTREAM,OUTPUT+DOWNSTREAM,0.01912098957260529,0.9954124343606571,0.05050426242094292,0.9859386852307358,2,2,P1,M2,F3,6,0,1,0,1,0,1,0,1
phase6v2-r07-output-load-a01,7,OUTPUT_LOAD,OUTPUT+LOAD,OUTPUT+LOAD,0.002470779918093755,0.9304369019248931,1.0,0.022577384370325422,2,2,P1,M2,F3,7,0,1,1,0,0,1,1,0
phase6v2-r07-load-downstream-a01,7,LOAD_DOWNSTREAM,LOAD+DOWNSTREAM,LOAD+DOWNSTREAM,0.04035353040560458,0.04500602284533115,0.9999473744153065,0.975908425379763,2,2,P1,M2,F3,7,0,0,1,1,0,0,1,1
phase6v2-r07-input-downstream-a01,7,INPUT_DOWNSTREAM,INPUT+DOWNSTREAM,INPUT+DOWNSTREAM,0.9292071047546029,0.03230774326638579,0.029108483894555417,0.9962415819443505,2,2,P1,M2,F3,7,1,0,0,1,1,0,0,1
phase6v2-r07-input-load-a01,7,INPUT_LOAD,INPUT+LOAD,INPUT+LOAD,0.754951022686294,0.0936957901790758,0.9999999999998315,0.020754171344020172,2,2,P1,M2,F3,7,1,0,1,0,1,0,1,0
phase6v2-r07-output-downstream-a01,7,OUTPUT_DOWNSTREAM,OUTPUT+DOWNSTREAM,OUTPUT+DOWNSTREAM,0.02017159709902715,0.9914065923082402,0.04372958785773658,0.9874860896662191,2,2,P1,M2,F3,7,0,1,0,1,0,1,0,1
phase6v2-r08-input-load-a01,8,INPUT_LOAD,INPUT+LOAD,INPUT+LOAD,0.7371223037845566,0.08727191067145809,0.9999999999997815,0.02099524182552067,2,2,P1,M2,F3,8,1,0,1,0,1,0,1,0
phase6v2-r08-output-load-a01,8,OUTPUT_LOAD,OUTPUT+LOAD,OUTPUT+LOAD,0.002375963133261709,0.9459793644203953,1.0,0.022479107814637297,2,2,P1,M2,F3,8,0,1,1,0,0,1,1,0
phase6v2-r08-output-downstream-a01,8,OUTPUT_DOWNSTREAM,OUTPUT+DOWNSTREAM,OUTPUT+DOWNSTREAM,0.017647368162194196,0.99358779183364,0.045730707089420064,0.9867020869307649,2,2,P1,M2,F3,8,0,1,0,1,0,1,0,1
phase6v2-r08-input-downstream-a01,8,INPUT_DOWNSTREAM,INPUT+DOWNSTREAM,INPUT+DOWNSTREAM,0.9382127515138039,0.03165060797704395,0.03166767606793908,0.9962804785050055,2,2,P1,M2,F3,8,1,0,0,1,1,0,0,1
phase6v2-r08-load-downstream-a01,8,LOAD_DOWNSTREAM,LOAD+DOWNSTREAM,LOAD+DOWNSTREAM,0.03343806921840421,0.043644353360067,0.9999767112223278,0.9746810100289823,2,2,P1,M2,F3,8,0,0,1,1,0,0,1,1
phase6v2-r01-input-load-a01,1,INPUT_LOAD,INPUT+LOAD,INPUT+LOAD,5.742228182977438,-1.5722290672145256,9.228250200764752,-0.9273877667068888,2,2,P1,M3,F2,1,1,0,1,0,1,0,1,0
phase6v2-r01-load-downstream-a01,1,LOAD_DOWNSTREAM,LOAD+DOWNSTREAM,LOAD+DOWNSTREAM,-0.8916917662717727,-1.3424643614237959,3.281962430234935,1.0397283428763047,2,2,P1,M3,F2,1,0,0,1,1,0,0,1,1
phase6v2-r01-input-downstream-a01,1,INPUT_DOWNSTREAM,INPUT+DOWNSTREAM,INPUT+DOWNSTREAM,0.10964951399866485,-1.4878590901988926,-0.7298145005508407,1.5231047659562018,2,2,P1,M3,F2,1,1,0,0,1,1,0,0,1
phase6v2-r01-output-downstream-a01,1,OUTPUT_DOWNSTREAM,OUTPUT+DOWNSTREAM,OUTPUT+DOWNSTREAM,-6.599721602343078,1.011100523859605,-0.7518962384500574,1.2351332782708109,2,2,P1,M3,F2,1,0,1,0,1,0,1,0,1
phase6v2-r01-output-load-a01,1,OUTPUT_LOAD,OUTPUT+LOAD,INPUT+LOAD,5.403423662610427,-0.8990288510759078,11.621030968824728,-0.8991311732014466,2,2,P1,M3,F2,1,0,1,1,0,1,0,1,0
phase6v2-r02-input-downstream-a01,2,INPUT_DOWNSTREAM,INPUT+DOWNSTREAM,INPUT+DOWNSTREAM,0.049942290443250936,-1.3189529683031238,-0.8032611410362258,1.5292874156852634,2,2,P1,M3,F2,2,1,0,0,1,1,0,0,1
phase6v2-r02-output-load-a01,2,OUTPUT_LOAD,OUTPUT+LOAD,INPUT+LOAD,4.080886199875652,-0.1613593835538476,11.308428941937471,-0.9006935219998555,2,2,P1,M3,F2,2,0,1,1,0,1,0,1,0
phase6v2-r02-output-downstream-a01,2,OUTPUT_DOWNSTREAM,OUTPUT+DOWNSTREAM,OUTPUT+DOWNSTREAM,-5.4346510624757745,0.9357261366275598,-0.8038484418414498,1.2377339949104351,2,2,P1,M3,F2,2,0,1,0,1,0,1,0,1
phase6v2-r02-input-load-a01,2,INPUT_LOAD,INPUT+LOAD,INPUT+LOAD,4.708824311315931,-1.0383596821399512,9.628767412510934,-0.9262973377980366,2,2,P1,M3,F2,2,1,0,1,0,1,0,1,0
phase6v2-r02-load-downstream-a01,2,LOAD_DOWNSTREAM,LOAD+DOWNSTREAM,LOAD+DOWNSTREAM,-1.7764577312236909,-1.2555457078851195,3.463911389590206,1.055694719614389,2,2,P1,M3,F2,2,0,0,1,1,0,0,1,1
phase6v2-r03-output-downstream-a01,3,OUTPUT_DOWNSTREAM,OUTPUT+DOWNSTREAM,OUTPUT+DOWNSTREAM,-6.587614738632295,1.1108780381247425,-0.7205104492652203,1.2376450967136057,2,2,P1,M3,F2,3,0,1,0,1,0,1,0,1
phase6v2-r03-output-load-a01,3,OUTPUT_LOAD,OUTPUT+LOAD,INPUT+LOAD,4.083641229169567,-0.01432766556887266,11.925230344078164,-0.8857225997742144,2,2,P1,M3,F2,3,0,1,1,0,1,0,1,0
phase6v2-r03-input-downstream-a01,3,INPUT_DOWNSTREAM,INPUT+DOWNSTREAM,DOWNSTREAM,-0.3616670365327497,-1.2741724236172292,-0.7618139032506335,1.537772634784335,2,1,P1,M3,F2,3,1,0,0,1,0,0,0,1
phase6v2-r03-input-load-a01,3,INPUT_LOAD,INPUT+LOAD,INPUT+LOAD,5.400787691855413,-0.8973909474727896,9.737513634517276,-0.9145350984290008,2,2,P1,M3,F2,3,1,0,1,0,1,0,1,0
phase6v2-r03-load-downstream-a01,3,LOAD_DOWNSTREAM,LOAD+DOWNSTREAM,LOAD+DOWNSTREAM,-1.726143485739355,-1.0951158055391408,3.397644759499479,1.048711071712891,2,2,P1,M3,F2,3,0,0,1,1,0,0,1,1
phase6v2-r04-input-load-a01,4,INPUT_LOAD,INPUT+LOAD,INPUT+LOAD,5.259265044317602,-0.9193916653146063,9.71558476702852,-0.9207634674475415,2,2,P1,M3,F2,4,1,0,1,0,1,0,1,0
phase6v2-r04-output-load-a01,4,OUTPUT_LOAD,OUTPUT+LOAD,INPUT+LOAD,4.344220160692501,-0.09823158322103287,11.533327766326062,-0.8909327181676228,2,2,P1,M3,F2,4,0,1,1,0,1,0,1,0
phase6v2-r04-input-downstream-a01,4,INPUT_DOWNSTREAM,INPUT+DOWNSTREAM,DOWNSTREAM,-0.4610782987678501,-1.3986121153969706,-0.7412528278257193,1.5539418399353322,2,1,P1,M3,F2,4,1,0,0,1,0,0,0,1
phase6v2-r04-output-downstream-a01,4,OUTPUT_DOWNSTREAM,OUTPUT+DOWNSTREAM,OUTPUT+DOWNSTREAM,-5.871484449265727,0.8350309249696094,-0.8047098847926615,1.24500150926199,2,2,P1,M3,F2,4,0,1,0,1,0,1,0,1
phase6v2-r04-load-downstream-a01,4,LOAD_DOWNSTREAM,LOAD+DOWNSTREAM,LOAD+DOWNSTREAM,-1.0061280695525845,-1.271016785580441,3.391449867037259,1.0493864569508629,2,2,P1,M3,F2,4,0,0,1,1,0,0,1,1
phase6v2-r05-output-downstream-a01,5,OUTPUT_DOWNSTREAM,OUTPUT+DOWNSTREAM,OUTPUT+DOWNSTREAM,-6.149850782952546,0.7865261272724193,-0.704432371068505,1.2356010584075379,2,2,P1,M3,F2,5,0,1,0,1,0,1,0,1
phase6v2-r05-input-downstream-a01,5,INPUT_DOWNSTREAM,INPUT+DOWNSTREAM,DOWNSTREAM,-0.06687350905047773,-1.4314578186296099,-0.7950212753040629,1.5293877055757257,2,1,P1,M3,F2,5,1,0,0,1,0,0,0,1
phase6v2-r05-load-downstream-a01,5,LOAD_DOWNSTREAM,LOAD+DOWNSTREAM,LOAD+DOWNSTREAM,-1.3454160325518167,-1.212442368922501,3.5933517884274773,1.0489484837900074,2,2,P1,M3,F2,5,0,0,1,1,0,0,1,1
phase6v2-r05-input-load-a01,5,INPUT_LOAD,INPUT+LOAD,INPUT+LOAD,5.109708555394601,-0.987196814216513,9.487119171015962,-0.9112686603757226,2,2,P1,M3,F2,5,1,0,1,0,1,0,1,0
phase6v2-r05-output-load-a01,5,OUTPUT_LOAD,OUTPUT+LOAD,INPUT+LOAD,4.329191127154113,-0.04727857414489034,12.387202775988438,-0.8744375163898573,2,2,P1,M3,F2,5,0,1,1,0,1,0,1,0
phase6v2-r06-input-load-a01,6,INPUT_LOAD,INPUT+LOAD,INPUT+LOAD,5.049432202335562,-0.9047790103809625,9.36610121516699,-0.9208016425048499,2,2,P1,M3,F2,6,1,0,1,0,1,0,1,0
phase6v2-r06-load-downstream-a01,6,LOAD_DOWNSTREAM,LOAD+DOWNSTREAM,LOAD+DOWNSTREAM,-1.5663525157026519,-1.1802044612868627,3.6278083987394734,1.0468290465898318,2,2,P1,M3,F2,6,0,0,1,1,0,0,1,1
phase6v2-r06-output-load-a01,6,OUTPUT_LOAD,OUTPUT+LOAD,INPUT+OUTPUT+LOAD,6.306917299557612,0.04092419008044912,11.95181372060379,-0.8737766183979683,2,3,P1,M3,F2,6,0,1,1,0,1,1,1,0
phase6v2-r06-input-downstream-a01,6,INPUT_DOWNSTREAM,INPUT+DOWNSTREAM,DOWNSTREAM,-0.5278078350796652,-1.2755793544543288,-0.7527428409792373,1.5425405574749176,2,1,P1,M3,F2,6,1,0,0,1,0,0,0,1
phase6v2-r06-output-downstream-a01,6,OUTPUT_DOWNSTREAM,OUTPUT+DOWNSTREAM,OUTPUT+DOWNSTREAM,-5.483554496111267,1.1213267047962237,-0.7241555441945157,1.2387328040714887,2,2,P1,M3,F2,6,0,1,0,1,0,1,0,1
phase6v2-r07-output-load-a01,7,OUTPUT_LOAD,OUTPUT+LOAD,INPUT+LOAD,5.582345842270293,-0.043990901192665244,12.112814956936866,-0.8617467773346353,2,2,P1,M3,F2,7,0,1,1,0,1,0,1,0
phase6v2-r07-load-downstream-a01,7,LOAD_DOWNSTREAM,LOAD+DOWNSTREAM,LOAD+DOWNSTREAM,-1.234110819339556,-1.1806269258074833,3.3271364898899582,1.0625529761483739,2,2,P1,M3,F2,7,0,0,1,1,0,0,1,1
phase6v2-r07-input-downstream-a01,7,INPUT_DOWNSTREAM,INPUT+DOWNSTREAM,DOWNSTREAM,-0.4341715650043878,-1.3839621751028899,-0.7510562581879545,1.5489859263611119,2,1,P1,M3,F2,7,1,0,0,1,0,0,0,1
phase6v2-r07-input-load-a01,7,INPUT_LOAD,INPUT+LOAD,INPUT+LOAD,4.710970812833356,-0.8939520172042482,9.61743209285681,-0.9161712877476506,2,2,P1,M3,F2,7,1,0,1,0,1,0,1,0
phase6v2-r07-output-downstream-a01,7,OUTPUT_DOWNSTREAM,OUTPUT+DOWNSTREAM,OUTPUT+DOWNSTREAM,-6.096267776910382,0.8629574185081876,-0.7362509504186316,1.2630478621043468,2,2,P1,M3,F2,7,0,1,0,1,0,1,0,1
phase6v2-r08-input-load-a01,8,INPUT_LOAD,INPUT+LOAD,INPUT+LOAD,4.782340639821967,-0.9637524055531388,9.199385616964724,-0.9258760919450665,2,2,P1,M3,F2,8,1,0,1,0,1,0,1,0
phase6v2-r08-output-load-a01,8,OUTPUT_LOAD,OUTPUT+LOAD,INPUT+LOAD,4.866694799020309,-0.0022789062046945086,11.73048920960612,-0.8804893036306798,2,2,P1,M3,F2,8,0,1,1,0,1,0,1,0
phase6v2-r08-output-downstream-a01,8,OUTPUT_DOWNSTREAM,OUTPUT+DOWNSTREAM,OUTPUT+DOWNSTREAM,-6.409312047698263,0.9518964804555622,-0.7665840724480861,1.2510305277160274,2,2,P1,M3,F2,8,0,1,0,1,0,1,0,1
phase6v2-r08-input-downstream-a01,8,INPUT_DOWNSTREAM,INPUT+DOWNSTREAM,DOWNSTREAM,-0.34447930429390117,-1.3722068273588968,-0.7662964604640634,1.5533253816644779,2,1,P1,M3,F2,8,1,0,0,1,0,0,0,1
phase6v2-r08-load-downstream-a01,8,LOAD_DOWNSTREAM,LOAD+DOWNSTREAM,LOAD+DOWNSTREAM,-1.6516241318332754,-1.1939091892186817,3.43693441960997,1.0548150591231376,2,2,P1,M3,F2,8,0,0,1,1,0,0,1,1
phase6v2-r01-input-medium-a01,1,INPUT_MEDIUM,INPUT,INPUT,-0.0030424053460002395,-0.0030424053460002395,-0.0030424053460002395,-0.0030424053460002395,1,1,P2,M0,F0,1,1,0,0,0,1,0,0,0
phase6v2-r01-input-load-a01,1,INPUT_LOAD,INPUT+LOAD,INPUT+LOAD,-0.035953753143814195,-0.035953753143814195,-0.035953753143814195,-0.035953753143814195,2,2,P2,M0,F0,1,1,0,1,0,1,0,1,0
phase6v2-r01-output-medium-a01,1,OUTPUT_MEDIUM,OUTPUT,OUTPUT,-0.020259212063221253,-0.020259212063221253,-0.020259212063221253,-0.020259212063221253,1,1,P2,M0,F0,1,0,1,0,0,0,1,0,0
phase6v2-r01-load-downstream-a01,1,LOAD_DOWNSTREAM,LOAD+DOWNSTREAM,LOAD+DOWNSTREAM,-0.024123167336376684,-0.024123167336376684,-0.024123167336376684,-0.024123167336376684,2,2,P2,M0,F0,1,0,0,1,1,0,0,1,1
phase6v2-r01-output-downstream-control-a01,1,OUTPUT_DOWNSTREAM_CONTROL,DOWNSTREAM,DOWNSTREAM,-0.022511098651540044,-0.022511098651540044,-0.022511098651540044,-0.022511098651540044,1,1,P2,M0,F0,1,0,0,0,1,0,0,0,1
phase6v2-r01-downstream-medium-a01,1,DOWNSTREAM_MEDIUM,DOWNSTREAM,DOWNSTREAM,-0.0039814570027304035,-0.0039814570027304035,-0.0039814570027304035,-0.0039814570027304035,1,1,P2,M0,F0,1,0,0,0,1,0,0,0,1
phase6v2-r01-output-load-control-a01,1,OUTPUT_LOAD_CONTROL,LOAD,LOAD,-0.023878806962637864,-0.023878806962637864,-0.023878806962637864,-0.023878806962637864,1,1,P2,M0,F0,1,0,0,1,0,0,0,1,0
phase6v2-r01-input-downstream-a01,1,INPUT_DOWNSTREAM,INPUT+DOWNSTREAM,INPUT+DOWNSTREAM,-0.002825075657594618,-0.002825075657594618,-0.002825075657594618,-0.002825075657594618,2,2,P2,M0,F0,1,1,0,0,1,1,0,0,1
phase6v2-r01-output-control-a01,1,OUTPUT_CONTROL,NONE,NONE,-0.008574887151628161,-0.008574887151628161,-0.008574887151628161,-0.008574887151628161,0,0,P2,M0,F0,1,0,0,0,0,0,0,0,0
phase6v2-r01-output-downstream-a01,1,OUTPUT_DOWNSTREAM,OUTPUT+DOWNSTREAM,OUTPUT+DOWNSTREAM,-0.05837239016671659,-0.05837239016671659,-0.05837239016671659,-0.05837239016671659,2,2,P2,M0,F0,1,0,1,0,1,0,1,0,1
phase6v2-r01-baseline-a01,1,BASELINE,NONE,NONE,-0.005074012329806528,-0.005074012329806528,-0.005074012329806528,-0.005074012329806528,0,0,P2,M0,F0,1,0,0,0,0,0,0,0,0
phase6v2-r01-output-load-a01,1,OUTPUT_LOAD,OUTPUT+LOAD,OUTPUT+LOAD,-0.07670225416062347,-0.07670225416062347,-0.07670225416062347,-0.07670225416062347,2,2,P2,M0,F0,1,0,1,1,0,0,1,1,0
phase6v2-r01-load-medium-a01,1,LOAD_MEDIUM,LOAD,LOAD,-0.0417748975322374,-0.0417748975322374,-0.0417748975322374,-0.0417748975322374,1,1,P2,M0,F0,1,0,0,1,0,0,0,1,0
phase6v2-r02-output-control-a01,2,OUTPUT_CONTROL,NONE,NONE,-0.03472427331341819,-0.03472427331341819,-0.03472427331341819,-0.03472427331341819,0,0,P2,M0,F0,2,0,0,0,0,0,0,0,0
phase6v2-r02-input-downstream-a01,2,INPUT_DOWNSTREAM,INPUT+DOWNSTREAM,INPUT+DOWNSTREAM,-0.0014840729705248288,-0.0014840729705248288,-0.0014840729705248288,-0.0014840729705248288,2,2,P2,M0,F0,2,1,0,0,1,1,0,0,1
phase6v2-r02-baseline-a01,2,BASELINE,NONE,NONE,-0.005070984023698267,-0.005070984023698267,-0.005070984023698267,-0.005070984023698267,0,0,P2,M0,F0,2,0,0,0,0,0,0,0,0
phase6v2-r02-output-medium-a01,2,OUTPUT_MEDIUM,OUTPUT,OUTPUT,-0.01167367064001085,-0.01167367064001085,-0.01167367064001085,-0.01167367064001085,1,1,P2,M0,F0,2,0,1,0,0,0,1,0,0
phase6v2-r02-input-medium-a01,2,INPUT_MEDIUM,INPUT,INPUT,-0.0056056669407788424,-0.0056056669407788424,-0.0056056669407788424,-0.0056056669407788424,1,1,P2,M0,F0,2,1,0,0,0,1,0,0,0
phase6v2-r02-output-load-a01,2,OUTPUT_LOAD,OUTPUT+LOAD,OUTPUT+LOAD,-0.13813321070234177,-0.13813321070234177,-0.13813321070234177,-0.13813321070234177,2,2,P2,M0,F0,2,0,1,1,0,0,1,1,0
phase6v2-r02-output-downstream-a01,2,OUTPUT_DOWNSTREAM,OUTPUT+DOWNSTREAM,OUTPUT+DOWNSTREAM,-0.004808128418874438,-0.004808128418874438,-0.004808128418874438,-0.004808128418874438,2,2,P2,M0,F0,2,0,1,0,1,0,1,0,1
phase6v2-r02-output-downstream-control-a01,2,OUTPUT_DOWNSTREAM_CONTROL,DOWNSTREAM,DOWNSTREAM,-0.014638029436679058,-0.014638029436679058,-0.014638029436679058,-0.014638029436679058,1,1,P2,M0,F0,2,0,0,0,1,0,0,0,1
phase6v2-r02-input-load-a01,2,INPUT_LOAD,INPUT+LOAD,INPUT+LOAD,-0.0033803198578713912,-0.0033803198578713912,-0.0033803198578713912,-0.0033803198578713912,2,2,P2,M0,F0,2,1,0,1,0,1,0,1,0
phase6v2-r02-load-downstream-a01,2,LOAD_DOWNSTREAM,LOAD+DOWNSTREAM,LOAD+DOWNSTREAM,-0.00798365788057542,-0.00798365788057542,-0.00798365788057542,-0.00798365788057542,2,2,P2,M0,F0,2,0,0,1,1,0,0,1,1
phase6v2-r02-load-medium-a01,2,LOAD_MEDIUM,LOAD,LOAD,-0.011719757688575841,-0.011719757688575841,-0.011719757688575841,-0.011719757688575841,1,1,P2,M0,F0,2,0,0,1,0,0,0,1,0
phase6v2-r02-downstream-medium-a01,2,DOWNSTREAM_MEDIUM,DOWNSTREAM,DOWNSTREAM,-0.01025192823959222,-0.01025192823959222,-0.01025192823959222,-0.01025192823959222,1,1,P2,M0,F0,2,0,0,0,1,0,0,0,1
phase6v2-r02-output-load-control-a01,2,OUTPUT_LOAD_CONTROL,LOAD,DOWNSTREAM,-0.5708794173101858,-0.5708794173101858,-0.5708794173101858,-0.5708794173101858,1,1,P2,M0,F0,2,0,0,1,0,0,0,0,1
phase6v2-r03-output-downstream-a01,3,OUTPUT_DOWNSTREAM,OUTPUT+DOWNSTREAM,OUTPUT+DOWNSTREAM,-0.01439564265180807,-0.01439564265180807,-0.01439564265180807,-0.01439564265180807,2,2,P2,M0,F0,3,0,1,0,1,0,1,0,1
phase6v2-r03-input-medium-a01,3,INPUT_MEDIUM,INPUT,INPUT,-0.002103896944576681,-0.002103896944576681,-0.002103896944576681,-0.002103896944576681,1,1,P2,M0,F0,3,1,0,0,0,1,0,0,0
phase6v2-r03-output-load-a01,3,OUTPUT_LOAD,OUTPUT+LOAD,OUTPUT+LOAD,-0.12880418122857962,-0.12880418122857962,-0.12880418122857962,-0.12880418122857962,2,2,P2,M0,F0,3,0,1,1,0,0,1,1,0
phase6v2-r03-input-downstream-a01,3,INPUT_DOWNSTREAM,INPUT+DOWNSTREAM,INPUT+DOWNSTREAM,-0.004015297752876669,-0.004015297752876669,-0.004015297752876669,-0.004015297752876669,2,2,P2,M0,F0,3,1,0,0,1,1,0,0,1
phase6v2-r03-input-load-a01,3,INPUT_LOAD,INPUT+LOAD,INPUT+LOAD,-0.027722502529767122,-0.027722502529767122,-0.027722502529767122,-0.027722502529767122,2,2,P2,M0,F0,3,1,0,1,0,1,0,1,0
phase6v2-r03-baseline-a01,3,BASELINE,NONE,NONE,-0.003640913414491261,-0.003640913414491261,-0.003640913414491261,-0.003640913414491261,0,0,P2,M0,F0,3,0,0,0,0,0,0,0,0
phase6v2-r03-downstream-medium-a01,3,DOWNSTREAM_MEDIUM,DOWNSTREAM,DOWNSTREAM,-0.025358403086340582,-0.025358403086340582,-0.025358403086340582,-0.025358403086340582,1,1,P2,M0,F0,3,0,0,0,1,0,0,0,1
phase6v2-r03-output-load-control-a01,3,OUTPUT_LOAD_CONTROL,LOAD,LOAD,-0.15844948535869988,-0.15844948535869988,-0.15844948535869988,-0.15844948535869988,1,1,P2,M0,F0,3,0,0,1,0,0,0,1,0
phase6v2-r03-output-medium-a01,3,OUTPUT_MEDIUM,OUTPUT,OUTPUT,-0.057018774907117174,-0.057018774907117174,-0.057018774907117174,-0.057018774907117174,1,1,P2,M0,F0,3,0,1,0,0,0,1,0,0
phase6v2-r03-load-downstream-a01,3,LOAD_DOWNSTREAM,LOAD+DOWNSTREAM,LOAD+DOWNSTREAM,-0.008032432977886287,-0.008032432977886287,-0.008032432977886287,-0.008032432977886287,2,2,P2,M0,F0,3,0,0,1,1,0,0,1,1
phase6v2-r03-output-downstream-control-a01,3,OUTPUT_DOWNSTREAM_CONTROL,DOWNSTREAM,DOWNSTREAM,-0.01748291716735828,-0.01748291716735828,-0.01748291716735828,-0.01748291716735828,1,1,P2,M0,F0,3,0,0,0,1,0,0,0,1
phase6v2-r03-output-control-a01,3,OUTPUT_CONTROL,NONE,NONE,-0.008598563112334562,-0.008598563112334562,-0.008598563112334562,-0.008598563112334562,0,0,P2,M0,F0,3,0,0,0,0,0,0,0,0
phase6v2-r03-load-medium-a01,3,LOAD_MEDIUM,LOAD,LOAD,-0.00731612938974516,-0.00731612938974516,-0.00731612938974516,-0.00731612938974516,1,1,P2,M0,F0,3,0,0,1,0,0,0,1,0
phase6v2-r04-input-load-a01,4,INPUT_LOAD,INPUT+LOAD,INPUT+LOAD,-0.02534660424002635,-0.02534660424002635,-0.02534660424002635,-0.02534660424002635,2,2,P2,M0,F0,4,1,0,1,0,1,0,1,0
phase6v2-r04-output-load-a01,4,OUTPUT_LOAD,OUTPUT+LOAD,OUTPUT+LOAD,-0.1328087589306438,-0.1328087589306438,-0.1328087589306438,-0.1328087589306438,2,2,P2,M0,F0,4,0,1,1,0,0,1,1,0
phase6v2-r04-downstream-medium-a01,4,DOWNSTREAM_MEDIUM,DOWNSTREAM,DOWNSTREAM,-0.002972972541361532,-0.002972972541361532,-0.002972972541361532,-0.002972972541361532,1,1,P2,M0,F0,4,0,0,0,1,0,0,0,1
phase6v2-r04-output-control-a01,4,OUTPUT_CONTROL,NONE,NONE,-0.03480985817661522,-0.03480985817661522,-0.03480985817661522,-0.03480985817661522,0,0,P2,M0,F0,4,0,0,0,0,0,0,0,0
phase6v2-r04-output-load-control-a01,4,OUTPUT_LOAD_CONTROL,LOAD,LOAD,-0.02396603482145488,-0.02396603482145488,-0.02396603482145488,-0.02396603482145488,1,1,P2,M0,F0,4,0,0,1,0,0,0,1,0
phase6v2-r04-output-downstream-control-a01,4,OUTPUT_DOWNSTREAM_CONTROL,DOWNSTREAM,DOWNSTREAM,-0.01869733939141304,-0.01869733939141304,-0.01869733939141304,-0.01869733939141304,1,1,P2,M0,F0,4,0,0,0,1,0,0,0,1
phase6v2-r04-baseline-a01,4,BASELINE,NONE,NONE,-0.022221712637282495,-0.022221712637282495,-0.022221712637282495,-0.022221712637282495,0,0,P2,M0,F0,4,0,0,0,0,0,0,0,0
phase6v2-r04-input-medium-a01,4,INPUT_MEDIUM,INPUT,INPUT,-0.0049658652048655445,-0.0049658652048655445,-0.0049658652048655445,-0.0049658652048655445,1,1,P2,M0,F0,4,1,0,0,0,1,0,0,0
phase6v2-r04-input-downstream-a01,4,INPUT_DOWNSTREAM,INPUT+DOWNSTREAM,INPUT+DOWNSTREAM,-0.001486317402221843,-0.001486317402221843,-0.001486317402221843,-0.001486317402221843,2,2,P2,M0,F0,4,1,0,0,1,1,0,0,1
phase6v2-r04-output-downstream-a01,4,OUTPUT_DOWNSTREAM,OUTPUT+DOWNSTREAM,OUTPUT+DOWNSTREAM,-0.0024549631690717806,-0.0024549631690717806,-0.0024549631690717806,-0.0024549631690717806,2,2,P2,M0,F0,4,0,1,0,1,0,1,0,1
phase6v2-r04-load-medium-a01,4,LOAD_MEDIUM,LOAD,LOAD,-0.007309055789357,-0.007309055789357,-0.007309055789357,-0.007309055789357,1,1,P2,M0,F0,4,0,0,1,0,0,0,1,0
phase6v2-r04-load-downstream-a01,4,LOAD_DOWNSTREAM,LOAD+DOWNSTREAM,LOAD+DOWNSTREAM,-0.02410831669127845,-0.02410831669127845,-0.02410831669127845,-0.02410831669127845,2,2,P2,M0,F0,4,0,0,1,1,0,0,1,1
phase6v2-r04-output-medium-a01,4,OUTPUT_MEDIUM,OUTPUT,OUTPUT,-0.005201985739517132,-0.005201985739517132,-0.005201985739517132,-0.005201985739517132,1,1,P2,M0,F0,4,0,1,0,0,0,1,0,0
phase6v2-r05-output-downstream-a01,5,OUTPUT_DOWNSTREAM,OUTPUT+DOWNSTREAM,OUTPUT+DOWNSTREAM,-0.0024730804766983456,-0.0024730804766983456,-0.0024730804766983456,-0.0024730804766983456,2,2,P2,M0,F0,5,0,1,0,1,0,1,0,1
phase6v2-r05-input-downstream-a01,5,INPUT_DOWNSTREAM,INPUT+DOWNSTREAM,INPUT+DOWNSTREAM,-0.01743099697144661,-0.01743099697144661,-0.01743099697144661,-0.01743099697144661,2,2,P2,M0,F0,5,1,0,0,1,1,0,0,1
phase6v2-r05-load-downstream-a01,5,LOAD_DOWNSTREAM,LOAD+DOWNSTREAM,LOAD+DOWNSTREAM,-0.011272682412165662,-0.011272682412165662,-0.011272682412165662,-0.011272682412165662,2,2,P2,M0,F0,5,0,0,1,1,0,0,1,1
phase6v2-r05-output-downstream-control-a01,5,OUTPUT_DOWNSTREAM_CONTROL,DOWNSTREAM,DOWNSTREAM,-0.01478499663550848,-0.01478499663550848,-0.01478499663550848,-0.01478499663550848,1,1,P2,M0,F0,5,0,0,0,1,0,0,0,1
phase6v2-r05-output-load-control-a01,5,OUTPUT_LOAD_CONTROL,LOAD,LOAD,-0.010016552411129018,-0.010016552411129018,-0.010016552411129018,-0.010016552411129018,1,1,P2,M0,F0,5,0,0,1,0,0,0,1,0
phase6v2-r05-input-medium-a01,5,INPUT_MEDIUM,INPUT,INPUT,-0.002107586930640375,-0.002107586930640375,-0.002107586930640375,-0.002107586930640375,1,1,P2,M0,F0,5,1,0,0,0,1,0,0,0
phase6v2-r05-output-control-a01,5,OUTPUT_CONTROL,NONE,NONE,-0.11272260472701708,-0.11272260472701708,-0.11272260472701708,-0.11272260472701708,0,0,P2,M0,F0,5,0,0,0,0,0,0,0,0
phase6v2-r05-baseline-a01,5,BASELINE,NONE,NONE,-0.004713431454323465,-0.004713431454323465,-0.004713431454323465,-0.004713431454323465,0,0,P2,M0,F0,5,0,0,0,0,0,0,0,0
phase6v2-r05-input-load-a01,5,INPUT_LOAD,INPUT+LOAD,INPUT+LOAD,-0.0034142262553019044,-0.0034142262553019044,-0.0034142262553019044,-0.0034142262553019044,2,2,P2,M0,F0,5,1,0,1,0,1,0,1,0
phase6v2-r05-downstream-medium-a01,5,DOWNSTREAM_MEDIUM,DOWNSTREAM,DOWNSTREAM,-0.004014112419713778,-0.004014112419713778,-0.004014112419713778,-0.004014112419713778,1,1,P2,M0,F0,5,0,0,0,1,0,0,0,1
phase6v2-r05-load-medium-a01,5,LOAD_MEDIUM,LOAD,LOAD,-0.02492293720748964,-0.02492293720748964,-0.02492293720748964,-0.02492293720748964,1,1,P2,M0,F0,5,0,0,1,0,0,0,1,0
phase6v2-r05-output-medium-a01,5,OUTPUT_MEDIUM,OUTPUT,OUTPUT,-0.22423136902249197,-0.22423136902249197,-0.22423136902249197,-0.22423136902249197,1,1,P2,M0,F0,5,0,1,0,0,0,1,0,0
phase6v2-r05-output-load-a01,5,OUTPUT_LOAD,OUTPUT+LOAD,OUTPUT+LOAD,-0.180311820289728,-0.180311820289728,-0.180311820289728,-0.180311820289728,2,2,P2,M0,F0,5,0,1,1,0,0,1,1,0
phase6v2-r06-baseline-a01,6,BASELINE,NONE,NONE,-0.003672152524570409,-0.003672152524570409,-0.003672152524570409,-0.003672152524570409,0,0,P2,M0,F0,6,0,0,0,0,0,0,0,0
phase6v2-r06-input-load-a01,6,INPUT_LOAD,INPUT+LOAD,INPUT+LOAD,-0.03630624795973613,-0.03630624795973613,-0.03630624795973613,-0.03630624795973613,2,2,P2,M0,F0,6,1,0,1,0,1,0,1,0
phase6v2-r06-output-downstream-control-a01,6,OUTPUT_DOWNSTREAM_CONTROL,DOWNSTREAM,DOWNSTREAM,-0.00835602530001912,-0.00835602530001912,-0.00835602530001912,-0.00835602530001912,1,1,P2,M0,F0,6,0,0,0,1,0,0,0,1
phase6v2-r06-input-medium-a01,6,INPUT_MEDIUM,INPUT,INPUT,-0.004697798561289182,-0.004697798561289182,-0.004697798561289182,-0.004697798561289182,1,1,P2,M0,F0,6,1,0,0,0,1,0,0,0
phase6v2-r06-output-load-control-a01,6,OUTPUT_LOAD_CONTROL,LOAD,LOAD,-0.009983853795468319,-0.009983853795468319,-0.009983853795468319,-0.009983853795468319,1,1,P2,M0,F0,6,0,0,1,0,0,0,1,0
phase6v2-r06-load-downstream-a01,6,LOAD_DOWNSTREAM,LOAD+DOWNSTREAM,LOAD+DOWNSTREAM,-0.02619960896621363,-0.02619960896621363,-0.02619960896621363,-0.02619960896621363,2,2,P2,M0,F0,6,0,0,1,1,0,0,1,1
phase6v2-r06-output-load-a01,6,OUTPUT_LOAD,OUTPUT+LOAD,OUTPUT+LOAD,-0.1092208441831559,-0.1092208441831559,-0.1092208441831559,-0.1092208441831559,2,2,P2,M0,F0,6,0,1,1,0,0,1,1,0
phase6v2-r06-downstream-medium-a01,6,DOWNSTREAM_MEDIUM,DOWNSTREAM,DOWNSTREAM,-0.0029826395826715903,-0.0029826395826715903,-0.0029826395826715903,-0.0029826395826715903,1,1,P2,M0,F0,6,0,0,0,1,0,0,0,1
phase6v2-r06-input-downstream-a01,6,INPUT_DOWNSTREAM,INPUT+DOWNSTREAM,INPUT+DOWNSTREAM,-0.005474504544301608,-0.005474504544301608,-0.005474504544301608,-0.005474504544301608,2,2,P2,M0,F0,6,1,0,0,1,1,0,0,1
phase6v2-r06-load-medium-a01,6,LOAD_MEDIUM,LOAD,LOAD,-0.037546018545549176,-0.037546018545549176,-0.037546018545549176,-0.037546018545549176,1,1,P2,M0,F0,6,0,0,1,0,0,0,1,0
phase6v2-r06-output-medium-a01,6,OUTPUT_MEDIUM,OUTPUT,OUTPUT,-0.005230987044136831,-0.005230987044136831,-0.005230987044136831,-0.005230987044136831,1,1,P2,M0,F0,6,0,1,0,0,0,1,0,0
phase6v2-r06-output-control-a01,6,OUTPUT_CONTROL,NONE,NONE,-0.29919842233123445,-0.29919842233123445,-0.29919842233123445,-0.29919842233123445,0,0,P2,M0,F0,6,0,0,0,0,0,0,0,0
phase6v2-r06-output-downstream-a01,6,OUTPUT_DOWNSTREAM,OUTPUT+DOWNSTREAM,OUTPUT+DOWNSTREAM,-0.014524195501061066,-0.014524195501061066,-0.014524195501061066,-0.014524195501061066,2,2,P2,M0,F0,6,0,1,0,1,0,1,0,1
phase6v2-r07-output-load-a01,7,OUTPUT_LOAD,OUTPUT+LOAD,OUTPUT+LOAD,-0.07668359296779075,-0.07668359296779075,-0.07668359296779075,-0.07668359296779075,2,2,P2,M0,F0,7,0,1,1,0,0,1,1,0
phase6v2-r07-load-downstream-a01,7,LOAD_DOWNSTREAM,LOAD+DOWNSTREAM,LOAD,-0.027097432563676135,-0.027097432563676135,-0.027097432563676135,-0.027097432563676135,2,1,P2,M0,F0,7,0,0,1,1,0,0,1,0
phase6v2-r07-baseline-a01,7,BASELINE,NONE,NONE,-0.004691435535965521,-0.004691435535965521,-0.004691435535965521,-0.004691435535965521,0,0,P2,M0,F0,7,0,0,0,0,0,0,0,0
phase6v2-r07-input-downstream-a01,7,INPUT_DOWNSTREAM,INPUT+DOWNSTREAM,INPUT+DOWNSTREAM,-0.001726123287568276,-0.001726123287568276,-0.001726123287568276,-0.001726123287568276,2,2,P2,M0,F0,7,1,0,0,1,1,0,0,1
phase6v2-r07-output-downstream-control-a01,7,OUTPUT_DOWNSTREAM_CONTROL,DOWNSTREAM,DOWNSTREAM,-0.017436845919236065,-0.017436845919236065,-0.017436845919236065,-0.017436845919236065,1,1,P2,M0,F0,7,0,0,0,1,0,0,0,1
phase6v2-r07-output-load-control-a01,7,OUTPUT_LOAD_CONTROL,LOAD,LOAD,-0.024512246420231584,-0.024512246420231584,-0.024512246420231584,-0.024512246420231584,1,1,P2,M0,F0,7,0,0,1,0,0,0,1,0
phase6v2-r07-downstream-medium-a01,7,DOWNSTREAM_MEDIUM,DOWNSTREAM,DOWNSTREAM,-0.010234751575558584,-0.010234751575558584,-0.010234751575558584,-0.010234751575558584,1,1,P2,M0,F0,7,0,0,0,1,0,0,0,1
phase6v2-r07-output-control-a01,7,OUTPUT_CONTROL,NONE,NONE,-0.01811849760505168,-0.01811849760505168,-0.01811849760505168,-0.01811849760505168,0,0,P2,M0,F0,7,0,0,0,0,0,0,0,0
phase6v2-r07-input-load-a01,7,INPUT_LOAD,INPUT+LOAD,INPUT+LOAD,-0.02764707092187591,-0.02764707092187591,-0.02764707092187591,-0.02764707092187591,2,2,P2,M0,F0,7,1,0,1,0,1,0,1,0
phase6v2-r07-output-medium-a01,7,OUTPUT_MEDIUM,OUTPUT,OUTPUT,-0.020253283923348048,-0.020253283923348048,-0.020253283923348048,-0.020253283923348048,1,1,P2,M0,F0,7,0,1,0,0,0,1,0,0
phase6v2-r07-load-medium-a01,7,LOAD_MEDIUM,LOAD,LOAD,-0.02469013198958813,-0.02469013198958813,-0.02469013198958813,-0.02469013198958813,1,1,P2,M0,F0,7,0,0,1,0,0,0,1,0
phase6v2-r07-input-medium-a01,7,INPUT_MEDIUM,INPUT,INPUT,-0.003354419127248274,-0.003354419127248274,-0.003354419127248274,-0.003354419127248274,1,1,P2,M0,F0,7,1,0,0,0,1,0,0,0
phase6v2-r07-output-downstream-a01,7,OUTPUT_DOWNSTREAM,OUTPUT+DOWNSTREAM,OUTPUT+DOWNSTREAM,-0.006818236363878627,-0.006818236363878627,-0.006818236363878627,-0.006818236363878627,2,2,P2,M0,F0,7,0,1,0,1,0,1,0,1
phase6v2-r08-output-load-control-a01,8,OUTPUT_LOAD_CONTROL,LOAD,LOAD,-0.14736313248990263,-0.14736313248990263,-0.14736313248990263,-0.14736313248990263,1,1,P2,M0,F0,8,0,0,1,0,0,0,1,0
phase6v2-r08-input-medium-a01,8,INPUT_MEDIUM,INPUT,INPUT,-0.003065043135087826,-0.003065043135087826,-0.003065043135087826,-0.003065043135087826,1,1,P2,M0,F0,8,1,0,0,0,1,0,0,0
phase6v2-r08-output-medium-a01,8,OUTPUT_MEDIUM,OUTPUT,OUTPUT,-0.011757435304879016,-0.011757435304879016,-0.011757435304879016,-0.011757435304879016,1,1,P2,M0,F0,8,0,1,0,0,0,1,0,0
phase6v2-r08-output-control-a01,8,OUTPUT_CONTROL,NONE,NONE,-0.05132100836410176,-0.05132100836410176,-0.05132100836410176,-0.05132100836410176,0,0,P2,M0,F0,8,0,0,0,0,0,0,0,0
phase6v2-r08-baseline-a01,8,BASELINE,NONE,NONE,-0.01393157698819555,-0.01393157698819555,-0.01393157698819555,-0.01393157698819555,0,0,P2,M0,F0,8,0,0,0,0,0,0,0,0
phase6v2-r08-input-load-a01,8,INPUT_LOAD,INPUT+LOAD,INPUT+LOAD,-0.021205290417078398,-0.021205290417078398,-0.021205290417078398,-0.021205290417078398,2,2,P2,M0,F0,8,1,0,1,0,1,0,1,0
phase6v2-r08-output-load-a01,8,OUTPUT_LOAD,OUTPUT+LOAD,OUTPUT+LOAD,-0.1798544857546793,-0.1798544857546793,-0.1798544857546793,-0.1798544857546793,2,2,P2,M0,F0,8,0,1,1,0,0,1,1,0
phase6v2-r08-downstream-medium-a01,8,DOWNSTREAM_MEDIUM,DOWNSTREAM,DOWNSTREAM,-0.00712034114943021,-0.00712034114943021,-0.00712034114943021,-0.00712034114943021,1,1,P2,M0,F0,8,0,0,0,1,0,0,0,1
phase6v2-r08-output-downstream-control-a01,8,OUTPUT_DOWNSTREAM_CONTROL,DOWNSTREAM,DOWNSTREAM,-0.008332752621573859,-0.008332752621573859,-0.008332752621573859,-0.008332752621573859,1,1,P2,M0,F0,8,0,0,0,1,0,0,0,1
phase6v2-r08-load-medium-a01,8,LOAD_MEDIUM,LOAD,LOAD,-0.040692075008082244,-0.040692075008082244,-0.040692075008082244,-0.040692075008082244,1,1,P2,M0,F0,8,0,0,1,0,0,0,1,0
phase6v2-r08-output-downstream-a01,8,OUTPUT_DOWNSTREAM,OUTPUT+DOWNSTREAM,OUTPUT+DOWNSTREAM,-0.004841448006218521,-0.004841448006218521,-0.004841448006218521,-0.004841448006218521,2,2,P2,M0,F0,8,0,1,0,1,0,1,0,1
phase6v2-r08-input-downstream-a01,8,INPUT_DOWNSTREAM,INPUT+DOWNSTREAM,INPUT+DOWNSTREAM,-0.004039750381349629,-0.004039750381349629,-0.004039750381349629,-0.004039750381349629,2,2,P2,M0,F0,8,1,0,0,1,1,0,0,1
phase6v2-r08-load-downstream-a01,8,LOAD_DOWNSTREAM,LOAD+DOWNSTREAM,LOAD+DOWNSTREAM,-0.011242102359386788,-0.011242102359386788,-0.011242102359386788,-0.011242102359386788,2,2,P2,M0,F0,8,0,0,1,1,0,0,1,1
phase6v2-r01-input-medium-a01,1,INPUT_MEDIUM,INPUT,INPUT+DOWNSTREAM,-1.79655917584911,-1.79655917584911,-1.79655917584911,-1.79655917584911,1,2,P2,M1,F1,1,1,0,0,0,1,0,0,1
phase6v2-r01-input-load-a01,1,INPUT_LOAD,INPUT+LOAD,INPUT+LOAD,-2.8238577218436154,-2.8238577218436154,-2.8238577218436154,-2.8238577218436154,2,2,P2,M1,F1,1,1,0,1,0,1,0,1,0
phase6v2-r01-output-medium-a01,1,OUTPUT_MEDIUM,OUTPUT,OUTPUT+DOWNSTREAM,-1.4682983956285531,-1.4682983956285531,-1.4682983956285531,-1.4682983956285531,1,2,P2,M1,F1,1,0,1,0,0,0,1,0,1
phase6v2-r01-load-downstream-a01,1,LOAD_DOWNSTREAM,LOAD+DOWNSTREAM,LOAD+DOWNSTREAM,-2.405540673057536,-2.405540673057536,-2.405540673057536,-2.405540673057536,2,2,P2,M1,F1,1,0,0,1,1,0,0,1,1
phase6v2-r01-output-downstream-control-a01,1,OUTPUT_DOWNSTREAM_CONTROL,DOWNSTREAM,INPUT+DOWNSTREAM,-2.104702872382205,-2.104702872382205,-2.104702872382205,-2.104702872382205,1,2,P2,M1,F1,1,0,0,0,1,1,0,0,1
phase6v2-r01-downstream-medium-a01,1,DOWNSTREAM_MEDIUM,DOWNSTREAM,INPUT+DOWNSTREAM,-1.9612713669686692,-1.9612713669686692,-1.9612713669686692,-1.9612713669686692,1,2,P2,M1,F1,1,0,0,0,1,1,0,0,1
phase6v2-r01-output-load-control-a01,1,OUTPUT_LOAD_CONTROL,LOAD,LOAD,-2.5846539713305825,-2.5846539713305825,-2.5846539713305825,-2.5846539713305825,1,1,P2,M1,F1,1,0,0,1,0,0,0,1,0
phase6v2-r01-input-downstream-a01,1,INPUT_DOWNSTREAM,INPUT+DOWNSTREAM,INPUT+DOWNSTREAM,-1.9310314392843246,-1.9310314392843246,-1.9310314392843246,-1.9310314392843246,2,2,P2,M1,F1,1,1,0,0,1,1,0,0,1
phase6v2-r01-output-control-a01,1,OUTPUT_CONTROL,NONE,DOWNSTREAM,-0.6263766867805846,-0.6263766867805846,-0.6263766867805846,-0.6263766867805846,0,1,P2,M1,F1,1,0,0,0,0,0,0,0,1
phase6v2-r01-output-downstream-a01,1,OUTPUT_DOWNSTREAM,OUTPUT+DOWNSTREAM,OUTPUT,-0.8405472762557573,-0.8405472762557573,-0.8405472762557573,-0.8405472762557573,2,1,P2,M1,F1,1,0,1,0,1,0,1,0,0
phase6v2-r01-baseline-a01,1,BASELINE,NONE,INPUT,-0.4069489737962464,-0.4069489737962464,-0.4069489737962464,-0.4069489737962464,0,1,P2,M1,F1,1,0,0,0,0,1,0,0,0
phase6v2-r01-output-load-a01,1,OUTPUT_LOAD,OUTPUT+LOAD,OUTPUT+LOAD,-0.5052748913427101,-0.5052748913427101,-0.5052748913427101,-0.5052748913427101,2,2,P2,M1,F1,1,0,1,1,0,0,1,1,0
phase6v2-r01-load-medium-a01,1,LOAD_MEDIUM,LOAD,LOAD+DOWNSTREAM,-0.46720576002187797,-0.46720576002187797,-0.46720576002187797,-0.46720576002187797,1,2,P2,M1,F1,1,0,0,1,0,0,0,1,1
phase6v2-r02-output-control-a01,2,OUTPUT_CONTROL,NONE,INPUT+DOWNSTREAM,-2.1671863630711465,-2.1671863630711465,-2.1671863630711465,-2.1671863630711465,0,2,P2,M1,F1,2,0,0,0,0,1,0,0,1
phase6v2-r02-input-downstream-a01,2,INPUT_DOWNSTREAM,INPUT+DOWNSTREAM,INPUT+DOWNSTREAM,-1.9928301092918381,-1.9928301092918381,-1.9928301092918381,-1.9928301092918381,2,2,P2,M1,F1,2,1,0,0,1,1,0,0,1
phase6v2-r02-baseline-a01,2,BASELINE,NONE,INPUT+DOWNSTREAM,-1.8173807212604656,-1.8173807212604656,-1.8173807212604656,-1.8173807212604656,0,2,P2,M1,F1,2,0,0,0,0,1,0,0,1
phase6v2-r02-output-medium-a01,2,OUTPUT_MEDIUM,OUTPUT,OUTPUT+DOWNSTREAM,-1.9301461403152744,-1.9301461403152744,-1.9301461403152744,-1.9301461403152744,1,2,P2,M1,F1,2,0,1,0,0,0,1,0,1
phase6v2-r02-input-medium-a01,2,INPUT_MEDIUM,INPUT,INPUT+DOWNSTREAM,-1.6963939892717759,-1.6963939892717759,-1.6963939892717759,-1.6963939892717759,1,2,P2,M1,F1,2,1,0,0,0,1,0,0,1
phase6v2-r02-output-load-a01,2,OUTPUT_LOAD,OUTPUT+LOAD,OUTPUT+LOAD,-2.8368859067689156,-2.8368859067689156,-2.8368859067689156,-2.8368859067689156,2,2,P2,M1,F1,2,0,1,1,0,0,1,1,0
phase6v2-r02-output-downstream-a01,2,OUTPUT_DOWNSTREAM,OUTPUT+DOWNSTREAM,OUTPUT+DOWNSTREAM,-2.00379589425924,-2.00379589425924,-2.00379589425924,-2.00379589425924,2,2,P2,M1,F1,2,0,1,0,1,0,1,0,1
phase6v2-r02-output-downstream-control-a01,2,OUTPUT_DOWNSTREAM_CONTROL,DOWNSTREAM,INPUT+DOWNSTREAM,-2.1152070132481264,-2.1152070132481264,-2.1152070132481264,-2.1152070132481264,1,2,P2,M1,F1,2,0,0,0,1,1,0,0,1
phase6v2-r02-input-load-a01,2,INPUT_LOAD,INPUT+LOAD,INPUT+LOAD,-0.37580020418500076,-0.37580020418500076,-0.37580020418500076,-0.37580020418500076,2,2,P2,M1,F1,2,1,0,1,0,1,0,1,0
phase6v2-r02-load-downstream-a01,2,LOAD_DOWNSTREAM,LOAD+DOWNSTREAM,LOAD+DOWNSTREAM,-0.7372233695918865,-0.7372233695918865,-0.7372233695918865,-0.7372233695918865,2,2,P2,M1,F1,2,0,0,1,1,0,0,1,1
phase6v2-r02-load-medium-a01,2,LOAD_MEDIUM,LOAD,LOAD,-0.698751494564467,-0.698751494564467,-0.698751494564467,-0.698751494564467,1,1,P2,M1,F1,2,0,0,1,0,0,0,1,0
phase6v2-r02-downstream-medium-a01,2,DOWNSTREAM_MEDIUM,DOWNSTREAM,INPUT,-0.31774680979556125,-0.31774680979556125,-0.31774680979556125,-0.31774680979556125,1,1,P2,M1,F1,2,0,0,0,1,1,0,0,0
phase6v2-r02-output-load-control-a01,2,OUTPUT_LOAD_CONTROL,LOAD,LOAD,-0.4723223579655252,-0.4723223579655252,-0.4723223579655252,-0.4723223579655252,1,1,P2,M1,F1,2,0,0,1,0,0,0,1,0
phase6v2-r03-output-downstream-a01,3,OUTPUT_DOWNSTREAM,OUTPUT+DOWNSTREAM,OUTPUT,-1.0181218372894125,-1.0181218372894125,-1.0181218372894125,-1.0181218372894125,2,1,P2,M1,F1,3,0,1,0,1,0,1,0,0
phase6v2-r03-input-medium-a01,3,INPUT_MEDIUM,INPUT,INPUT,-0.6108868568692792,-0.6108868568692792,-0.6108868568692792,-0.6108868568692792,1,1,P2,M1,F1,3,1,0,0,0,1,0,0,0
phase6v2-r03-output-load-a01,3,OUTPUT_LOAD,OUTPUT+LOAD,OUTPUT+LOAD,-0.31768254645183974,-0.31768254645183974,-0.31768254645183974,-0.31768254645183974,2,2,P2,M1,F1,3,0,1,1,0,0,1,1,0
phase6v2-r03-input-downstream-a01,3,INPUT_DOWNSTREAM,INPUT+DOWNSTREAM,INPUT,-0.5884576448671476,-0.5884576448671476,-0.5884576448671476,-0.5884576448671476,2,1,P2,M1,F1,3,1,0,0,1,1,0,0,0
phase6v2-r03-input-load-a01,3,INPUT_LOAD,INPUT+LOAD,INPUT+LOAD,-0.33639681611201117,-0.33639681611201117,-0.33639681611201117,-0.33639681611201117,2,2,P2,M1,F1,3,1,0,1,0,1,0,1,0
phase6v2-r03-baseline-a01,3,BASELINE,NONE,NONE,-0.5927396817051785,-0.5927396817051785,-0.5927396817051785,-0.5927396817051785,0,0,P2,M1,F1,3,0,0,0,0,0,0,0,0
phase6v2-r03-downstream-medium-a01,3,DOWNSTREAM_MEDIUM,DOWNSTREAM,INPUT,-0.5147502773698782,-0.5147502773698782,-0.5147502773698782,-0.5147502773698782,1,1,P2,M1,F1,3,0,0,0,1,1,0,0,0
phase6v2-r03-output-load-control-a01,3,OUTPUT_LOAD_CONTROL,LOAD,LOAD,-0.4798216972761321,-0.4798216972761321,-0.4798216972761321,-0.4798216972761321,1,1,P2,M1,F1,3,0,0,1,0,0,0,1,0
phase6v2-r03-output-medium-a01,3,OUTPUT_MEDIUM,OUTPUT,OUTPUT,-1.0341002976000335,-1.0341002976000335,-1.0341002976000335,-1.0341002976000335,1,1,P2,M1,F1,3,0,1,0,0,0,1,0,0
phase6v2-r03-load-downstream-a01,3,LOAD_DOWNSTREAM,LOAD+DOWNSTREAM,LOAD+DOWNSTREAM,-0.6583584722131528,-0.6583584722131528,-0.6583584722131528,-0.6583584722131528,2,2,P2,M1,F1,3,0,0,1,1,0,0,1,1
phase6v2-r03-output-downstream-control-a01,3,OUTPUT_DOWNSTREAM_CONTROL,DOWNSTREAM,NONE,-0.786995209482973,-0.786995209482973,-0.786995209482973,-0.786995209482973,1,0,P2,M1,F1,3,0,0,0,1,0,0,0,0
phase6v2-r03-output-control-a01,3,OUTPUT_CONTROL,NONE,NONE,-0.5910882368157678,-0.5910882368157678,-0.5910882368157678,-0.5910882368157678,0,0,P2,M1,F1,3,0,0,0,0,0,0,0,0
phase6v2-r03-load-medium-a01,3,LOAD_MEDIUM,LOAD,LOAD+DOWNSTREAM,-0.6474884122951882,-0.6474884122951882,-0.6474884122951882,-0.6474884122951882,1,2,P2,M1,F1,3,0,0,1,0,0,0,1,1
phase6v2-r04-input-load-a01,4,INPUT_LOAD,INPUT+LOAD,INPUT+LOAD,-0.33708878454939445,-0.33708878454939445,-0.33708878454939445,-0.33708878454939445,2,2,P2,M1,F1,4,1,0,1,0,1,0,1,0
phase6v2-r04-output-load-a01,4,OUTPUT_LOAD,OUTPUT+LOAD,OUTPUT+LOAD,-0.464252622141882,-0.464252622141882,-0.464252622141882,-0.464252622141882,2,2,P2,M1,F1,4,0,1,1,0,0,1,1,0
phase6v2-r04-downstream-medium-a01,4,DOWNSTREAM_MEDIUM,DOWNSTREAM,INPUT,-0.5504499910313908,-0.5504499910313908,-0.5504499910313908,-0.5504499910313908,1,1,P2,M1,F1,4,0,0,0,1,1,0,0,0
phase6v2-r04-output-control-a01,4,OUTPUT_CONTROL,NONE,NONE,-0.716408489679215,-0.716408489679215,-0.716408489679215,-0.716408489679215,0,0,P2,M1,F1,4,0,0,0,0,0,0,0,0
phase6v2-r04-output-load-control-a01,4,OUTPUT_LOAD_CONTROL,LOAD,LOAD,-0.5307990670658892,-0.5307990670658892,-0.5307990670658892,-0.5307990670658892,1,1,P2,M1,F1,4,0,0,1,0,0,0,1,0
phase6v2-r04-output-downstream-control-a01,4,OUTPUT_DOWNSTREAM_CONTROL,DOWNSTREAM,NONE,-0.6422045629239802,-0.6422045629239802,-0.6422045629239802,-0.6422045629239802,1,0,P2,M1,F1,4,0,0,0,1,0,0,0,0
phase6v2-r04-baseline-a01,4,BASELINE,NONE,NONE,-0.6470563435207617,-0.6470563435207617,-0.6470563435207617,-0.6470563435207617,0,0,P2,M1,F1,4,0,0,0,0,0,0,0,0
phase6v2-r04-input-medium-a01,4,INPUT_MEDIUM,INPUT,NONE,-0.6489276488851861,-0.6489276488851861,-0.6489276488851861,-0.6489276488851861,1,0,P2,M1,F1,4,1,0,0,0,0,0,0,0
phase6v2-r04-input-downstream-a01,4,INPUT_DOWNSTREAM,INPUT+DOWNSTREAM,INPUT,-0.591083185828502,-0.591083185828502,-0.591083185828502,-0.591083185828502,2,1,P2,M1,F1,4,1,0,0,1,1,0,0,0
phase6v2-r04-output-downstream-a01,4,OUTPUT_DOWNSTREAM,OUTPUT+DOWNSTREAM,OUTPUT+DOWNSTREAM,-1.7965564211137177,-1.7965564211137177,-1.7965564211137177,-1.7965564211137177,2,2,P2,M1,F1,4,0,1,0,1,0,1,0,1
phase6v2-r04-load-medium-a01,4,LOAD_MEDIUM,LOAD,LOAD+DOWNSTREAM,-2.193457624542433,-2.193457624542433,-2.193457624542433,-2.193457624542433,1,2,P2,M1,F1,4,0,0,1,0,0,0,1,1
phase6v2-r04-load-downstream-a01,4,LOAD_DOWNSTREAM,LOAD+DOWNSTREAM,LOAD+DOWNSTREAM,-2.0803968822703918,-2.0803968822703918,-2.0803968822703918,-2.0803968822703918,2,2,P2,M1,F1,4,0,0,1,1,0,0,1,1
phase6v2-r04-output-medium-a01,4,OUTPUT_MEDIUM,OUTPUT,OUTPUT+DOWNSTREAM,-1.7400030878610178,-1.7400030878610178,-1.7400030878610178,-1.7400030878610178,1,2,P2,M1,F1,4,0,1,0,0,0,1,0,1
phase6v2-r05-output-downstream-a01,5,OUTPUT_DOWNSTREAM,OUTPUT+DOWNSTREAM,OUTPUT,-1.488370402224698,-1.488370402224698,-1.488370402224698,-1.488370402224698,2,1,P2,M1,F1,5,0,1,0,1,0,1,0,0
phase6v2-r05-input-downstream-a01,5,INPUT_DOWNSTREAM,INPUT+DOWNSTREAM,INPUT+DOWNSTREAM,-1.74710349126634,-1.74710349126634,-1.74710349126634,-1.74710349126634,2,2,P2,M1,F1,5,1,0,0,1,1,0,0,1
phase6v2-r05-load-downstream-a01,5,LOAD_DOWNSTREAM,LOAD+DOWNSTREAM,LOAD+DOWNSTREAM,-0.6677343749901499,-0.6677343749901499,-0.6677343749901499,-0.6677343749901499,2,2,P2,M1,F1,5,0,0,1,1,0,0,1,1
phase6v2-r05-output-downstream-control-a01,5,OUTPUT_DOWNSTREAM_CONTROL,DOWNSTREAM,NONE,-0.8180262656698447,-0.8180262656698447,-0.8180262656698447,-0.8180262656698447,1,0,P2,M1,F1,5,0,0,0,1,0,0,0,0
phase6v2-r05-output-load-control-a01,5,OUTPUT_LOAD_CONTROL,LOAD,LOAD,-0.6714580361498105,-0.6714580361498105,-0.6714580361498105,-0.6714580361498105,1,1,P2,M1,F1,5,0,0,1,0,0,0,1,0
phase6v2-r05-input-medium-a01,5,INPUT_MEDIUM,INPUT,NONE,-0.6270951156348983,-0.6270951156348983,-0.6270951156348983,-0.6270951156348983,1,0,P2,M1,F1,5,1,0,0,0,0,0,0,0
phase6v2-r05-output-control-a01,5,OUTPUT_CONTROL,NONE,NONE,-0.89750246673742,-0.89750246673742,-0.89750246673742,-0.89750246673742,0,0,P2,M1,F1,5,0,0,0,0,0,0,0,0
phase6v2-r05-baseline-a01,5,BASELINE,NONE,NONE,-0.617518555438094,-0.617518555438094,-0.617518555438094,-0.617518555438094,0,0,P2,M1,F1,5,0,0,0,0,0,0,0,0
phase6v2-r05-input-load-a01,5,INPUT_LOAD,INPUT+LOAD,INPUT+LOAD,-0.3721346688239354,-0.3721346688239354,-0.3721346688239354,-0.3721346688239354,2,2,P2,M1,F1,5,1,0,1,0,1,0,1,0
phase6v2-r05-downstream-medium-a01,5,DOWNSTREAM_MEDIUM,DOWNSTREAM,INPUT,-0.5587709751991198,-0.5587709751991198,-0.5587709751991198,-0.5587709751991198,1,1,P2,M1,F1,5,0,0,0,1,1,0,0,0
phase6v2-r05-load-medium-a01,5,LOAD_MEDIUM,LOAD,LOAD,-0.585582598554098,-0.585582598554098,-0.585582598554098,-0.585582598554098,1,1,P2,M1,F1,5,0,0,1,0,0,0,1,0
phase6v2-r05-output-medium-a01,5,OUTPUT_MEDIUM,OUTPUT,OUTPUT+DOWNSTREAM,-0.8631295919936051,-0.8631295919936051,-0.8631295919936051,-0.8631295919936051,1,2,P2,M1,F1,5,0,1,0,0,0,1,0,1
phase6v2-r05-output-load-a01,5,OUTPUT_LOAD,OUTPUT+LOAD,OUTPUT+LOAD,-0.5090573104399669,-0.5090573104399669,-0.5090573104399669,-0.5090573104399669,2,2,P2,M1,F1,5,0,1,1,0,0,1,1,0
phase6v2-r06-baseline-a01,6,BASELINE,NONE,NONE,-0.661203402891733,-0.661203402891733,-0.661203402891733,-0.661203402891733,0,0,P2,M1,F1,6,0,0,0,0,0,0,0,0
phase6v2-r06-input-load-a01,6,INPUT_LOAD,INPUT+LOAD,INPUT+LOAD,-0.32156486513641624,-0.32156486513641624,-0.32156486513641624,-0.32156486513641624,2,2,P2,M1,F1,6,1,0,1,0,1,0,1,0
phase6v2-r06-output-downstream-control-a01,6,OUTPUT_DOWNSTREAM_CONTROL,DOWNSTREAM,NONE,-0.7445513136033194,-0.7445513136033194,-0.7445513136033194,-0.7445513136033194,1,0,P2,M1,F1,6,0,0,0,1,0,0,0,0
phase6v2-r06-input-medium-a01,6,INPUT_MEDIUM,INPUT,NONE,-0.6954468645876907,-0.6954468645876907,-0.6954468645876907,-0.6954468645876907,1,0,P2,M1,F1,6,1,0,0,0,0,0,0,0
phase6v2-r06-output-load-control-a01,6,OUTPUT_LOAD_CONTROL,LOAD,LOAD,-0.7039665823256005,-0.7039665823256005,-0.7039665823256005,-0.7039665823256005,1,1,P2,M1,F1,6,0,0,1,0,0,0,1,0
phase6v2-r06-load-downstream-a01,6,LOAD_DOWNSTREAM,LOAD+DOWNSTREAM,LOAD+DOWNSTREAM,-0.6673808517809892,-0.6673808517809892,-0.6673808517809892,-0.6673808517809892,2,2,P2,M1,F1,6,0,0,1,1,0,0,1,1
phase6v2-r06-output-load-a01,6,OUTPUT_LOAD,OUTPUT+LOAD,OUTPUT+LOAD,-0.4240314319064447,-0.4240314319064447,-0.4240314319064447,-0.4240314319064447,2,2,P2,M1,F1,6,0,1,1,0,0,1,1,0
phase6v2-r06-downstream-medium-a01,6,DOWNSTREAM_MEDIUM,DOWNSTREAM,INPUT,-0.5163769402101104,-0.5163769402101104,-0.5163769402101104,-0.5163769402101104,1,1,P2,M1,F1,6,0,0,0,1,1,0,0,0
phase6v2-r06-input-downstream-a01,6,INPUT_DOWNSTREAM,INPUT+DOWNSTREAM,INPUT,-0.5687027552838669,-0.5687027552838669,-0.5687027552838669,-0.5687027552838669,2,1,P2,M1,F1,6,1,0,0,1,1,0,0,0
phase6v2-r06-load-medium-a01,6,LOAD_MEDIUM,LOAD,LOAD,-0.48324442470250023,-0.48324442470250023,-0.48324442470250023,-0.48324442470250023,1,1,P2,M1,F1,6,0,0,1,0,0,0,1,0
phase6v2-r06-output-medium-a01,6,OUTPUT_MEDIUM,OUTPUT,OUTPUT,-0.9788338759150969,-0.9788338759150969,-0.9788338759150969,-0.9788338759150969,1,1,P2,M1,F1,6,0,1,0,0,0,1,0,0
phase6v2-r06-output-control-a01,6,OUTPUT_CONTROL,NONE,NONE,-0.5834852928502682,-0.5834852928502682,-0.5834852928502682,-0.5834852928502682,0,0,P2,M1,F1,6,0,0,0,0,0,0,0,0
phase6v2-r06-output-downstream-a01,6,OUTPUT_DOWNSTREAM,OUTPUT+DOWNSTREAM,OUTPUT,-0.9211270006711875,-0.9211270006711875,-0.9211270006711875,-0.9211270006711875,2,1,P2,M1,F1,6,0,1,0,1,0,1,0,0
phase6v2-r07-output-load-a01,7,OUTPUT_LOAD,OUTPUT+LOAD,OUTPUT+LOAD,-0.5073568488064527,-0.5073568488064527,-0.5073568488064527,-0.5073568488064527,2,2,P2,M1,F1,7,0,1,1,0,0,1,1,0
phase6v2-r07-load-downstream-a01,7,LOAD_DOWNSTREAM,LOAD+DOWNSTREAM,LOAD+DOWNSTREAM,-0.6709137875239514,-0.6709137875239514,-0.6709137875239514,-0.6709137875239514,2,2,P2,M1,F1,7,0,0,1,1,0,0,1,1
phase6v2-r07-baseline-a01,7,BASELINE,NONE,NONE,-0.6851688038925546,-0.6851688038925546,-0.6851688038925546,-0.6851688038925546,0,0,P2,M1,F1,7,0,0,0,0,0,0,0,0
phase6v2-r07-input-downstream-a01,7,INPUT_DOWNSTREAM,INPUT+DOWNSTREAM,INPUT,-0.569802167156726,-0.569802167156726,-0.569802167156726,-0.569802167156726,2,1,P2,M1,F1,7,1,0,0,1,1,0,0,0
phase6v2-r07-output-downstream-control-a01,7,OUTPUT_DOWNSTREAM_CONTROL,DOWNSTREAM,NONE,-0.7358446706660949,-0.7358446706660949,-0.7358446706660949,-0.7358446706660949,1,0,P2,M1,F1,7,0,0,0,1,0,0,0,0
phase6v2-r07-output-load-control-a01,7,OUTPUT_LOAD_CONTROL,LOAD,LOAD,-0.7216131019745697,-0.7216131019745697,-0.7216131019745697,-0.7216131019745697,1,1,P2,M1,F1,7,0,0,1,0,0,0,1,0
phase6v2-r07-downstream-medium-a01,7,DOWNSTREAM_MEDIUM,DOWNSTREAM,INPUT,-0.5265490340640334,-0.5265490340640334,-0.5265490340640334,-0.5265490340640334,1,1,P2,M1,F1,7,0,0,0,1,1,0,0,0
phase6v2-r07-output-control-a01,7,OUTPUT_CONTROL,NONE,NONE,-0.5790390154502911,-0.5790390154502911,-0.5790390154502911,-0.5790390154502911,0,0,P2,M1,F1,7,0,0,0,0,0,0,0,0
phase6v2-r07-input-load-a01,7,INPUT_LOAD,INPUT+LOAD,INPUT+LOAD,-0.3760129174443412,-0.3760129174443412,-0.3760129174443412,-0.3760129174443412,2,2,P2,M1,F1,7,1,0,1,0,1,0,1,0
phase6v2-r07-output-medium-a01,7,OUTPUT_MEDIUM,OUTPUT,OUTPUT,-1.1394208774229275,-1.1394208774229275,-1.1394208774229275,-1.1394208774229275,1,1,P2,M1,F1,7,0,1,0,0,0,1,0,0
phase6v2-r07-load-medium-a01,7,LOAD_MEDIUM,LOAD,LOAD,-0.5232297332872037,-0.5232297332872037,-0.5232297332872037,-0.5232297332872037,1,1,P2,M1,F1,7,0,0,1,0,0,0,1,0
phase6v2-r07-input-medium-a01,7,INPUT_MEDIUM,INPUT,NONE,-0.6561188042435754,-0.6561188042435754,-0.6561188042435754,-0.6561188042435754,1,0,P2,M1,F1,7,1,0,0,0,0,0,0,0
phase6v2-r07-output-downstream-a01,7,OUTPUT_DOWNSTREAM,OUTPUT+DOWNSTREAM,OUTPUT,-0.980068567648662,-0.980068567648662,-0.980068567648662,-0.980068567648662,2,1,P2,M1,F1,7,0,1,0,1,0,1,0,0
phase6v2-r08-output-load-control-a01,8,OUTPUT_LOAD_CONTROL,LOAD,LOAD,-0.87264795331133,-0.87264795331133,-0.87264795331133,-0.87264795331133,1,1,P2,M1,F1,8,0,0,1,0,0,0,1,0
phase6v2-r08-input-medium-a01,8,INPUT_MEDIUM,INPUT,INPUT,-0.6305501732433209,-0.6305501732433209,-0.6305501732433209,-0.6305501732433209,1,1,P2,M1,F1,8,1,0,0,0,1,0,0,0
phase6v2-r08-output-medium-a01,8,OUTPUT_MEDIUM,OUTPUT,OUTPUT,-1.0429011733289535,-1.0429011733289535,-1.0429011733289535,-1.0429011733289535,1,1,P2,M1,F1,8,0,1,0,0,0,1,0,0
phase6v2-r08-output-control-a01,8,OUTPUT_CONTROL,NONE,NONE,-0.7100940723261631,-0.7100940723261631,-0.7100940723261631,-0.7100940723261631,0,0,P2,M1,F1,8,0,0,0,0,0,0,0,0
phase6v2-r08-baseline-a01,8,BASELINE,NONE,NONE,-0.6575781236667289,-0.6575781236667289,-0.6575781236667289,-0.6575781236667289,0,0,P2,M1,F1,8,0,0,0,0,0,0,0,0
phase6v2-r08-input-load-a01,8,INPUT_LOAD,INPUT+LOAD,INPUT+LOAD,-0.3862441293008849,-0.3862441293008849,-0.3862441293008849,-0.3862441293008849,2,2,P2,M1,F1,8,1,0,1,0,1,0,1,0
phase6v2-r08-output-load-a01,8,OUTPUT_LOAD,OUTPUT+LOAD,OUTPUT+LOAD,-0.47676804069765116,-0.47676804069765116,-0.47676804069765116,-0.47676804069765116,2,2,P2,M1,F1,8,0,1,1,0,0,1,1,0
phase6v2-r08-downstream-medium-a01,8,DOWNSTREAM_MEDIUM,DOWNSTREAM,INPUT,-0.5103684786340579,-0.5103684786340579,-0.5103684786340579,-0.5103684786340579,1,1,P2,M1,F1,8,0,0,0,1,1,0,0,0
phase6v2-r08-output-downstream-control-a01,8,OUTPUT_DOWNSTREAM_CONTROL,DOWNSTREAM,NONE,-0.6758642785348571,-0.6758642785348571,-0.6758642785348571,-0.6758642785348571,1,0,P2,M1,F1,8,0,0,0,1,0,0,0,0
phase6v2-r08-load-medium-a01,8,LOAD_MEDIUM,LOAD,LOAD,-0.6169998091031206,-0.6169998091031206,-0.6169998091031206,-0.6169998091031206,1,1,P2,M1,F1,8,0,0,1,0,0,0,1,0
phase6v2-r08-output-downstream-a01,8,OUTPUT_DOWNSTREAM,OUTPUT+DOWNSTREAM,OUTPUT,-0.9233503834541483,-0.9233503834541483,-0.9233503834541483,-0.9233503834541483,2,1,P2,M1,F1,8,0,1,0,1,0,1,0,0
phase6v2-r08-input-downstream-a01,8,INPUT_DOWNSTREAM,INPUT+DOWNSTREAM,INPUT,-0.5242144617069813,-0.5242144617069813,-0.5242144617069813,-0.5242144617069813,2,1,P2,M1,F1,8,1,0,0,1,1,0,0,0
phase6v2-r08-load-downstream-a01,8,LOAD_DOWNSTREAM,LOAD+DOWNSTREAM,LOAD+DOWNSTREAM,-0.7167110752708774,-0.7167110752708774,-0.7167110752708774,-0.7167110752708774,2,2,P2,M1,F1,8,0,0,1,1,0,0,1,1
phase6v2-r01-input-medium-a01,1,INPUT_MEDIUM,INPUT,LOAD,-5.323181965294797,-5.323181965294797,-5.323181965294797,-5.323181965294797,1,1,P2,M1,F2,1,1,0,0,0,0,0,1,0
phase6v2-r01-input-load-a01,1,INPUT_LOAD,INPUT+LOAD,OUTPUT+LOAD,-5.02153936032373,-5.02153936032373,-5.02153936032373,-5.02153936032373,2,2,P2,M1,F2,1,1,0,1,0,0,1,1,0
phase6v2-r01-output-medium-a01,1,OUTPUT_MEDIUM,OUTPUT,OUTPUT,-3.8888835439816525,-3.8888835439816525,-3.8888835439816525,-3.8888835439816525,1,1,P2,M1,F2,1,0,1,0,0,0,1,0,0
phase6v2-r01-load-downstream-a01,1,LOAD_DOWNSTREAM,LOAD+DOWNSTREAM,LOAD+DOWNSTREAM,-2.4678364045352614,-2.4678364045352614,-2.4678364045352614,-2.4678364045352614,2,2,P2,M1,F2,1,0,0,1,1,0,0,1,1
phase6v2-r01-output-downstream-control-a01,1,OUTPUT_DOWNSTREAM_CONTROL,DOWNSTREAM,INPUT+DOWNSTREAM,-2.209972867839637,-2.209972867839637,-2.209972867839637,-2.209972867839637,1,2,P2,M1,F2,1,0,0,0,1,1,0,0,1
phase6v2-r01-downstream-medium-a01,1,DOWNSTREAM_MEDIUM,DOWNSTREAM,INPUT+DOWNSTREAM,-2.0076265205680417,-2.0076265205680417,-2.0076265205680417,-2.0076265205680417,1,2,P2,M1,F2,1,0,0,0,1,1,0,0,1
phase6v2-r01-output-load-control-a01,1,OUTPUT_LOAD_CONTROL,LOAD,LOAD,-3.7158662097424444,-3.7158662097424444,-3.7158662097424444,-3.7158662097424444,1,1,P2,M1,F2,1,0,0,1,0,0,0,1,0
phase6v2-r01-input-downstream-a01,1,INPUT_DOWNSTREAM,INPUT+DOWNSTREAM,INPUT+DOWNSTREAM,-1.9373810306148103,-1.9373810306148103,-1.9373810306148103,-1.9373810306148103,2,2,P2,M1,F2,1,1,0,0,1,1,0,0,1
phase6v2-r01-output-control-a01,1,OUTPUT_CONTROL,NONE,NONE,-0.662232322399112,-0.662232322399112,-0.662232322399112,-0.662232322399112,0,0,P2,M1,F2,1,0,0,0,0,0,0,0,0
phase6v2-r01-output-downstream-a01,1,OUTPUT_DOWNSTREAM,OUTPUT+DOWNSTREAM,OUTPUT+DOWNSTREAM,-1.5967052365186496,-1.5967052365186496,-1.5967052365186496,-1.5967052365186496,2,2,P2,M1,F2,1,0,1,0,1,0,1,0,1
phase6v2-r01-baseline-a01,1,BASELINE,NONE,LOAD,-11.018948506386753,-11.018948506386753,-11.018948506386753,-11.018948506386753,0,1,P2,M1,F2,1,0,0,0,0,0,0,1,0
phase6v2-r01-output-load-a01,1,OUTPUT_LOAD,OUTPUT+LOAD,OUTPUT+LOAD,-7.154077381500892,-7.154077381500892,-7.154077381500892,-7.154077381500892,2,2,P2,M1,F2,1,0,1,1,0,0,1,1,0
phase6v2-r01-load-medium-a01,1,LOAD_MEDIUM,LOAD,LOAD,-1.686969947431748,-1.686969947431748,-1.686969947431748,-1.686969947431748,1,1,P2,M1,F2,1,0,0,1,0,0,0,1,0
phase6v2-r02-output-control-a01,2,OUTPUT_CONTROL,NONE,INPUT,-2.9058152556446917,-2.9058152556446917,-2.9058152556446917,-2.9058152556446917,0,1,P2,M1,F2,2,0,0,0,0,1,0,0,0
phase6v2-r02-input-downstream-a01,2,INPUT_DOWNSTREAM,INPUT+DOWNSTREAM,INPUT+DOWNSTREAM,-2.0066849694976394,-2.0066849694976394,-2.0066849694976394,-2.0066849694976394,2,2,P2,M1,F2,2,1,0,0,1,1,0,0,1
phase6v2-r02-baseline-a01,2,BASELINE,NONE,INPUT,-2.8245773106156715,-2.8245773106156715,-2.8245773106156715,-2.8245773106156715,0,1,P2,M1,F2,2,0,0,0,0,1,0,0,0
phase6v2-r02-output-medium-a01,2,OUTPUT_MEDIUM,OUTPUT,OUTPUT,-2.0321784953140107,-2.0321784953140107,-2.0321784953140107,-2.0321784953140107,1,1,P2,M1,F2,2,0,1,0,0,0,1,0,0
phase6v2-r02-input-medium-a01,2,INPUT_MEDIUM,INPUT,INPUT,-2.7131908755977423,-2.7131908755977423,-2.7131908755977423,-2.7131908755977423,1,1,P2,M1,F2,2,1,0,0,0,1,0,0,0
phase6v2-r02-output-load-a01,2,OUTPUT_LOAD,OUTPUT+LOAD,OUTPUT+LOAD,-3.0373454316275255,-3.0373454316275255,-3.0373454316275255,-3.0373454316275255,2,2,P2,M1,F2,2,0,1,1,0,0,1,1,0
phase6v2-r02-output-downstream-a01,2,OUTPUT_DOWNSTREAM,OUTPUT+DOWNSTREAM,OUTPUT+DOWNSTREAM,-2.0705501961413364,-2.0705501961413364,-2.0705501961413364,-2.0705501961413364,2,2,P2,M1,F2,2,0,1,0,1,0,1,0,1
phase6v2-r02-output-downstream-control-a01,2,OUTPUT_DOWNSTREAM_CONTROL,DOWNSTREAM,INPUT+DOWNSTREAM,-2.2262273158979466,-2.2262273158979466,-2.2262273158979466,-2.2262273158979466,1,2,P2,M1,F2,2,0,0,0,1,1,0,0,1
phase6v2-r02-input-load-a01,2,INPUT_LOAD,INPUT+LOAD,INPUT+LOAD,-0.6111352369156479,-0.6111352369156479,-0.6111352369156479,-0.6111352369156479,2,2,P2,M1,F2,2,1,0,1,0,1,0,1,0
phase6v2-r02-load-downstream-a01,2,LOAD_DOWNSTREAM,LOAD+DOWNSTREAM,LOAD+DOWNSTREAM,-0.8864038040167392,-0.8864038040167392,-0.8864038040167392,-0.8864038040167392,2,2,P2,M1,F2,2,0,0,1,1,0,0,1,1
phase6v2-r02-load-medium-a01,2,LOAD_MEDIUM,LOAD,LOAD,-1.5264721393079426,-1.5264721393079426,-1.5264721393079426,-1.5264721393079426,1,1,P2,M1,F2,2,0,0,1,0,0,0,1,0
phase6v2-r02-downstream-medium-a01,2,DOWNSTREAM_MEDIUM,DOWNSTREAM,DOWNSTREAM,-0.6763321521198945,-0.6763321521198945,-0.6763321521198945,-0.6763321521198945,1,1,P2,M1,F2,2,0,0,0,1,0,0,0,1
phase6v2-r02-output-load-control-a01,2,OUTPUT_LOAD_CONTROL,LOAD,LOAD,-2.542092042014945,-2.542092042014945,-2.542092042014945,-2.542092042014945,1,1,P2,M1,F2,2,0,0,1,0,0,0,1,0
phase6v2-r03-output-downstream-a01,3,OUTPUT_DOWNSTREAM,OUTPUT+DOWNSTREAM,OUTPUT+DOWNSTREAM,-1.2398205618696514,-1.2398205618696514,-1.2398205618696514,-1.2398205618696514,2,2,P2,M1,F2,3,0,1,0,1,0,1,0,1
phase6v2-r03-input-medium-a01,3,INPUT_MEDIUM,INPUT,INPUT,-2.7320261445774627,-2.7320261445774627,-2.7320261445774627,-2.7320261445774627,1,1,P2,M1,F2,3,1,0,0,0,1,0,0,0
phase6v2-r03-output-load-a01,3,OUTPUT_LOAD,OUTPUT+LOAD,OUTPUT+LOAD,-0.6818178735187854,-0.6818178735187854,-0.6818178735187854,-0.6818178735187854,2,2,P2,M1,F2,3,0,1,1,0,0,1,1,0
phase6v2-r03-input-downstream-a01,3,INPUT_DOWNSTREAM,INPUT+DOWNSTREAM,DOWNSTREAM,-1.0342307263650972,-1.0342307263650972,-1.0342307263650972,-1.0342307263650972,2,1,P2,M1,F2,3,1,0,0,1,0,0,0,1
phase6v2-r03-input-load-a01,3,INPUT_LOAD,INPUT+LOAD,INPUT+LOAD,-0.4606414796690413,-0.4606414796690413,-0.4606414796690413,-0.4606414796690413,2,2,P2,M1,F2,3,1,0,1,0,1,0,1,0
phase6v2-r03-baseline-a01,3,BASELINE,NONE,NONE,-0.7486824367503319,-0.7486824367503319,-0.7486824367503319,-0.7486824367503319,0,0,P2,M1,F2,3,0,0,0,0,0,0,0,0
phase6v2-r03-downstream-medium-a01,3,DOWNSTREAM_MEDIUM,DOWNSTREAM,DOWNSTREAM,-0.8147415242732263,-0.8147415242732263,-0.8147415242732263,-0.8147415242732263,1,1,P2,M1,F2,3,0,0,0,1,0,0,0,1
phase6v2-r03-output-load-control-a01,3,OUTPUT_LOAD_CONTROL,LOAD,LOAD,-2.434430094972918,-2.434430094972918,-2.434430094972918,-2.434430094972918,1,1,P2,M1,F2,3,0,0,1,0,0,0,1,0
phase6v2-r03-output-medium-a01,3,OUTPUT_MEDIUM,OUTPUT,OUTPUT,-1.1215696482003077,-1.1215696482003077,-1.1215696482003077,-1.1215696482003077,1,1,P2,M1,F2,3,0,1,0,0,0,1,0,0
phase6v2-r03-load-downstream-a01,3,LOAD_DOWNSTREAM,LOAD+DOWNSTREAM,LOAD+DOWNSTREAM,-0.735837075478314,-0.735837075478314,-0.735837075478314,-0.735837075478314,2,2,P2,M1,F2,3,0,0,1,1,0,0,1,1
phase6v2-r03-output-downstream-control-a01,3,OUTPUT_DOWNSTREAM_CONTROL,DOWNSTREAM,DOWNSTREAM,-0.956647790438263,-0.956647790438263,-0.956647790438263,-0.956647790438263,1,1,P2,M1,F2,3,0,0,0,1,0,0,0,1
phase6v2-r03-output-control-a01,3,OUTPUT_CONTROL,NONE,NONE,-0.9453477616541864,-0.9453477616541864,-0.9453477616541864,-0.9453477616541864,0,0,P2,M1,F2,3,0,0,0,0,0,0,0,0
phase6v2-r03-load-medium-a01,3,LOAD_MEDIUM,LOAD,LOAD,-1.7384389276560424,-1.7384389276560424,-1.7384389276560424,-1.7384389276560424,1,1,P2,M1,F2,3,0,0,1,0,0,0,1,0
phase6v2-r04-input-load-a01,4,INPUT_LOAD,INPUT+LOAD,INPUT+LOAD,-1.4101025872066388,-1.4101025872066388,-1.4101025872066388,-1.4101025872066388,2,2,P2,M1,F2,4,1,0,1,0,1,0,1,0
phase6v2-r04-output-load-a01,4,OUTPUT_LOAD,OUTPUT+LOAD,OUTPUT+LOAD,-0.6239571293580873,-0.6239571293580873,-0.6239571293580873,-0.6239571293580873,2,2,P2,M1,F2,4,0,1,1,0,0,1,1,0
phase6v2-r04-downstream-medium-a01,4,DOWNSTREAM_MEDIUM,DOWNSTREAM,DOWNSTREAM,-0.8122770825135619,-0.8122770825135619,-0.8122770825135619,-0.8122770825135619,1,1,P2,M1,F2,4,0,0,0,1,0,0,0,1
phase6v2-r04-output-control-a01,4,OUTPUT_CONTROL,NONE,INPUT,-2.6977777558174365,-2.6977777558174365,-2.6977777558174365,-2.6977777558174365,0,1,P2,M1,F2,4,0,0,0,0,1,0,0,0
phase6v2-r04-output-load-control-a01,4,OUTPUT_LOAD_CONTROL,LOAD,LOAD,-2.4309806207661846,-2.4309806207661846,-2.4309806207661846,-2.4309806207661846,1,1,P2,M1,F2,4,0,0,1,0,0,0,1,0
phase6v2-r04-output-downstream-control-a01,4,OUTPUT_DOWNSTREAM_CONTROL,DOWNSTREAM,DOWNSTREAM,-0.7897381913565074,-0.7897381913565074,-0.7897381913565074,-0.7897381913565074,1,1,P2,M1,F2,4,0,0,0,1,0,0,0,1
phase6v2-r04-baseline-a01,4,BASELINE,NONE,NONE,-1.2824390634261438,-1.2824390634261438,-1.2824390634261438,-1.2824390634261438,0,0,P2,M1,F2,4,0,0,0,0,0,0,0,0
phase6v2-r04-input-medium-a01,4,INPUT_MEDIUM,INPUT,INPUT,-0.6800621681562413,-0.6800621681562413,-0.6800621681562413,-0.6800621681562413,1,1,P2,M1,F2,4,1,0,0,0,1,0,0,0
phase6v2-r04-input-downstream-a01,4,INPUT_DOWNSTREAM,INPUT+DOWNSTREAM,DOWNSTREAM,-0.9529745793287706,-0.9529745793287706,-0.9529745793287706,-0.9529745793287706,2,1,P2,M1,F2,4,1,0,0,1,0,0,0,1
phase6v2-r04-output-downstream-a01,4,OUTPUT_DOWNSTREAM,OUTPUT+DOWNSTREAM,OUTPUT+DOWNSTREAM,-1.8743457773277186,-1.8743457773277186,-1.8743457773277186,-1.8743457773277186,2,2,P2,M1,F2,4,0,1,0,1,0,1,0,1
phase6v2-r04-load-medium-a01,4,LOAD_MEDIUM,LOAD,LOAD,-2.932821225788392,-2.932821225788392,-2.932821225788392,-2.932821225788392,1,1,P2,M1,F2,4,0,0,1,0,0,0,1,0
phase6v2-r04-load-downstream-a01,4,LOAD_DOWNSTREAM,LOAD+DOWNSTREAM,LOAD+DOWNSTREAM,-2.0851080273675304,-2.0851080273675304,-2.0851080273675304,-2.0851080273675304,2,2,P2,M1,F2,4,0,0,1,1,0,0,1,1
phase6v2-r04-output-medium-a01,4,OUTPUT_MEDIUM,OUTPUT,OUTPUT,-2.0236777695309627,-2.0236777695309627,-2.0236777695309627,-2.0236777695309627,1,1,P2,M1,F2,4,0,1,0,0,0,1,0,0
phase6v2-r05-output-downstream-a01,5,OUTPUT_DOWNSTREAM,OUTPUT+DOWNSTREAM,OUTPUT+DOWNSTREAM,-3.2998547053333134,-3.2998547053333134,-3.2998547053333134,-3.2998547053333134,2,2,P2,M1,F2,5,0,1,0,1,0,1,0,1
phase6v2-r05-input-downstream-a01,5,INPUT_DOWNSTREAM,INPUT+DOWNSTREAM,INPUT+DOWNSTREAM,-1.7493595239616435,-1.7493595239616435,-1.7493595239616435,-1.7493595239616435,2,2,P2,M1,F2,5,1,0,0,1,1,0,0,1
phase6v2-r05-load-downstream-a01,5,LOAD_DOWNSTREAM,LOAD+DOWNSTREAM,LOAD+DOWNSTREAM,-0.6824986636895451,-0.6824986636895451,-0.6824986636895451,-0.6824986636895451,2,2,P2,M1,F2,5,0,0,1,1,0,0,1,1
phase6v2-r05-output-downstream-control-a01,5,OUTPUT_DOWNSTREAM_CONTROL,DOWNSTREAM,DOWNSTREAM,-0.9405291175124973,-0.9405291175124973,-0.9405291175124973,-0.9405291175124973,1,1,P2,M1,F2,5,0,0,0,1,0,0,0,1
phase6v2-r05-output-load-control-a01,5,OUTPUT_LOAD_CONTROL,LOAD,LOAD,-1.4455262263846882,-1.4455262263846882,-1.4455262263846882,-1.4455262263846882,1,1,P2,M1,F2,5,0,0,1,0,0,0,1,0
phase6v2-r05-input-medium-a01,5,INPUT_MEDIUM,INPUT,INPUT,-2.7610839185847422,-2.7610839185847422,-2.7610839185847422,-2.7610839185847422,1,1,P2,M1,F2,5,1,0,0,0,1,0,0,0
phase6v2-r05-output-control-a01,5,OUTPUT_CONTROL,NONE,NONE,-0.9094861101250448,-0.9094861101250448,-0.9094861101250448,-0.9094861101250448,0,0,P2,M1,F2,5,0,0,0,0,0,0,0,0
phase6v2-r05-baseline-a01,5,BASELINE,NONE,NONE,-0.8900152223617682,-0.8900152223617682,-0.8900152223617682,-0.8900152223617682,0,0,P2,M1,F2,5,0,0,0,0,0,0,0,0
phase6v2-r05-input-load-a01,5,INPUT_LOAD,INPUT+LOAD,INPUT+LOAD,-0.7603925506868165,-0.7603925506868165,-0.7603925506868165,-0.7603925506868165,2,2,P2,M1,F2,5,1,0,1,0,1,0,1,0
phase6v2-r05-downstream-medium-a01,5,DOWNSTREAM_MEDIUM,DOWNSTREAM,DOWNSTREAM,-0.7121503440517084,-0.7121503440517084,-0.7121503440517084,-0.7121503440517084,1,1,P2,M1,F2,5,0,0,0,1,0,0,0,1
phase6v2-r05-load-medium-a01,5,LOAD_MEDIUM,LOAD,LOAD,-1.3434724218412606,-1.3434724218412606,-1.3434724218412606,-1.3434724218412606,1,1,P2,M1,F2,5,0,0,1,0,0,0,1,0
phase6v2-r05-output-medium-a01,5,OUTPUT_MEDIUM,OUTPUT,OUTPUT,-1.3533725817284483,-1.3533725817284483,-1.3533725817284483,-1.3533725817284483,1,1,P2,M1,F2,5,0,1,0,0,0,1,0,0
phase6v2-r05-output-load-a01,5,OUTPUT_LOAD,OUTPUT+LOAD,OUTPUT+LOAD,-0.9038956219816029,-0.9038956219816029,-0.9038956219816029,-0.9038956219816029,2,2,P2,M1,F2,5,0,1,1,0,0,1,1,0
phase6v2-r06-baseline-a01,6,BASELINE,NONE,NONE,-0.8602847485275089,-0.8602847485275089,-0.8602847485275089,-0.8602847485275089,0,0,P2,M1,F2,6,0,0,0,0,0,0,0,0
phase6v2-r06-input-load-a01,6,INPUT_LOAD,INPUT+LOAD,INPUT+LOAD,-0.9373925874982003,-0.9373925874982003,-0.9373925874982003,-0.9373925874982003,2,2,P2,M1,F2,6,1,0,1,0,1,0,1,0
phase6v2-r06-output-downstream-control-a01,6,OUTPUT_DOWNSTREAM_CONTROL,DOWNSTREAM,DOWNSTREAM,-0.9291737674218592,-0.9291737674218592,-0.9291737674218592,-0.9291737674218592,1,1,P2,M1,F2,6,0,0,0,1,0,0,0,1
phase6v2-r06-input-medium-a01,6,INPUT_MEDIUM,INPUT,NONE,-0.8216134631263782,-0.8216134631263782,-0.8216134631263782,-0.8216134631263782,1,0,P2,M1,F2,6,1,0,0,0,0,0,0,0
phase6v2-r06-output-load-control-a01,6,OUTPUT_LOAD_CONTROL,LOAD,LOAD,-2.4484010966571486,-2.4484010966571486,-2.4484010966571486,-2.4484010966571486,1,1,P2,M1,F2,6,0,0,1,0,0,0,1,0
phase6v2-r06-load-downstream-a01,6,LOAD_DOWNSTREAM,LOAD+DOWNSTREAM,LOAD+DOWNSTREAM,-0.6811156218725472,-0.6811156218725472,-0.6811156218725472,-0.6811156218725472,2,2,P2,M1,F2,6,0,0,1,1,0,0,1,1
phase6v2-r06-output-load-a01,6,OUTPUT_LOAD,OUTPUT+LOAD,OUTPUT+LOAD,-0.863867808212517,-0.863867808212517,-0.863867808212517,-0.863867808212517,2,2,P2,M1,F2,6,0,1,1,0,0,1,1,0
phase6v2-r06-downstream-medium-a01,6,DOWNSTREAM_MEDIUM,DOWNSTREAM,DOWNSTREAM,-0.838799397258939,-0.838799397258939,-0.838799397258939,-0.838799397258939,1,1,P2,M1,F2,6,0,0,0,1,0,0,0,1
phase6v2-r06-input-downstream-a01,6,INPUT_DOWNSTREAM,INPUT+DOWNSTREAM,DOWNSTREAM,-0.8824159048600588,-0.8824159048600588,-0.8824159048600588,-0.8824159048600588,2,1,P2,M1,F2,6,1,0,0,1,0,0,0,1
phase6v2-r06-load-medium-a01,6,LOAD_MEDIUM,LOAD,LOAD,-0.8890815377402089,-0.8890815377402089,-0.8890815377402089,-0.8890815377402089,1,1,P2,M1,F2,6,0,0,1,0,0,0,1,0
phase6v2-r06-output-medium-a01,6,OUTPUT_MEDIUM,OUTPUT,OUTPUT,-1.3759437842791027,-1.3759437842791027,-1.3759437842791027,-1.3759437842791027,1,1,P2,M1,F2,6,0,1,0,0,0,1,0,0
phase6v2-r06-output-control-a01,6,OUTPUT_CONTROL,NONE,NONE,-0.6850614580492911,-0.6850614580492911,-0.6850614580492911,-0.6850614580492911,0,0,P2,M1,F2,6,0,0,0,0,0,0,0,0
phase6v2-r06-output-downstream-a01,6,OUTPUT_DOWNSTREAM,OUTPUT+DOWNSTREAM,OUTPUT+DOWNSTREAM,-1.1433204921839168,-1.1433204921839168,-1.1433204921839168,-1.1433204921839168,2,2,P2,M1,F2,6,0,1,0,1,0,1,0,1
phase6v2-r07-output-load-a01,7,OUTPUT_LOAD,OUTPUT+LOAD,OUTPUT+LOAD,-0.8760964380395238,-0.8760964380395238,-0.8760964380395238,-0.8760964380395238,2,2,P2,M1,F2,7,0,1,1,0,0,1,1,0
phase6v2-r07-load-downstream-a01,7,LOAD_DOWNSTREAM,LOAD+DOWNSTREAM,LOAD+DOWNSTREAM,-0.8478274838995757,-0.8478274838995757,-0.8478274838995757,-0.8478274838995757,2,2,P2,M1,F2,7,0,0,1,1,0,0,1,1
phase6v2-r07-baseline-a01,7,BASELINE,NONE,NONE,-0.9390065326683747,-0.9390065326683747,-0.9390065326683747,-0.9390065326683747,0,0,P2,M1,F2,7,0,0,0,0,0,0,0,0
phase6v2-r07-input-downstream-a01,7,INPUT_DOWNSTREAM,INPUT+DOWNSTREAM,DOWNSTREAM,-0.8836409684204828,-0.8836409684204828,-0.8836409684204828,-0.8836409684204828,2,1,P2,M1,F2,7,1,0,0,1,0,0,0,1
phase6v2-r07-output-downstream-control-a01,7,OUTPUT_DOWNSTREAM_CONTROL,DOWNSTREAM,DOWNSTREAM,-0.897417361375191,-0.897417361375191,-0.897417361375191,-0.897417361375191,1,1,P2,M1,F2,7,0,0,0,1,0,0,0,1
phase6v2-r07-output-load-control-a01,7,OUTPUT_LOAD_CONTROL,LOAD,LOAD,-2.420240696352359,-2.420240696352359,-2.420240696352359,-2.420240696352359,1,1,P2,M1,F2,7,0,0,1,0,0,0,1,0
phase6v2-r07-downstream-medium-a01,7,DOWNSTREAM_MEDIUM,DOWNSTREAM,DOWNSTREAM,-0.7841649597113239,-0.7841649597113239,-0.7841649597113239,-0.7841649597113239,1,1,P2,M1,F2,7,0,0,0,1,0,0,0,1
phase6v2-r07-output-control-a01,7,OUTPUT_CONTROL,NONE,NONE,-0.716357904784229,-0.716357904784229,-0.716357904784229,-0.716357904784229,0,0,P2,M1,F2,7,0,0,0,0,0,0,0,0
phase6v2-r07-input-load-a01,7,INPUT_LOAD,INPUT+LOAD,INPUT+LOAD,-0.8863013556411639,-0.8863013556411639,-0.8863013556411639,-0.8863013556411639,2,2,P2,M1,F2,7,1,0,1,0,1,0,1,0
phase6v2-r07-output-medium-a01,7,OUTPUT_MEDIUM,OUTPUT,OUTPUT,-1.2163960132539196,-1.2163960132539196,-1.2163960132539196,-1.2163960132539196,1,1,P2,M1,F2,7,0,1,0,0,0,1,0,0
phase6v2-r07-load-medium-a01,7,LOAD_MEDIUM,LOAD,LOAD,-1.8748392766789879,-1.8748392766789879,-1.8748392766789879,-1.8748392766789879,1,1,P2,M1,F2,7,0,0,1,0,0,0,1,0
phase6v2-r07-input-medium-a01,7,INPUT_MEDIUM,INPUT,INPUT,-0.8755315404529536,-0.8755315404529536,-0.8755315404529536,-0.8755315404529536,1,1,P2,M1,F2,7,1,0,0,0,1,0,0,0
phase6v2-r07-output-downstream-a01,7,OUTPUT_DOWNSTREAM,OUTPUT+DOWNSTREAM,OUTPUT+DOWNSTREAM,-1.0597234109676459,-1.0597234109676459,-1.0597234109676459,-1.0597234109676459,2,2,P2,M1,F2,7,0,1,0,1,0,1,0,1
phase6v2-r08-output-load-control-a01,8,OUTPUT_LOAD_CONTROL,LOAD,LOAD,-2.647468968649402,-2.647468968649402,-2.647468968649402,-2.647468968649402,1,1,P2,M1,F2,8,0,0,1,0,0,0,1,0
phase6v2-r08-input-medium-a01,8,INPUT_MEDIUM,INPUT,NONE,-0.7610433526768529,-0.7610433526768529,-0.7610433526768529,-0.7610433526768529,1,0,P2,M1,F2,8,1,0,0,0,0,0,0,0
phase6v2-r08-output-medium-a01,8,OUTPUT_MEDIUM,OUTPUT,OUTPUT,-1.0659869002184843,-1.0659869002184843,-1.0659869002184843,-1.0659869002184843,1,1,P2,M1,F2,8,0,1,0,0,0,1,0,0
phase6v2-r08-output-control-a01,8,OUTPUT_CONTROL,NONE,NONE,-1.3082577088495053,-1.3082577088495053,-1.3082577088495053,-1.3082577088495053,0,0,P2,M1,F2,8,0,0,0,0,0,0,0,0
phase6v2-r08-baseline-a01,8,BASELINE,NONE,NONE,-0.8725688270562841,-0.8725688270562841,-0.8725688270562841,-0.8725688270562841,0,0,P2,M1,F2,8,0,0,0,0,0,0,0,0
phase6v2-r08-input-load-a01,8,INPUT_LOAD,INPUT+LOAD,INPUT+LOAD,-0.3881989092986879,-0.3881989092986879,-0.3881989092986879,-0.3881989092986879,2,2,P2,M1,F2,8,1,0,1,0,1,0,1,0
phase6v2-r08-output-load-a01,8,OUTPUT_LOAD,OUTPUT+LOAD,OUTPUT+LOAD,-1.1763916213051206,-1.1763916213051206,-1.1763916213051206,-1.1763916213051206,2,2,P2,M1,F2,8,0,1,1,0,0,1,1,0
phase6v2-r08-downstream-medium-a01,8,DOWNSTREAM_MEDIUM,DOWNSTREAM,DOWNSTREAM,-0.7689220116117481,-0.7689220116117481,-0.7689220116117481,-0.7689220116117481,1,1,P2,M1,F2,8,0,0,0,1,0,0,0,1
phase6v2-r08-output-downstream-control-a01,8,OUTPUT_DOWNSTREAM_CONTROL,DOWNSTREAM,DOWNSTREAM,-1.5759761143727518,-1.5759761143727518,-1.5759761143727518,-1.5759761143727518,1,1,P2,M1,F2,8,0,0,0,1,0,0,0,1
phase6v2-r08-load-medium-a01,8,LOAD_MEDIUM,LOAD,LOAD,-1.749526743839581,-1.749526743839581,-1.749526743839581,-1.749526743839581,1,1,P2,M1,F2,8,0,0,1,0,0,0,1,0
phase6v2-r08-output-downstream-a01,8,OUTPUT_DOWNSTREAM,OUTPUT+DOWNSTREAM,OUTPUT+DOWNSTREAM,-0.9789204225170157,-0.9789204225170157,-0.9789204225170157,-0.9789204225170157,2,2,P2,M1,F2,8,0,1,0,1,0,1,0,1
phase6v2-r08-input-downstream-a01,8,INPUT_DOWNSTREAM,INPUT+DOWNSTREAM,DOWNSTREAM,-1.0938350781898039,-1.0938350781898039,-1.0938350781898039,-1.0938350781898039,2,1,P2,M1,F2,8,1,0,0,1,0,0,0,1
phase6v2-r08-load-downstream-a01,8,LOAD_DOWNSTREAM,LOAD+DOWNSTREAM,LOAD+DOWNSTREAM,-0.800541637103199,-0.800541637103199,-0.800541637103199,-0.800541637103199,2,2,P2,M1,F2,8,0,0,1,1,0,0,1,1
phase6v2-r01-input-medium-a01,1,INPUT_MEDIUM,INPUT,INPUT,0.9293999344431467,0.010659036504402334,0.040206920054982276,0.12615494177227468,1,1,P2,M2,F0,1,1,0,0,0,1,0,0,0
phase6v2-r01-input-load-a01,1,INPUT_LOAD,INPUT+LOAD,INPUT+LOAD,0.8443366089580971,0.21722544186582768,0.9995824275400452,0.08332171683528758,2,2,P2,M2,F0,1,1,0,1,0,1,0,1,0
phase6v2-r01-output-medium-a01,1,OUTPUT_MEDIUM,OUTPUT,OUTPUT,6.51648753735904e-05,0.9706349919230606,0.020086712177104792,0.10495351351229813,1,1,P2,M2,F0,1,0,1,0,0,0,1,0,0
phase6v2-r01-load-downstream-a01,1,LOAD_DOWNSTREAM,LOAD+DOWNSTREAM,LOAD+DOWNSTREAM,0.4503069831010583,0.05300929716906016,0.9424804026650615,0.5309448407369538,2,2,P2,M2,F0,1,0,0,1,1,0,0,1,1
phase6v2-r01-output-downstream-control-a01,1,OUTPUT_DOWNSTREAM_CONTROL,DOWNSTREAM,DOWNSTREAM,0.36103893108385915,0.0985545990768395,0.07868892710592315,0.8991688104872556,1,1,P2,M2,F0,1,0,0,0,1,0,0,0,1
phase6v2-r01-downstream-medium-a01,1,DOWNSTREAM_MEDIUM,DOWNSTREAM,INPUT+DOWNSTREAM,0.5111902882046422,0.01264213138543386,0.28414612922131366,0.8553027652899791,1,2,P2,M2,F0,1,0,0,0,1,1,0,0,1
phase6v2-r01-output-load-control-a01,1,OUTPUT_LOAD_CONTROL,LOAD,LOAD+DOWNSTREAM,0.3830840753417953,0.03538488707222143,0.6445351753704748,0.7516501072658537,1,2,P2,M2,F0,1,0,0,1,0,0,0,1,1
phase6v2-r01-input-downstream-a01,1,INPUT_DOWNSTREAM,INPUT+DOWNSTREAM,INPUT+DOWNSTREAM,0.5834408635451495,0.009690634376869846,0.3116037664372676,0.8474395203038381,2,2,P2,M2,F0,1,1,0,0,1,1,0,0,1
phase6v2-r01-output-control-a01,1,OUTPUT_CONTROL,NONE,NONE,0.10666690511349516,0.11545132909589065,0.0018753060983163867,0.002854004770668076,0,0,P2,M2,F0,1,0,0,0,0,0,0,0,0
phase6v2-r01-output-downstream-a01,1,OUTPUT_DOWNSTREAM,OUTPUT+DOWNSTREAM,OUTPUT+DOWNSTREAM,0.002589692586521498,0.9748375654822066,0.1113892236390735,0.8895122718591615,2,2,P2,M2,F0,1,0,1,0,1,0,1,0,1
phase6v2-r01-baseline-a01,1,BASELINE,NONE,NONE,0.15890559938706456,0.017842621109425673,0.008797879629083993,0.0018836015986059445,0,0,P2,M2,F0,1,0,0,0,0,0,0,0,0
phase6v2-r01-output-load-a01,1,OUTPUT_LOAD,OUTPUT+LOAD,OUTPUT+LOAD,0.269900858403657,0.9266513932504774,0.9999772931739482,0.02509394565688422,2,2,P2,M2,F0,1,0,1,1,0,0,1,1,0
phase6v2-r01-load-medium-a01,1,LOAD_MEDIUM,LOAD,LOAD+DOWNSTREAM,0.393027904352183,0.06398730296715285,0.9332392724435888,0.5493369815207683,1,2,P2,M2,F0,1,0,0,1,0,0,0,1,1
phase6v2-r02-output-control-a01,2,OUTPUT_CONTROL,NONE,NONE,0.009734983087095762,0.13869326459713746,0.007610138867689777,0.15234160807550018,0,0,P2,M2,F0,2,0,0,0,0,0,0,0,0
phase6v2-r02-input-downstream-a01,2,INPUT_DOWNSTREAM,INPUT+DOWNSTREAM,INPUT+DOWNSTREAM,0.5857720936095814,0.009964738694022045,0.309468863099904,0.8472176649785353,2,2,P2,M2,F0,2,1,0,0,1,1,0,0,1
phase6v2-r02-baseline-a01,2,BASELINE,NONE,NONE,0.14859642297352574,0.016104124031202736,0.013461253472449227,0.0018259351446625672,0,0,P2,M2,F0,2,0,0,0,0,0,0,0,0
phase6v2-r02-output-medium-a01,2,OUTPUT_MEDIUM,OUTPUT,OUTPUT,4.2000562140948744e-05,0.9817970438250714,0.022008857044557056,0.10422082084372196,1,1,P2,M2,F0,2,0,1,0,0,0,1,0,0
phase6v2-r02-input-medium-a01,2,INPUT_MEDIUM,INPUT,INPUT,0.9239529657953504,0.009918669812638448,0.04423678745009861,0.12960465342639801,1,1,P2,M2,F0,2,1,0,0,0,1,0,0,0
phase6v2-r02-output-load-a01,2,OUTPUT_LOAD,OUTPUT+LOAD,OUTPUT+LOAD,0.16548844539295685,0.9525891914526473,0.9998936608837403,0.03456685824624373,2,2,P2,M2,F0,2,0,1,1,0,0,1,1,0
phase6v2-r02-output-downstream-a01,2,OUTPUT_DOWNSTREAM,OUTPUT+DOWNSTREAM,OUTPUT+DOWNSTREAM,0.0036572565824621655,0.9648401411445032,0.08040441673012315,0.8985507952772948,2,2,P2,M2,F0,2,0,1,0,1,0,1,0,1
phase6v2-r02-output-downstream-control-a01,2,OUTPUT_DOWNSTREAM_CONTROL,DOWNSTREAM,DOWNSTREAM,0.2655822693778591,0.17204986513064582,0.03504276287132282,0.9265105131225219,1,1,P2,M2,F0,2,0,0,0,1,0,0,0,1
phase6v2-r02-input-load-a01,2,INPUT_LOAD,INPUT+LOAD,INPUT+LOAD,0.842601019007883,0.24414924414853073,0.9985800722743966,0.10416437419695179,2,2,P2,M2,F0,2,1,0,1,0,1,0,1,0
phase6v2-r02-load-downstream-a01,2,LOAD_DOWNSTREAM,LOAD+DOWNSTREAM,LOAD,0.43093007661206484,0.05709726313554453,0.9461236794468209,0.49827393871531717,2,1,P2,M2,F0,2,0,0,1,1,0,0,1,0
phase6v2-r02-load-medium-a01,2,LOAD_MEDIUM,LOAD,LOAD+DOWNSTREAM,0.41092892364369815,0.058087378876553755,0.934891475749625,0.5222407109150233,1,2,P2,M2,F0,2,0,0,1,0,0,0,1,1
phase6v2-r02-downstream-medium-a01,2,DOWNSTREAM_MEDIUM,DOWNSTREAM,DOWNSTREAM,0.49859809077537237,0.013793005435535768,0.2935283392243573,0.8523655493349966,1,1,P2,M2,F0,2,0,0,0,1,0,0,0,1
phase6v2-r02-output-load-control-a01,2,OUTPUT_LOAD_CONTROL,LOAD,INPUT+DOWNSTREAM,0.5673280943565066,0.08415315136582695,0.1394451997144999,0.859675842363593,1,2,P2,M2,F0,2,0,0,1,0,1,0,0,1
phase6v2-r03-output-downstream-a01,3,OUTPUT_DOWNSTREAM,OUTPUT+DOWNSTREAM,OUTPUT+DOWNSTREAM,0.0021093149597445405,0.9791454041616346,0.10969926097241071,0.890738598849003,2,2,P2,M2,F0,3,0,1,0,1,0,1,0,1
phase6v2-r03-input-medium-a01,3,INPUT_MEDIUM,INPUT,INPUT,0.9261257332345436,0.01124662389253248,0.040283625579459546,0.1262527644537689,1,1,P2,M2,F0,3,1,0,0,0,1,0,0,0
phase6v2-r03-output-load-a01,3,OUTPUT_LOAD,OUTPUT+LOAD,OUTPUT+LOAD,0.2111606977932581,0.9534435299857872,0.9999841670678005,0.02165564282241182,2,2,P2,M2,F0,3,0,1,1,0,0,1,1,0
phase6v2-r03-input-downstream-a01,3,INPUT_DOWNSTREAM,INPUT+DOWNSTREAM,INPUT+DOWNSTREAM,0.5806154778191088,0.0098587151511622,0.3165663110627893,0.8460241195415842,2,2,P2,M2,F0,3,1,0,0,1,1,0,0,1
phase6v2-r03-input-load-a01,3,INPUT_LOAD,INPUT+LOAD,INPUT+LOAD,0.8345664617776243,0.255171830725368,0.9997065160658593,0.07200989389591861,2,2,P2,M2,F0,3,1,0,1,0,1,0,1,0
phase6v2-r03-baseline-a01,3,BASELINE,NONE,NONE,0.17551636358518996,0.01557249895604173,0.008693766865810667,0.0018936620837402313,0,0,P2,M2,F0,3,0,0,0,0,0,0,0,0
phase6v2-r03-downstream-medium-a01,3,DOWNSTREAM_MEDIUM,DOWNSTREAM,INPUT+DOWNSTREAM,0.5291910682982499,0.011717067852582011,0.2861999204965209,0.8545642787824345,1,2,P2,M2,F0,3,0,0,0,1,1,0,0,1
phase6v2-r03-output-load-control-a01,3,OUTPUT_LOAD_CONTROL,LOAD,LOAD+DOWNSTREAM,0.30132699562148346,0.05577451186399236,0.7034932274648867,0.7300980758907037,1,2,P2,M2,F0,3,0,0,1,0,0,0,1,1
phase6v2-r03-output-medium-a01,3,OUTPUT_MEDIUM,OUTPUT,OUTPUT,7.372739527064717e-05,0.9653047725491193,0.019458589803315444,0.10627752501938081,1,1,P2,M2,F0,3,0,1,0,0,0,1,0,0
phase6v2-r03-load-downstream-a01,3,LOAD_DOWNSTREAM,LOAD+DOWNSTREAM,LOAD+DOWNSTREAM,0.4442986224861525,0.05621368018955438,0.9470436859111757,0.5222598715996248,2,2,P2,M2,F0,3,0,0,1,1,0,0,1,1
phase6v2-r03-output-downstream-control-a01,3,OUTPUT_DOWNSTREAM_CONTROL,DOWNSTREAM,DOWNSTREAM,0.31283062864631866,0.12094115190091335,0.08182191157960718,0.8970230639734768,1,1,P2,M2,F0,3,0,0,0,1,0,0,0,1
phase6v2-r03-output-control-a01,3,OUTPUT_CONTROL,NONE,NONE,0.10768582368184688,0.11222400884918692,0.0018609935150516216,0.0028466731992034837,0,0,P2,M2,F0,3,0,0,0,0,0,0,0,0
phase6v2-r03-load-medium-a01,3,LOAD_MEDIUM,LOAD,LOAD+DOWNSTREAM,0.4205677260949306,0.05840183790250145,0.9366807072177623,0.5435789580433207,1,2,P2,M2,F0,3,0,0,1,0,0,0,1,1
phase6v2-r04-input-load-a01,4,INPUT_LOAD,INPUT+LOAD,INPUT+LOAD,0.8237173410500644,0.2581151434360387,0.999654840063668,0.07863073335253667,2,2,P2,M2,F0,4,1,0,1,0,1,0,1,0
phase6v2-r04-output-load-a01,4,OUTPUT_LOAD,OUTPUT+LOAD,OUTPUT+LOAD,0.22803583401844216,0.9310761767729574,0.9999659820630531,0.030081549028906952,2,2,P2,M2,F0,4,0,1,1,0,0,1,1,0
phase6v2-r04-downstream-medium-a01,4,DOWNSTREAM_MEDIUM,DOWNSTREAM,INPUT+DOWNSTREAM,0.5553827931059507,0.010671708881301775,0.2808536822560086,0.8559569585250002,1,2,P2,M2,F0,4,0,0,0,1,1,0,0,1
phase6v2-r04-output-control-a01,4,OUTPUT_CONTROL,NONE,NONE,0.008173425536598396,0.149916561347947,0.015189348424014286,0.12360194311422597,0,0,P2,M2,F0,4,0,0,0,0,0,0,0,0
phase6v2-r04-output-load-control-a01,4,OUTPUT_LOAD_CONTROL,LOAD,LOAD+DOWNSTREAM,0.3687587120159651,0.03807796650072131,0.6440413525000259,0.7510684730506009,1,2,P2,M2,F0,4,0,0,1,0,0,0,1,1
phase6v2-r04-output-downstream-control-a01,4,OUTPUT_DOWNSTREAM_CONTROL,DOWNSTREAM,DOWNSTREAM,0.3884026395103665,0.08605502509428116,0.08082614014348531,0.8995411328179274,1,1,P2,M2,F0,4,0,0,0,1,0,0,0,1
phase6v2-r04-baseline-a01,4,BASELINE,NONE,NONE,0.19445958684619769,0.012302211620756344,0.008871585803432783,0.002181537463223691,0,0,P2,M2,F0,4,0,0,0,0,0,0,0,0
phase6v2-r04-input-medium-a01,4,INPUT_MEDIUM,INPUT,INPUT,0.9304331550073168,0.008788458099199392,0.04085347166668473,0.13106948335241467,1,1,P2,M2,F0,4,1,0,0,0,1,0,0,0
phase6v2-r04-input-downstream-a01,4,INPUT_DOWNSTREAM,INPUT+DOWNSTREAM,INPUT+DOWNSTREAM,0.5910398325434864,0.009640057656300289,0.313061672733759,0.8471158515866206,2,2,P2,M2,F0,4,1,0,0,1,1,0,0,1
phase6v2-r04-output-downstream-a01,4,OUTPUT_DOWNSTREAM,OUTPUT+DOWNSTREAM,OUTPUT+DOWNSTREAM,0.0033830069256870093,0.9619081469819535,0.10495818058810447,0.8912757665176527,2,2,P2,M2,F0,4,0,1,0,1,0,1,0,1
phase6v2-r04-load-medium-a01,4,LOAD_MEDIUM,LOAD,LOAD+DOWNSTREAM,0.42575355793554004,0.057239122046936194,0.9348935250466699,0.5446194558923375,1,2,P2,M2,F0,4,0,0,1,0,0,0,1,1
phase6v2-r04-load-downstream-a01,4,LOAD_DOWNSTREAM,LOAD+DOWNSTREAM,LOAD+DOWNSTREAM,0.4605801647639446,0.05221566680486776,0.9438053789024758,0.5269742399800801,2,2,P2,M2,F0,4,0,0,1,1,0,0,1,1
phase6v2-r04-output-medium-a01,4,OUTPUT_MEDIUM,OUTPUT,OUTPUT,3.2337853371023306e-05,0.9852340716459366,0.02135287177135507,0.1119493032395161,1,1,P2,M2,F0,4,0,1,0,0,0,1,0,0
phase6v2-r05-output-downstream-a01,5,OUTPUT_DOWNSTREAM,OUTPUT+DOWNSTREAM,OUTPUT+DOWNSTREAM,0.003072934300713365,0.9642594069623878,0.10621570367429084,0.8911986652663085,2,2,P2,M2,F0,5,0,1,0,1,0,1,0,1
phase6v2-r05-input-downstream-a01,5,INPUT_DOWNSTREAM,INPUT+DOWNSTREAM,INPUT+DOWNSTREAM,0.5638989668416144,0.010763041062139473,0.3092881124995738,0.8490471612150963,2,2,P2,M2,F0,5,1,0,0,1,1,0,0,1
phase6v2-r05-load-downstream-a01,5,LOAD_DOWNSTREAM,LOAD+DOWNSTREAM,LOAD+DOWNSTREAM,0.4563907214333545,0.05706794725077476,0.9541506124397128,0.5022727844163379,2,2,P2,M2,F0,5,0,0,1,1,0,0,1,1
phase6v2-r05-output-downstream-control-a01,5,OUTPUT_DOWNSTREAM_CONTROL,DOWNSTREAM,DOWNSTREAM,0.23745393082833594,0.16338483380779434,0.08174444165914764,0.9004879435356467,1,1,P2,M2,F0,5,0,0,0,1,0,0,0,1
phase6v2-r05-output-load-control-a01,5,OUTPUT_LOAD_CONTROL,LOAD,LOAD+DOWNSTREAM,0.3703768085677174,0.036586645051756676,0.6195417730897816,0.7601589163850352,1,2,P2,M2,F0,5,0,0,1,0,0,0,1,1
phase6v2-r05-input-medium-a01,5,INPUT_MEDIUM,INPUT,INPUT,0.925710632346315,0.0091904787153854,0.04082218283311207,0.1311599030816812,1,1,P2,M2,F0,5,1,0,0,0,1,0,0,0
phase6v2-r05-output-control-a01,5,OUTPUT_CONTROL,NONE,NONE,0.004998725039771246,0.2339675062005643,0.015811791870555886,0.12254822299409363,0,0,P2,M2,F0,5,0,0,0,0,0,0,0,0
phase6v2-r05-baseline-a01,5,BASELINE,NONE,NONE,0.1862823658787045,0.013205847961818607,0.009007028304234629,0.0021541151934816737,0,0,P2,M2,F0,5,0,0,0,0,0,0,0,0
phase6v2-r05-input-load-a01,5,INPUT_LOAD,INPUT+LOAD,INPUT+LOAD,0.8409030404164652,0.24048612736414357,0.9996826719228886,0.07510458734775768,2,2,P2,M2,F0,5,1,0,1,0,1,0,1,0
phase6v2-r05-downstream-medium-a01,5,DOWNSTREAM_MEDIUM,DOWNSTREAM,INPUT+DOWNSTREAM,0.511921883841404,0.012749873200946865,0.27923855587015906,0.8573422068063321,1,2,P2,M2,F0,5,0,0,0,1,1,0,0,1
phase6v2-r05-load-medium-a01,5,LOAD_MEDIUM,LOAD,LOAD+DOWNSTREAM,0.4022329099649443,0.05828729257820023,0.9168217632452194,0.5733169172828729,1,2,P2,M2,F0,5,0,0,1,0,0,0,1,1
phase6v2-r05-output-medium-a01,5,OUTPUT_MEDIUM,OUTPUT,OUTPUT,1.582729918691013e-05,0.9930818715592937,0.022648826690349053,0.10954168403096366,1,1,P2,M2,F0,5,0,1,0,0,0,1,0,0
phase6v2-r05-output-load-a01,5,OUTPUT_LOAD,OUTPUT+LOAD,OUTPUT+LOAD,0.1707680296476995,0.9680156253176133,0.9999907410409995,0.01671461213305475,2,2,P2,M2,F0,5,0,1,1,0,0,1,1,0
phase6v2-r06-baseline-a01,6,BASELINE,NONE,NONE,0.17530615878683253,0.014167379573592185,0.00888698148377108,0.0018813872249194056,0,0,P2,M2,F0,6,0,0,0,0,0,0,0,0
phase6v2-r06-input-load-a01,6,INPUT_LOAD,INPUT+LOAD,INPUT+LOAD,0.831928492365185,0.237654145240359,0.9996074583402519,0.07952231892741495,2,2,P2,M2,F0,6,1,0,1,0,1,0,1,0
phase6v2-r06-output-downstream-control-a01,6,OUTPUT_DOWNSTREAM_CONTROL,DOWNSTREAM,DOWNSTREAM,0.36901693356347376,0.09055560502026305,0.07785336159863591,0.9015327658299301,1,1,P2,M2,F0,6,0,0,0,1,0,0,0,1
phase6v2-r06-input-medium-a01,6,INPUT_MEDIUM,INPUT,INPUT,0.9279482488688492,0.009775367385911834,0.04057813623834004,0.12648396642649395,1,1,P2,M2,F0,6,1,0,0,0,1,0,0,0
phase6v2-r06-output-load-control-a01,6,OUTPUT_LOAD_CONTROL,LOAD,LOAD+DOWNSTREAM,0.3749068889558609,0.03534242969726205,0.6144453152370519,0.7622402942472836,1,2,P2,M2,F0,6,0,0,1,0,0,0,1,1
phase6v2-r06-load-downstream-a01,6,LOAD_DOWNSTREAM,LOAD+DOWNSTREAM,LOAD,0.4399062758856689,0.06093970212669933,0.9554106544291618,0.498154263808461,2,1,P2,M2,F0,6,0,0,1,1,0,0,1,0
phase6v2-r06-output-load-a01,6,OUTPUT_LOAD,OUTPUT+LOAD,OUTPUT+LOAD,0.1729150265845441,0.9579863849102513,0.999977475080027,0.023972070173280412,2,2,P2,M2,F0,6,0,1,1,0,0,1,1,0
phase6v2-r06-downstream-medium-a01,6,DOWNSTREAM_MEDIUM,DOWNSTREAM,INPUT+DOWNSTREAM,0.5543675764297518,0.010503694520137498,0.27925538902744085,0.8575338855068405,1,2,P2,M2,F0,6,0,0,0,1,1,0,0,1
phase6v2-r06-input-downstream-a01,6,INPUT_DOWNSTREAM,INPUT+DOWNSTREAM,INPUT+DOWNSTREAM,0.5794679431047625,0.009917531617808043,0.31088953994489665,0.8488359332389326,2,2,P2,M2,F0,6,1,0,0,1,1,0,0,1
phase6v2-r06-load-medium-a01,6,LOAD_MEDIUM,LOAD,LOAD+DOWNSTREAM,0.4223416490342202,0.05087713836717072,0.9051176131542266,0.5884560524457351,1,2,P2,M2,F0,6,0,0,1,0,0,0,1,1
phase6v2-r06-output-medium-a01,6,OUTPUT_MEDIUM,OUTPUT,OUTPUT,3.170183496538335e-05,0.985103931158244,0.021576403317180085,0.10263454375231897,1,1,P2,M2,F0,6,0,1,0,0,0,1,0,0
phase6v2-r06-output-control-a01,6,OUTPUT_CONTROL,NONE,NONE,0.07704985951524689,0.03803249881277083,0.00950798209096528,0.001840399259895629,0,0,P2,M2,F0,6,0,0,0,0,0,0,0,0
phase6v2-r06-output-downstream-a01,6,OUTPUT_DOWNSTREAM,OUTPUT+DOWNSTREAM,OUTPUT+DOWNSTREAM,0.0018377229300605737,0.980547729800998,0.11068463593731025,0.8901984918331346,2,2,P2,M2,F0,6,0,1,0,1,0,1,0,1
phase6v2-r07-output-load-a01,7,OUTPUT_LOAD,OUTPUT+LOAD,OUTPUT+LOAD,0.2273523065166907,0.9410805290163552,0.9999768392022882,0.025081289831778868,2,2,P2,M2,F0,7,0,1,1,0,0,1,1,0
phase6v2-r07-load-downstream-a01,7,LOAD_DOWNSTREAM,LOAD+DOWNSTREAM,LOAD+DOWNSTREAM,0.4422714503768232,0.05267296557222592,0.9355682246320758,0.5446000603157732,2,2,P2,M2,F0,7,0,0,1,1,0,0,1,1
phase6v2-r07-baseline-a01,7,BASELINE,NONE,NONE,0.19354558497887372,0.013861915318491722,0.008468741518972226,0.0019079025925554305,0,0,P2,M2,F0,7,0,0,0,0,0,0,0,0
phase6v2-r07-input-downstream-a01,7,INPUT_DOWNSTREAM,INPUT+DOWNSTREAM,INPUT+DOWNSTREAM,0.5853511316068878,0.00954898611776154,0.31040914003361403,0.8481886558083862,2,2,P2,M2,F0,7,1,0,0,1,1,0,0,1
phase6v2-r07-output-downstream-control-a01,7,OUTPUT_DOWNSTREAM_CONTROL,DOWNSTREAM,DOWNSTREAM,0.32616806140362914,0.11376493182354717,0.08023151515663561,0.8984936232858495,1,1,P2,M2,F0,7,0,0,0,1,0,0,0,1
phase6v2-r07-output-load-control-a01,7,OUTPUT_LOAD_CONTROL,LOAD,LOAD+DOWNSTREAM,0.3577960898382242,0.0378974357988477,0.6166213751748784,0.762172840026242,1,2,P2,M2,F0,7,0,0,1,0,0,0,1,1
phase6v2-r07-downstream-medium-a01,7,DOWNSTREAM_MEDIUM,DOWNSTREAM,DOWNSTREAM,0.4921917268658985,0.013598253927567916,0.28304438970208573,0.8561703994058992,1,1,P2,M2,F0,7,0,0,0,1,0,0,0,1
phase6v2-r07-output-control-a01,7,OUTPUT_CONTROL,NONE,NONE,0.11510097465946537,0.10711821220794553,0.0018835475641402295,0.0028314841419483407,0,0,P2,M2,F0,7,0,0,0,0,0,0,0,0
phase6v2-r07-input-load-a01,7,INPUT_LOAD,INPUT+LOAD,INPUT+LOAD,0.8224487099989415,0.26549376218356774,0.9996873926028158,0.07342585143041545,2,2,P2,M2,F0,7,1,0,1,0,1,0,1,0
phase6v2-r07-output-medium-a01,7,OUTPUT_MEDIUM,OUTPUT,OUTPUT,6.283861179528283e-05,0.9718347233427613,0.019579993756192172,0.10608329104144847,1,1,P2,M2,F0,7,0,1,0,0,0,1,0,0
phase6v2-r07-load-medium-a01,7,LOAD_MEDIUM,LOAD,LOAD+DOWNSTREAM,0.4117170935450987,0.05375928148412578,0.9117317857631109,0.5823363557149935,1,2,P2,M2,F0,7,0,0,1,0,0,0,1,1
phase6v2-r07-input-medium-a01,7,INPUT_MEDIUM,INPUT,INPUT,0.9289296756422227,0.010488617996913504,0.039890973900733234,0.1265658986419556,1,1,P2,M2,F0,7,1,0,0,0,1,0,0,0
phase6v2-r07-output-downstream-a01,7,OUTPUT_DOWNSTREAM,OUTPUT+DOWNSTREAM,OUTPUT+DOWNSTREAM,0.0036819894912107276,0.9625063569149758,0.10684818945212897,0.891192575838207,2,2,P2,M2,F0,7,0,1,0,1,0,1,0,1
phase6v2-r08-output-load-control-a01,8,OUTPUT_LOAD_CONTROL,LOAD,DOWNSTREAM,0.3526338948740692,0.033767895372585996,0.49851067538025673,0.7970432868045702,1,1,P2,M2,F0,8,0,0,1,0,0,0,0,1
phase6v2-r08-input-medium-a01,8,INPUT_MEDIUM,INPUT,INPUT,0.9295226541917395,0.008853516836038763,0.03989125574131665,0.13172409187695314,1,1,P2,M2,F0,8,1,0,0,0,1,0,0,0
phase6v2-r08-output-medium-a01,8,OUTPUT_MEDIUM,OUTPUT,OUTPUT,3.7675557890513084e-05,0.9819601195453093,0.02067417452174591,0.11196103306225987,1,1,P2,M2,F0,8,0,1,0,0,0,1,0,0
phase6v2-r08-output-control-a01,8,OUTPUT_CONTROL,NONE,NONE,0.007038197719296846,0.1693325217892046,0.01503131362755954,0.12553005156556651,0,0,P2,M2,F0,8,0,0,0,0,0,0,0,0
phase6v2-r08-baseline-a01,8,BASELINE,NONE,NONE,0.1791337261787723,0.013568830745561406,0.008811633910636829,0.0021605640659148307,0,0,P2,M2,F0,8,0,0,0,0,0,0,0,0
phase6v2-r08-input-load-a01,8,INPUT_LOAD,INPUT+LOAD,INPUT+LOAD,0.8298698516066845,0.25301765654332226,0.999705472911749,0.07514233287803339,2,2,P2,M2,F0,8,1,0,1,0,1,0,1,0
phase6v2-r08-output-load-a01,8,OUTPUT_LOAD,OUTPUT+LOAD,OUTPUT+LOAD,0.10929579506993019,0.9782895579749679,0.9999880445111504,0.019241551809623964,2,2,P2,M2,F0,8,0,1,1,0,0,1,1,0
phase6v2-r08-downstream-medium-a01,8,DOWNSTREAM_MEDIUM,DOWNSTREAM,INPUT+DOWNSTREAM,0.5608759156904657,0.010309111636538335,0.2706720838557156,0.8588334769753102,1,2,P2,M2,F0,8,0,0,0,1,1,0,0,1
phase6v2-r08-output-downstream-control-a01,8,OUTPUT_DOWNSTREAM_CONTROL,DOWNSTREAM,DOWNSTREAM,0.3750753583286546,0.0894303224130013,0.07783203927560221,0.903100710891146,1,1,P2,M2,F0,8,0,0,0,1,0,0,0,1
phase6v2-r08-load-medium-a01,8,LOAD_MEDIUM,LOAD,LOAD+DOWNSTREAM,0.4171956391518568,0.056024432148052895,0.924998449103613,0.5602460659953223,1,2,P2,M2,F0,8,0,0,1,0,0,0,1,1
phase6v2-r08-output-downstream-a01,8,OUTPUT_DOWNSTREAM,OUTPUT+DOWNSTREAM,OUTPUT+DOWNSTREAM,0.0031275956783577185,0.9638605446201403,0.10430614479537975,0.8912512217988547,2,2,P2,M2,F0,8,0,1,0,1,0,1,0,1
phase6v2-r08-input-downstream-a01,8,INPUT_DOWNSTREAM,INPUT+DOWNSTREAM,INPUT+DOWNSTREAM,0.5838432817005251,0.00983136191198744,0.30241513373608353,0.8501712137974754,2,2,P2,M2,F0,8,1,0,0,1,1,0,0,1
phase6v2-r08-load-downstream-a01,8,LOAD_DOWNSTREAM,LOAD+DOWNSTREAM,LOAD+DOWNSTREAM,0.44536942470331103,0.05844078791132301,0.9535866304262129,0.5034555762946422,2,2,P2,M2,F0,8,0,0,1,1,0,0,1,1
phase6v2-r01-input-medium-a01,1,INPUT_MEDIUM,INPUT,INPUT+DOWNSTREAM,0.7766169974904376,0.017543328673266797,0.0316420984751592,0.7438513553578486,1,2,P2,M2,F1,1,1,0,0,0,1,0,0,1
phase6v2-r01-input-load-a01,1,INPUT_LOAD,INPUT+LOAD,INPUT+LOAD,0.9256529335072117,0.3100122082590828,0.998158833251402,0.3083354437472828,2,2,P2,M2,F1,1,1,0,1,0,1,0,1,0
phase6v2-r01-output-medium-a01,1,OUTPUT_MEDIUM,OUTPUT,OUTPUT+DOWNSTREAM,0.0003147296410808607,0.9947124019827506,0.015284776098286641,0.671430104318238,1,2,P2,M2,F1,1,0,1,0,0,0,1,0,1
phase6v2-r01-load-downstream-a01,1,LOAD_DOWNSTREAM,LOAD+DOWNSTREAM,LOAD+DOWNSTREAM,0.3806665840136361,0.055571918198929274,0.9715405001654767,0.5042012799160921,2,2,P2,M2,F1,1,0,0,1,1,0,0,1,1
phase6v2-r01-output-downstream-control-a01,1,OUTPUT_DOWNSTREAM_CONTROL,DOWNSTREAM,DOWNSTREAM,0.4428181875130711,0.11677865687413962,0.009101032838179004,0.7416122632111015,1,1,P2,M2,F1,1,0,0,0,1,0,0,0,1
phase6v2-r01-downstream-medium-a01,1,DOWNSTREAM_MEDIUM,DOWNSTREAM,INPUT+DOWNSTREAM,0.7510524982350266,0.025073050365906617,0.038647118469473676,0.7502257662388266,1,2,P2,M2,F1,1,0,0,0,1,1,0,0,1
phase6v2-r01-output-load-control-a01,1,OUTPUT_LOAD_CONTROL,LOAD,LOAD+DOWNSTREAM,0.11739756283743089,0.029773343582967352,0.9434064544527027,0.5232682275027477,1,2,P2,M2,F1,1,0,0,1,0,0,0,1,1
phase6v2-r01-input-downstream-a01,1,INPUT_DOWNSTREAM,INPUT+DOWNSTREAM,INPUT+DOWNSTREAM,0.8298867324581052,0.018549653966407207,0.04310573780254705,0.754817807774369,2,2,P2,M2,F1,1,1,0,0,1,1,0,0,1
phase6v2-r01-output-control-a01,1,OUTPUT_CONTROL,NONE,DOWNSTREAM,0.3012317077995323,0.04955827782455459,0.007284077877014389,0.5918817346734424,0,1,P2,M2,F1,1,0,0,0,0,0,0,0,1
phase6v2-r01-output-downstream-a01,1,OUTPUT_DOWNSTREAM,OUTPUT+DOWNSTREAM,OUTPUT+DOWNSTREAM,0.00015578823943521205,0.9944801966617003,0.028293079533360972,0.5230995990124649,2,2,P2,M2,F1,1,0,1,0,1,0,1,0,1
phase6v2-r01-baseline-a01,1,BASELINE,NONE,INPUT+DOWNSTREAM,0.5363834618405945,0.014875168738126589,0.03468568104650533,0.5998446810079302,0,2,P2,M2,F1,1,0,0,0,0,1,0,0,1
phase6v2-r01-output-load-a01,1,OUTPUT_LOAD,OUTPUT+LOAD,OUTPUT+LOAD,0.28252996764321764,0.9427117019875377,0.9997257554063188,0.10913116241803185,2,2,P2,M2,F1,1,0,1,1,0,0,1,1,0
phase6v2-r01-load-medium-a01,1,LOAD_MEDIUM,LOAD,LOAD,0.1746214696738101,0.03871622402974203,0.9692610098409603,0.3252346794736297,1,1,P2,M2,F1,1,0,0,1,0,0,0,1,0
phase6v2-r02-output-control-a01,2,OUTPUT_CONTROL,NONE,DOWNSTREAM,0.3397669499106743,0.10128605777280378,0.008250633412479775,0.8096644602027122,0,1,P2,M2,F1,2,0,0,0,0,0,0,0,1
phase6v2-r02-input-downstream-a01,2,INPUT_DOWNSTREAM,INPUT+DOWNSTREAM,INPUT+DOWNSTREAM,0.8388970300763802,0.011682946205694482,0.05463756813895878,0.8224880129481424,2,2,P2,M2,F1,2,1,0,0,1,1,0,0,1
phase6v2-r02-baseline-a01,2,BASELINE,NONE,INPUT+DOWNSTREAM,0.6821798354985247,0.015462765447939683,0.03527082697043435,0.7991656909146406,0,2,P2,M2,F1,2,0,0,0,0,1,0,0,1
phase6v2-r02-output-medium-a01,2,OUTPUT_MEDIUM,OUTPUT,OUTPUT+DOWNSTREAM,0.000217145074954408,0.9947651760303553,0.01933990097662616,0.7566701641395249,1,2,P2,M2,F1,2,0,1,0,0,0,1,0,1
phase6v2-r02-input-medium-a01,2,INPUT_MEDIUM,INPUT,INPUT+DOWNSTREAM,0.7634267311667555,0.012600922656253882,0.03994313916756895,0.7992091187675284,1,2,P2,M2,F1,2,1,0,0,0,1,0,0,1
phase6v2-r02-output-load-a01,2,OUTPUT_LOAD,OUTPUT+LOAD,OUTPUT+LOAD,0.2601808583454812,0.947750595088429,0.9995963532624251,0.25792000059742975,2,2,P2,M2,F1,2,0,1,1,0,0,1,1,0
phase6v2-r02-output-downstream-a01,2,OUTPUT_DOWNSTREAM,OUTPUT+DOWNSTREAM,OUTPUT+DOWNSTREAM,0.0005053285907939811,0.991962613609128,0.025884402693525925,0.7734348937157448,2,2,P2,M2,F1,2,0,1,0,1,0,1,0,1
phase6v2-r02-output-downstream-control-a01,2,OUTPUT_DOWNSTREAM_CONTROL,DOWNSTREAM,DOWNSTREAM,0.35284252405942135,0.08278981097632077,0.01101821141585393,0.7896245707435802,1,1,P2,M2,F1,2,0,0,0,1,0,0,0,1
phase6v2-r02-input-load-a01,2,INPUT_LOAD,INPUT+LOAD,INPUT+LOAD,0.8701645934187131,0.23760969408944016,0.9985015357089536,0.17388014806834098,2,2,P2,M2,F1,2,1,0,1,0,1,0,1,0
phase6v2-r02-load-downstream-a01,2,LOAD_DOWNSTREAM,LOAD+DOWNSTREAM,LOAD,0.2458746862727994,0.0370219335115569,0.9739228278491021,0.3130019499381655,2,1,P2,M2,F1,2,0,0,1,1,0,0,1,0
phase6v2-r02-load-medium-a01,2,LOAD_MEDIUM,LOAD,LOAD,0.18560423273398222,0.03832904270914647,0.9690677841257815,0.29712532212074,1,1,P2,M2,F1,2,0,0,1,0,0,0,1,0
phase6v2-r02-downstream-medium-a01,2,DOWNSTREAM_MEDIUM,DOWNSTREAM,INPUT+DOWNSTREAM,0.6190996442709376,0.01628553929492409,0.0458460503363336,0.5971468383012257,1,2,P2,M2,F1,2,0,0,0,1,1,0,0,1
phase6v2-r02-output-load-control-a01,2,OUTPUT_LOAD_CONTROL,LOAD,LOAD,0.05322893178775802,0.030232914315119208,0.9624897695163498,0.3367171144987937,1,1,P2,M2,F1,2,0,0,1,0,0,0,1,0
phase6v2-r03-output-downstream-a01,3,OUTPUT_DOWNSTREAM,OUTPUT+DOWNSTREAM,OUTPUT+DOWNSTREAM,0.0001304896265492374,0.9946443032489287,0.027483740654646482,0.5029287330407962,2,2,P2,M2,F1,3,0,1,0,1,0,1,0,1
phase6v2-r03-input-medium-a01,3,INPUT_MEDIUM,INPUT,INPUT+DOWNSTREAM,0.6353030979088982,0.011735585711212262,0.0388260757906487,0.5911891846031841,1,2,P2,M2,F1,3,1,0,0,0,1,0,0,1
phase6v2-r03-output-load-a01,3,OUTPUT_LOAD,OUTPUT+LOAD,OUTPUT+LOAD,0.2157361820061128,0.9599941043050974,0.9997646654314054,0.09427590012731143,2,2,P2,M2,F1,3,0,1,1,0,0,1,1,0
phase6v2-r03-input-downstream-a01,3,INPUT_DOWNSTREAM,INPUT+DOWNSTREAM,INPUT+DOWNSTREAM,0.7208788194461946,0.011371854402828702,0.05309445980044751,0.6033744293086246,2,2,P2,M2,F1,3,1,0,0,1,1,0,0,1
phase6v2-r03-input-load-a01,3,INPUT_LOAD,INPUT+LOAD,INPUT+LOAD,0.8742632734797025,0.2488915736308147,0.9987745018964242,0.17564518254813927,2,2,P2,M2,F1,3,1,0,1,0,1,0,1,0
phase6v2-r03-baseline-a01,3,BASELINE,NONE,INPUT+DOWNSTREAM,0.5542106968858769,0.013215196914462315,0.03394209065650033,0.5811965366928458,0,2,P2,M2,F1,3,0,0,0,0,1,0,0,1
phase6v2-r03-downstream-medium-a01,3,DOWNSTREAM_MEDIUM,DOWNSTREAM,INPUT+DOWNSTREAM,0.6439034542229333,0.013579510228256288,0.04633752478318351,0.5985839614936282,1,2,P2,M2,F1,3,0,0,0,1,1,0,0,1
phase6v2-r03-output-load-control-a01,3,OUTPUT_LOAD_CONTROL,LOAD,LOAD,0.05886956461207208,0.0237606771003438,0.9605633908411363,0.3536035060049432,1,1,P2,M2,F1,3,0,0,1,0,0,0,1,0
phase6v2-r03-output-medium-a01,3,OUTPUT_MEDIUM,OUTPUT,OUTPUT+DOWNSTREAM,0.0002375435964615236,0.9871826644644301,0.017179581556538488,0.5080499303690946,1,2,P2,M2,F1,3,0,1,0,0,0,1,0,1
phase6v2-r03-load-downstream-a01,3,LOAD_DOWNSTREAM,LOAD+DOWNSTREAM,LOAD,0.23771265029305705,0.03686311098659029,0.9742991232260665,0.3222320833667437,2,1,P2,M2,F1,3,0,0,1,1,0,0,1,0
phase6v2-r03-output-downstream-control-a01,3,OUTPUT_DOWNSTREAM_CONTROL,DOWNSTREAM,DOWNSTREAM,0.22376372244055293,0.11750311111021608,0.011920281017820354,0.5914856504983104,1,1,P2,M2,F1,3,0,0,0,1,0,0,0,1
phase6v2-r03-output-control-a01,3,OUTPUT_CONTROL,NONE,DOWNSTREAM,0.2862935865188716,0.05399895181824202,0.007344525620952308,0.584544432263021,0,1,P2,M2,F1,3,0,0,0,0,0,0,0,1
phase6v2-r03-load-medium-a01,3,LOAD_MEDIUM,LOAD,LOAD,0.19450522526278716,0.03839138781758484,0.9712439225298675,0.3193773192699375,1,1,P2,M2,F1,3,0,0,1,0,0,0,1,0
phase6v2-r04-input-load-a01,4,INPUT_LOAD,INPUT+LOAD,INPUT+LOAD,0.8619161926280371,0.24404958849092126,0.9986832604877413,0.18471011603131843,2,2,P2,M2,F1,4,1,0,1,0,1,0,1,0
phase6v2-r04-output-load-a01,4,OUTPUT_LOAD,OUTPUT+LOAD,OUTPUT+LOAD,0.23169550445279102,0.940307708583505,0.9996839382741228,0.12227442569140905,2,2,P2,M2,F1,4,0,1,1,0,0,1,1,0
phase6v2-r04-downstream-medium-a01,4,DOWNSTREAM_MEDIUM,DOWNSTREAM,INPUT+DOWNSTREAM,0.668407677519361,0.012005282917823358,0.04644567099956714,0.6018379264687606,1,2,P2,M2,F1,4,0,0,0,1,1,0,0,1
phase6v2-r04-output-control-a01,4,OUTPUT_CONTROL,NONE,DOWNSTREAM,0.21516878812366533,0.06518057390824926,0.007852990583251103,0.5704273177228735,0,1,P2,M2,F1,4,0,0,0,0,0,0,0,1
phase6v2-r04-output-load-control-a01,4,OUTPUT_LOAD_CONTROL,LOAD,LOAD,0.06895725793375548,0.019227521545750803,0.9551719025704167,0.3772548887041252,1,1,P2,M2,F1,4,0,0,1,0,0,0,1,0
phase6v2-r04-output-downstream-control-a01,4,OUTPUT_DOWNSTREAM_CONTROL,DOWNSTREAM,DOWNSTREAM,0.35491874735382933,0.053018191958384364,0.010747626931704538,0.58596743940144,1,1,P2,M2,F1,4,0,0,0,1,0,0,0,1
phase6v2-r04-baseline-a01,4,BASELINE,NONE,INPUT+DOWNSTREAM,0.5981774458011025,0.011321383409686789,0.03403031782585196,0.5903691063223125,0,2,P2,M2,F1,4,0,0,0,0,1,0,0,1
phase6v2-r04-input-medium-a01,4,INPUT_MEDIUM,INPUT,INPUT+DOWNSTREAM,0.6488305308387362,0.011034202964419416,0.03971580774650192,0.5959197091819807,1,2,P2,M2,F1,4,1,0,0,0,1,0,0,1
phase6v2-r04-input-downstream-a01,4,INPUT_DOWNSTREAM,INPUT+DOWNSTREAM,INPUT+DOWNSTREAM,0.7271655477094928,0.011048496743924125,0.053744320395942825,0.6078882619463208,2,2,P2,M2,F1,4,1,0,0,1,1,0,0,1
phase6v2-r04-output-downstream-a01,4,OUTPUT_DOWNSTREAM,OUTPUT+DOWNSTREAM,OUTPUT+DOWNSTREAM,0.000505325693311066,0.9922899799499193,0.019656541630874647,0.686783839657131,2,2,P2,M2,F1,4,0,1,0,1,0,1,0,1
phase6v2-r04-load-medium-a01,4,LOAD_MEDIUM,LOAD,LOAD,0.3482461981506728,0.04329952036610853,0.9617426683153927,0.46459735790253426,1,1,P2,M2,F1,4,0,0,1,0,0,0,1,0
phase6v2-r04-load-downstream-a01,4,LOAD_DOWNSTREAM,LOAD+DOWNSTREAM,LOAD,0.427423342977953,0.0392945842661614,0.967502105025139,0.474723036593593,2,1,P2,M2,F1,4,0,0,1,1,0,0,1,0
phase6v2-r04-output-medium-a01,4,OUTPUT_MEDIUM,OUTPUT,OUTPUT+DOWNSTREAM,0.00016438556379113638,0.9958918046386279,0.014971727111666467,0.6678179016084117,1,2,P2,M2,F1,4,0,1,0,0,0,1,0,1
phase6v2-r05-output-downstream-a01,5,OUTPUT_DOWNSTREAM,OUTPUT+DOWNSTREAM,OUTPUT+DOWNSTREAM,0.00036479185029745777,0.9921970604512178,0.023298799303063004,0.6538199608258062,2,2,P2,M2,F1,5,0,1,0,1,0,1,0,1
phase6v2-r05-input-downstream-a01,5,INPUT_DOWNSTREAM,INPUT+DOWNSTREAM,INPUT+DOWNSTREAM,0.7992817560639847,0.013391151631984935,0.048966334063748625,0.7049511942007212,2,2,P2,M2,F1,5,1,0,0,1,1,0,0,1
phase6v2-r05-load-downstream-a01,5,LOAD_DOWNSTREAM,LOAD+DOWNSTREAM,LOAD,0.2757973364407513,0.038276112246919125,0.9760565088916318,0.3399183911712088,2,1,P2,M2,F1,5,0,0,1,1,0,0,1,0
phase6v2-r05-output-downstream-control-a01,5,OUTPUT_DOWNSTREAM_CONTROL,DOWNSTREAM,DOWNSTREAM,0.22426690067548846,0.07868328173750094,0.010543062540505094,0.5768960427603989,1,1,P2,M2,F1,5,0,0,0,1,0,0,0,1
phase6v2-r05-output-load-control-a01,5,OUTPUT_LOAD_CONTROL,LOAD,LOAD,0.06692839546372478,0.017974233154422127,0.952989107783979,0.37786965339929146,1,1,P2,M2,F1,5,0,0,1,0,0,0,1,0
phase6v2-r05-input-medium-a01,5,INPUT_MEDIUM,INPUT,INPUT+DOWNSTREAM,0.6490853191972539,0.011623347266540464,0.03759887105081839,0.6037214140986097,1,2,P2,M2,F1,5,1,0,0,0,1,0,0,1
phase6v2-r05-output-control-a01,5,OUTPUT_CONTROL,NONE,DOWNSTREAM,0.15147254213742167,0.08541526699022674,0.007401393163027545,0.5593794519606313,0,1,P2,M2,F1,5,0,0,0,0,0,0,0,1
phase6v2-r05-baseline-a01,5,BASELINE,NONE,INPUT+DOWNSTREAM,0.5965409530267146,0.012429966305347467,0.0324383960050275,0.5991066195578235,0,2,P2,M2,F1,5,0,0,0,0,1,0,0,1
phase6v2-r05-input-load-a01,5,INPUT_LOAD,INPUT+LOAD,INPUT+LOAD,0.8743994323130129,0.23595355170327034,0.9986549162327965,0.17805536961937365,2,2,P2,M2,F1,5,1,0,1,0,1,0,1,0
phase6v2-r05-downstream-medium-a01,5,DOWNSTREAM_MEDIUM,DOWNSTREAM,INPUT+DOWNSTREAM,0.6354306453800984,0.014345732342816726,0.04550752733342086,0.6075539679145514,1,2,P2,M2,F1,5,0,0,0,1,1,0,0,1
phase6v2-r05-load-medium-a01,5,LOAD_MEDIUM,LOAD,LOAD,0.175601483849116,0.03524331794994353,0.9701926059011572,0.34390879729042045,1,1,P2,M2,F1,5,0,0,1,0,0,0,1,0
phase6v2-r05-output-medium-a01,5,OUTPUT_MEDIUM,OUTPUT,OUTPUT+DOWNSTREAM,3.749323878232726e-05,0.9971299722056091,0.01963745204787067,0.5231317350788645,1,2,P2,M2,F1,5,0,1,0,0,0,1,0,1
phase6v2-r05-output-load-a01,5,OUTPUT_LOAD,OUTPUT+LOAD,OUTPUT+LOAD,0.1933845638330576,0.9718614046022371,0.9998403234313722,0.09297241248654345,2,2,P2,M2,F1,5,0,1,1,0,0,1,1,0
phase6v2-r06-baseline-a01,6,BASELINE,NONE,INPUT+DOWNSTREAM,0.5517435228100831,0.01338768800885916,0.033912823145870505,0.5828661039731068,0,2,P2,M2,F1,6,0,0,0,0,1,0,0,1
phase6v2-r06-input-load-a01,6,INPUT_LOAD,INPUT+LOAD,INPUT+LOAD,0.8591783120192407,0.22673411507482757,0.9985700428949789,0.18032380002590598,2,2,P2,M2,F1,6,1,0,1,0,1,0,1,0
phase6v2-r06-output-downstream-control-a01,6,OUTPUT_DOWNSTREAM_CONTROL,DOWNSTREAM,DOWNSTREAM,0.28028810673367494,0.10071148889222833,0.011590598728924904,0.5967250360829789,1,1,P2,M2,F1,6,0,0,0,1,0,0,0,1
phase6v2-r06-input-medium-a01,6,INPUT_MEDIUM,INPUT,INPUT+DOWNSTREAM,0.6406987297661427,0.011213556882868,0.038569916830430644,0.5904763151518384,1,2,P2,M2,F1,6,1,0,0,0,1,0,0,1
phase6v2-r06-output-load-control-a01,6,OUTPUT_LOAD_CONTROL,LOAD,LOAD,0.0603535470584668,0.017064717006346996,0.9533020910569082,0.3578552695676143,1,1,P2,M2,F1,6,0,0,1,0,0,0,1,0
phase6v2-r06-load-downstream-a01,6,LOAD_DOWNSTREAM,LOAD+DOWNSTREAM,LOAD,0.24902273258942706,0.039622515649387215,0.9767272370291236,0.3239549986627186,2,1,P2,M2,F1,6,0,0,1,1,0,0,1,0
phase6v2-r06-output-load-a01,6,OUTPUT_LOAD,OUTPUT+LOAD,OUTPUT+LOAD,0.22802062233715298,0.9629244934907119,0.9998019088760013,0.12053187117266284,2,2,P2,M2,F1,6,0,1,1,0,0,1,1,0
phase6v2-r06-downstream-medium-a01,6,DOWNSTREAM_MEDIUM,DOWNSTREAM,INPUT+DOWNSTREAM,0.6728500256108507,0.012300511873634628,0.045527210255932225,0.6061051089297627,1,2,P2,M2,F1,6,0,0,0,1,1,0,0,1
phase6v2-r06-input-downstream-a01,6,INPUT_DOWNSTREAM,INPUT+DOWNSTREAM,INPUT+DOWNSTREAM,0.7212217185290896,0.01150410307212201,0.05271491890190624,0.6105707926792406,2,2,P2,M2,F1,6,1,0,0,1,1,0,0,1
phase6v2-r06-load-medium-a01,6,LOAD_MEDIUM,LOAD,LOAD,0.15640363596714305,0.03176773449023671,0.9660016593125536,0.3230667477519633,1,1,P2,M2,F1,6,0,0,1,0,0,0,1,0
phase6v2-r06-output-medium-a01,6,OUTPUT_MEDIUM,OUTPUT,OUTPUT+DOWNSTREAM,9.557251322318273e-05,0.995410900519343,0.019518467375841102,0.5023597753664494,1,2,P2,M2,F1,6,0,1,0,0,0,1,0,1
phase6v2-r06-output-control-a01,6,OUTPUT_CONTROL,NONE,DOWNSTREAM,0.45890213661846324,0.056895578925192404,0.007700877278528949,0.6255644595760035,0,1,P2,M2,F1,6,0,0,0,0,0,0,0,1
phase6v2-r06-output-downstream-a01,6,OUTPUT_DOWNSTREAM,OUTPUT+DOWNSTREAM,OUTPUT+DOWNSTREAM,0.00013665618602155452,0.9958027594413389,0.027860148374165294,0.5217486497917322,2,2,P2,M2,F1,6,0,1,0,1,0,1,0,1
phase6v2-r07-output-load-a01,7,OUTPUT_LOAD,OUTPUT+LOAD,OUTPUT+LOAD,0.3239043814828218,0.949709644250582,0.999840912602598,0.13495187587885138,2,2,P2,M2,F1,7,0,1,1,0,0,1,1,0
phase6v2-r07-load-downstream-a01,7,LOAD_DOWNSTREAM,LOAD+DOWNSTREAM,LOAD,0.23742965987158546,0.03314672995695654,0.9756875901576252,0.34052613764170386,2,1,P2,M2,F1,7,0,0,1,1,0,0,1,0
phase6v2-r07-baseline-a01,7,BASELINE,NONE,INPUT+DOWNSTREAM,0.5781099330973151,0.011489643317252588,0.03309348952303735,0.5787594296164973,0,2,P2,M2,F1,7,0,0,0,0,1,0,0,1
phase6v2-r07-input-downstream-a01,7,INPUT_DOWNSTREAM,INPUT+DOWNSTREAM,INPUT+DOWNSTREAM,0.7259598905082489,0.011068321593366591,0.05259031149911056,0.6067085319162729,2,2,P2,M2,F1,7,1,0,0,1,1,0,0,1
phase6v2-r07-output-downstream-control-a01,7,OUTPUT_DOWNSTREAM_CONTROL,DOWNSTREAM,DOWNSTREAM,0.2937107973241793,0.06088423856249592,0.01068552049182218,0.5687148136389721,1,1,P2,M2,F1,7,0,0,0,1,0,0,0,1
phase6v2-r07-output-load-control-a01,7,OUTPUT_LOAD_CONTROL,LOAD,LOAD,0.053917095069527465,0.01790942953372394,0.9509326245375138,0.3460330165910673,1,1,P2,M2,F1,7,0,0,1,0,0,0,1,0
phase6v2-r07-downstream-medium-a01,7,DOWNSTREAM_MEDIUM,DOWNSTREAM,INPUT+DOWNSTREAM,0.6005377994332319,0.015730454851626843,0.04738227162641202,0.5995623176507329,1,2,P2,M2,F1,7,0,0,0,1,1,0,0,1
phase6v2-r07-output-control-a01,7,OUTPUT_CONTROL,NONE,DOWNSTREAM,0.30454829867325706,0.050162341181188855,0.007259384962509853,0.5786831848130384,0,1,P2,M2,F1,7,0,0,0,0,0,0,0,1
phase6v2-r07-input-load-a01,7,INPUT_LOAD,INPUT+LOAD,INPUT+LOAD,0.8606027491714944,0.2527256791562828,0.9988027950423608,0.17610797504079395,2,2,P2,M2,F1,7,1,0,1,0,1,0,1,0
phase6v2-r07-output-medium-a01,7,OUTPUT_MEDIUM,OUTPUT,OUTPUT+DOWNSTREAM,0.00020148883058408092,0.9871262028211047,0.01691659843877474,0.5019632829422022,1,2,P2,M2,F1,7,0,1,0,0,0,1,0,1
phase6v2-r07-load-medium-a01,7,LOAD_MEDIUM,LOAD,LOAD,0.1587749730261348,0.033137637342743574,0.9674959093550777,0.32041986639136777,1,1,P2,M2,F1,7,0,0,1,0,0,0,1,0
phase6v2-r07-input-medium-a01,7,INPUT_MEDIUM,INPUT,INPUT+DOWNSTREAM,0.6444566822465999,0.01079448932477518,0.038277179309846046,0.5900441495118159,1,2,P2,M2,F1,7,1,0,0,0,1,0,0,1
phase6v2-r07-output-downstream-a01,7,OUTPUT_DOWNSTREAM,OUTPUT+DOWNSTREAM,OUTPUT+DOWNSTREAM,0.0002881753376606352,0.989169198435675,0.02505429168954128,0.5245351866206566,2,2,P2,M2,F1,7,0,1,0,1,0,1,0,1
phase6v2-r08-output-load-control-a01,8,OUTPUT_LOAD_CONTROL,LOAD,LOAD,0.051273078405054996,0.014628720828967531,0.9591955137756786,0.39309069377477307,1,1,P2,M2,F1,8,0,0,1,0,0,0,1,0
phase6v2-r08-input-medium-a01,8,INPUT_MEDIUM,INPUT,INPUT+DOWNSTREAM,0.6507779274540182,0.01091893376654524,0.03835407663343387,0.5892369113121932,1,2,P2,M2,F1,8,1,0,0,0,1,0,0,1
phase6v2-r08-output-medium-a01,8,OUTPUT_MEDIUM,OUTPUT,OUTPUT+DOWNSTREAM,8.508061739086638e-05,0.9951545728594565,0.0195852793070569,0.5132646810642099,1,2,P2,M2,F1,8,0,1,0,0,0,1,0,1
phase6v2-r08-output-control-a01,8,OUTPUT_CONTROL,NONE,DOWNSTREAM,0.20061789224019227,0.06838044369248322,0.007411902902076675,0.5666039836941845,0,1,P2,M2,F1,8,0,0,0,0,0,0,0,1
phase6v2-r08-baseline-a01,8,BASELINE,NONE,INPUT+DOWNSTREAM,0.5702096273344579,0.012050251081869827,0.033351760360664076,0.575597704595335,0,2,P2,M2,F1,8,0,0,0,0,1,0,0,1
phase6v2-r08-input-load-a01,8,INPUT_LOAD,INPUT+LOAD,INPUT+LOAD,0.8594079495872962,0.2371173927855394,0.9986772748297502,0.16959107529146028,2,2,P2,M2,F1,8,1,0,1,0,1,0,1,0
phase6v2-r08-output-load-a01,8,OUTPUT_LOAD,OUTPUT+LOAD,OUTPUT+LOAD,0.14488872694723878,0.9716587804695731,0.999835942231805,0.10033215015713715,2,2,P2,M2,F1,8,0,1,1,0,0,1,1,0
phase6v2-r08-downstream-medium-a01,8,DOWNSTREAM_MEDIUM,DOWNSTREAM,INPUT+DOWNSTREAM,0.6749566646797849,0.012009767722171652,0.04559725587241031,0.598670099738561,1,2,P2,M2,F1,8,0,0,0,1,1,0,0,1
phase6v2-r08-output-downstream-control-a01,8,OUTPUT_DOWNSTREAM_CONTROL,DOWNSTREAM,DOWNSTREAM,0.34992615710080544,0.05290566876259441,0.01044976831004101,0.5822188600053214,1,1,P2,M2,F1,8,0,0,0,1,0,0,0,1
phase6v2-r08-load-medium-a01,8,LOAD_MEDIUM,LOAD,LOAD,0.1790225781068808,0.03517808374787652,0.9701534156130769,0.32614954858279316,1,1,P2,M2,F1,8,0,0,1,0,0,0,1,0
phase6v2-r08-output-downstream-a01,8,OUTPUT_DOWNSTREAM,OUTPUT+DOWNSTREAM,OUTPUT+DOWNSTREAM,0.00019793845706373643,0.9929645665962658,0.02625556903084353,0.5365928236678932,2,2,P2,M2,F1,8,0,1,0,1,0,1,0,1
phase6v2-r08-input-downstream-a01,8,INPUT_DOWNSTREAM,INPUT+DOWNSTREAM,INPUT+DOWNSTREAM,0.726263646153037,0.011114592340436632,0.05238153868496646,0.6050565713828209,2,2,P2,M2,F1,8,1,0,0,1,1,0,0,1
phase6v2-r08-load-downstream-a01,8,LOAD_DOWNSTREAM,LOAD+DOWNSTREAM,LOAD,0.2535003091962974,0.037221896760702394,0.9770568511607426,0.3254605438704179,2,1,P2,M2,F1,8,0,0,1,1,0,0,1,0
phase6v2-r01-input-medium-a01,1,INPUT_MEDIUM,INPUT,INPUT,0.6003668383203367,0.0831441529719605,0.10794815399731675,0.010281477208760808,1,1,P2,M2,F2,1,1,0,0,0,1,0,0,0
phase6v2-r01-input-load-a01,1,INPUT_LOAD,INPUT+LOAD,INPUT+OUTPUT+LOAD,0.8504057250916328,0.6404670225002008,0.9999598430239597,0.007349296286236393,2,3,P2,M2,F2,1,1,0,1,0,1,1,1,0
phase6v2-r01-output-medium-a01,1,OUTPUT_MEDIUM,OUTPUT,OUTPUT,0.001546066009188254,0.9901810509048308,0.031279656535585364,0.01881623585638512,1,1,P2,M2,F2,1,0,1,0,0,0,1,0,0
phase6v2-r01-load-downstream-a01,1,LOAD_DOWNSTREAM,LOAD+DOWNSTREAM,LOAD+DOWNSTREAM,0.34658827544292,0.06102300158943918,0.9755088444771786,0.9858401818007624,2,2,P2,M2,F2,1,0,0,1,1,0,0,1,1
phase6v2-r01-output-downstream-control-a01,1,OUTPUT_DOWNSTREAM_CONTROL,DOWNSTREAM,DOWNSTREAM,0.3796105925928467,0.12696704388406826,0.0035682778244030744,0.9981376047134911,1,1,P2,M2,F2,1,0,0,0,1,0,0,0,1
phase6v2-r01-downstream-medium-a01,1,DOWNSTREAM_MEDIUM,DOWNSTREAM,INPUT+DOWNSTREAM,0.7433749562367314,0.024481869993939136,0.00956925735103921,0.9984215007353863,1,2,P2,M2,F2,1,0,0,0,1,1,0,0,1
phase6v2-r01-output-load-control-a01,1,OUTPUT_LOAD_CONTROL,LOAD,LOAD,0.3405396702023847,0.017370664637193795,0.94962967900775,0.018685611162330907,1,1,P2,M2,F2,1,0,0,1,0,0,0,1,0
phase6v2-r01-input-downstream-a01,1,INPUT_DOWNSTREAM,INPUT+DOWNSTREAM,INPUT+DOWNSTREAM,0.8317596907217808,0.019247983310126067,0.0139639950712095,0.9976825858075556,2,2,P2,M2,F2,1,1,0,0,1,1,0,0,1
phase6v2-r01-output-control-a01,1,OUTPUT_CONTROL,NONE,NONE,0.3108823206143379,0.0453603289666218,0.009274912117594255,0.018128491098322815,0,0,P2,M2,F2,1,0,0,0,0,0,0,0,0
phase6v2-r01-output-downstream-a01,1,OUTPUT_DOWNSTREAM,OUTPUT+DOWNSTREAM,OUTPUT+DOWNSTREAM,0.0001225580394767743,0.9944156171461203,0.01262732054631778,0.9927928325096876,2,2,P2,M2,F2,1,0,1,0,1,0,1,0,1
phase6v2-r01-baseline-a01,1,BASELINE,NONE,LOAD,0.12183111157160056,0.4018928854265835,0.5414161833166027,0.002791969610947493,0,1,P2,M2,F2,1,0,0,0,0,0,0,1,0
phase6v2-r01-output-load-a01,1,OUTPUT_LOAD,OUTPUT+LOAD,OUTPUT+LOAD,0.10033875776691688,0.9943606086151183,0.9999987298801682,0.003152993085824093,2,2,P2,M2,F2,1,0,1,1,0,0,1,1,0
phase6v2-r01-load-medium-a01,1,LOAD_MEDIUM,LOAD,LOAD,0.09748441167559045,0.04715352545598692,0.9861654337423484,0.014137875357255459,1,1,P2,M2,F2,1,0,0,1,0,0,0,1,0
phase6v2-r02-output-control-a01,2,OUTPUT_CONTROL,NONE,NONE,0.4323536969338659,0.08936532948094046,0.010660972405351195,0.025956371445624318,0,0,P2,M2,F2,2,0,0,0,0,0,0,0,0
phase6v2-r02-input-downstream-a01,2,INPUT_DOWNSTREAM,INPUT+DOWNSTREAM,INPUT+DOWNSTREAM,0.8532717264239305,0.010480025269900592,0.017801694606341272,0.9980753507368325,2,2,P2,M2,F2,2,1,0,0,1,1,0,0,1
phase6v2-r02-baseline-a01,2,BASELINE,NONE,INPUT,0.723555833110072,0.015144179687178159,0.02828819870939901,0.027219153109880136,0,1,P2,M2,F2,2,0,0,0,0,1,0,0,0
phase6v2-r02-output-medium-a01,2,OUTPUT_MEDIUM,OUTPUT,OUTPUT,0.000367431093833557,0.9931930645186582,0.022042393981633972,0.025894548699636217,1,1,P2,M2,F2,2,0,1,0,0,0,1,0,0
phase6v2-r02-input-medium-a01,2,INPUT_MEDIUM,INPUT,INPUT,0.7976349806430652,0.012813022989296608,0.03555987953519515,0.02569376940919042,1,1,P2,M2,F2,2,1,0,0,0,1,0,0,0
phase6v2-r02-output-load-a01,2,OUTPUT_LOAD,OUTPUT+LOAD,OUTPUT+LOAD,0.41870431581705936,0.9347985926761128,0.9999821565555851,0.01348871996527036,2,2,P2,M2,F2,2,0,1,1,0,0,1,1,0
phase6v2-r02-output-downstream-a01,2,OUTPUT_DOWNSTREAM,OUTPUT+DOWNSTREAM,OUTPUT+DOWNSTREAM,0.0005470164881319665,0.9916479850326987,0.013011603839648623,0.994506334976729,2,2,P2,M2,F2,2,0,1,0,1,0,1,0,1
phase6v2-r02-output-downstream-control-a01,2,OUTPUT_DOWNSTREAM_CONTROL,DOWNSTREAM,DOWNSTREAM,0.3079021044088812,0.07147170879965978,0.0034495486209287288,0.9988239898113406,1,1,P2,M2,F2,2,0,0,0,1,0,0,0,1
phase6v2-r02-input-load-a01,2,INPUT_LOAD,INPUT+LOAD,INPUT+LOAD,0.861073857690314,0.23806472120277597,0.9998820838143615,0.011455436316770928,2,2,P2,M2,F2,2,1,0,1,0,1,0,1,0
phase6v2-r02-load-downstream-a01,2,LOAD_DOWNSTREAM,LOAD+DOWNSTREAM,LOAD+DOWNSTREAM,0.169073310867301,0.042382704961057775,0.9796234438153655,0.9826428265192144,2,2,P2,M2,F2,2,0,0,1,1,0,0,1,1
phase6v2-r02-load-medium-a01,2,LOAD_MEDIUM,LOAD,LOAD,0.13386611546188787,0.036593497845726804,0.9842936060090391,0.015591784748861328,1,1,P2,M2,F2,2,0,0,1,0,0,0,1,0
phase6v2-r02-downstream-medium-a01,2,DOWNSTREAM_MEDIUM,DOWNSTREAM,DOWNSTREAM,0.49780354748840233,0.01712089844260983,0.009532732229496703,0.9983311082447867,1,1,P2,M2,F2,2,0,0,0,1,0,0,0,1
phase6v2-r02-output-load-control-a01,2,OUTPUT_LOAD_CONTROL,LOAD,LOAD,0.023272600752494738,0.04518059070684418,0.9366692482267821,0.015645093436115,1,1,P2,M2,F2,2,0,0,1,0,0,0,1,0
phase6v2-r03-output-downstream-a01,3,OUTPUT_DOWNSTREAM,OUTPUT+DOWNSTREAM,OUTPUT+DOWNSTREAM,9.236976947464773e-05,0.9950583800733542,0.013832751656799327,0.9925778825327132,2,2,P2,M2,F2,3,0,1,0,1,0,1,0,1
phase6v2-r03-input-medium-a01,3,INPUT_MEDIUM,INPUT,INPUT,0.8178371598651827,0.009893857487950792,0.07570267581790853,0.015388279679517596,1,1,P2,M2,F2,3,1,0,0,0,1,0,0,0
phase6v2-r03-output-load-a01,3,OUTPUT_LOAD,OUTPUT+LOAD,OUTPUT+LOAD,0.20538168727442435,0.9592756660973651,0.9999855725367356,0.01062470055409452,2,2,P2,M2,F2,3,0,1,1,0,0,1,1,0
phase6v2-r03-input-downstream-a01,3,INPUT_DOWNSTREAM,INPUT+DOWNSTREAM,INPUT+DOWNSTREAM,0.6706365888172969,0.01170291695315499,0.015451710995940119,0.9975759492160776,2,2,P2,M2,F2,3,1,0,0,1,1,0,0,1
phase6v2-r03-input-load-a01,3,INPUT_LOAD,INPUT+LOAD,INPUT+LOAD,0.8890243364973749,0.22903653695627726,0.9999119742937126,0.011814680126942726,2,2,P2,M2,F2,3,1,0,1,0,1,0,1,0
phase6v2-r03-baseline-a01,3,BASELINE,NONE,INPUT,0.5746749051687243,0.014230911829796827,0.02975504642640309,0.01700810936860815,0,1,P2,M2,F2,3,0,0,0,0,1,0,0,0
phase6v2-r03-downstream-medium-a01,3,DOWNSTREAM_MEDIUM,DOWNSTREAM,INPUT+DOWNSTREAM,0.5282689870848863,0.015560272070528066,0.010106646172649314,0.9983140560693092,1,2,P2,M2,F2,3,0,0,0,1,1,0,0,1
phase6v2-r03-output-load-control-a01,3,OUTPUT_LOAD_CONTROL,LOAD,LOAD,0.11747726967588738,0.019576890345424522,0.9752321374507762,0.014295040521178802,1,1,P2,M2,F2,3,0,0,1,0,0,0,1,0
phase6v2-r03-output-medium-a01,3,OUTPUT_MEDIUM,OUTPUT,OUTPUT,0.000242233723148185,0.9850252628121413,0.017452734316817015,0.018262899203478667,1,1,P2,M2,F2,3,0,1,0,0,0,1,0,0
phase6v2-r03-load-downstream-a01,3,LOAD_DOWNSTREAM,LOAD+DOWNSTREAM,LOAD+DOWNSTREAM,0.1765160371783164,0.03768685816575223,0.9789700512817523,0.9847321453213816,2,2,P2,M2,F2,3,0,0,1,1,0,0,1,1
phase6v2-r03-output-downstream-control-a01,3,OUTPUT_DOWNSTREAM_CONTROL,DOWNSTREAM,DOWNSTREAM,0.15563240620583116,0.12321627884772735,0.00409073372608553,0.9976515010533793,1,1,P2,M2,F2,3,0,0,0,1,0,0,0,1
phase6v2-r03-output-control-a01,3,OUTPUT_CONTROL,NONE,NONE,0.3049629596232962,0.05022244934936792,0.008884358242323238,0.018051109602016606,0,0,P2,M2,F2,3,0,0,0,0,0,0,0,0
phase6v2-r03-load-medium-a01,3,LOAD_MEDIUM,LOAD,LOAD,0.15244535630231584,0.03620898418883204,0.9856403405585819,0.015367492981620483,1,1,P2,M2,F2,3,0,0,1,0,0,0,1,0
phase6v2-r04-input-load-a01,4,INPUT_LOAD,INPUT+LOAD,INPUT+LOAD,0.9212465797834078,0.2465498712753415,0.9999302283312304,0.010845775301357418,2,2,P2,M2,F2,4,1,0,1,0,1,0,1,0
phase6v2-r04-output-load-a01,4,OUTPUT_LOAD,OUTPUT+LOAD,OUTPUT+LOAD,0.24090833279783672,0.9408995771256463,0.9999806635825339,0.010489686559517184,2,2,P2,M2,F2,4,0,1,1,0,0,1,1,0
phase6v2-r04-downstream-medium-a01,4,DOWNSTREAM_MEDIUM,DOWNSTREAM,INPUT+DOWNSTREAM,0.5905817068249862,0.011621924642941421,0.010235011611641509,0.9985544524087944,1,2,P2,M2,F2,4,0,0,0,1,1,0,0,1
phase6v2-r04-output-control-a01,4,OUTPUT_CONTROL,NONE,INPUT,0.500357239628706,0.07181539521565035,0.018878636613366036,0.015347097981089226,0,1,P2,M2,F2,4,0,0,0,0,1,0,0,0
phase6v2-r04-output-load-control-a01,4,OUTPUT_LOAD_CONTROL,LOAD,LOAD,0.15482614441894374,0.022724606143248553,0.966096192957039,0.01413430203038911,1,1,P2,M2,F2,4,0,0,1,0,0,0,1,0
phase6v2-r04-output-downstream-control-a01,4,OUTPUT_DOWNSTREAM_CONTROL,DOWNSTREAM,DOWNSTREAM,0.2487059880267469,0.04975522468454327,0.0031327636913417497,0.9985298452590916,1,1,P2,M2,F2,4,0,0,0,1,0,0,0,1
phase6v2-r04-baseline-a01,4,BASELINE,NONE,INPUT,0.6315144462553494,0.009892407221478659,0.026582151855930686,0.02040987881076472,0,1,P2,M2,F2,4,0,0,0,0,1,0,0,0
phase6v2-r04-input-medium-a01,4,INPUT_MEDIUM,INPUT,INPUT,0.7198148542716459,0.012121722524397973,0.04528798558506599,0.016261708919083958,1,1,P2,M2,F2,4,1,0,0,0,1,0,0,0
phase6v2-r04-input-downstream-a01,4,INPUT_DOWNSTREAM,INPUT+DOWNSTREAM,INPUT+DOWNSTREAM,0.6124775619953259,0.0124767291943674,0.015738213920479718,0.9973486603731821,2,2,P2,M2,F2,4,1,0,0,1,1,0,0,1
phase6v2-r04-output-downstream-a01,4,OUTPUT_DOWNSTREAM,OUTPUT+DOWNSTREAM,OUTPUT+DOWNSTREAM,0.00045098078255875523,0.9922522102469516,0.01010748748553698,0.9937734393666329,2,2,P2,M2,F2,4,0,1,0,1,0,1,0,1
phase6v2-r04-load-medium-a01,4,LOAD_MEDIUM,LOAD,LOAD,0.30389788282293034,0.03371987542422067,0.9825619003343171,0.01860735201079806,1,1,P2,M2,F2,4,0,0,1,0,0,0,1,0
phase6v2-r04-load-downstream-a01,4,LOAD_DOWNSTREAM,LOAD+DOWNSTREAM,LOAD+DOWNSTREAM,0.4006300156416098,0.03816467123100127,0.9763455655118993,0.9861660953538987,2,2,P2,M2,F2,4,0,0,1,1,0,0,1,1
phase6v2-r04-output-medium-a01,4,OUTPUT_MEDIUM,OUTPUT,OUTPUT,0.00018869352297582677,0.9948575214361672,0.0158326758757568,0.02173500291318323,1,1,P2,M2,F2,4,0,1,0,0,0,1,0,0
phase6v2-r05-output-downstream-a01,5,OUTPUT_DOWNSTREAM,OUTPUT+DOWNSTREAM,OUTPUT+DOWNSTREAM,0.00024413733150425076,0.9950904044531911,0.015476343245032054,0.9886707919584427,2,2,P2,M2,F2,5,0,1,0,1,0,1,0,1
phase6v2-r05-input-downstream-a01,5,INPUT_DOWNSTREAM,INPUT+DOWNSTREAM,INPUT+DOWNSTREAM,0.7946822783631232,0.013419128396506982,0.0157522603400351,0.9975922136620552,2,2,P2,M2,F2,5,1,0,0,1,1,0,0,1
phase6v2-r05-load-downstream-a01,5,LOAD_DOWNSTREAM,LOAD+DOWNSTREAM,LOAD+DOWNSTREAM,0.21707813008138774,0.04011940321322628,0.9833878144339194,0.9839361671680453,2,2,P2,M2,F2,5,0,0,1,1,0,0,1,1
phase6v2-r05-output-downstream-control-a01,5,OUTPUT_DOWNSTREAM_CONTROL,DOWNSTREAM,DOWNSTREAM,0.16149987814419328,0.07520652635943703,0.0035661015010924604,0.9983996463691324,1,1,P2,M2,F2,5,0,0,0,1,0,0,0,1
phase6v2-r05-output-load-control-a01,5,OUTPUT_LOAD_CONTROL,LOAD,LOAD,0.059747877634179665,0.021411212662793878,0.9324768815918111,0.013812816094609862,1,1,P2,M2,F2,5,0,0,1,0,0,0,1,0
phase6v2-r05-input-medium-a01,5,INPUT_MEDIUM,INPUT,INPUT,0.8265712047625963,0.009664976171769516,0.0766287380376565,0.016363584973546216,1,1,P2,M2,F2,5,1,0,0,0,1,0,0,0
phase6v2-r05-output-control-a01,5,OUTPUT_CONTROL,NONE,NONE,0.15858856466964966,0.08719955351737604,0.010792459757729725,0.016299025802689108,0,0,P2,M2,F2,5,0,0,0,0,0,0,0,0
phase6v2-r05-baseline-a01,5,BASELINE,NONE,INPUT,0.6249364960804394,0.012996770552823481,0.026892325637266342,0.018678635314613442,0,1,P2,M2,F2,5,0,0,0,0,1,0,0,0
phase6v2-r05-input-load-a01,5,INPUT_LOAD,INPUT+LOAD,INPUT+LOAD,0.8859171170114098,0.21063395988157504,0.9999001585989766,0.012951956169301362,2,2,P2,M2,F2,5,1,0,1,0,1,0,1,0
phase6v2-r05-downstream-medium-a01,5,DOWNSTREAM_MEDIUM,DOWNSTREAM,INPUT+DOWNSTREAM,0.5557224808084513,0.014395570264738306,0.009946884533059702,0.9984021339810816,1,2,P2,M2,F2,5,0,0,0,1,1,0,0,1
phase6v2-r05-load-medium-a01,5,LOAD_MEDIUM,LOAD,LOAD,0.1478878718372189,0.03460906356897028,0.9834305384350158,0.014698053280915748,1,1,P2,M2,F2,5,0,0,1,0,0,0,1,0
phase6v2-r05-output-medium-a01,5,OUTPUT_MEDIUM,OUTPUT,OUTPUT,3.206260000805858e-05,0.997040432084416,0.01815430564957096,0.018275211090162898,1,1,P2,M2,F2,5,0,1,0,0,0,1,0,0
phase6v2-r05-output-load-a01,5,OUTPUT_LOAD,OUTPUT+LOAD,OUTPUT+LOAD,0.19253292238996644,0.9703367764518892,0.9999929346551484,0.010661179515681242,2,2,P2,M2,F2,5,0,1,1,0,0,1,1,0
phase6v2-r06-baseline-a01,6,BASELINE,NONE,INPUT,0.5662658975808563,0.013506659469172433,0.030206238475882434,0.01799004776660256,0,1,P2,M2,F2,6,0,0,0,0,1,0,0,0
phase6v2-r06-input-load-a01,6,INPUT_LOAD,INPUT+LOAD,INPUT+LOAD,0.8731887101101035,0.1927576085755827,0.999887132145284,0.012833990369381381,2,2,P2,M2,F2,6,1,0,1,0,1,0,1,0
phase6v2-r06-output-downstream-control-a01,6,OUTPUT_DOWNSTREAM_CONTROL,DOWNSTREAM,DOWNSTREAM,0.19581309376217348,0.10470561946584149,0.003934850748851779,0.9976662176291664,1,1,P2,M2,F2,6,0,0,0,1,0,0,0,1
phase6v2-r06-input-medium-a01,6,INPUT_MEDIUM,INPUT,INPUT,0.6715655361871044,0.011434845458395196,0.03912822683238439,0.017604863569769678,1,1,P2,M2,F2,6,1,0,0,0,1,0,0,0
phase6v2-r06-output-load-control-a01,6,OUTPUT_LOAD_CONTROL,LOAD,LOAD,0.14600098807006376,0.014332449351623444,0.9601498928228946,0.013881379326798305,1,1,P2,M2,F2,6,0,0,1,0,0,0,1,0
phase6v2-r06-load-downstream-a01,6,LOAD_DOWNSTREAM,LOAD+DOWNSTREAM,LOAD+DOWNSTREAM,0.18175739651305495,0.04236901601739301,0.9839795942085748,0.9834489174943656,2,2,P2,M2,F2,6,0,0,1,1,0,0,1,1
phase6v2-r06-output-load-a01,6,OUTPUT_LOAD,OUTPUT+LOAD,OUTPUT+LOAD,0.2805944549921561,0.9613543137277013,0.9999890922494467,0.010040009211402441,2,2,P2,M2,F2,6,0,1,1,0,0,1,1,0
phase6v2-r06-downstream-medium-a01,6,DOWNSTREAM_MEDIUM,DOWNSTREAM,INPUT+DOWNSTREAM,0.599315395911472,0.011941157937454613,0.010175899848652364,0.9984886415912738,1,2,P2,M2,F2,6,0,0,0,1,1,0,0,1
phase6v2-r06-input-downstream-a01,6,INPUT_DOWNSTREAM,INPUT+DOWNSTREAM,INPUT+DOWNSTREAM,0.6318051252180432,0.012896244189661024,0.015481006893690141,0.9974049651705538,2,2,P2,M2,F2,6,1,0,0,1,1,0,0,1
phase6v2-r06-load-medium-a01,6,LOAD_MEDIUM,LOAD,LOAD,0.13174360865026213,0.02800132561210024,0.981536161734409,0.015552360945678948,1,1,P2,M2,F2,6,0,0,1,0,0,0,1,0
phase6v2-r06-output-medium-a01,6,OUTPUT_MEDIUM,OUTPUT,OUTPUT,6.955567841896615e-05,0.9954374423517146,0.019216358968217814,0.01744109602749281,1,1,P2,M2,F2,6,0,1,0,0,0,1,0,0
phase6v2-r06-output-control-a01,6,OUTPUT_CONTROL,NONE,NONE,0.4541658787015079,0.06323340089372176,0.010032049013143524,0.016238177065321498,0,0,P2,M2,F2,6,0,0,0,0,0,0,0,0
phase6v2-r06-output-downstream-a01,6,OUTPUT_DOWNSTREAM,OUTPUT+DOWNSTREAM,OUTPUT+DOWNSTREAM,0.000108815642794053,0.996127795773085,0.01421310023939197,0.99244786135255,2,2,P2,M2,F2,6,0,1,0,1,0,1,0,1
phase6v2-r07-output-load-a01,7,OUTPUT_LOAD,OUTPUT+LOAD,OUTPUT+LOAD,0.30413329917492077,0.9493777630271167,0.9999895814904316,0.010702254854645763,2,2,P2,M2,F2,7,0,1,1,0,0,1,1,0
phase6v2-r07-load-downstream-a01,7,LOAD_DOWNSTREAM,LOAD+DOWNSTREAM,LOAD+DOWNSTREAM,0.19333495019451438,0.03335678196656068,0.9784615874191175,0.9853708205352629,2,2,P2,M2,F2,7,0,0,1,1,0,0,1,1
phase6v2-r07-baseline-a01,7,BASELINE,NONE,INPUT,0.582802914972358,0.011335656596980954,0.027587614726353824,0.01817478131872464,0,1,P2,M2,F2,7,0,0,0,0,1,0,0,0
phase6v2-r07-input-downstream-a01,7,INPUT_DOWNSTREAM,INPUT+DOWNSTREAM,INPUT+DOWNSTREAM,0.6408988706981407,0.01190463947334151,0.01495607604194689,0.9974855604585027,2,2,P2,M2,F2,7,1,0,0,1,1,0,0,1
phase6v2-r07-output-downstream-control-a01,7,OUTPUT_DOWNSTREAM_CONTROL,DOWNSTREAM,DOWNSTREAM,0.21019452187919402,0.05981658790279153,0.0033977537597659384,0.9984228382157997,1,1,P2,M2,F2,7,0,0,0,1,0,0,0,1
phase6v2-r07-output-load-control-a01,7,OUTPUT_LOAD_CONTROL,LOAD,LOAD,0.1128789051456598,0.017755680521282763,0.9575651343296118,0.014004837046067434,1,1,P2,M2,F2,7,0,0,1,0,0,0,1,0
phase6v2-r07-downstream-medium-a01,7,DOWNSTREAM_MEDIUM,DOWNSTREAM,INPUT+DOWNSTREAM,0.5293769748554286,0.01536463972589072,0.011158686436476202,0.9982415536389474,1,2,P2,M2,F2,7,0,0,0,1,1,0,0,1
phase6v2-r07-output-control-a01,7,OUTPUT_CONTROL,NONE,NONE,0.3300192643443035,0.04794654148294405,0.009740493006292232,0.01750638411691435,0,0,P2,M2,F2,7,0,0,0,0,0,0,0,0
phase6v2-r07-input-load-a01,7,INPUT_LOAD,INPUT+LOAD,INPUT+LOAD,0.8951832022856844,0.22284013554278118,0.9999191741608553,0.01201979623022375,2,2,P2,M2,F2,7,1,0,1,0,1,0,1,0
phase6v2-r07-output-medium-a01,7,OUTPUT_MEDIUM,OUTPUT,OUTPUT,0.00019740484657494966,0.9849647368148875,0.0173065679447493,0.018402031041426955,1,1,P2,M2,F2,7,0,1,0,0,0,1,0,0
phase6v2-r07-load-medium-a01,7,LOAD_MEDIUM,LOAD,LOAD,0.09813354819284362,0.02909734126185735,0.9784368394866337,0.016410539639878423,1,1,P2,M2,F2,7,0,0,1,0,0,0,1,0
phase6v2-r07-input-medium-a01,7,INPUT_MEDIUM,INPUT,INPUT,0.7273316983468342,0.010459093464305291,0.04205497301471978,0.01761429169284907,1,1,P2,M2,F2,7,1,0,0,0,1,0,0,0
phase6v2-r07-output-downstream-a01,7,OUTPUT_DOWNSTREAM,OUTPUT+DOWNSTREAM,OUTPUT+DOWNSTREAM,0.00020697352273470022,0.9903432038836116,0.012884152959651693,0.9928250412357601,2,2,P2,M2,F2,7,0,1,0,1,0,1,0,1
phase6v2-r08-output-load-control-a01,8,OUTPUT_LOAD_CONTROL,LOAD,LOAD,0.11963249397474233,0.01785290363878479,0.95823160552173,0.012516679776896251,1,1,P2,M2,F2,8,0,0,1,0,0,0,1,0
phase6v2-r08-input-medium-a01,8,INPUT_MEDIUM,INPUT,INPUT,0.6167082477885999,0.012468044283127635,0.036934888645544055,0.01624105791280734,1,1,P2,M2,F2,8,1,0,0,0,1,0,0,0
phase6v2-r08-output-medium-a01,8,OUTPUT_MEDIUM,OUTPUT,OUTPUT,8.993907139646272e-05,0.9948237785690615,0.0223272759693664,0.01683608440235983,1,1,P2,M2,F2,8,0,1,0,0,0,1,0,0
phase6v2-r08-output-control-a01,8,OUTPUT_CONTROL,NONE,NONE,0.2752980348806537,0.065121892084837,0.012139018142097818,0.01642824578494357,0,0,P2,M2,F2,8,0,0,0,0,0,0,0,0
phase6v2-r08-baseline-a01,8,BASELINE,NONE,INPUT,0.5973566732637562,0.012047532949992792,0.03109557094304577,0.01753777623485222,0,1,P2,M2,F2,8,0,0,0,0,1,0,0,0
phase6v2-r08-input-load-a01,8,INPUT_LOAD,INPUT+LOAD,INPUT+LOAD,0.869060354407125,0.22453933120564454,0.9999053401413914,0.011358886659325645,2,2,P2,M2,F2,8,1,0,1,0,1,0,1,0
phase6v2-r08-output-load-a01,8,OUTPUT_LOAD,OUTPUT+LOAD,OUTPUT+LOAD,0.14663895578348585,0.9699289636747527,0.9999887456292924,0.011076308799427217,2,2,P2,M2,F2,8,0,1,1,0,0,1,1,0
phase6v2-r08-downstream-medium-a01,8,DOWNSTREAM_MEDIUM,DOWNSTREAM,INPUT+DOWNSTREAM,0.6087792586612597,0.01171626971420345,0.010147922999156492,0.9984762982250738,1,2,P2,M2,F2,8,0,0,0,1,1,0,0,1
phase6v2-r08-output-downstream-control-a01,8,OUTPUT_DOWNSTREAM_CONTROL,DOWNSTREAM,DOWNSTREAM,0.24006502202043534,0.06557043991121257,0.003593290278422286,0.998081704059585,1,1,P2,M2,F2,8,0,0,0,1,0,0,0,1
phase6v2-r08-load-medium-a01,8,LOAD_MEDIUM,LOAD,LOAD,0.10598727335688167,0.03321139969187766,0.9833229035412915,0.015373779897119553,1,1,P2,M2,F2,8,0,0,1,0,0,0,1,0
phase6v2-r08-output-downstream-a01,8,OUTPUT_DOWNSTREAM,OUTPUT+DOWNSTREAM,OUTPUT+DOWNSTREAM,0.00012760697506080944,0.9940490466917903,0.012597716315950188,0.9924236034038927,2,2,P2,M2,F2,8,0,1,0,1,0,1,0,1
phase6v2-r08-input-downstream-a01,8,INPUT_DOWNSTREAM,INPUT+DOWNSTREAM,INPUT+DOWNSTREAM,0.7183024848060157,0.011052300121500602,0.016820864147014437,0.9975198472883594,2,2,P2,M2,F2,8,1,0,0,1,1,0,0,1
phase6v2-r08-load-downstream-a01,8,LOAD_DOWNSTREAM,LOAD+DOWNSTREAM,LOAD+DOWNSTREAM,0.16290243352051936,0.04056226930191606,0.9824396225885452,0.9837472092491746,2,2,P2,M2,F2,8,0,0,1,1,0,0,1,1
phase6v2-r01-input-medium-a01,1,INPUT_MEDIUM,INPUT,INPUT,0.9721829620499868,0.023125009291082403,0.06699275043604656,0.009599461966514414,1,1,P2,M2,F3,1,1,0,0,0,1,0,0,0
phase6v2-r01-input-load-a01,1,INPUT_LOAD,INPUT+LOAD,INPUT+LOAD,0.9865260637632282,0.17990142115969723,0.9999217433410474,0.0068700055731688294,2,2,P2,M2,F3,1,1,0,1,0,1,0,1,0
phase6v2-r01-output-medium-a01,1,OUTPUT_MEDIUM,OUTPUT,OUTPUT,0.05829964629092174,0.994866430555997,0.028681035886473992,0.019080559548980427,1,1,P2,M2,F3,1,0,1,0,0,0,1,0,0
phase6v2-r01-load-downstream-a01,1,LOAD_DOWNSTREAM,LOAD+DOWNSTREAM,LOAD+DOWNSTREAM,0.08196002911011836,0.05382014658928169,0.9781454756390374,0.9859013299417312,2,2,P2,M2,F3,1,0,0,1,1,0,0,1,1
phase6v2-r01-output-downstream-control-a01,1,OUTPUT_DOWNSTREAM_CONTROL,DOWNSTREAM,DOWNSTREAM,0.03867084917414695,0.09213409175165894,0.0064466425982846525,0.9981763730780627,1,1,P2,M2,F3,1,0,0,0,1,0,0,0,1
phase6v2-r01-downstream-medium-a01,1,DOWNSTREAM_MEDIUM,DOWNSTREAM,DOWNSTREAM,0.1459176621730828,0.028018478644583112,0.013247617159303149,0.9984359878422695,1,1,P2,M2,F3,1,0,0,0,1,0,0,0,1
phase6v2-r01-output-load-control-a01,1,OUTPUT_LOAD_CONTROL,LOAD,LOAD,0.03581170414503505,0.029040851975466898,0.9603899105840401,0.019169617796066296,1,1,P2,M2,F3,1,0,0,1,0,0,0,1,0
phase6v2-r01-input-downstream-a01,1,INPUT_DOWNSTREAM,INPUT+DOWNSTREAM,INPUT+DOWNSTREAM,0.9761177986809028,0.012174498058929619,0.009666495898765615,0.9975510667720424,2,2,P2,M2,F3,1,1,0,0,1,1,0,0,1
phase6v2-r01-output-control-a01,1,OUTPUT_CONTROL,NONE,NONE,0.03522719527671762,0.05138757123314535,0.015125971790143028,0.018584961235518307,0,0,P2,M2,F3,1,0,0,0,0,0,0,0,0
phase6v2-r01-output-downstream-a01,1,OUTPUT_DOWNSTREAM,OUTPUT+DOWNSTREAM,OUTPUT+DOWNSTREAM,0.014137774925995663,0.9959680051300409,0.011470835222086096,0.9928595381928715,2,2,P2,M2,F3,1,0,1,0,1,0,1,0,1
phase6v2-r01-baseline-a01,1,BASELINE,NONE,LOAD,0.11079651669859984,0.08857746727031814,0.5284211258301243,0.0027234692211020625,0,1,P2,M2,F3,1,0,0,0,0,0,0,1,0
phase6v2-r01-output-load-a01,1,OUTPUT_LOAD,OUTPUT+LOAD,OUTPUT+LOAD,0.05087261184212174,0.9956668325494709,0.999997610597888,0.0031956048516642637,2,2,P2,M2,F3,1,0,1,1,0,0,1,1,0
phase6v2-r01-load-medium-a01,1,LOAD_MEDIUM,LOAD,LOAD,0.06358535422753155,0.04253989171918888,0.9860891954509272,0.01418436817169105,1,1,P2,M2,F3,1,0,0,1,0,0,0,1,0
phase6v2-r02-output-control-a01,2,OUTPUT_CONTROL,NONE,NONE,0.04442414450407594,0.09324585632703053,0.019997298374389964,0.026535684772217898,0,0,P2,M2,F3,2,0,0,0,0,0,0,0,0
phase6v2-r02-input-downstream-a01,2,INPUT_DOWNSTREAM,INPUT+DOWNSTREAM,INPUT+DOWNSTREAM,0.9763460175399707,0.009081389591705338,0.011998340003018282,0.9979909813621711,2,2,P2,M2,F3,2,1,0,0,1,1,0,0,1
phase6v2-r02-baseline-a01,2,BASELINE,NONE,NONE,0.13387561619740085,0.025354993516726407,0.039096306340764934,0.027494458601361085,0,0,P2,M2,F3,2,0,0,0,0,0,0,0,0
phase6v2-r02-output-medium-a01,2,OUTPUT_MEDIUM,OUTPUT,OUTPUT,0.024186012336125287,0.996218886277594,0.0209187213124105,0.026052099659226453,1,1,P2,M2,F3,2,0,1,0,0,0,1,0,0
phase6v2-r02-input-medium-a01,2,INPUT_MEDIUM,INPUT,INPUT,0.9737456327328502,0.010894114814537139,0.023156838726622983,0.02464100658803218,1,1,P2,M2,F3,2,1,0,0,0,1,0,0,0
phase6v2-r02-output-load-a01,2,OUTPUT_LOAD,OUTPUT+LOAD,OUTPUT+LOAD,0.07817242901598609,0.9899349525310943,0.999973829576364,0.013823506294617519,2,2,P2,M2,F3,2,0,1,1,0,0,1,1,0
phase6v2-r02-output-downstream-a01,2,OUTPUT_DOWNSTREAM,OUTPUT+DOWNSTREAM,OUTPUT+DOWNSTREAM,0.018971632763665796,0.9954224780461975,0.012708249179331556,0.9945400021348051,2,2,P2,M2,F3,2,0,1,0,1,0,1,0,1
phase6v2-r02-output-downstream-control-a01,2,OUTPUT_DOWNSTREAM_CONTROL,DOWNSTREAM,DOWNSTREAM,0.03781652713660418,0.07119971928722521,0.0065996339266155835,0.9988502285862367,1,1,P2,M2,F3,2,0,0,0,1,0,0,0,1
phase6v2-r02-input-load-a01,2,INPUT_LOAD,INPUT+LOAD,INPUT+LOAD,0.9849920017638681,0.08675447881539722,0.9997606613699721,0.011009155061622441,2,2,P2,M2,F3,2,1,0,1,0,1,0,1,0
phase6v2-r02-load-downstream-a01,2,LOAD_DOWNSTREAM,LOAD+DOWNSTREAM,LOAD+DOWNSTREAM,0.06425297608196724,0.03998181958424364,0.9804492367031511,0.9827161496357077,2,2,P2,M2,F3,2,0,0,1,1,0,0,1,1
phase6v2-r02-load-medium-a01,2,LOAD_MEDIUM,LOAD,LOAD,0.07240764242058569,0.03832862588772669,0.9843308492015818,0.015686174228147783,1,1,P2,M2,F3,2,0,0,1,0,0,0,1,0
phase6v2-r02-downstream-medium-a01,2,DOWNSTREAM_MEDIUM,DOWNSTREAM,DOWNSTREAM,0.10036364915381499,0.020752690572884817,0.012772096260558087,0.9983448520155429,1,1,P2,M2,F3,2,0,0,0,1,0,0,0,1
phase6v2-r02-output-load-control-a01,2,OUTPUT_LOAD_CONTROL,LOAD,LOAD,0.008020664541479894,0.04614032191439306,0.9470621488509725,0.015939970653303246,1,1,P2,M2,F3,2,0,0,1,0,0,0,1,0
phase6v2-r03-output-downstream-a01,3,OUTPUT_DOWNSTREAM,OUTPUT+DOWNSTREAM,OUTPUT+DOWNSTREAM,0.013730416830455712,0.9959725556353076,0.01257138838171189,0.9926148615814173,2,2,P2,M2,F3,3,0,1,0,1,0,1,0,1
phase6v2-r03-input-medium-a01,3,INPUT_MEDIUM,INPUT,INPUT,0.9837620233188363,0.007669709178219892,0.04490368279242307,0.01468856648263043,1,1,P2,M2,F3,3,1,0,0,0,1,0,0,0
phase6v2-r03-output-load-a01,3,OUTPUT_LOAD,OUTPUT+LOAD,OUTPUT+LOAD,0.047459748304369526,0.9913364901658918,0.9999782571756846,0.010909018078732648,2,2,P2,M2,F3,3,0,1,1,0,0,1,1,0
phase6v2-r03-input-downstream-a01,3,INPUT_DOWNSTREAM,INPUT+DOWNSTREAM,INPUT+DOWNSTREAM,0.9667785392411851,0.008105149759111053,0.009822552314880767,0.9974655794439719,2,2,P2,M2,F3,3,1,0,0,1,1,0,0,1
phase6v2-r03-input-load-a01,3,INPUT_LOAD,INPUT+LOAD,INPUT+LOAD,0.9867259517210972,0.08581260248432399,0.9998286586639362,0.011322264446311693,2,2,P2,M2,F3,3,1,0,1,0,1,0,1,0
phase6v2-r03-baseline-a01,3,BASELINE,NONE,NONE,0.11279799835788107,0.020512520489429472,0.03671326366006621,0.01715856552041641,0,0,P2,M2,F3,3,0,0,0,0,0,0,0,0
phase6v2-r03-downstream-medium-a01,3,DOWNSTREAM_MEDIUM,DOWNSTREAM,DOWNSTREAM,0.10187884108874683,0.019629196570213163,0.013214039358463112,0.9983288189862571,1,1,P2,M2,F3,3,0,0,0,1,0,0,0,1
phase6v2-r03-output-load-control-a01,3,OUTPUT_LOAD_CONTROL,LOAD,LOAD,0.0219166301080664,0.02821152795198156,0.9786228613412709,0.014525557325010471,1,1,P2,M2,F3,3,0,0,1,0,0,0,1,0
phase6v2-r03-output-medium-a01,3,OUTPUT_MEDIUM,OUTPUT,OUTPUT,0.016909764412885935,0.9926056479739898,0.015148071925503149,0.018434267379293982,1,1,P2,M2,F3,3,0,1,0,0,0,1,0,0
phase6v2-r03-load-downstream-a01,3,LOAD_DOWNSTREAM,LOAD+DOWNSTREAM,LOAD+DOWNSTREAM,0.06294290419574694,0.03849214905036316,0.9802431227626516,0.9847912409394017,2,2,P2,M2,F3,3,0,0,1,1,0,0,1,1
phase6v2-r03-output-downstream-control-a01,3,OUTPUT_DOWNSTREAM_CONTROL,DOWNSTREAM,DOWNSTREAM,0.027613007717299954,0.08835159769416398,0.007239942710325723,0.9976945663579859,1,1,P2,M2,F3,3,0,0,0,1,0,0,0,1
phase6v2-r03-output-control-a01,3,OUTPUT_CONTROL,NONE,NONE,0.03262169803015133,0.054981482467259174,0.014790763978088178,0.01843518572941521,0,0,P2,M2,F3,3,0,0,0,0,0,0,0,0
phase6v2-r03-load-medium-a01,3,LOAD_MEDIUM,LOAD,LOAD,0.07054979265763896,0.03903904699417275,0.9856865402033983,0.015462234045797475,1,1,P2,M2,F3,3,0,0,1,0,0,0,1,0
phase6v2-r04-input-load-a01,4,INPUT_LOAD,INPUT+LOAD,INPUT+LOAD,0.9900175950265322,0.08989781160875113,0.9998620307785676,0.010400351392746813,2,2,P2,M2,F3,4,1,0,1,0,1,0,1,0
phase6v2-r04-output-load-a01,4,OUTPUT_LOAD,OUTPUT+LOAD,OUTPUT+LOAD,0.04744492724825815,0.9887282412380697,0.9999704444454364,0.010760014805093811,2,2,P2,M2,F3,4,0,1,1,0,0,1,1,0
phase6v2-r04-downstream-medium-a01,4,DOWNSTREAM_MEDIUM,DOWNSTREAM,DOWNSTREAM,0.11151198832149253,0.01667826901551519,0.013607272149779488,0.9985670664493663,1,1,P2,M2,F3,4,0,0,0,1,0,0,0,1
phase6v2-r04-output-control-a01,4,OUTPUT_CONTROL,NONE,NONE,0.06997330082009753,0.06479505268981427,0.03266733767370638,0.01563878410048165,0,0,P2,M2,F3,4,0,0,0,0,0,0,0,0
phase6v2-r04-output-load-control-a01,4,OUTPUT_LOAD_CONTROL,LOAD,LOAD,0.024049260196722936,0.03001775614556703,0.9719405813219819,0.014383437666356332,1,1,P2,M2,F3,4,0,0,1,0,0,0,1,0
phase6v2-r04-output-downstream-control-a01,4,OUTPUT_DOWNSTREAM_CONTROL,DOWNSTREAM,DOWNSTREAM,0.028617701589484314,0.049319142077443735,0.005578753175237239,0.998559693726165,1,1,P2,M2,F3,4,0,0,0,1,0,0,0,1
phase6v2-r04-baseline-a01,4,BASELINE,NONE,NONE,0.11658604835368222,0.0168127416911081,0.0338743604477193,0.02059486141899416,0,0,P2,M2,F3,4,0,0,0,0,0,0,0,0
phase6v2-r04-input-medium-a01,4,INPUT_MEDIUM,INPUT,INPUT,0.9735609043990565,0.008958050251196973,0.026944770704372442,0.015566250539667323,1,1,P2,M2,F3,4,1,0,0,0,1,0,0,0
phase6v2-r04-input-downstream-a01,4,INPUT_DOWNSTREAM,INPUT+DOWNSTREAM,INPUT+DOWNSTREAM,0.9616315874781162,0.008508078565622476,0.0095984118082071,0.9972281696906177,2,2,P2,M2,F3,4,1,0,0,1,1,0,0,1
phase6v2-r04-output-downstream-a01,4,OUTPUT_DOWNSTREAM,OUTPUT+DOWNSTREAM,OUTPUT+DOWNSTREAM,0.019298488571413516,0.9952522774687192,0.009715025808515005,0.9938247364414343,2,2,P2,M2,F3,4,0,1,0,1,0,1,0,1
phase6v2-r04-load-medium-a01,4,LOAD_MEDIUM,LOAD,LOAD,0.10302904881115271,0.04033708764898221,0.983239302240837,0.018747551188148782,1,1,P2,M2,F3,4,0,0,1,0,0,0,1,0
phase6v2-r04-load-downstream-a01,4,LOAD_DOWNSTREAM,LOAD+DOWNSTREAM,LOAD+DOWNSTREAM,0.09718055569737505,0.042084871001855956,0.978799096653085,0.9862516993868183,2,2,P2,M2,F3,4,0,0,1,1,0,0,1,1
phase6v2-r04-output-medium-a01,4,OUTPUT_MEDIUM,OUTPUT,OUTPUT,0.02138000318670738,0.9964636650056524,0.014550965810984305,0.021895904245498046,1,1,P2,M2,F3,4,0,1,0,0,0,1,0,0
phase6v2-r05-output-downstream-a01,5,OUTPUT_DOWNSTREAM,OUTPUT+DOWNSTREAM,OUTPUT+DOWNSTREAM,0.017985882466613222,0.9959396617794777,0.013835152683373743,0.988725065578052,2,2,P2,M2,F3,5,0,1,0,1,0,1,0,1
phase6v2-r05-input-downstream-a01,5,INPUT_DOWNSTREAM,INPUT+DOWNSTREAM,INPUT+DOWNSTREAM,0.9750158256450197,0.009464529410555318,0.01059452171219309,0.9974973021411273,2,2,P2,M2,F3,5,1,0,0,1,1,0,0,1
phase6v2-r05-load-downstream-a01,5,LOAD_DOWNSTREAM,LOAD+DOWNSTREAM,LOAD+DOWNSTREAM,0.06819255957423437,0.040761382997884336,0.9843347719969759,0.9840004229780484,2,2,P2,M2,F3,5,0,0,1,1,0,0,1,1
phase6v2-r05-output-downstream-control-a01,5,OUTPUT_DOWNSTREAM_CONTROL,DOWNSTREAM,DOWNSTREAM,0.030822777747942724,0.06241628881699288,0.006141267282672201,0.9984284128791551,1,1,P2,M2,F3,5,0,0,0,1,0,0,0,1
phase6v2-r05-output-load-control-a01,5,OUTPUT_LOAD_CONTROL,LOAD,LOAD,0.011256145296070521,0.029153804196191735,0.9421294624778322,0.01404368188422813,1,1,P2,M2,F3,5,0,0,1,0,0,0,1,0
phase6v2-r05-input-medium-a01,5,INPUT_MEDIUM,INPUT,INPUT,0.9845169510002424,0.007825813425051363,0.0466192431126188,0.015704079075444303,1,1,P2,M2,F3,5,1,0,0,0,1,0,0,0
phase6v2-r05-output-control-a01,5,OUTPUT_CONTROL,NONE,NONE,0.03388156698538188,0.07360266404079091,0.01750717161189959,0.016581830234462556,0,0,P2,M2,F3,5,0,0,0,0,0,0,0,0
phase6v2-r05-baseline-a01,5,BASELINE,NONE,NONE,0.11614307834046673,0.019712497934453736,0.03366180256296933,0.018826126364007958,0,0,P2,M2,F3,5,0,0,0,0,0,0,0,0
phase6v2-r05-input-load-a01,5,INPUT_LOAD,INPUT+LOAD,INPUT+LOAD,0.9863855554135924,0.08155695161335896,0.9998089678342457,0.012502111305376505,2,2,P2,M2,F3,5,1,0,1,0,1,0,1,0
phase6v2-r05-downstream-medium-a01,5,DOWNSTREAM_MEDIUM,DOWNSTREAM,DOWNSTREAM,0.10777120162294598,0.01917532245861236,0.01313748144177039,0.9984146948859413,1,1,P2,M2,F3,5,0,0,0,1,0,0,0,1
phase6v2-r05-load-medium-a01,5,LOAD_MEDIUM,LOAD,LOAD,0.07259382567814918,0.03667359757120284,0.9833839325385215,0.014777298753783795,1,1,P2,M2,F3,5,0,0,1,0,0,0,1,0
phase6v2-r05-output-medium-a01,5,OUTPUT_MEDIUM,OUTPUT,OUTPUT,0.014750257525042318,0.997188633669636,0.01596314228964805,0.018329932746920612,1,1,P2,M2,F3,5,0,1,0,0,0,1,0,0
phase6v2-r05-output-load-a01,5,OUTPUT_LOAD,OUTPUT+LOAD,OUTPUT+LOAD,0.05212990017933861,0.9930799801900638,0.9999891035124081,0.010887136505916712,2,2,P2,M2,F3,5,0,1,1,0,0,1,1,0
phase6v2-r06-baseline-a01,6,BASELINE,NONE,NONE,0.11604659731880644,0.019896304898847375,0.03782617863983768,0.018115422144084462,0,0,P2,M2,F3,6,0,0,0,0,0,0,0,0
phase6v2-r06-input-load-a01,6,INPUT_LOAD,INPUT+LOAD,INPUT+LOAD,0.9859138195603253,0.07549062111488568,0.9997763037846511,0.01236704915547466,2,2,P2,M2,F3,6,1,0,1,0,1,0,1,0
phase6v2-r06-output-downstream-control-a01,6,OUTPUT_DOWNSTREAM_CONTROL,DOWNSTREAM,DOWNSTREAM,0.027959176518271497,0.08013139934408321,0.00709487380097725,0.997703555239395,1,1,P2,M2,F3,6,0,0,0,1,0,0,0,1
phase6v2-r06-input-medium-a01,6,INPUT_MEDIUM,INPUT,INPUT,0.9700751829247813,0.008621212464318143,0.02324652214000022,0.01694602650874282,1,1,P2,M2,F3,6,1,0,0,0,1,0,0,0
phase6v2-r06-output-load-control-a01,6,OUTPUT_LOAD_CONTROL,LOAD,LOAD,0.023670359035015888,0.023690979986970433,0.9661879478472843,0.014102654953023673,1,1,P2,M2,F3,6,0,0,1,0,0,0,1,0
phase6v2-r06-load-downstream-a01,6,LOAD_DOWNSTREAM,LOAD+DOWNSTREAM,LOAD+DOWNSTREAM,0.066357545456661,0.04167471527643173,0.9848420268547201,0.9835007574687721,2,2,P2,M2,F3,6,0,0,1,1,0,0,1,1
phase6v2-r06-output-load-a01,6,OUTPUT_LOAD,OUTPUT+LOAD,OUTPUT+LOAD,0.0587436735326617,0.9915943151186949,0.9999833987784825,0.010267905838257329,2,2,P2,M2,F3,6,0,1,1,0,0,1,1,0
phase6v2-r06-downstream-medium-a01,6,DOWNSTREAM_MEDIUM,DOWNSTREAM,DOWNSTREAM,0.11398634743266002,0.017098479035304155,0.013604056315933108,0.9985003412207235,1,1,P2,M2,F3,6,0,0,0,1,0,0,0,1
phase6v2-r06-input-downstream-a01,6,INPUT_DOWNSTREAM,INPUT+DOWNSTREAM,INPUT+DOWNSTREAM,0.9638072431146706,0.008616842256563978,0.009608786123728572,0.9973024750133025,2,2,P2,M2,F3,6,1,0,0,1,1,0,0,1
phase6v2-r06-load-medium-a01,6,LOAD_MEDIUM,LOAD,LOAD,0.07427193960800775,0.03202454569862985,0.981295425863143,0.015616608008119558,1,1,P2,M2,F3,6,0,0,1,0,0,0,1,0
phase6v2-r06-output-medium-a01,6,OUTPUT_MEDIUM,OUTPUT,OUTPUT,0.013331319530388047,0.9962951064295796,0.016573349785749182,0.01752611620233991,1,1,P2,M2,F3,6,0,1,0,0,0,1,0,0
phase6v2-r06-output-control-a01,6,OUTPUT_CONTROL,NONE,NONE,0.034536271001964915,0.0645254581717143,0.016934359168637555,0.016531028940248056,0,0,P2,M2,F3,6,0,0,0,0,0,0,0,0
phase6v2-r06-output-downstream-a01,6,OUTPUT_DOWNSTREAM,OUTPUT+DOWNSTREAM,OUTPUT+DOWNSTREAM,0.013896582697177457,0.9965621143344263,0.01305999215893222,0.9924782079719345,2,2,P2,M2,F3,6,0,1,0,1,0,1,0,1
phase6v2-r07-output-load-a01,7,OUTPUT_LOAD,OUTPUT+LOAD,OUTPUT+LOAD,0.047480279620109964,0.9901658448338657,0.9999840044966428,0.010973225353323093,2,2,P2,M2,F3,7,0,1,1,0,0,1,1,0
phase6v2-r07-load-downstream-a01,7,LOAD_DOWNSTREAM,LOAD+DOWNSTREAM,LOAD+DOWNSTREAM,0.06459703083383564,0.03538620095119226,0.9797341702140359,0.9854272336750047,2,2,P2,M2,F3,7,0,0,1,1,0,0,1,1
phase6v2-r07-baseline-a01,7,BASELINE,NONE,NONE,0.11029083925671217,0.017993772781582703,0.03440155952821789,0.018324884082069726,0,0,P2,M2,F3,7,0,0,0,0,0,0,0,0
phase6v2-r07-input-downstream-a01,7,INPUT_DOWNSTREAM,INPUT+DOWNSTREAM,INPUT+DOWNSTREAM,0.9641076293532461,0.008303539607030069,0.00932906963357534,0.9973773833842832,2,2,P2,M2,F3,7,1,0,0,1,1,0,0,1
phase6v2-r07-output-downstream-control-a01,7,OUTPUT_DOWNSTREAM_CONTROL,DOWNSTREAM,DOWNSTREAM,0.03049330741798358,0.05406740503023795,0.005990260804592959,0.9984529207023164,1,1,P2,M2,F3,7,0,0,0,1,0,0,0,1
phase6v2-r07-output-load-control-a01,7,OUTPUT_LOAD_CONTROL,LOAD,LOAD,0.02094982794885153,0.025319891813217553,0.9639837731068085,0.014233845038810675,1,1,P2,M2,F3,7,0,0,1,0,0,0,1,0
phase6v2-r07-downstream-medium-a01,7,DOWNSTREAM_MEDIUM,DOWNSTREAM,DOWNSTREAM,0.11102950819947792,0.019856162783450683,0.014919980920052037,0.9982550146345515,1,1,P2,M2,F3,7,0,0,0,1,0,0,0,1
phase6v2-r07-output-control-a01,7,OUTPUT_CONTROL,NONE,NONE,0.03550736977986374,0.0527002925851083,0.016322200426041874,0.01785236436349445,0,0,P2,M2,F3,7,0,0,0,0,0,0,0,0
phase6v2-r07-input-load-a01,7,INPUT_LOAD,INPUT+LOAD,INPUT+LOAD,0.9879093258037461,0.0840028477926412,0.9998393313159383,0.011552168889942684,2,2,P2,M2,F3,7,1,0,1,0,1,0,1,0
phase6v2-r07-output-medium-a01,7,OUTPUT_MEDIUM,OUTPUT,OUTPUT,0.01636429615898575,0.9924769434781867,0.01497795136525088,0.018538104700546978,1,1,P2,M2,F3,7,0,1,0,0,0,1,0,0
phase6v2-r07-load-medium-a01,7,LOAD_MEDIUM,LOAD,LOAD,0.05798774176156359,0.0334931955504789,0.9781542233004643,0.01649716886756481,1,1,P2,M2,F3,7,0,0,1,0,0,0,1,0
phase6v2-r07-input-medium-a01,7,INPUT_MEDIUM,INPUT,INPUT,0.9742112494128748,0.008224415823464688,0.025209571941068237,0.016897203572920697,1,1,P2,M2,F3,7,1,0,0,0,1,0,0,0
phase6v2-r07-output-downstream-a01,7,OUTPUT_DOWNSTREAM,OUTPUT+DOWNSTREAM,OUTPUT+DOWNSTREAM,0.014330946395927463,0.9939324470847418,0.011659560798089798,0.9928676257049364,2,2,P2,M2,F3,7,0,1,0,1,0,1,0,1
phase6v2-r08-output-load-control-a01,8,OUTPUT_LOAD_CONTROL,LOAD,LOAD,0.02009963729908136,0.025139410127373918,0.9637593127570746,0.012719326043511002,1,1,P2,M2,F3,8,0,0,1,0,0,0,1,0
phase6v2-r08-input-medium-a01,8,INPUT_MEDIUM,INPUT,INPUT,0.9662292237742086,0.009034156330516737,0.021639925733079674,0.015592987336937992,1,1,P2,M2,F3,8,1,0,0,0,1,0,0,0
phase6v2-r08-output-medium-a01,8,OUTPUT_MEDIUM,OUTPUT,OUTPUT,0.017112963460701767,0.9960484271525789,0.019391993964420387,0.016911713579230166,1,1,P2,M2,F3,8,0,1,0,0,0,1,0,0
phase6v2-r08-output-control-a01,8,OUTPUT_CONTROL,NONE,NONE,0.04352591145253159,0.06220642148477722,0.020491999831615478,0.016729197237259484,0,0,P2,M2,F3,8,0,0,0,0,0,0,0,0
phase6v2-r08-baseline-a01,8,BASELINE,NONE,NONE,0.12277682134631351,0.018437343782321137,0.03893109373860076,0.017672804423196072,0,0,P2,M2,F3,8,0,0,0,0,0,0,0,0
phase6v2-r08-input-load-a01,8,INPUT_LOAD,INPUT+LOAD,INPUT+LOAD,0.9860629554410267,0.08302629390039298,0.9998075251711507,0.010933796425588371,2,2,P2,M2,F3,8,1,0,1,0,1,0,1,0
phase6v2-r08-output-load-a01,8,OUTPUT_LOAD,OUTPUT+LOAD,OUTPUT+LOAD,0.04795550770643201,0.9927297181282408,0.9999828338981753,0.011325363233342232,2,2,P2,M2,F3,8,0,1,1,0,0,1,1,0
phase6v2-r08-downstream-medium-a01,8,DOWNSTREAM_MEDIUM,DOWNSTREAM,DOWNSTREAM,0.1133761601273361,0.016761793366817025,0.013541039652362447,0.9984890418897652,1,1,P2,M2,F3,8,0,0,0,1,0,0,0,1
phase6v2-r08-output-downstream-control-a01,8,OUTPUT_DOWNSTREAM_CONTROL,DOWNSTREAM,DOWNSTREAM,0.029878804190566256,0.056217873370310124,0.006198743927399156,0.998117644553991,1,1,P2,M2,F3,8,0,0,0,1,0,0,0,1
phase6v2-r08-load-medium-a01,8,LOAD_MEDIUM,LOAD,LOAD,0.0617053612546182,0.03590142818860211,0.9829611423807679,0.015447665221158778,1,1,P2,M2,F3,8,0,0,1,0,0,0,1,0
phase6v2-r08-output-downstream-a01,8,OUTPUT_DOWNSTREAM,OUTPUT+DOWNSTREAM,OUTPUT+DOWNSTREAM,0.012768773976524254,0.9955080282526055,0.01141042111002753,0.9924582809143363,2,2,P2,M2,F3,8,0,1,0,1,0,1,0,1
phase6v2-r08-input-downstream-a01,8,INPUT_DOWNSTREAM,INPUT+DOWNSTREAM,INPUT+DOWNSTREAM,0.9705853011347194,0.00792261527962379,0.01055542937653514,0.9974166677914731,2,2,P2,M2,F3,8,1,0,0,1,1,0,0,1
phase6v2-r08-load-downstream-a01,8,LOAD_DOWNSTREAM,LOAD+DOWNSTREAM,LOAD+DOWNSTREAM,0.059744925523148834,0.040059126306694726,0.9832326273582735,0.9838093787714433,2,2,P2,M2,F3,8,0,0,1,1,0,0,1,1
phase6v2-r01-input-medium-a01,1,INPUT_MEDIUM,INPUT,INPUT,1.7020298005632064,-1.1205804452285624,-0.8905373228983124,-1.021905135648342,1,1,P2,M3,F2,1,1,0,0,0,1,0,0,0
phase6v2-r01-input-load-a01,1,INPUT_LOAD,INPUT+LOAD,INPUT+LOAD,2.4043765397690855,-0.18636293836965567,2.3969418448821416,-1.0208990875157438,2,2,P2,M3,F2,1,1,0,1,0,1,0,1,0
phase6v2-r01-output-medium-a01,1,OUTPUT_MEDIUM,OUTPUT,OUTPUT,-6.478759591594574,1.9775410545830452,-1.0317126655918907,-0.9996481401366141,1,1,P2,M3,F2,1,0,1,0,0,0,1,0,0
phase6v2-r01-load-downstream-a01,1,LOAD_DOWNSTREAM,LOAD+DOWNSTREAM,LOAD+DOWNSTREAM,-0.22679019627940744,-1.11255994810195,1.029685798418974,0.9859990048388039,2,2,P2,M3,F2,1,0,0,1,1,0,0,1,1
phase6v2-r01-output-downstream-control-a01,1,OUTPUT_DOWNSTREAM_CONTROL,DOWNSTREAM,DOWNSTREAM,-0.7474815420706693,-0.9417321411803407,-1.572381120277906,1.3988660937307773,1,1,P2,M3,F2,1,0,0,0,1,0,0,0,1
phase6v2-r01-downstream-medium-a01,1,DOWNSTREAM_MEDIUM,DOWNSTREAM,INPUT+DOWNSTREAM,0.37943471766034453,-1.6472564064823487,-1.227092088892013,1.4205495266258765,1,2,P2,M3,F2,1,0,0,0,1,1,0,0,1
phase6v2-r01-output-load-control-a01,1,OUTPUT_LOAD_CONTROL,LOAD,LOAD,-1.3997004979382741,-1.5771365580684347,0.8828557996740465,-0.990805893307346,1,1,P2,M3,F2,1,0,0,1,0,0,0,1,0
phase6v2-r01-input-downstream-a01,1,INPUT_DOWNSTREAM,INPUT+DOWNSTREAM,INPUT+DOWNSTREAM,1.0791371320391114,-1.754396965465029,-1.1768545834249775,1.3430263182009972,2,2,P2,M3,F2,1,1,0,0,1,1,0,0,1
phase6v2-r01-output-control-a01,1,OUTPUT_CONTROL,NONE,NONE,-0.9827730618143249,-1.341504144453738,-1.4392469740516665,-0.9912222475143586,0,0,P2,M3,F2,1,0,0,0,0,0,0,0,0
phase6v2-r01-output-downstream-a01,1,OUTPUT_DOWNSTREAM,OUTPUT+DOWNSTREAM,OUTPUT+DOWNSTREAM,-7.638906059312245,2.377914446887466,-1.1003116452079744,1.1311662997808059,2,2,P2,M3,F2,1,0,1,0,1,0,1,0,1
phase6v2-r01-baseline-a01,1,BASELINE,NONE,INPUT,2.3578222895962098,-0.11437459182547993,-0.5265106333559828,-1.0635565077761826,0,1,P2,M3,F2,1,0,0,0,0,1,0,0,0
phase6v2-r01-output-load-a01,1,OUTPUT_LOAD,OUTPUT+LOAD,INPUT+OUTPUT+LOAD,0.3930512425317445,1.8489440122432077,3.224916092895503,-1.0432953445320754,2,3,P2,M3,F2,1,0,1,1,0,1,1,1,0
phase6v2-r01-load-medium-a01,1,LOAD_MEDIUM,LOAD,LOAD,-2.1906872086478435,-1.2357784064962365,1.2396737150392731,-0.9950150417948045,1,1,P2,M3,F2,1,0,0,1,0,0,0,1,0
phase6v2-r02-output-control-a01,2,OUTPUT_CONTROL,NONE,NONE,-0.935874353297554,-1.1680747653870736,-1.419645518432141,-0.9938270139778029,0,0,P2,M3,F2,2,0,0,0,0,0,0,0,0
phase6v2-r02-input-downstream-a01,2,INPUT_DOWNSTREAM,INPUT+DOWNSTREAM,INPUT+DOWNSTREAM,0.9192397196516404,-2.149917690343049,-1.002711390492883,1.3543106000943292,2,2,P2,M3,F2,2,1,0,0,1,1,0,0,1
phase6v2-r02-baseline-a01,2,BASELINE,NONE,INPUT,0.11722266340062659,-1.8559117195271737,-1.0465696725025455,-0.9916106996567097,0,1,P2,M3,F2,2,0,0,0,0,1,0,0,0
phase6v2-r02-output-medium-a01,2,OUTPUT_MEDIUM,OUTPUT,OUTPUT,-7.647637572232735,2.207166951297441,-1.0174528529802187,-0.9918500111854242,1,1,P2,M3,F2,2,0,1,0,0,0,1,0,0
phase6v2-r02-input-medium-a01,2,INPUT_MEDIUM,INPUT,INPUT,0.531766808483271,-1.9459023894382599,-1.0021036172486255,-0.9951386986793497,1,1,P2,M3,F2,2,1,0,0,0,1,0,0,0
phase6v2-r02-output-load-a01,2,OUTPUT_LOAD,OUTPUT+LOAD,OUTPUT+LOAD,-1.3432604822666463,0.6258925901329309,2.612067830694951,-0.9941216505298016,2,2,P2,M3,F2,2,0,1,1,0,0,1,1,0
phase6v2-r02-output-downstream-a01,2,OUTPUT_DOWNSTREAM,OUTPUT+DOWNSTREAM,OUTPUT+DOWNSTREAM,-6.437771473676134,2.0827122859304064,-1.0347229583430493,1.135789937952707,2,2,P2,M3,F2,2,0,1,0,1,0,1,0,1
phase6v2-r02-output-downstream-control-a01,2,OUTPUT_DOWNSTREAM_CONTROL,DOWNSTREAM,DOWNSTREAM,-1.3903472893174946,-1.3343036848336114,-1.434242924264844,1.4685347641534214,1,1,P2,M3,F2,2,0,0,0,1,0,0,0,1
phase6v2-r02-input-load-a01,2,INPUT_LOAD,INPUT+LOAD,INPUT+LOAD,1.0300888690235885,-0.8166033063016284,2.1761313257615664,-1.0004965211058052,2,2,P2,M3,F2,2,1,0,1,0,1,0,1,0
phase6v2-r02-load-downstream-a01,2,LOAD_DOWNSTREAM,LOAD+DOWNSTREAM,LOAD+DOWNSTREAM,-0.9051744801590489,-1.1093909793000498,1.1883352170658605,0.9997203361399291,2,2,P2,M3,F2,2,0,0,1,1,0,0,1,1
phase6v2-r02-load-medium-a01,2,LOAD_MEDIUM,LOAD,LOAD,-2.355889579702562,-1.158493270865645,1.2271699825197289,-0.9951309537421892,1,1,P2,M3,F2,2,0,0,1,0,0,0,1,0
phase6v2-r02-downstream-medium-a01,2,DOWNSTREAM_MEDIUM,DOWNSTREAM,DOWNSTREAM,-0.2571628932683605,-1.716133124531015,-1.0477294156699792,1.4492194721406997,1,1,P2,M3,F2,2,0,0,0,1,0,0,0,1
phase6v2-r02-output-load-control-a01,2,OUTPUT_LOAD_CONTROL,LOAD,LOAD,-3.391232872068567,-0.7872849560505016,1.0338526679029107,-1.0033023641372867,1,1,P2,M3,F2,2,0,0,1,0,0,0,1,0
phase6v2-r03-output-downstream-a01,3,OUTPUT_DOWNSTREAM,OUTPUT+DOWNSTREAM,OUTPUT+DOWNSTREAM,-7.364989021917306,2.7617901456759726,-0.9976061000130637,1.1402663709919147,2,2,P2,M3,F2,3,0,1,0,1,0,1,0,1
phase6v2-r03-input-medium-a01,3,INPUT_MEDIUM,INPUT,INPUT,0.9777970751865483,-1.9214348106748487,-0.9375533872002034,-1.0018427425481888,1,1,P2,M3,F2,3,1,0,0,0,1,0,0,0
phase6v2-r03-output-load-a01,3,OUTPUT_LOAD,OUTPUT+LOAD,OUTPUT+LOAD,-1.6377767412374622,1.052191770134892,2.728617410187915,-1.000560391756413,2,2,P2,M3,F2,3,0,1,1,0,0,1,1,0
phase6v2-r03-input-downstream-a01,3,INPUT_DOWNSTREAM,INPUT+DOWNSTREAM,INPUT+DOWNSTREAM,0.5192767986919287,-1.8388718881336845,-1.0030206299296802,1.365744681201181,2,2,P2,M3,F2,3,1,0,0,1,1,0,0,1
phase6v2-r03-input-load-a01,3,INPUT_LOAD,INPUT+LOAD,INPUT+LOAD,1.2017853584030118,-0.8810033117378844,2.218344398370264,-0.9990263891483369,2,2,P2,M3,F2,3,1,0,1,0,1,0,1,0
phase6v2-r03-baseline-a01,3,BASELINE,NONE,INPUT,0.03430152749494275,-1.7776370658669869,-1.041170432097951,-1.0005379885509667,0,1,P2,M3,F2,3,0,0,0,0,1,0,0,0
phase6v2-r03-downstream-medium-a01,3,DOWNSTREAM_MEDIUM,DOWNSTREAM,DOWNSTREAM,-0.17994527803652316,-1.7256508553925434,-1.0549202725307516,1.45938933517608,1,1,P2,M3,F2,3,0,0,0,1,0,0,0,1
phase6v2-r03-output-load-control-a01,3,OUTPUT_LOAD_CONTROL,LOAD,LOAD,-2.3055934676584307,-1.266973539841701,1.0602337216818902,-0.9985167361134721,1,1,P2,M3,F2,3,0,0,1,0,0,0,1,0
phase6v2-r03-output-medium-a01,3,OUTPUT_MEDIUM,OUTPUT,OUTPUT,-7.329724086026841,2.1768709598145737,-1.0722985091127546,-0.9998999578812462,1,1,P2,M3,F2,3,0,1,0,0,0,1,0,0
phase6v2-r03-load-downstream-a01,3,LOAD_DOWNSTREAM,LOAD+DOWNSTREAM,LOAD+DOWNSTREAM,-1.0332289587159742,-1.1304459701075367,1.177679196656521,1.0006338214676245,2,2,P2,M3,F2,3,0,0,1,1,0,0,1,1
phase6v2-r03-output-downstream-control-a01,3,OUTPUT_DOWNSTREAM_CONTROL,DOWNSTREAM,DOWNSTREAM,-1.4375297407158427,-0.7683942603931564,-1.401109712832056,1.3832816215083654,1,1,P2,M3,F2,3,0,0,0,1,0,0,0,1
phase6v2-r03-output-control-a01,3,OUTPUT_CONTROL,NONE,NONE,-0.8481748575040953,-1.2408983850654152,-1.4525671852573308,-1.0003168901860664,0,0,P2,M3,F2,3,0,0,0,0,0,0,0,0
phase6v2-r03-load-medium-a01,3,LOAD_MEDIUM,LOAD,LOAD,-2.1756182801862174,-1.2705006532955387,1.2318192128631196,-0.9917820264876738,1,1,P2,M3,F2,3,0,0,1,0,0,0,1,0
phase6v2-r04-input-load-a01,4,INPUT_LOAD,INPUT+LOAD,INPUT+LOAD,1.4356256976800867,-0.8377470835428462,2.215923814314549,-1.0009155638607188,2,2,P2,M3,F2,4,1,0,1,0,1,0,1,0
phase6v2-r04-output-load-a01,4,OUTPUT_LOAD,OUTPUT+LOAD,OUTPUT+LOAD,-1.3649864515260555,0.8569049451700775,2.6320414921105275,-0.999965538714276,2,2,P2,M3,F2,4,0,1,1,0,0,1,1,0
phase6v2-r04-downstream-medium-a01,4,DOWNSTREAM_MEDIUM,DOWNSTREAM,DOWNSTREAM,-0.037376454036106344,-1.879952295034364,-1.060022230897731,1.4789122218725967,1,1,P2,M3,F2,4,0,0,0,1,0,0,0,1
phase6v2-r04-output-control-a01,4,OUTPUT_CONTROL,NONE,NONE,-0.2259975148327389,-1.0766930271072643,-1.3956942666945096,-1.0037015598324905,0,0,P2,M3,F2,4,0,0,0,0,0,0,0,0
phase6v2-r04-output-load-control-a01,4,OUTPUT_LOAD_CONTROL,LOAD,LOAD,-1.949522665612993,-1.2290117180867384,1.0022780942991825,-0.9978940357169731,1,1,P2,M3,F2,4,0,0,1,0,0,0,1,0
phase6v2-r04-output-downstream-control-a01,4,OUTPUT_DOWNSTREAM_CONTROL,DOWNSTREAM,DOWNSTREAM,-1.134857513486616,-1.296335917711914,-1.459766995938691,1.4788355708888385,1,1,P2,M3,F2,4,0,0,0,1,0,0,0,1
phase6v2-r04-baseline-a01,4,BASELINE,NONE,INPUT,0.15549867338422763,-1.894234839290077,-1.0620285247824812,-0.9876990491487957,0,1,P2,M3,F2,4,0,0,0,0,1,0,0,0
phase6v2-r04-input-medium-a01,4,INPUT_MEDIUM,INPUT,INPUT,0.6120314516924636,-1.8572830162337128,-0.9836546530588169,-1.0019436703296003,1,1,P2,M3,F2,4,1,0,0,0,1,0,0,0
phase6v2-r04-input-downstream-a01,4,INPUT_DOWNSTREAM,INPUT+DOWNSTREAM,INPUT+DOWNSTREAM,0.4157227665461962,-1.8711842742391989,-1.0023574429739175,1.364626769334715,2,2,P2,M3,F2,4,1,0,0,1,1,0,0,1
phase6v2-r04-output-downstream-a01,4,OUTPUT_DOWNSTREAM,OUTPUT+DOWNSTREAM,OUTPUT+DOWNSTREAM,-6.340475567887749,2.3542259022472747,-1.0386045269267188,1.1359861189179532,2,2,P2,M3,F2,4,0,1,0,1,0,1,0,1
phase6v2-r04-load-medium-a01,4,LOAD_MEDIUM,LOAD,LOAD,-1.7660585860767057,-1.299435958805668,1.2293218119520501,-0.9892912805495226,1,1,P2,M3,F2,4,0,0,1,0,0,0,1,0
phase6v2-r04-load-downstream-a01,4,LOAD_DOWNSTREAM,LOAD+DOWNSTREAM,LOAD+DOWNSTREAM,-0.42092831407571385,-1.1849133772530398,1.1800143316102931,0.9933921910655842,2,2,P2,M3,F2,4,0,0,1,1,0,0,1,1
phase6v2-r04-output-medium-a01,4,OUTPUT_MEDIUM,OUTPUT,OUTPUT,-7.750634438305199,2.548115513454331,-1.0165975726693133,-0.9943194163787777,1,1,P2,M3,F2,4,0,1,0,0,0,1,0,0
phase6v2-r05-output-downstream-a01,5,OUTPUT_DOWNSTREAM,OUTPUT+DOWNSTREAM,OUTPUT+DOWNSTREAM,-6.504046741589564,2.5498276194789007,-1.0108370012105548,1.1192501518420488,2,2,P2,M3,F2,5,0,1,0,1,0,1,0,1
phase6v2-r05-input-downstream-a01,5,INPUT_DOWNSTREAM,INPUT+DOWNSTREAM,INPUT+DOWNSTREAM,0.8244965732168705,-1.9044989724902073,-0.9970615746268041,1.353058707174584,2,2,P2,M3,F2,5,1,0,0,1,1,0,0,1
phase6v2-r05-load-downstream-a01,5,LOAD_DOWNSTREAM,LOAD+DOWNSTREAM,LOAD+DOWNSTREAM,-0.772613456228517,-1.175191232875029,1.2107300929454534,0.9966900096143668,2,2,P2,M3,F2,5,0,0,1,1,0,0,1,1
phase6v2-r05-output-downstream-control-a01,5,OUTPUT_DOWNSTREAM_CONTROL,DOWNSTREAM,DOWNSTREAM,-1.6441409118871995,-1.1059326394700117,-1.417114690810678,1.4717455047331085,1,1,P2,M3,F2,5,0,0,0,1,0,0,0,1
phase6v2-r05-output-load-control-a01,5,OUTPUT_LOAD_CONTROL,LOAD,LOAD,-2.9713503965854295,-1.2232290387652585,0.9224297607454461,-1.0037403456896743,1,1,P2,M3,F2,5,0,0,1,0,0,0,1,0
phase6v2-r05-input-medium-a01,5,INPUT_MEDIUM,INPUT,INPUT,0.9757359373254444,-1.9217740788289612,-0.9237779606145342,-1.000093397705867,1,1,P2,M3,F2,5,1,0,0,0,1,0,0,0
phase6v2-r05-output-control-a01,5,OUTPUT_CONTROL,NONE,NONE,-1.5091949167977612,-0.9672790816077975,-1.4030191327700352,-1.0030286961080181,0,0,P2,M3,F2,5,0,0,0,0,0,0,0,0
phase6v2-r05-baseline-a01,5,BASELINE,NONE,INPUT,0.1566006452944193,-1.8139017190249986,-1.0574443586229232,-0.9995756491183334,0,1,P2,M3,F2,5,0,0,0,0,1,0,0,0
phase6v2-r05-input-load-a01,5,INPUT_LOAD,INPUT+LOAD,INPUT+LOAD,1.0808781854470768,-0.9238271302560084,2.1853292504346884,-0.9958899533255899,2,2,P2,M3,F2,5,1,0,1,0,1,0,1,0
phase6v2-r05-downstream-medium-a01,5,DOWNSTREAM_MEDIUM,DOWNSTREAM,DOWNSTREAM,-0.17215146819704796,-1.8248470354441055,-1.058422911911596,1.4565432549339756,1,1,P2,M3,F2,5,0,0,0,1,0,0,0,1
phase6v2-r05-load-medium-a01,5,LOAD_MEDIUM,LOAD,LOAD,-2.2637738983440476,-1.2296534596693927,1.1882567367379249,-0.9990237139082532,1,1,P2,M3,F2,5,0,0,1,0,0,0,1,0
phase6v2-r05-output-medium-a01,5,OUTPUT_MEDIUM,OUTPUT,OUTPUT,-8.96552664599074,2.93395917104085,-1.0119120411564695,-1.0025249092839423,1,1,P2,M3,F2,5,0,1,0,0,0,1,0,0
phase6v2-r05-output-load-a01,5,OUTPUT_LOAD,OUTPUT+LOAD,OUTPUT+LOAD,-1.7359658305636902,1.1543540532647474,2.8788847036042746,-0.9986929209194346,2,2,P2,M3,F2,5,0,1,1,0,0,1,1,0
phase6v2-r06-baseline-a01,6,BASELINE,NONE,INPUT,0.011215980433700201,-1.7936416416924421,-1.041695007501993,-0.9991156383434251,0,1,P2,M3,F2,6,0,0,0,0,1,0,0,0
phase6v2-r06-input-load-a01,6,INPUT_LOAD,INPUT+LOAD,INPUT+LOAD,0.9333653225213339,-0.9479508543429473,2.1575442678315078,-0.9956873139459617,2,2,P2,M3,F2,6,1,0,1,0,1,0,1,0
phase6v2-r06-output-downstream-control-a01,6,OUTPUT_DOWNSTREAM_CONTROL,DOWNSTREAM,DOWNSTREAM,-1.0856178368201792,-0.9206573452430102,-1.4202511395620603,1.3826250710500319,1,1,P2,M3,F2,6,0,0,0,1,0,0,0,1
phase6v2-r06-input-medium-a01,6,INPUT_MEDIUM,INPUT,INPUT,0.3923570510357952,-1.895449162362317,-0.993856535185927,-0.9967332108819511,1,1,P2,M3,F2,6,1,0,0,0,1,0,0,0
phase6v2-r06-output-load-control-a01,6,OUTPUT_LOAD_CONTROL,LOAD,LOAD,-2.5239484149772644,-1.3465876436262738,0.9811112514587267,-0.9995973339125601,1,1,P2,M3,F2,6,0,0,1,0,0,0,1,0
phase6v2-r06-load-downstream-a01,6,LOAD_DOWNSTREAM,LOAD+DOWNSTREAM,LOAD+DOWNSTREAM,-0.8987751246857769,-1.1337348185367737,1.2244989847731698,0.9942975242925118,2,2,P2,M3,F2,6,0,0,1,1,0,0,1,1
phase6v2-r06-output-load-a01,6,OUTPUT_LOAD,OUTPUT+LOAD,OUTPUT+LOAD,-1.099586545245342,1.0864664974046212,2.746580228519362,-1.0017174154043582,2,2,P2,M3,F2,6,0,1,1,0,0,1,1,0
phase6v2-r06-downstream-medium-a01,6,DOWNSTREAM_MEDIUM,DOWNSTREAM,DOWNSTREAM,-0.06010704425557112,-1.8719306669064146,-1.0603891734948165,1.4675214471580342,1,1,P2,M3,F2,6,0,0,0,1,0,0,0,1
phase6v2-r06-input-downstream-a01,6,INPUT_DOWNSTREAM,INPUT+DOWNSTREAM,INPUT+DOWNSTREAM,0.44065791991432635,-1.8615280886094514,-1.0019508474333423,1.3613167673284263,2,2,P2,M3,F2,6,1,0,0,1,1,0,0,1
phase6v2-r06-load-medium-a01,6,LOAD_MEDIUM,LOAD,LOAD,-2.4186185983856374,-1.304772002620462,1.1630328965918055,-0.9971228076794754,1,1,P2,M3,F2,6,0,0,1,0,0,0,1,0
phase6v2-r06-output-medium-a01,6,OUTPUT_MEDIUM,OUTPUT,OUTPUT,-7.804233380654962,2.689073309997524,-1.013936646992776,-1.002213436390868,1,1,P2,M3,F2,6,0,1,0,0,0,1,0,0
phase6v2-r06-output-control-a01,6,OUTPUT_CONTROL,NONE,NONE,-0.1555997913475633,-1.2247744449313513,-1.4466321846246633,-1.002574065528802,0,0,P2,M3,F2,6,0,0,0,0,0,0,0,0
phase6v2-r06-output-downstream-a01,6,OUTPUT_DOWNSTREAM,OUTPUT+DOWNSTREAM,OUTPUT+DOWNSTREAM,-6.750823461300187,2.8009598629726886,-0.990296273804846,1.1338147570525503,2,2,P2,M3,F2,6,0,1,0,1,0,1,0,1
phase6v2-r07-output-load-a01,7,OUTPUT_LOAD,OUTPUT+LOAD,OUTPUT+LOAD,-0.8631384974640974,0.8881633027235748,2.7972221120596164,-0.9954116701791252,2,2,P2,M3,F2,7,0,1,1,0,0,1,1,0
phase6v2-r07-load-downstream-a01,7,LOAD_DOWNSTREAM,LOAD+DOWNSTREAM,LOAD+DOWNSTREAM,-0.8366655508011958,-1.1705940485767183,1.1745309089307698,1.0064374847441855,2,2,P2,M3,F2,7,0,0,1,1,0,0,1,1
phase6v2-r07-baseline-a01,7,BASELINE,NONE,INPUT,0.08063515118169384,-1.8379502570551698,-1.0552795242765576,-0.9991075210483363,0,1,P2,M3,F2,7,0,0,0,0,1,0,0,0
phase6v2-r07-input-downstream-a01,7,INPUT_DOWNSTREAM,INPUT+DOWNSTREAM,INPUT+DOWNSTREAM,0.4693288470500274,-1.8927636666281358,-1.0063983322194985,1.3680163865848332,2,2,P2,M3,F2,7,1,0,0,1,1,0,0,1
phase6v2-r07-output-downstream-control-a01,7,OUTPUT_DOWNSTREAM_CONTROL,DOWNSTREAM,DOWNSTREAM,-1.2985485469321265,-1.1934272054090824,-1.4459022749672379,1.4787233246239506,1,1,P2,M3,F2,7,0,0,0,1,0,0,0,1
phase6v2-r07-output-load-control-a01,7,OUTPUT_LOAD_CONTROL,LOAD,LOAD,-2.56592291938081,-1.158406360084521,0.9641640786014334,-0.9979505672946035,1,1,P2,M3,F2,7,0,0,1,0,0,0,1,0
phase6v2-r07-downstream-medium-a01,7,DOWNSTREAM_MEDIUM,DOWNSTREAM,DOWNSTREAM,-0.18658556439495033,-1.739008383662545,-1.0411891779716578,1.4369111240345414,1,1,P2,M3,F2,7,0,0,0,1,0,0,0,1
phase6v2-r07-output-control-a01,7,OUTPUT_CONTROL,NONE,NONE,-0.7183722486046351,-1.2532447395275392,-1.4518555225330216,-0.9976478664672404,0,0,P2,M3,F2,7,0,0,0,0,0,0,0,0
phase6v2-r07-input-load-a01,7,INPUT_LOAD,INPUT+LOAD,INPUT+LOAD,1.1493771480567765,-0.8699892873620871,2.2202261030112354,-0.9964900351737424,2,2,P2,M3,F2,7,1,0,1,0,1,0,1,0
phase6v2-r07-output-medium-a01,7,OUTPUT_MEDIUM,OUTPUT,OUTPUT,-7.261542179585344,2.177984687917373,-1.0702065761753377,-1.000716696745973,1,1,P2,M3,F2,7,0,1,0,0,0,1,0,0
phase6v2-r07-load-medium-a01,7,LOAD_MEDIUM,LOAD,LOAD,-2.529302451488403,-1.2776577940287286,1.166635815565172,-0.9983539528873984,1,1,P2,M3,F2,7,0,0,1,0,0,0,1,0
phase6v2-r07-input-medium-a01,7,INPUT_MEDIUM,INPUT,INPUT,0.5420864061844628,-1.8744922736040501,-0.9891667580273835,-0.9961840847777368,1,1,P2,M3,F2,7,1,0,0,0,1,0,0,0
phase6v2-r07-output-downstream-a01,7,OUTPUT_DOWNSTREAM,OUTPUT+DOWNSTREAM,OUTPUT+DOWNSTREAM,-6.476241932864232,2.3523958568347476,-1.0333112434436005,1.153538754829339,2,2,P2,M3,F2,7,0,1,0,1,0,1,0,1
phase6v2-r08-output-load-control-a01,8,OUTPUT_LOAD_CONTROL,LOAD,LOAD,-2.248791884258429,-1.2435642158350722,0.9882188900491541,-0.9980381265212233,1,1,P2,M3,F2,8,0,0,1,0,0,0,1,0
phase6v2-r08-input-medium-a01,8,INPUT_MEDIUM,INPUT,INPUT,0.29511520725925733,-1.8560323330547452,-0.9959849314656946,-1.0046470225342303,1,1,P2,M3,F2,8,1,0,0,0,1,0,0,0
phase6v2-r08-output-medium-a01,8,OUTPUT_MEDIUM,OUTPUT,OUTPUT,-7.95248557684571,2.661504789284236,-1.0066412146715915,-1.0041136966356194,1,1,P2,M3,F2,8,0,1,0,0,0,1,0,0
phase6v2-r08-output-control-a01,8,OUTPUT_CONTROL,NONE,NONE,-1.0285767086737962,-1.1053488188717426,-1.42128220100225,-0.998138197081951,0,0,P2,M3,F2,8,0,0,0,0,0,0,0,0
phase6v2-r08-baseline-a01,8,BASELINE,NONE,INPUT,0.10461585142670105,-1.8229817897496012,-1.0445172863975307,-0.9996970807193639,0,1,P2,M3,F2,8,0,0,0,0,1,0,0,0
phase6v2-r08-input-load-a01,8,INPUT_LOAD,INPUT+LOAD,INPUT+LOAD,1.043938975366811,-0.8856293088393898,2.1939833973078557,-0.9997176862342185,2,2,P2,M3,F2,8,1,0,1,0,1,0,1,0
phase6v2-r08-output-load-a01,8,OUTPUT_LOAD,OUTPUT+LOAD,OUTPUT+LOAD,-1.6914117833778382,1.2253074990098476,2.7919124030618043,-1.0006683740049303,2,2,P2,M3,F2,8,0,1,1,0,0,1,1,0
phase6v2-r08-downstream-medium-a01,8,DOWNSTREAM_MEDIUM,DOWNSTREAM,INPUT+DOWNSTREAM,0.002880727140849304,-1.903921076223761,-1.0578836052433644,1.4715373018884395,1,2,P2,M3,F2,8,0,0,0,1,1,0,0,1
phase6v2-r08-output-downstream-control-a01,8,OUTPUT_DOWNSTREAM_CONTROL,DOWNSTREAM,DOWNSTREAM,-1.0874683546518693,-1.2280776808922278,-1.4426180854592292,1.4710458853616104,1,1,P2,M3,F2,8,0,0,0,1,0,0,0,1
phase6v2-r08-load-medium-a01,8,LOAD_MEDIUM,LOAD,LOAD,-2.377328602855111,-1.2503686165073316,1.2114881266610702,-0.9999458602452329,1,1,P2,M3,F2,8,0,0,1,0,0,0,1,0
phase6v2-r08-output-downstream-a01,8,OUTPUT_DOWNSTREAM,OUTPUT+DOWNSTREAM,OUTPUT+DOWNSTREAM,-6.8920992393493865,2.5611933334320387,-1.0239384455436562,1.1418352004483268,2,2,P2,M3,F2,8,0,1,0,1,0,1,0,1
phase6v2-r08-input-downstream-a01,8,INPUT_DOWNSTREAM,INPUT+DOWNSTREAM,INPUT+DOWNSTREAM,0.6358805089402895,-1.9306918762611096,-0.9971905247345526,1.3703857144954186,2,2,P2,M3,F2,8,1,0,0,1,1,0,0,1
phase6v2-r08-load-downstream-a01,8,LOAD_DOWNSTREAM,LOAD+DOWNSTREAM,LOAD+DOWNSTREAM,-0.9632975678097144,-1.1538021082295955,1.2174627472408208,0.9991818815540676,2,2,P2,M3,F2,8,0,0,1,1,0,0,1,1
