condition_id,feature,source_mean,source_sd,source_median,source_min,source_max,target_mean,target_sd,target_median,target_min,target_max,standardized_mean_shift,range_overlap
BASELINE,ttft_p95,0.052653738830485915,0.0024127232247877018,0.05317396354766965,0.0484378499993908,0.0566061815454304,0.19669045877914568,0.12952327673091982,0.14013843092761816,0.137524564540945,0.4602397336457215,59.69881603860042,0.0
BASELINE,total_latency_p95,0.18212000710559545,0.006303113834270447,0.18179187827317939,0.1730493836497771,0.1920844558939279,0.5785228747077781,0.13365453248188777,0.5215202285995475,0.5115783433939214,0.8502547312506067,62.890006118390886,0.0
BASELINE,post_first_token_duration_p95,0.13093487263699893,0.004161636763352816,0.13057395240084585,0.1253475131477898,0.1367986357534391,0.3908972252476815,0.008662422933951457,0.38864522172516447,0.3837116794929898,0.40807387144377566,62.466372582032925,0.0
BASELINE,ttft_median,0.04736639306156571,0.0021487935066605473,0.046963031249106196,0.0450816874981683,0.0518229374938528,0.15140029874964966,0.04836392069086377,0.1321487502536911,0.12671358350053197,0.24983264549518935,48.41503167503688,0.0
BASELINE,total_latency_median,0.17264300537499364,0.004989720977529481,0.17162908375030378,0.1664553749978949,0.1829124169998977,0.5325107883315164,0.05341944654467104,0.5113851252463064,0.502812521001033,0.6410258749965578,72.12182496318684,0.0
BASELINE,post_first_token_duration_median,0.12538970843706915,0.0027247114758527998,0.124684489750507,0.1221233539981767,0.1305817710017436,0.3812097258354091,0.00753481562183457,0.3796120627557684,0.37390747950121295,0.39549366700521205,93.88884645787002,0.0
BASELINE,scheduler_slip_p95,0.00207792173805495,0.0003567633959643416,0.0021871479273613,0.0011965107471041,0.0022333910001179,0.001943830167874694,0.00040415627115885234,0.0021075604206998834,0.0011188892582140396,0.00211340275418479,-0.3758557399584186,0.8226923050962656
BASELINE,successful_requests_per_second,4.031423947791182,0.001957389146029038,4.031445018797468,4.028899328321978,4.035190899836614,3.9269037027607303,0.055376351616101695,3.948909082462369,3.814336079085887,3.957206211293396,-53.39778512744489,0.0
BASELINE,host_cpu_median,6.831250000000001,0.5681659088681755,6.9,5.85,7.8,4.658333333333332,1.4671116749132174,5.05,2.95,6.8,-3.824440419164296,0.19587628865979387
BASELINE,host_cpu_p95,12.521249999999997,4.8238697788038465,10.864999999999998,9.8,24.379999999999978,14.139166666666663,2.4427165547125367,13.834999999999997,11.404999999999987,18.6,0.33539808097138424,0.4934842249657082
BASELINE,dependency_duration_median,0.0012286590017538,8.60102425048747e-05,0.0011956562520936001,0.0011490420038171,0.0013734585008933,0.0008195312475436367,5.3361974583321115e-05,0.0008037190018512774,0.0007726034964434803,0.0009165624942397699,-4.75673294592764,0.0
BASELINE,dependency_duration_p95,0.001608599671681025,0.00017947238355372065,0.0015357449294241998,0.0014279774048191,0.0019892788524884,0.0011212430643354307,5.838101295880934e-05,0.00114262742572464,0.001028278852754738,0.0011826336478407027,-2.7154963771889515,0.0
BASELINE,gateway_span_duration_median,0.17146830187448356,0.004999405579658765,0.17047078075120226,0.1651642920005542,0.1816392705004545,0.5319043575012378,0.05334028602746651,0.5107937602515449,0.50214324999979,0.6402512080021552,72.09578216523809,0.0
BASELINE,gateway_span_duration_p95,0.18095880989940266,0.0063185402447717386,0.1810373928496119,0.1716857097981119,0.1905649684500531,0.5778916566671494,0.1336992653757754,0.520892067377281,0.5108378996461397,0.8497122097964165,62.82034004550147,0.0
BASELINE,dependency_span_duration_median,0.0012286590017538,8.60102425048747e-05,0.0011956562520936001,0.0011490420038171,0.0013734585008933,0.0008195312475436367,5.3361974583321115e-05,0.0008037190018512774,0.0007726034964434803,0.0009165624942397699,-4.75673294592764,0.0
BASELINE,dependency_span_duration_p95,0.001608599671681025,0.00017947238355372065,0.0015357449294241998,0.0014279774048191,0.0019892788524884,0.0011212430643354307,5.838101295880934e-05,0.00114262742572464,0.001028278852754738,0.0011826336478407027,-2.7154963771889515,0.0
BASELINE,llama_span_duration_median,0.17011715881335476,0.004898494448121337,0.16921765625011176,0.1636624790044152,0.1798750830021163,0.5310625902493484,0.053358732529053,0.5099457290016289,0.5012230209977133,0.6394422914963798,73.68497305828792,0.0
BASELINE,llama_span_duration_p95,0.17970360908871041,0.006350295056675251,0.17986332220061735,0.1701804430984339,0.1889600226018956,0.5769349557818108,0.1337212984156466,0.520026460248846,0.5094554645504104,0.8487853767510387,62.553211015847516,0.0
BASELINE,dependency_fraction_of_gateway_median,0.007139857391170949,0.00048686546954686277,0.007072189719656,0.0065283629877436,0.0081111731023345,0.0015537712534970556,0.0002057041240864243,0.0015950802857894893,0.0012003037107900486,0.0018083625625975384,-11.473572243422801,0.0
BASELINE,llama_fraction_of_gateway_median,0.9925731729227315,0.0005130275848909937,0.992636953847728,0.991557317340197,0.9932643975924108,0.9983955517650042,0.0002142527939053821,0.9983533002858482,0.9981241315741325,0.9987618739755961,11.34905610096926,0.0
BASELINE,ttft_early_median,0.04666076018793319,0.0018726104450653227,0.04624969775068166,0.04438483299963991,0.050747062497976,0.1271122987527633,0.003388591237653487,0.12654728150300798,0.12392000000545522,0.13320043749990873,42.96223957141481,0.0
BASELINE,ttft_late_median,0.04752826031290169,0.0021827335550807965,0.04712195849970158,0.04529037499742117,0.05205206249956973,0.18671728125021522,0.11915962809687959,0.13691192724945722,0.1301869995004381,0.429373396000301,63.76821422537818,0.0
BASELINE,ttft_late_minus_early,0.000867500124968501,0.0006960103838810048,0.0007408234996546526,3.633300002547912e-05,0.0018640625021362212,0.05960498249745191,0.11610232757444634,0.011532041746249888,0.005930915998760611,0.29617295850039227,84.39167537265594,0.0
BASELINE,ttft_normalized_slope,-0.0010616435824010184,0.0007062249419781656,-0.001092450923130066,-0.0019247787526937646,8.639619907002253e-05,0.07636294172169562,0.1504928322854972,0.014505009779381134,0.0027209183440235637,0.38272151897575146,109.631621176147,0.0
BASELINE,total_latency_early_median,0.1716517577506238,0.003677121354220371,0.17055751025145582,0.16553652050060919,0.17636989600214292,0.5049558749160497,0.010412469987436498,0.5001734997495078,0.49693804149865173,0.5242926249993616,90.64267535877762,0.0
BASELINE,total_latency_late_median,0.17320625512502374,0.005721656650477837,0.1718916772497323,0.16669139549776446,0.1851619795015722,0.5687432636683903,0.12276011409749207,0.5190236352536886,0.505021103490435,0.8184290835051797,69.12980500329985,0.0
BASELINE,total_latency_late_minus_early,0.0015544973743999435,0.003989955413105293,0.00031663549634686206,-0.0029689164985029493,0.008792083499429282,0.06378738875234073,0.11311744830931068,0.021167447754123714,0.004431207991729025,0.29413645850581815,15.597390179732942,0.014677874836955852
BASELINE,total_latency_normalized_slope,0.0003474316142927206,0.003817441348063078,-0.0008087288246316317,-0.004011269792974443,0.006585931629763963,0.07377077446817122,0.15460354025300221,0.012671358736308942,-0.0044034501558976105,0.3883118628490171,19.233653161726398,0.026984436490781263
BASELINE,post_first_token_duration_early_median,0.12418481231225087,0.0018628946740476774,0.12398331225267611,0.1208376459981082,0.1269778120004048,0.376816965334001,0.004261684221362313,0.3754375002536108,0.3729980419957428,0.3842486244975589,135.61268736295955,0.0
BASELINE,post_first_token_duration_late_median,0.12545807024980604,0.0030887438187365765,0.12487997925200034,0.12209312499544467,0.1317401250016701,0.382520364500427,0.008006081325298479,0.3804302704957081,0.3747633329985547,0.3979220420078491,83.22551475174461,0.0
BASELINE,post_first_token_duration_late_minus_early,0.0012732579375551722,0.0028513537086750883,0.0007269897523656255,-0.001975520499399863,0.007068708506267285,0.005703399166426,0.004440276838770031,0.004940676994010573,0.0017172079969896004,0.013673417510290165,1.553697535101438,0.34197212015051537
BASELINE,post_first_token_duration_normalized_slope,0.0014090751966937794,0.0032175105808235917,0.0006863279239351908,-0.002329825798964239,0.006499535430694016,-0.00259216725352439,0.00476162848228166,-0.003099364796940878,-0.007217712608743146,0.00559034387326569,-1.2435833075625704,0.5773876545397005
BASELINE,prefill_proxy_early_median,0.04387810687512683,0.001759868748410419,0.043461146249683225,0.04146989600121742,0.04737350000141305,0.1254174965021472,0.0033880239215410505,0.12479813525351346,0.12220010450255359,0.1316027290013153,46.33265389857617,0.0
BASELINE,prefill_proxy_late_median,0.04461508068789044,0.0020988718989869643,0.04424232275050599,0.0424527084978763,0.04876135399899795,0.18503244075084999,0.11922952454391382,0.13517503075490822,0.1281174164978438,0.4278240209969226,66.901348353243,0.0
BASELINE,prefill_proxy_late_minus_early,0.0007369738127636083,0.000813280220858301,0.0006842082493676571,-0.00011933350106119178,0.001970623998204246,0.05961494424870276,0.11612926513229292,0.01156836400332395,0.005357541493140161,0.2962212919956073,72.3956748558349,0.0
BASELINE,prefill_proxy_normalized_slope,-0.0011667388444981967,0.000772268747588374,-0.0010651920663893187,-0.002235149385062616,0.00012114891647881826,0.07652745240042484,0.15047690322728324,0.014757295418628306,0.002753715827353385,0.3828529630532303,100.60512158176148,0.0
BASELINE,dependency_duration_early_median,0.0012111744999856455,0.00011965984676342789,0.0011839894996228395,0.001100708501326153,0.0014217290008673444,0.000809941001837918,4.0863166197178115e-05,0.0008001772475836333,0.000767249999626074,0.0008840210066409782,-3.3531172653177603,0.0
BASELINE,dependency_duration_late_median,0.0012590938131324947,7.844311916161994e-05,0.0012592502498591784,0.0011741040034394246,0.0014090619988564868,0.0008153159178618807,7.586429573789471e-05,0.000784354251663899,0.0007569790031993762,0.000961437493970152,-5.657320871653231,0.0
BASELINE,dependency_duration_late_minus_early,4.791931314684916e-05,0.00010029836326541415,6.366650450218003e-05,-0.0001307915008510463,0.00020237500211806037,5.374916023962821e-06,3.6754217860396736e-05,-1.1437739885877818e-05,-1.9041508494410664e-05,7.741648732917383e-05,-0.42417837876679404,0.2895188890959086
BASELINE,dependency_duration_normalized_slope,3.7849716869547566e-05,8.486433424403946e-05,3.192965210562265e-05,-8.967392947475116e-05,0.0001346215251254672,-4.416244974425176e-05,4.957967415951429e-05,-5.139283584423714e-05,-0.00010049614291169636,4.773500755929002e-05,-0.9663914451736777,0.5844262499759134
BASELINE,scheduler_slip_early_median,0.0018566979379102122,0.00042511858819439043,0.002110416500727297,0.0011683955017360859,0.0021774795022793114,0.0014772084141441155,0.0006810617106356201,0.001551802004541969,0.000596729492826853,0.0020975419975002296,-0.8926674445780072,0.5877883853918067
BASELINE,scheduler_slip_late_median,0.0020046718746016268,0.0003482678792777159,0.0021608954994007945,0.0011641249984677415,0.002165958001569379,0.0018902605831196222,0.00039567972212299553,0.002062031751847826,0.001085500007320661,0.0020782705032615922,-0.32851519847103294,0.8460722301652176
BASELINE,scheduler_slip_late_minus_early,0.00014797393669141456,0.0003443967627170404,1.3395751011557877e-05,-0.00023766649974277243,0.0008411249982600566,0.0004130521689755066,0.0006584806939459041,2.4937751732068136e-05,-4.1457999031990767e-05,0.0014714999997522682,0.7696885133089442,0.5163821064552806
BASELINE,scheduler_slip_normalized_slope,9.853139696776658e-05,0.00026850762121260975,8.764612474606489e-05,-0.0003563093750793703,0.00039840128709151733,0.00014297972386596427,0.0005676778961152457,-0.00013715767859915707,-0.0003078658825493555,0.001144912865785911,0.16553841822985949,0.47046143496634535
BASELINE,gateway_span_duration_late_minus_early,0.0015048803124955157,0.003947429552700533,0.00032432300031359773,-0.002918770998803666,0.00874641649716068,0.06362575366559516,0.11320524178868062,0.02083474025130272,0.004021249987999909,0.2941392914945027,15.73704420148581,0.015906541870975965
BASELINE,gateway_span_duration_normalized_slope,0.00031806338553299425,0.003810773154462382,-0.0007978841038094755,-0.004130278818437864,0.006556090071038444,0.0738792705887956,0.15458949654251983,0.012867193245220707,-0.00435007765339744,0.3883939908757427,19.303486253733862,0.02720949785313796
BASELINE,llama_span_duration_late_minus_early,0.00145647150111472,0.00399369539186802,0.0002821355028572725,-0.0030917914991732687,0.008933270997658838,0.06353390625008615,0.11323128146691912,0.02070161500159884,0.003738832994713448,0.29409037499135593,15.543858170899506,0.01747896942904523
BASELINE,llama_span_duration_normalized_slope,0.00027858593944291325,0.0038742444709706143,-0.0008480105030551812,-0.0042657161787580675,0.006646661396486537,0.07392853464737462,0.15459236981185848,0.01292338273842022,-0.004394825491003646,0.3884453743285565,19.01014488367591,0.02777815910962496
BASELINE,dependency_span_duration_late_minus_early,4.791931314684916e-05,0.00010029836326541415,6.366650450218003e-05,-0.0001307915008510463,0.00020237500211806037,5.374916023962821e-06,3.6754217860396736e-05,-1.1437739885877818e-05,-1.9041508494410664e-05,7.741648732917383e-05,-0.42417837876679404,0.2895188890959086
BASELINE,dependency_span_duration_normalized_slope,3.7849716869547566e-05,8.486433424403946e-05,3.192965210562265e-05,-8.967392947475116e-05,0.0001346215251254672,-4.416244974425176e-05,4.957967415951429e-05,-5.139283584423714e-05,-0.00010049614291169636,4.773500755929002e-05,-0.9663914451736777,0.5844262499759134
OUTPUT_CONTROL,ttft_p95,0.05619837602484944,0.002712608714945073,0.05577150969875215,0.054087750299368,0.0624976756491378,0.07146926439005861,0.004483585671691747,0.07146162409626412,0.06500367259723133,0.07874625210024533,5.62959496556745,0.0
OUTPUT_CONTROL,total_latency_p95,0.2666361082296134,0.022804250751238105,0.2674523815730936,0.2212100586486483,0.300560329495056,0.2694401677125522,0.004884330387452858,0.2701603629779129,0.26192639550499736,0.2745048205120838,0.12296214041527016,0.15851773249058654
OUTPUT_CONTROL,post_first_token_duration_p95,0.2109987111678037,0.020023025848542476,0.21187962070234784,0.1693982065502494,0.2375689291486196,0.20209459183679426,0.0011882806460878032,0.2022850503286463,0.1998044732506969,0.20318147741054418,-0.44469399372311064,0.049537455833393605
OUTPUT_CONTROL,ttft_median,0.046940549313148915,0.0026283773503887053,0.04641948925018365,0.044231354000658,0.0508307085037813,0.061264055750749925,0.0011695658047163968,0.06116539600043325,0.06005314600042766,0.06331272899842588,5.449562421272097,0.0
OUTPUT_CONTROL,total_latency_median,0.1774969766242975,0.017133170614449335,0.1692132084990589,0.1658885414981341,0.2088885835000837,0.2565155417493467,0.0023731875958897006,0.25598425024872995,0.2543239580045338,0.26026691700099036,4.612022310593729,0.0
OUTPUT_CONTROL,post_first_token_duration_median,0.13112334631205153,0.014993227155643118,0.12339094775234115,0.1216367914967122,0.1588493955023295,0.19581416325066434,0.0009081461173164578,0.19579298949975055,0.19448814600764308,0.196939895999094,4.314669301482878,0.0
OUTPUT_CONTROL,scheduler_slip_p95,0.002082235025181888,0.00036451613735395265,0.0021976678490318,0.0011825687455711,0.0022697618504025,0.0019961308415076926,0.00041598519551768766,0.0021652447710948765,0.001147093750478234,0.002173458002653206,-0.2362150117666432,0.8826199454219374
OUTPUT_CONTROL,successful_requests_per_second,2.032292793179054,0.005177217908678215,2.0337814080706638,2.0195729733024654,2.035422331799192,2.0248903890059347,0.0006288392630042584,2.0250624842752076,2.0238063289181665,2.025653983496346,-1.4298034781791171,0.11657598498771744
OUTPUT_CONTROL,host_cpu_median,5.2875000000000005,2.327744156290132,6.0,0.0,6.9,3.466666666666667,1.8392027258208017,4.0,0.0,4.9,-0.7822308686343378,0.7101449275362319
OUTPUT_CONTROL,host_cpu_p95,11.169374999999995,0.620325015616812,10.979999999999993,10.679999999999994,12.369999999999992,12.107499999999993,2.18958843164646,11.639999999999983,9.479999999999999,15.659999999999997,1.5123120563938333,0.2734627831715208
OUTPUT_CONTROL,dependency_duration_median,0.001322820125551475,0.0001024744954669788,0.001302260248849,0.0011890205023519,0.0015198539986158,0.0009356701654420855,4.556355028024976e-05,0.0009245520013791975,0.0008944789951783605,0.001024916498863604,-3.7780128445145067,0.0
OUTPUT_CONTROL,dependency_duration_p95,0.0017116466741299002,0.0001561205711262515,0.00168213790166185,0.0015439104470715,0.0019784121486736,0.0012203899243710718,8.829085708893598e-05,0.0011950104009883944,0.0011118353999336247,0.0013525961425330023,-3.146649709355464,0.0
OUTPUT_CONTROL,gateway_span_duration_median,0.1762204842502797,0.017201423297557354,0.16799241650005564,0.1645675414983998,0.2077718745022139,0.25560322233529104,0.002405155852839655,0.25512044800416334,0.2533011670020642,0.25938727099855896,4.614893588269751,0.0
OUTPUT_CONTROL,gateway_span_duration_p95,0.2652687398013768,0.022716135554854747,0.26637581785307707,0.21980477054567,0.2988760291533253,0.26855937528950263,0.0048655205107318005,0.26932593124802223,0.26117393714812354,0.273560952097614,0.1448589475168282,0.15665635235368836
OUTPUT_CONTROL,dependency_span_duration_median,0.001322820125551475,0.0001024744954669788,0.001302260248849,0.0011890205023519,0.0015198539986158,0.0009356701654420855,4.556355028024976e-05,0.0009245520013791975,0.0008944789951783605,0.001024916498863604,-3.7780128445145067,0.0
OUTPUT_CONTROL,dependency_span_duration_p95,0.0017116466741299002,0.0001561205711262515,0.00168213790166185,0.0015439104470715,0.0019784121486736,0.0012203899243710718,8.829085708893598e-05,0.0011950104009883944,0.0011118353999336247,0.0013525961425330023,-3.146649709355464,0.0
OUTPUT_CONTROL,llama_span_duration_median,0.1748443516867155,0.017214383097015833,0.16665062549873255,0.1629866249968472,0.2064754375023767,0.2546070104156873,0.00242648470690936,0.25405394774861634,0.25234164600260556,0.25849900049797725,4.633489232779936,0.0
OUTPUT_CONTROL,llama_span_duration_p95,0.2639167791250656,0.022811478827004697,0.2650526253015414,0.2182985833453129,0.2977264021024894,0.2675068055508745,0.00490279764546953,0.26833897202595836,0.2601102187516517,0.2725471024066792,0.15737806623737893,0.1565809542504122
OUTPUT_CONTROL,dependency_fraction_of_gateway_median,0.007531996949493775,0.0007789862103456303,0.00745916585344635,0.0064247603697024,0.0091600011202531,0.003619592504512957,0.0001768678524279102,0.0036379663549583573,0.003370974220078471,0.0038978115732112833,-5.022430940394842,0.0
OUTPUT_CONTROL,llama_fraction_of_gateway_median,0.9921421999108098,0.0007725602155686038,0.9922066965088188,0.9905363321874354,0.9932182901049657,0.9962387004884441,0.00018970553546984742,0.9962131287210827,0.9959452905167905,0.99651413138399,5.302500044762609,0.0
OUTPUT_CONTROL,ttft_early_median,0.04694225787488904,0.0027876591769363966,0.04672643724734371,0.04361206300018239,0.050637520998861874,0.06174449658525797,0.002304239121678529,0.06095591650228016,0.05992216649610782,0.06624279200332239,5.309916948540464,0.0
OUTPUT_CONTROL,ttft_late_median,0.04661521874959362,0.0025881686947037057,0.04588286474972847,0.04380508350004675,0.05005337550028344,0.06247244783420077,0.002341653757092055,0.061804322998796124,0.06079208300070604,0.06717477050551679,6.126814344465475,0.0
OUTPUT_CONTROL,ttft_late_minus_early,-0.0003270391252954141,0.0005985603417912235,-0.00046217700219131075,-0.0010946869988401886,0.0007750824988761451,0.0007279512489427967,0.0035989088499203893,0.0006261457456275821,-0.004889687501417939,0.0062536040059058,1.7625463977133804,0.16779328589649295
OUTPUT_CONTROL,ttft_normalized_slope,-0.0018014799085371888,0.0017004075406870693,-0.001981817704410542,-0.004585757872700944,0.0011453475743686623,-0.0016081526343907349,0.0015896695074303475,-0.0018471183845732166,-0.0035750298383723797,0.000646502082484558,0.11369466996619985,0.736599938675961
OUTPUT_CONTROL,total_latency_early_median,0.1791744270003619,0.018233247230413495,0.17136493750149384,0.16561639599967748,0.21248968749932828,0.25806338558444014,0.003980830273920595,0.2571823542530183,0.25514966700575314,0.26588402149354806,4.326654357677417,0.0
OUTPUT_CONTROL,total_latency_late_median,0.17569547393759422,0.014699847738511152,0.16754685400155722,0.1655924579972634,0.2037281044977135,0.2566769862496585,0.004584620153208598,0.25478221899538767,0.25415160400007153,0.26592304200312356,5.509003477628291,0.0
OUTPUT_CONTROL,total_latency_late_minus_early,-0.003478953062767687,0.0064240959340704845,-0.001173218499388895,-0.01866635449914611,0.0007022499994491227,-0.001386399334781648,0.006375849742625394,-0.0006958022568142042,-0.011591041991778184,0.008242917007009964,0.32573513058671577,0.45684224444407395
OUTPUT_CONTROL,total_latency_normalized_slope,-0.008102539317360493,0.015863268674090367,-0.009938578768991038,-0.03778951802683535,0.014177087819606235,-0.001986233951751407,0.0037990255013680484,-0.002384141759519968,-0.0077391747647020444,0.0033964691109381754,0.38556400268242996,0.21428461016956593
OUTPUT_CONTROL,post_first_token_duration_early_median,0.13198196862458644,0.01598211549655217,0.12435384374839487,0.12083100000018021,0.16128091650170973,0.19595907658246384,0.0013668829295994406,0.19563795874637435,0.19448977150022984,0.19831822900596308,4.00304377550514,0.0
OUTPUT_CONTROL,post_first_token_duration_late_median,0.12895307037570092,0.012259160730685911,0.12296233349843533,0.12101214600261301,0.15372581300107413,0.1960850451675166,0.0017951838928099186,0.19535705199814402,0.19422002100327518,0.19882275000418304,5.476066124476009,0.0
OUTPUT_CONTROL,post_first_token_duration_late_minus_early,-0.0030288982488855254,0.006555128026131545,-0.0007541977502114605,-0.018629729500389658,0.0018182714993599802,0.00012596858505276032,0.0022329729246294084,-0.00023726025756332092,-0.0018409794865874574,0.0043329785039532,0.4812822604473378,0.159356247758556
OUTPUT_CONTROL,post_first_token_duration_normalized_slope,-0.006301059408823324,0.01479525145091419,-0.006892650191481984,-0.034875628467906296,0.014509725478220764,-0.00037808131736067214,0.0024982139085248326,0.00021697615144459148,-0.0041641449263296665,0.0027499670284536165,0.40032966733368186,0.14000328847142965
OUTPUT_CONTROL,prefill_proxy_early_median,0.04377523181256038,0.0030376754760101446,0.04373998949995439,0.04002608349765069,0.047878292003588285,0.05960771533257988,0.0022913169889679304,0.058769645751453936,0.05774666649813298,0.06397893799294252,5.212039154628454,0.0
OUTPUT_CONTROL,prefill_proxy_late_median,0.043501932250364916,0.0027937195125629327,0.04266511475179868,0.04037879149836954,0.047175604002404725,0.06046917025135675,0.0024142815865742543,0.05978700000196113,0.05847881250520004,0.06527306250063702,6.073350572486873,0.0
OUTPUT_CONTROL,prefill_proxy_late_minus_early,-0.0002732995621954615,0.0008855583602190739,-0.0005671252529282356,-0.0014104999972914811,0.0013159580012143124,0.0008614549187768716,0.003390556289508963,0.00069449999864446,-0.003999208485765848,0.0062975420005386695,1.281399997953395,0.26478819722126856
OUTPUT_CONTROL,prefill_proxy_normalized_slope,-0.0016829036904954262,0.001829382008219355,-0.0019391716565090762,-0.004556571848705811,0.001487215534329911,-0.0015342317509682132,0.0013951643248744556,-0.0018230055228320074,-0.0030694292057887656,0.0006497900204011813,0.08126894156564056,0.6153788991037981
OUTPUT_CONTROL,dependency_duration_early_median,0.0013404505007201806,8.164764837805087e-05,0.0013203227499616332,0.001241124999069143,0.0014861250019748695,0.0009623751648177858,5.6476765000399575e-05,0.0009585104999132454,0.0009046249906532466,0.0010583124967524782,-4.630572262801775,0.0
OUTPUT_CONTROL,dependency_duration_late_median,0.0013091587502458424,0.00010425263067396305,0.0013030622503720224,0.0011845830013044178,0.0014992500000516884,0.0009232050821689578,4.759649028135557e-05,0.0009245834953617305,0.0008489585015922785,0.000974500500888098,-3.702100038932408,0.0
OUTPUT_CONTROL,dependency_duration_late_minus_early,-3.129175047433819e-05,6.90092414895793e-05,-2.1042524167569354e-06,-0.00014768800247111358,5.170750227989629e-05,-3.917008264882801e-05,6.129171628277498e-05,-2.5208250008290634e-05,-0.00013383349869400263,1.7771002603694797e-05,-0.11416343672868051,0.7603205573115088
OUTPUT_CONTROL,dependency_duration_normalized_slope,-6.250946415581543e-05,0.00011668756055336659,-4.062988655943432e-05,-0.00023164199013014572,7.783609255899911e-05,-3.3780425114744566e-05,0.00013142409617413828,-1.4987245035959741e-05,-0.00026519037403376414,0.00013799336312974732,0.24620481313371667,0.7675857286962837
OUTPUT_CONTROL,scheduler_slip_early_median,0.001984213312880456,0.0003524345427259256,0.0021363327505241614,0.0011455415005912073,0.0021839379987795837,0.0018878228329413105,0.00038660053177809933,0.0020835622526647057,0.0011257084988756105,0.002097082993714139,-0.27349895726340534,0.8991825433039593
OUTPUT_CONTROL,scheduler_slip_late_median,0.001963835999958974,0.00035092195921190296,0.002132270747097209,0.0011460210007498972,0.002165542002330767,0.0019248507511899031,0.00040228718202585406,0.0020789164955203887,0.0011054794958909042,0.002139062504284084,-0.1110937852296944,0.9367763669608871
OUTPUT_CONTROL,scheduler_slip_late_minus_early,-2.037731292148237e-05,0.0001668462134664206,7.854248906369321e-06,-0.0003089789970545098,0.00024891699649742804,3.702791824859256e-05,0.0001036756311661393,-1.4197747077560052e-05,-2.7249996492173523e-05,0.0002383960018050857,0.34406073699495904,0.47615684888858884
OUTPUT_CONTROL,scheduler_slip_normalized_slope,5.916474215266002e-05,0.00032910715073669416,-3.869530593386591e-05,-0.0002878975465314511,0.0006319760345809847,-5.3518186887675145e-06,0.00017736647038989168,3.770087145002014e-05,-0.00025626511074156825,0.0002446511966032942,-0.1960351232023054,0.5445490746011931
OUTPUT_CONTROL,gateway_span_duration_late_minus_early,-0.003376307437520154,0.00638923202040254,-0.0011183337501279311,-0.01839987499988638,0.0006461874982051086,-0.001283892334564977,0.006205469332097442,-0.0008223122458730359,-0.01126547950116219,0.008074457990005612,0.3274908621683375,0.4499326575636569
OUTPUT_CONTROL,gateway_span_duration_normalized_slope,-0.00805256824861525,0.015915241243575053,-0.009957008785191193,-0.037787061214671396,0.014391726199294377,-0.0019411136440328663,0.0037512101771956857,-0.002240266465369354,-0.007526007768301938,0.0034376229326881004,0.38400012359533436,0.21011662486536817
OUTPUT_CONTROL,llama_span_duration_late_minus_early,-0.003213734251403366,0.006358868309190533,-0.0011983855001744814,-0.01799925000159419,0.0012847084944951348,-0.0011752254164700087,0.006039526600791283,-0.0009484164984314702,-0.01070093699672725,0.008153187998686917,0.32057730020718955,0.45829935591831067
OUTPUT_CONTROL,llama_span_duration_normalized_slope,-0.007983849873806676,0.016016831249611157,-0.009860929869727416,-0.037863577789584144,0.014625756105794155,-0.0019046826768672183,0.0036456936278290476,-0.0022036371373471367,-0.00724999238012881,0.003425470678786685,0.3795486823954047,0.20338347368236412
OUTPUT_CONTROL,dependency_span_duration_late_minus_early,-3.129175047433819e-05,6.90092414895793e-05,-2.1042524167569354e-06,-0.00014768800247111358,5.170750227989629e-05,-3.917008264882801e-05,6.129171628277498e-05,-2.5208250008290634e-05,-0.00013383349869400263,1.7771002603694797e-05,-0.11416343672868051,0.7603205573115088
OUTPUT_CONTROL,dependency_span_duration_normalized_slope,-6.250946415581543e-05,0.00011668756055336659,-4.062988655943432e-05,-0.00023164199013014572,7.783609255899911e-05,-3.3780425114744566e-05,0.00013142409617413828,-1.4987245035959741e-05,-0.00026519037403376414,0.00013799336312974732,0.24620481313371667,0.7675857286962837
INPUT_MEDIUM,ttft_p95,0.09825280878103508,0.0005503271320819496,0.09804384047638445,0.0978090500000689,0.0993146579978201,7.48659522195982,0.32797752732090396,7.375249257850009,7.205258812512328,8.067829524704575,13425.36462853985,0.0
INPUT_MEDIUM,total_latency_p95,0.22324967449540048,0.0013627424039262775,0.22330293095437803,0.2208179625005868,0.2252987202060467,8.06201728476905,0.3394613786062316,7.942662657872642,7.768737630963005,8.660772047603677,5752.200553596126,0.0
INPUT_MEDIUM,post_first_token_duration_p95,0.12524458203333777,0.0011300373198354532,0.12510244655222774,0.123674660398683,0.1268713694029429,0.5892533590524788,0.011666128280877175,0.5834419500279182,0.5808079732589249,0.6090468018053798,410.6136752073871,0.0
INPUT_MEDIUM,ttft_median,0.09658675262380707,0.0005051778124022323,0.0964972917481645,0.0961546874968917,0.0976830624967988,4.018871402999745,0.16228251992113077,3.980811479501426,3.8658175629971083,4.307056562494836,7764.166505501512,0.0
INPUT_MEDIUM,total_latency_median,0.21856270031275923,0.000710921334134554,0.21841784375101264,0.2178871870019065,0.2200714370010246,4.599534868251794,0.17243164519264495,4.556960875252116,4.438384291999682,4.906482562495512,6162.38669116921,0.0
INPUT_MEDIUM,post_first_token_duration_median,0.12207100543810151,0.000910086308386092,0.12211807300081995,0.1205455835006432,0.1235466465004719,0.5794430764132509,0.01107157941178018,0.5755600104967016,0.5689417709945701,0.5991999584948644,502.55900650371655,0.0
INPUT_MEDIUM,scheduler_slip_p95,0.001944826913177125,0.0004496575741339485,0.0021789940741655,0.0012005809545371,0.0022202794989425,0.0019508294654466834,0.00040846419069288746,0.0021158976014703512,0.001117091353808064,0.0021238128509139644,0.013349163040608066,0.8368761941911168
INPUT_MEDIUM,successful_requests_per_second,4.012370432595729,0.0014240238249688204,4.012420883817795,4.010321213319964,4.014428424201568,2.2345969744870007,0.043493795429651275,2.2495940371731824,2.1583290086927347,2.2730971407634106,-1248.415529949194,0.0
INPUT_MEDIUM,host_cpu_median,4.83125,3.1882527122458244,5.5,0.0,7.85,4.758333333333333,0.9383052097620831,4.45,3.9,5.9,-0.02287041625859828,0.2547770700636943
INPUT_MEDIUM,host_cpu_p95,11.638124999999999,2.042813077072188,10.99,9.8,16.365,12.883333333333331,2.3040001446759226,12.5475,10.729999999999999,16.45,0.6095556893134818,0.8473684210526318
INPUT_MEDIUM,dependency_duration_median,0.0012662996255130001,7.395974624491527e-05,0.0012666042512136499,0.0011545204979483,0.0013623125014419,0.000824961748245793,3.410150983914261e-05,0.0008207920000131708,0.000777062501583714,0.0008748955006012693,-5.967271383080889,0.0
INPUT_MEDIUM,dependency_duration_p95,0.0016079212380645498,0.00014076881486478805,0.0015575550532957502,0.0014492628513835,0.0018072666520311,0.0012262329251825574,7.051157184138311e-05,0.0012325435796810779,0.001128273544600233,0.0013004621971049344,-2.711455042429771,0.0
INPUT_MEDIUM,gateway_span_duration_median,0.21741875768657334,0.0007411345976981565,0.2172891562495351,0.2166472085009445,0.2190315204970829,4.5990251597492415,0.1724387193032841,4.556479114748072,4.43781439599843,4.905981583498942,5912.025178248627,0.0
INPUT_MEDIUM,gateway_span_duration_p95,0.22209596388706812,0.0014342509621319526,0.22206324360176943,0.2194925580035487,0.2241613670001243,6.319169063442678,0.14063888661633767,6.254178312355725,6.212235166705068,6.559317441339954,4251.0503813729865,0.0
INPUT_MEDIUM,dependency_span_duration_median,0.0012662996255130001,7.395974624491527e-05,0.0012666042512136499,0.0011545204979483,0.0013623125014419,0.000824961748245793,3.410150983914261e-05,0.0008207920000131708,0.000777062501583714,0.0008748955006012693,-5.967271383080889,0.0
INPUT_MEDIUM,dependency_span_duration_p95,0.0016079212380645498,0.00014076881486478805,0.0015575550532957502,0.0014492628513835,0.0018072666520311,0.0012262329251825574,7.051157184138311e-05,0.0012325435796810779,0.001128273544600233,0.0013004621971049344,-2.711455042429771,0.0
INPUT_MEDIUM,llama_span_duration_median,0.21606614049915152,0.0008620049705280321,0.2159088332518877,0.2151188544994511,0.2178787079974427,4.5981743957490835,0.17242453549844866,4.555642781499046,4.436956187499163,4.905182707996573,5083.622954709433,0.0
INPUT_MEDIUM,llama_span_duration_p95,0.2207040745944141,0.0014588857992799459,0.2206738114515246,0.2182310149015393,0.2227910333487671,6.31808759971027,0.1406301407105033,6.2531338460034025,6.211226921151684,6.5581859377904035,4179.479660522646,0.0
INPUT_MEDIUM,dependency_fraction_of_gateway_median,0.005844928075464013,0.0003756654640688501,0.00585280055391405,0.0052676203444206,0.0063951593492439,0.00019294582191350086,1.2170377574766178e-05,0.00019283102381549832,0.00017843946970019125,0.00021362849292540554,-15.045253807293408,0.0
INPUT_MEDIUM,llama_fraction_of_gateway_median,0.993919639858194,0.0003903744281353523,0.9939180178736355,0.993360037597965,0.9945507534295388,0.9998006491321986,1.1846777869256653e-05,0.9998008510225582,0.99978056922395,0.9998151359935846,15.065047426634976,0.0
INPUT_MEDIUM,ttft_early_median,0.0963060050621607,0.0007012383726707163,0.09610176050045993,0.0956635414986522,0.09786545799943269,1.0892048958327603,0.03279752882427123,1.0839057810007944,1.0583990624945727,1.1403064584956155,1415.922073672428,0.0
INPUT_MEDIUM,ttft_late_median,0.09662604956201903,0.0005448281594789942,0.09666306249891932,0.09601618699889514,0.09773189599945908,7.030118705001466,0.30515499870267215,6.930497010504041,6.756911375501659,7.571185041495482,12726.017432854014,0.0
INPUT_MEDIUM,ttft_late_minus_early,0.0003200444998583407,0.00028388670235259943,0.00027144824889546726,-0.00013356199997360818,0.000738208502298221,5.9409138091687055,0.2735761996915077,5.846591229503247,5.698512313007086,6.430878582999867,20925.931772916843,0.0
INPUT_MEDIUM,ttft_normalized_slope,-0.0023819121131865304,0.0008927948705841625,-0.0023512875259834925,-0.003487241996295075,-0.0011086367074224597,7.706663599964827,0.3523306338776911,7.586912512175482,7.400144465073443,8.336354796158995,8634.733202526048,0.0
INPUT_MEDIUM,total_latency_early_median,0.21854945568884432,0.0017322593632972587,0.21859273925292655,0.21549358300035237,0.22057508349826094,1.6629865277488232,0.04098946974620083,1.6556668437478947,1.6205557704961393,1.728442437502963,833.8457292622588,0.0
INPUT_MEDIUM,total_latency_late_median,0.21810402868732126,0.0010991731536603266,0.21817061450019537,0.21581481199973496,0.21949752100044861,7.613265166747927,0.3164532780113719,7.508679729253345,7.338026416990033,8.174915103991225,6727.9310028944765,0.0
INPUT_MEDIUM,total_latency_late_minus_early,-0.0004454270015230577,0.0023873017029680276,-0.0007392815005005104,-0.0035907085039070807,0.002734979996603215,5.950278638999104,0.27632659865592585,5.85301288550545,5.717470646493894,6.446472666488262,2492.656901556411,0.0
INPUT_MEDIUM,total_latency_normalized_slope,-0.0032503111074443274,0.004206201430107874,-0.0021865290071309395,-0.009801017515795749,0.0007168306467861263,7.681043136323463,0.3570418219115078,7.554503299741315,7.374902123725893,8.319706466846526,1826.896209113274,0.0
INPUT_MEDIUM,post_first_token_duration_early_median,0.1220687969384926,0.0019415500951049053,0.12240182300229208,0.11807547950229491,0.12415114550094586,0.5728726980014471,0.0068705521280703515,0.5710546565023833,0.5648936875004438,0.584541458003514,232.18762276571434,0.0
INPUT_MEDIUM,post_first_token_duration_late_median,0.12157214831222518,0.001010378388501201,0.12156361474990263,0.11995591649974813,0.12292531250204775,0.5834151319165054,0.012094914054021298,0.5781218334959703,0.5741308124997886,0.6048868125071749,457.09903226392225,0.0
INPUT_MEDIUM,post_first_token_duration_late_minus_early,-0.0004966486262674152,0.0021368863996035006,-0.0005020420012442628,-0.00300110450189095,0.0026212074953946285,0.010542433915058306,0.005931024625916264,0.009107260248129023,0.0029892704988014884,0.02034535450366093,5.165966025790619,0.0
INPUT_MEDIUM,post_first_token_duration_normalized_slope,-0.0008683989942578153,0.0036482199797238106,-0.0003988447631589553,-0.006401178209746828,0.003209898379317478,-0.025620463641364662,0.006297340453530437,-0.02575683435843086,-0.03319869446145831,-0.016648329312472305,-6.784696313455503,0.0
INPUT_MEDIUM,prefill_proxy_early_median,0.09352042974933283,0.0005369258042214156,0.09333811449869245,0.09301893749943702,0.09471435399973416,1.0873587708338164,0.03278235637606156,1.0819597709996742,1.0567845414989279,1.1382738960091956,1850.9789123017226,0.0
INPUT_MEDIUM,prefill_proxy_late_median,0.09370188781258548,0.0004876810359761716,0.093689729246762,0.09304887450343813,0.09463216650328832,5.726387403003173,0.12584570211630478,5.672907604504871,5.627050354494713,5.946749083508621,11549.937560963113,0.0
INPUT_MEDIUM,prefill_proxy_late_minus_early,0.00018145806325264857,0.0002502428173984764,0.00013947874685982242,-0.0001271464971068781,0.0005159165048098657,4.639028632169357,0.09529348459939402,4.590947833505197,4.570265812995785,4.808475187499425,18537.38389909267,0.0
INPUT_MEDIUM,prefill_proxy_normalized_slope,-0.002491519933567124,0.0007711456840139384,-0.0025377752245088394,-0.003531324378828537,-0.0013602131817872602,6.144956080662638,0.13549839173525152,6.080735084350001,6.043017213414503,6.385501195766795,7971.836876007324,0.0
INPUT_MEDIUM,dependency_duration_early_median,0.0012814244382752804,8.02649074844418e-05,0.0012651247507164953,0.0011764164992200676,0.0014489790009974968,0.0008142014182036897,3.5802578292563094e-05,0.0008199170006264467,0.0007610625034430996,0.0008495000074617565,-5.821012379066843,0.0
INPUT_MEDIUM,dependency_duration_late_median,0.0012814844999411434,8.642688335155738e-05,0.0012996044988540234,0.001138499501394108,0.0013785834998998325,0.0009758470829789682,4.274085597275887e-05,0.000978801748715341,0.0009167919997707941,0.0010332494930480607,-3.536369762622799,0.0
INPUT_MEDIUM,dependency_duration_late_minus_early,6.006166586303152e-08,9.866359260362538e-05,2.2239495592657477e-05,-0.00016379099906771444,0.0001355419990431983,0.00016164566477527842,7.681418405628553e-05,0.00015667674597352743,7.612499757669866e-05,0.0002721869896049611,1.6377429489981692,0.13628440657610552
INPUT_MEDIUM,dependency_duration_normalized_slope,2.2864155714225768e-05,9.022565060294426e-05,2.0727280854948358e-05,-0.00011131601754530646,0.00014444089509020025,0.00013022285465700496,0.00011073964897250913,8.463233434446098e-05,2.2551094741906924e-05,0.00030248675769742957,1.1898911033097703,0.29456013260615027
INPUT_MEDIUM,scheduler_slip_early_median,0.0018570546867522353,0.0005042795205716539,0.0021175729980313918,0.0009677705020294525,0.002166437501728069,0.0018347257500863634,0.0005270643777508505,0.002053625001281034,0.000761812501878012,0.0020909999948344193,-0.044278888503264384,0.7996650301147075
INPUT_MEDIUM,scheduler_slip_late_median,0.0018515676874812925,0.0004530535984033838,0.0020918752506986493,0.0010880205009016208,0.002148853996914113,0.0019086700837457708,0.0003985029029616913,0.0020804062551178504,0.0010983125030179508,0.002100520498061087,0.12603894211571026,0.9447363783386177
INPUT_MEDIUM,scheduler_slip_late_minus_early,-5.486999270942761e-06,0.00010531911790885583,-3.1229497835738584e-05,-0.00017322900021099485,0.0001961249981832225,7.394433365940738e-05,0.00014342090042400918,3.436450060689822e-05,-6.68540014885366e-05,0.00033650000113993883,0.754196716678645,0.515919241351358
INPUT_MEDIUM,scheduler_slip_normalized_slope,-6.687248737540501e-05,0.0002395295358920656,-1.382544002653365e-05,-0.00042196413789231333,0.0003222238841550364,0.00017723109391759283,0.00031373223153650774,0.00016474342771355779,-0.00033983401489222603,0.0005865878940001982,1.0190959556778558,0.6564439692862793
INPUT_MEDIUM,gateway_span_duration_late_minus_early,-0.0005328620636646519,0.0024331269433051786,-0.000872135749887093,-0.0037319585026125424,0.0028244794921192806,4.647773590503978,0.09716120249070903,4.595053594257479,4.583945312500873,4.821527228996274,1910.4249637930304,0.0
INPUT_MEDIUM,gateway_span_duration_normalized_slope,-0.0033210404273888165,0.004147153947910825,-0.0023546406752958144,-0.009787296175769818,0.0005645906070239924,6.119458798881259,0.1407234961729133,6.048397703880788,6.018031302217122,6.369038446744775,1476.38113178631,0.0
INPUT_MEDIUM,llama_span_duration_late_minus_early,-0.0005106224380142521,0.0024127880091299484,-0.0007450522498402279,-0.003664167001261376,0.002840062996256165,4.647710392416532,0.09716540245826956,4.5952630942520045,4.583513624995248,4.82157704099518,1926.4937480067697,0.0
INPUT_MEDIUM,llama_span_duration_normalized_slope,-0.0033455278684481502,0.004135839050069519,-0.0023812320875261934,-0.009874982792630821,0.00065635050050327,6.119318572759789,0.14070474875962363,6.0483378350371275,6.0177853949227975,6.368940227595584,1480.3922557202318,0.0
INPUT_MEDIUM,dependency_span_duration_late_minus_early,6.006166586303152e-08,9.866359260362538e-05,2.2239495592657477e-05,-0.00016379099906771444,0.0001355419990431983,0.00016164566477527842,7.681418405628553e-05,0.00015667674597352743,7.612499757669866e-05,0.0002721869896049611,1.6377429489981692,0.13628440657610552
INPUT_MEDIUM,dependency_span_duration_normalized_slope,2.2864155714225768e-05,9.022565060294426e-05,2.0727280854948358e-05,-0.00011131601754530646,0.00014444089509020025,0.00013022285465700496,0.00011073964897250913,8.463233434446098e-05,2.2551094741906924e-05,0.00030248675769742957,1.1898911033097703,0.29456013260615027
OUTPUT_MEDIUM,ttft_p95,0.05438770123155331,0.0029046582147610254,0.054855347751436,0.0509344083504402,0.0584390441013965,0.05254369265967398,0.0009469378849942139,0.052307876054692316,0.05146020414103987,0.05414613335306057,-0.6348452848973288,0.3579026752468887
OUTPUT_MEDIUM,total_latency_p95,0.48230037261951103,0.020243609398432606,0.4825106201040398,0.4576005514500138,0.5181637568999575,0.46126148040214804,0.0031990932685521498,0.4623830998476478,0.45499567056176604,0.46354474934705653,-1.0392856235900285,0.09410128185961579
OUTPUT_MEDIUM,post_first_token_duration_p95,0.4349061917694598,0.017362044222069092,0.4351194186034263,0.4133444454993877,0.4679400586486734,0.41117066765752197,0.002767493189991215,0.4115828673948272,0.40613596810217134,0.41357012884618594,-1.3670927114542974,0.003651592391419898
OUTPUT_MEDIUM,ttft_median,0.045453161375007725,0.000951176745022629,0.04531092725119375,0.0441706665005767,0.0468064789965865,0.049577947833313374,0.00036714058252445913,0.04960076024872251,0.04913429149746662,0.05016912500286708,4.336508939994657,0.0
OUTPUT_MEDIUM,total_latency_median,0.42600916143828726,0.01675628237361207,0.43360672924973187,0.3978865204990143,0.4416550835012458,0.4521999721667574,0.002770067797344283,0.45240480200300226,0.44790502099203877,0.4558043745055329,1.563044244809077,0.0
OUTPUT_MEDIUM,post_first_token_duration_median,0.3797958228751668,0.015020832146756688,0.3868655002515879,0.3547685830017144,0.3933148750002146,0.4022829096672164,0.00216101158890946,0.4030478957502055,0.3990849789988715,0.40432793750369456,1.4970599879118596,0.0
OUTPUT_MEDIUM,scheduler_slip_p95,0.0018284296895671626,0.0005174572532368537,0.00218811875129175,0.0011908812564797,0.0022346083515003,0.0020001307733764407,0.00041145308180273325,0.00216562845162116,0.00116053924211883,0.0021812545004650016,0.33181694282036867,0.9220759030632888
OUTPUT_MEDIUM,successful_requests_per_second,2.0055264159566946,0.003022389533808763,2.005503446145547,2.0010843125486617,2.010283921507738,2.004886537055413,0.00109720984490923,2.004645866133279,2.0036545490853177,2.0064296958547723,-0.2117129159308672,0.30165920984246103
OUTPUT_MEDIUM,host_cpu_median,6.21875,2.608083245275295,6.8,0.0,7.9,4.075,2.045910555229627,5.074999999999999,0.0,5.2,-0.821963794247571,0.6582278481012658
OUTPUT_MEDIUM,host_cpu_p95,11.283124999999998,0.5033384085994507,11.277499999999991,10.7,12.109999999999996,15.219999999999986,3.731739540750406,15.004999999999988,10.719999999999981,21.019999999999992,7.821527093381215,0.13468992248062167
OUTPUT_MEDIUM,dependency_duration_median,0.001268664250346725,3.107447489182434e-05,0.001263833251869,0.0012254584980837,0.0013185419993533,0.000944933999562636,7.354690247741356e-05,0.0009650207539380062,0.0008199164949473925,0.0010211459957645275,-10.41788322766677,0.0
OUTPUT_MEDIUM,dependency_duration_p95,0.0016785398331648623,7.735610033863585e-05,0.0016806104255010501,0.0015563693552394,0.0018134479032596,0.0012578163160166388,0.00011018549245596116,0.0012594095303938954,0.0011164541494508738,0.0014012202031153716,-5.438789123371714,0.0
OUTPUT_MEDIUM,gateway_span_duration_median,0.42478110931187985,0.01676288877407416,0.43235369774811255,0.396630687500874,0.4404622910005855,0.451253697918825,0.0026487759450308014,0.45138492725163815,0.4470778125032666,0.45461514550697757,1.5792378607133783,0.0
OUTPUT_MEDIUM,gateway_span_duration_p95,0.48112258492633364,0.020293807489138716,0.4813364309495227,0.456247297952359,0.516890978849551,0.46035507048339547,0.0030612955315725355,0.46146563972433796,0.4543593791997409,0.4625205580050533,-1.0233424385272694,0.10032143888571293
OUTPUT_MEDIUM,dependency_span_duration_median,0.001268664250346725,3.107447489182434e-05,0.001263833251869,0.0012254584980837,0.0013185419993533,0.000944933999562636,7.354690247741356e-05,0.0009650207539380062,0.0008199164949473925,0.0010211459957645275,-10.41788322766677,0.0
OUTPUT_MEDIUM,dependency_span_duration_p95,0.0016785398331648623,7.735610033863585e-05,0.0016806104255010501,0.0015563693552394,0.0018134479032596,0.0012578163160166388,0.00011018549245596116,0.0012594095303938954,0.0011164541494508738,0.0014012202031153716,-5.438789123371714,0.0
OUTPUT_MEDIUM,llama_span_duration_median,0.423400413874333,0.016745244094625928,0.4308997184980399,0.3953116459997545,0.4391744160020607,0.45033132991496433,0.0027135052300311384,0.45036573949619196,0.4461294789944077,0.45395858350093476,1.6082725273186238,0.0
OUTPUT_MEDIUM,llama_span_duration_p95,0.47980372602492016,0.020373734628120133,0.4800443767750038,0.4544962729520193,0.5156303329989894,0.45929746789236864,0.0029885196403896847,0.46037253350114044,0.4534584371875099,0.461445868411829,-1.0065046250405403,0.11178033690467801
OUTPUT_MEDIUM,dependency_fraction_of_gateway_median,0.00303672047222815,0.00015089787752894525,0.0029961990111262004,0.0028452375261799,0.0032458739292555,0.0020832856906148954,0.00015682626868928487,0.0021246598336144558,0.0018031893465503572,0.0022360387803550047,-6.318410816814614,0.0
OUTPUT_MEDIUM,llama_fraction_of_gateway_median,0.996839646189726,0.0001572937561222857,0.996876329681831,0.9966185440959864,0.997037940499566,0.9978361089336308,0.0001636907817162891,0.9977939009790819,0.9976816602293181,0.9981330156280439,6.33504322403092,0.0
OUTPUT_MEDIUM,ttft_early_median,0.044643903563610365,0.002395185601518124,0.04427936449974368,0.04221845800202573,0.04955402100313222,0.049546638918400276,0.000490811109757554,0.04948923949996242,0.04894247899937909,0.05032458350615343,2.0469125030154003,0.07544196095184158
OUTPUT_MEDIUM,ttft_late_median,0.04558645299903219,0.0015467468552486693,0.04584638525011542,0.04282910399706452,0.04779002099894569,0.04947507650043311,0.00045234365396400937,0.049412656499043806,0.048915187508100644,0.05028618749929592,2.5140658849283715,0.0
OUTPUT_MEDIUM,ttft_late_minus_early,0.0009425494354218245,0.0033054786432781718,0.001065989250491839,-0.0040029170049820095,0.005515854500117712,-7.156241796716738e-05,0.0006249946927598895,-1.0864492651307955e-05,-0.0009724790070322342,0.0007753544923616573,-0.3067972789511832,0.1836196507561383
OUTPUT_MEDIUM,ttft_normalized_slope,0.0008539431123175764,0.0013612341067132556,0.0009672279235462629,-0.0013230745084179352,0.0031045410809871325,-0.0024482297397320865,0.0008307676570763661,-0.002403678011197793,-0.0037405312779145152,-0.0013335039551836925,-2.425866965692527,0.0
OUTPUT_MEDIUM,total_latency_early_median,0.4097830835003151,0.02798911023776825,0.41744728124831454,0.34565116700105136,0.430830771500041,0.4514600034162868,0.0030946238855887706,0.4516892707470106,0.4476299999951152,0.45566547899943544,1.4890405433372158,0.0
OUTPUT_MEDIUM,total_latency_late_median,0.4273420468111908,0.019677118623903762,0.43205459374985367,0.3935619584954111,0.44652843750009197,0.4522167881671824,0.0030262279091684023,0.4511825937515823,0.4492073329965933,0.45672654200461693,1.264145520054637,0.0
OUTPUT_MEDIUM,total_latency_late_minus_early,0.017558963310875697,0.01956748142919801,0.015045051999550196,-0.007343271503486903,0.04791079149435973,0.0007567847508956523,0.0024280575041729733,0.0015483954957744572,-0.0035819374897982925,0.003124750503047835,-0.8586786511476299,0.12137909194311197
OUTPUT_MEDIUM,total_latency_normalized_slope,0.0226576159155338,0.0196574234964339,0.01350494898916358,0.006985437514284634,0.0571997477956134,-0.0019868697066846015,0.004033623743460197,-0.0022708604797183566,-0.008307020563121869,0.0035686852819309008,-1.2536986663938545,0.0
OUTPUT_MEDIUM,post_first_token_duration_early_median,0.36631752343873814,0.02654135255467565,0.37218677074997686,0.30552977100160206,0.3886150625003211,0.4015318264985884,0.003552297633297025,0.40078378149701166,0.3981632919967524,0.4074575625054422,1.3267712332032875,0.0
OUTPUT_MEDIUM,post_first_token_duration_late_median,0.38001661706312007,0.01875666252550168,0.38075037475027784,0.34854666650426225,0.40297820799969486,0.4025274898328159,0.002677543253146104,0.40243066674884176,0.3992865004984196,0.4056094590050634,1.200153424901146,0.06469552819770258
OUTPUT_MEDIUM,post_first_token_duration_late_minus_early,0.01369909362438193,0.018944934197745858,0.013031739250436658,-0.010450770500028739,0.04301689550266019,0.0009956633342274774,0.0026983238838444623,0.0017025522502081003,-0.004235187501762994,0.0035768130110227503,-0.6705449677236649,0.1461070044163303
OUTPUT_MEDIUM,post_first_token_duration_normalized_slope,0.021803672803216313,0.018696881723855082,0.013020565614950312,0.006082216450690947,0.055760800050164684,0.00046136003304748496,0.003672099064363506,-0.00023719557758318486,-0.004566489285207353,0.006137445102063883,-1.1414904947993803,0.0009154837219008471
OUTPUT_MEDIUM,prefill_proxy_early_median,0.041801955562732473,0.002458380710503549,0.04147835374897113,0.039189458002510946,0.04651820800063433,0.047407052081932,0.0005621726559906088,0.047478104250330944,0.046509228996001184,0.048182145997998305,2.279995321819556,0.000998478390182451
OUTPUT_MEDIUM,prefill_proxy_late_median,0.0425519452496701,0.0014996839006883673,0.04290950000176963,0.03997331249775016,0.04447245849951287,0.04731741675035058,0.0006907129325669804,0.04718030200092471,0.04656629200326279,0.0486005835045944,3.177650635906068,0.0
OUTPUT_MEDIUM,prefill_proxy_late_minus_early,0.0007499896869376244,0.003373167844764021,0.00027538550239114556,-0.003837457999907201,0.005283000497001922,-8.96353315814243e-05,0.0007287338700975053,-9.624996891943738e-06,-0.0010928959964076057,0.0009920420052367263,-0.24891290832810214,0.2286001303937633
OUTPUT_MEDIUM,prefill_proxy_normalized_slope,0.0008716410072715446,0.001423060872914313,0.000980206884546845,-0.0010968468146041726,0.0032870453519557815,-0.0024852311087004905,0.0008390469061741339,-0.00263521925036202,-0.00359214721313215,-0.0011797904322653583,-2.358909713466743,0.0
OUTPUT_MEDIUM,dependency_duration_early_median,0.0012524478747764078,3.793220241816773e-05,0.0012454269981390098,0.0011933954992855433,0.0012993960008316208,0.0009463749993301462,7.071165496429037e-05,0.000983177000307478,0.0008367914924747311,0.0010040414999821223,-8.068945537938687,0.0
OUTPUT_MEDIUM,dependency_duration_late_median,0.0012836823138968612,7.731259978847123e-05,0.0012672289994952735,0.001164770499599399,0.0013751455044257455,0.000915593750202485,7.41098335497558e-05,0.0009474690050410572,0.0007828335001249798,0.0009793749995878898,-4.761042374741939,0.0
OUTPUT_MEDIUM,dependency_duration_late_minus_early,3.123443912045332e-05,9.187417686609894e-05,5.526099994312972e-05,-0.00012854200031142682,0.00014327100143418647,-3.078124912766119e-05,6.064642968597062e-05,-4.847899981541559e-05,-9.958350710803643e-05,7.947900303406641e-05,-0.6750067359895766,0.6587709527952802
OUTPUT_MEDIUM,dependency_duration_normalized_slope,1.5092672041335423e-05,0.00010253178314655586,-1.1266581359228583e-05,-8.2403260816271e-05,0.00018623011602335798,5.404189262374462e-05,0.00016647687522665982,-1.2667449917033785e-05,-5.4323435750386764e-05,0.00038407559060454704,0.379874604606616,0.5156794376445107
OUTPUT_MEDIUM,scheduler_slip_early_median,0.0016594816879660357,0.0004621589623789609,0.0017069269997591618,0.0011237909966439474,0.0021574790043814573,0.0019356390002940316,0.00040017921175738633,0.0020840732504439075,0.0011202289970242418,0.0021267920019454323,0.5975375029112874,0.9669809575195927
OUTPUT_MEDIUM,scheduler_slip_late_median,0.0015862708755776112,0.0006002270479164858,0.0016336565004166914,0.0007229584989545401,0.002161042000807356,0.001931454998460443,0.00040318320946435547,0.002087208496959647,0.001109333497879561,0.0021316459969966672,0.5750892501113345,0.7108853538754645
OUTPUT_MEDIUM,scheduler_slip_late_minus_early,-7.321081238842453e-05,0.0005709317615384329,-7.979249858180992e-06,-0.0013961459990241565,0.0004828335004276596,-4.184001833588506e-06,3.891501065875402e-05,-8.989500202005729e-06,-4.73749969387427e-05,5.71249911445193e-05,0.1209020327908126,0.0556152891044045
OUTPUT_MEDIUM,scheduler_slip_normalized_slope,-7.458073948727441e-05,0.0003457916974104653,-0.00018524044299716178,-0.0006159286863183353,0.0004440442416547205,-0.0001092564572989032,0.000291325156961894,-0.0001249204504391655,-0.0005802488305695389,0.00027236805369129137,-0.10027920875864076,0.8043760946718288
OUTPUT_MEDIUM,gateway_span_duration_late_minus_early,0.01754232274970491,0.019587800249749345,0.014876895251290989,-0.007283229999302421,0.04777716699754819,0.0008646597464879354,0.0024733808741828596,0.0014719794962729793,-0.003553708505933173,0.003291061999334488,-0.8514311352256305,0.12431386038969486
OUTPUT_MEDIUM,gateway_span_duration_normalized_slope,0.02267184537260661,0.019676911259194577,0.013473611338303786,0.0070621901781387705,0.05725812486867288,-0.0019684496877477903,0.003987883043114352,-0.002216191324694635,-0.00821168232734369,0.0034961729001490934,-1.2522440506937056,0.0
OUTPUT_MEDIUM,llama_span_duration_late_minus_early,0.0175412656244589,0.01970903100378238,0.014897406003001379,-0.007278417000634363,0.04811118749785237,0.0008842080799998561,0.002512934856960204,0.0014342499998747371,-0.0035744380074902438,0.0033870204933919013,-0.8451484774295791,0.12568167915104603
OUTPUT_MEDIUM,llama_span_duration_normalized_slope,0.02265681233049067,0.01972805246209898,0.013373110832319835,0.007056631134303249,0.057284929342290805,-0.0020226902172264714,0.003932787183263459,-0.002180904728181593,-0.008168727111194861,0.0034975307499890487,-1.2509852452557473,0.0
OUTPUT_MEDIUM,dependency_span_duration_late_minus_early,3.123443912045332e-05,9.187417686609894e-05,5.526099994312972e-05,-0.00012854200031142682,0.00014327100143418647,-3.078124912766119e-05,6.064642968597062e-05,-4.847899981541559e-05,-9.958350710803643e-05,7.947900303406641e-05,-0.6750067359895766,0.6587709527952802
OUTPUT_MEDIUM,dependency_span_duration_normalized_slope,1.5092672041335423e-05,0.00010253178314655586,-1.1266581359228583e-05,-8.2403260816271e-05,0.00018623011602335798,5.404189262374462e-05,0.00016647687522665982,-1.2667449917033785e-05,-5.4323435750386764e-05,0.00038407559060454704,0.379874604606616,0.5156794376445107
LOAD_MEDIUM,ttft_p95,1.1367716748561176,0.04643798722975249,1.1520415958235388,1.0639907312532155,1.18431902295124,6.197601598694018,0.16010314117820248,6.121897110280769,6.078686670206661,6.4999880558942085,108.98038924037307,0.0
LOAD_MEDIUM,total_latency_p95,1.3203062615370074,0.04977112407247953,1.3363259593750627,1.243629533301282,1.3693259062434662,6.577636350684891,0.170604170397173,6.493183611450876,6.456365449653093,6.900340943745686,105.6301256425686,0.0
LOAD_MEDIUM,post_first_token_duration_p95,0.19010268505685413,0.0026400917355343975,0.19025446787309191,0.1858197059013036,0.1952126541968027,0.3890897431102833,0.007404846301698271,0.3864816815537779,0.3842959201974736,0.40398145660146834,75.37126660227622,0.0
LOAD_MEDIUM,ttft_median,0.6121026404998702,0.028416792675160847,0.6191204582519276,0.5605494164992706,0.6452131040023232,3.3053862466670885,0.06742581316706875,3.2731793127532,3.2559312704979675,3.4262587499979418,94.77788844627145,0.0
LOAD_MEDIUM,total_latency_median,0.7959148410618582,0.031034150251202326,0.8046110414998111,0.7415119584984495,0.834400124502281,3.6860699479184404,0.07555199835898252,3.6493869897531113,3.629905541500193,3.822317104000831,93.12821789746319,0.0
LOAD_MEDIUM,post_first_token_duration_median,0.18379531512528047,0.0016139350769462546,0.18425207324980875,0.1816354789989418,0.185889271000633,0.38150740966617985,0.006283260954343017,0.37879772924861754,0.37770670850295573,0.39399454149679514,122.50312752046554,0.0
LOAD_MEDIUM,scheduler_slip_p95,0.001993953780492975,0.0003544035798978722,0.0021179323013711003,0.0011169704939675,0.0021295559003192,0.0019520731572508032,0.0004077147216788391,0.0021160238007723823,0.0011199055865290573,0.0021257215114019344,-0.1181721224549721,0.9933146562883887
LOAD_MEDIUM,successful_requests_per_second,8.72670817154652,0.09780523427642894,8.699733042166406,8.617201916978692,8.86814752351029,3.9835612506421216,0.07002513054267503,4.018140944754036,3.851349031957858,4.034594750493485,-48.495839266626,0.0
LOAD_MEDIUM,host_cpu_median,7.59375,0.8226427362036153,7.9,6.2,8.649999999999999,2.9166666666666665,2.375219288121976,3.75,0.0,5.0,-5.685436857945698,0.0
LOAD_MEDIUM,host_cpu_p95,12.196249999999997,0.3605823662592817,12.125,11.729999999999997,12.725,11.659166666666662,0.5896474935643021,11.564999999999998,10.849999999999998,12.36499999999999,-1.4894886261496714,0.33866666666666245
LOAD_MEDIUM,dependency_duration_median,0.0008891014372238125,7.258839251556744e-05,0.0008683645010022999,0.0008275209984276,0.0010475829985807,0.0008207291684811935,4.0300955278072266e-05,0.0008309170007123612,0.0007657080059289001,0.0008741459969314747,-0.9419173833882016,0.1654101985608581
LOAD_MEDIUM,dependency_duration_p95,0.00150872576141405,0.00022608764664099168,0.0014670052012661,0.0012267579935723,0.0019556815532268,0.0011273491953033951,9.13957731800724e-05,0.0011220374923141205,0.0010159454970562365,0.001247322600102052,-1.6868527395318018,0.0218833856535771
LOAD_MEDIUM,gateway_span_duration_median,0.795195429812793,0.03102559403691027,0.8036319582497526,0.7407453125015309,0.8337049999972805,3.4961875974173986,0.06099921878188277,3.4703700525024033,3.4529508130071918,3.6102416459980304,87.05690419307723,0.0
LOAD_MEDIUM,gateway_span_duration_p95,1.3197544773575371,0.04973560603209266,1.3358618440759527,1.243047397596456,1.368823012200301,3.5275607836233878,0.07459808301836002,3.4953452133751854,3.4703130975984093,3.672108364589076,44.39085963567489,0.0
LOAD_MEDIUM,dependency_span_duration_median,0.0008891014372238125,7.258839251556744e-05,0.0008683645010022999,0.0008275209984276,0.0010475829985807,0.0008207291684811935,4.0300955278072266e-05,0.0008309170007123612,0.0007657080059289001,0.0008741459969314747,-0.9419173833882016,0.1654101985608581
LOAD_MEDIUM,dependency_span_duration_p95,0.00150872576141405,0.00022608764664099168,0.0014670052012661,0.0012267579935723,0.0019556815532268,0.0011273491953033951,9.13957731800724e-05,0.0011220374923141205,0.0010159454970562365,0.001247322600102052,-1.6868527395318018,0.0218833856535771
LOAD_MEDIUM,llama_span_duration_median,0.7941762032496626,0.031137330319229252,0.802598479000153,0.7395016874979774,0.8327641670002777,3.495310503668103,0.06101207926088332,3.4694610005026334,3.4520242505022907,3.6094313334979233,86.74906527713202,0.0
LOAD_MEDIUM,llama_span_duration_p95,1.3188340946750032,0.049630852329173816,1.3348538139965969,1.2422575041509845,1.3678131541473704,3.526718537901252,0.07457527562628108,3.4943282767762867,3.469535085696407,3.6711708982482376,44.48612787430246,0.0
LOAD_MEDIUM,dependency_fraction_of_gateway_median,0.0012409276284170625,7.266943873214848e-05,0.0012592816765721999,0.0011246270029518,0.001332375020463,0.0002738844416506049,1.0719125426985474e-05,0.0002698396456018346,0.00026211318524100327,0.0002887343322327419,-13.307426115273465,0.0
LOAD_MEDIUM,llama_fraction_of_gateway_median,0.9987199296437048,7.300569875612219e-05,0.9987009386012986,0.9986278729002362,0.9988392583262604,0.9997165399992296,1.078039060071495e-05,0.9997208612084454,0.9997017648710589,0.999727033713439,13.651130973405147,0.0
LOAD_MEDIUM,ttft_early_median,0.1707626770621573,0.007990216342669325,0.1724778019979567,0.1561480415002734,0.18063193700072588,0.7993766111673418,0.010755314289709928,0.7969055104986182,0.7856660625038785,0.8143445000023348,78.67295541777294,0.0
LOAD_MEDIUM,ttft_late_median,1.0653046901870766,0.04391053831583963,1.0768101142475643,0.9990762710003764,1.1157662294972397,5.828316989499096,0.14899442758525233,5.758180739496311,5.720503500000632,6.109867207997013,108.47082459004794,0.0
LOAD_MEDIUM,ttft_late_minus_early,0.8945420131249193,0.04112431015214172,0.9109686982483254,0.8371815829996194,0.9393898544949479,5.028940378331754,0.14136429933505087,4.963069062494469,4.92425543700665,5.30008952049684,100.53416944652429,0.0
LOAD_MEDIUM,ttft_normalized_slope,1.161303463230667,0.05548708651228849,1.183762690684533,1.091079098092024,1.2243829856573714,6.525090947884791,0.1809282262237268,6.440687314054843,6.3931630769267676,6.87144821554214,96.66731165396887,0.0
LOAD_MEDIUM,total_latency_early_median,0.35470877356237906,0.006421508290829366,0.35708860399972764,0.3448055420012679,0.3614150419998623,1.1777634862519335,0.01504365203036457,1.169902770754561,1.1663692295041983,1.1974380835090415,128.17155649630928,0.0
LOAD_MEDIUM,total_latency_late_median,1.2528585027498593,0.04593971020094747,1.268077281249134,1.1842328749989974,1.3030866459994286,6.209411361082554,0.15454146971186666,6.138472479247866,6.09425564599951,6.5020956869993825,107.89255823887348,0.0
LOAD_MEDIUM,total_latency_late_minus_early,0.8981497291874803,0.04378755980606105,0.9156514897495072,0.8394273329977295,0.9451046044996474,5.031647874830621,0.14188956888401197,4.968569708493305,4.92787572900852,5.305507541001134,94.39891521589162,0.0
LOAD_MEDIUM,total_latency_normalized_slope,1.1609724779725592,0.0562061519999958,1.1837697992296872,1.0915577542789034,1.2225285200953955,6.514671312780119,0.18796359859869377,6.427133906974241,6.3765255762814625,6.876043214650329,95.25111832612131,0.0
LOAD_MEDIUM,post_first_token_duration_early_median,0.18239677600013238,0.001867558266609522,0.18320371874870034,0.17969045800055028,0.1843927080008143,0.37769844458186225,0.003715859241158606,0.37703801049792673,0.37371241649088915,0.38228900050307857,104.57594393362211,0.0
LOAD_MEDIUM,post_first_token_duration_late_median,0.1853300990014759,0.002109414375946525,0.18553508350123593,0.18271558349806583,0.1890138750022743,0.3812642431670004,0.009228210118398911,0.3776372812499176,0.3743520210045972,0.39838125000096625,92.88556406922466,0.0
LOAD_MEDIUM,post_first_token_duration_late_minus_early,0.002933323001343524,0.001935756305831124,0.002331364752535592,-0.0003066870012844447,0.005917083002714207,0.003565798585138206,0.007199640954082651,0.002239468496554764,-0.004028062496217899,0.016781457998149563,0.3267330613308405,0.2990828167176292
LOAD_MEDIUM,post_first_token_duration_normalized_slope,-0.0003309852581080391,0.0035091294414913337,0.00019252671407272054,-0.007744800391003305,0.003917278079674593,-0.01041963510467279,0.007667295556916712,-0.01331426479187141,-0.01663750064530532,0.004594999108188101,-2.874972272974122,0.5492560276026434
LOAD_MEDIUM,prefill_proxy_early_median,0.16896140612470845,0.007961249703330142,0.17078298950036697,0.15437118699992425,0.1789706244962872,0.7969842360835173,0.010501941904343155,0.7943831042466627,0.7837696455026162,0.8115906245002407,78.88495567424681,0.0
LOAD_MEDIUM,prefill_proxy_late_median,1.063330947687973,0.043751288859396484,1.0748651562498708,0.9973604165024881,1.1131299580010818,3.1380603402515894,0.0676912938606614,3.1099471457528125,3.086190499503573,3.2697505625037593,47.42098911031339,0.0
LOAD_MEDIUM,prefill_proxy_late_minus_early,0.8943695415632646,0.041005854124252394,0.9107503025043115,0.8371505210016039,0.9388340205041459,2.341076104168072,0.06137287571883129,2.3228324269985023,2.2923419160069898,2.4624314165048418,35.28048844492112,0.0
LOAD_MEDIUM,prefill_proxy_normalized_slope,1.1613479176744441,0.05545283558671453,1.183647384526668,1.0910724348612568,1.2246755795719253,3.0069650221689055,0.0780264070947836,2.982163656443974,2.947339435442149,3.1616847697117825,33.282646143647106,0.0
LOAD_MEDIUM,dependency_duration_early_median,0.000937109438382322,0.00010995811655683155,0.000911854001969914,0.0008034585007408168,0.0010817079964908771,0.0007812255850391617,5.272400581538524e-05,0.0007859687539166771,0.0007079579954734072,0.0008473330017295666,-1.4176657278645919,0.11738996888109439
LOAD_MEDIUM,dependency_duration_late_median,0.0009120051868194423,0.00011057485102273285,0.0008829894995869836,0.0008151249967340846,0.0011576875003811438,0.0008879479173629079,2.1878680670795498e-05,0.0008797289992799051,0.0008743125072214752,0.00093216650566319,-0.21756547021337186,0.16888596336661976
LOAD_MEDIUM,dependency_duration_late_minus_early,-2.5104251562879654e-05,0.00011248151986905287,2.8051999834133312e-05,-0.00023991700800252147,7.597950389026664e-05,0.00010672233232374613,6.334460604755576e-05,9.490649244980887e-05,3.2479496439918876e-05,0.0001959790024557151,1.1719843761010142,0.09979446107941731
LOAD_MEDIUM,dependency_duration_normalized_slope,-7.749046805723776e-06,0.00014238210711473728,3.2800348557558167e-06,-0.00022792004827174362,0.00015447271225417402,5.288566338471932e-05,0.00012088356533330205,4.379785913908739e-05,-0.00011670108639319976,0.0002462260038400262,0.42585905925371076,0.5719203976066226
LOAD_MEDIUM,scheduler_slip_early_median,0.0016413333742093528,0.0004150800132805889,0.0018145729991374537,0.0009477919993514661,0.0020857500021520536,0.00184590274632986,0.000396059776185584,0.002030750245467061,0.0010804164994624443,0.0020897295034956187,0.4928432243790572,0.8803752386108696
LOAD_MEDIUM,scheduler_slip_late_median,0.0017079270619433373,0.00039196586972455006,0.001731489748635795,0.0009557909979776014,0.002086478503770195,0.0019190245038771536,0.0004035276253972281,0.002079333757137647,0.001095500003430061,0.002099436998832971,0.5385607733708112,0.8665080799468973
LOAD_MEDIUM,scheduler_slip_late_minus_early,6.659368773398455e-05,0.00037060396278710785,-7.055249807308428e-05,-0.00042777049748110585,0.0005756874998041894,7.312175754729348e-05,0.00013746992193264016,9.323255653725937e-06,-6.895483238622546e-06,0.00034397950366837904,0.017614678926298904,0.3496658433698681
LOAD_MEDIUM,scheduler_slip_normalized_slope,3.384379908710754e-05,0.00022247236624925248,-3.387611187219372e-05,-0.0002237079485650353,0.00043673048879476945,0.00024656409045635926,0.0003026517107881342,0.0003188137714548758,-0.00013908750857453706,0.000623981470580031,0.9561650058188584,0.6792794440563448
LOAD_MEDIUM,gateway_span_duration_late_minus_early,0.8981246848134106,0.043786023941108955,0.9156410830019013,0.8392770204991393,0.9449037710000994,2.3437310625801424,0.064375241554861,2.321739000493835,2.296706562003237,2.4723873124967213,33.01524659354853,0.0
LOAD_MEDIUM,gateway_span_duration_normalized_slope,1.1610340929872083,0.05613912908093386,1.1837170807447204,1.0915900048272391,1.2226167849013307,2.996615809862851,0.08557230865690393,2.9708410577200812,2.9305486761466186,3.166459786825548,32.69701092493521,0.0
LOAD_MEDIUM,llama_span_duration_late_minus_early,0.8980158905637836,0.043686425804455364,0.9155420312526985,0.8392373960014083,0.9445221454989223,2.3436288091628135,0.06443826596525867,2.321380572990165,2.2967927500067162,2.4724646249960642,33.090665852815064,0.0
LOAD_MEDIUM,llama_span_duration_normalized_slope,1.161043508823461,0.05612329476146541,1.1836745994865314,1.0916125248670672,1.2227911722359723,2.996556729908311,0.0855281352972557,2.9707156769375853,2.9306640112577735,3.166339726647377,32.70501542872933,0.0
LOAD_MEDIUM,dependency_span_duration_late_minus_early,-2.5104251562879654e-05,0.00011248151986905287,2.8051999834133312e-05,-0.00023991700800252147,7.597950389026664e-05,0.00010672233232374613,6.334460604755576e-05,9.490649244980887e-05,3.2479496439918876e-05,0.0001959790024557151,1.1719843761010142,0.09979446107941731
LOAD_MEDIUM,dependency_span_duration_normalized_slope,-7.749046805723776e-06,0.00014238210711473728,3.2800348557558167e-06,-0.00022792004827174362,0.00015447271225417402,5.288566338471932e-05,0.00012088356533330205,4.379785913908739e-05,-0.00011670108639319976,0.0002462260038400262,0.42585905925371076,0.5719203976066226
DOWNSTREAM_MEDIUM,ttft_p95,0.15594910836766754,0.00155001345641495,0.15568720864994245,0.1531953437497577,0.1580146222448092,0.28761471151665313,0.0968387182386049,0.24733480207360117,0.24082430269045288,0.4845128684530209,84.94481296537708,0.0
DOWNSTREAM_MEDIUM,total_latency_p95,0.2862398143240171,0.00409364053139722,0.2858678309223251,0.2809625166974001,0.2916997732500022,0.6683712030313472,0.09851996702139319,0.6292207213235088,0.6198632332976558,0.8686870353936683,93.34756820401695,0.0
DOWNSTREAM_MEDIUM,post_first_token_duration_p95,0.13255236283880548,0.004143036257485643,0.13319142780146645,0.127512549995663,0.1380380853999668,0.3898095186149779,0.00553225900856493,0.3879485588218813,0.38612330000687506,0.40095258269720946,62.093870241024305,0.0
DOWNSTREAM_MEDIUM,ttft_median,0.15039280193695956,0.002191221256962482,0.1499289164967194,0.1469775000005029,0.1535188119996746,0.2482710797485197,0.03299015012314949,0.2337553017459868,0.2305428540057619,0.31452935449487995,44.66836815340187,0.0
DOWNSTREAM_MEDIUM,total_latency_median,0.27726871624872723,0.005676085596516955,0.2760911355017015,0.2698450414973194,0.285908729500079,0.6294780314177236,0.037013097458143344,0.6131224272503459,0.6086883340030909,0.7037280000004102,62.05144534556075,0.0
DOWNSTREAM_MEDIUM,post_first_token_duration_median,0.1266233333749369,0.003133749232686118,0.1262004582513327,0.1224262085015652,0.1307093124996754,0.3807379963351802,0.004591368710661283,0.37936933300079545,0.3775218125010724,0.38990566650318215,81.0896610072488,0.0
DOWNSTREAM_MEDIUM,scheduler_slip_p95,0.0020007058250939127,0.0003486637597494907,0.00212141579668235,0.0011379961550119,0.0021380806014349,0.0017804709428067631,0.0005127133104414569,0.002107512824659352,0.001116647903836565,0.002116756258328678,-0.6316540682214428,0.9582228037325495
DOWNSTREAM_MEDIUM,successful_requests_per_second,3.98977064043165,0.002157363473740607,3.989860036139482,3.986369920370098,3.9934117527515696,3.8928706284991073,0.04252214499851909,3.9089602432522703,3.8063365616417486,3.9146154835916986,-44.91594166305682,0.0
DOWNSTREAM_MEDIUM,host_cpu_median,6.25,0.4208834246473209,6.05,5.9,6.9,4.783333333333334,0.3371448748930745,4.9,4.1,5.0,-3.484733730950936,0.0
DOWNSTREAM_MEDIUM,host_cpu_p95,10.614999999999995,0.48320359506704663,10.55,10.169999999999993,11.7,13.14666666666666,0.8374942785874149,13.037499999999994,11.960000000000003,14.219999999999981,5.239337398380458,0.0
DOWNSTREAM_MEDIUM,dependency_duration_median,0.10334817206285146,0.0003280231786797003,0.10350829175149551,0.1026252294977894,0.1035715420002816,0.10257284016673414,0.00047988093814056916,0.10283302100287983,0.10194558349030558,0.10293695800646674,-2.363649725114089,0.19171984202839942
DOWNSTREAM_MEDIUM,dependency_duration_p95,0.10383179360546814,0.0003627076288278852,0.1038627916534096,0.1030025857522559,0.1042132378450333,0.10288336600206094,0.0005394551568214451,0.10315454535048048,0.10217870865235455,0.10334752854541876,-2.614854301444142,0.16954428297422974
DOWNSTREAM_MEDIUM,gateway_span_duration_median,0.27653563793774083,0.005673425470310452,0.2753806250002526,0.2689748955017421,0.2851498749987513,0.628954020581053,0.03697113249847626,0.6126047079997079,0.6082472909984062,0.7031705414992757,62.1173900120041,0.0
DOWNSTREAM_MEDIUM,gateway_span_duration_p95,0.2856295412186682,0.0041125627724717395,0.28528472485031664,0.2801794098031678,0.2909961104505782,0.6678394734388954,0.09856423399801353,0.6286841109500528,0.6192458520905347,0.8682446193473878,92.93716676584872,0.0
DOWNSTREAM_MEDIUM,dependency_span_duration_median,0.10334817206285146,0.0003280231786797003,0.10350829175149551,0.1026252294977894,0.1035715420002816,0.10257284016673414,0.00047988093814056916,0.10283302100287983,0.10194558349030558,0.10293695800646674,-2.363649725114089,0.19171984202839942
DOWNSTREAM_MEDIUM,dependency_span_duration_p95,0.10383179360546814,0.0003627076288278852,0.1038627916534096,0.1030025857522559,0.1042132378450333,0.10288336600206094,0.0005394551568214451,0.10315454535048048,0.10217870865235455,0.10334752854541876,-2.614854301444142,0.16954428297422974
DOWNSTREAM_MEDIUM,llama_span_duration_median,0.1732037240003592,0.005515473189375744,0.17196363550101518,0.1661173545035126,0.1812209999989136,0.5262907395008369,0.0367151792852741,0.5101347497547977,0.5054580620053457,0.5999272709959769,64.0175381834176,0.0
DOWNSTREAM_MEDIUM,llama_span_duration_p95,0.1825412038566355,0.004418077463054489,0.18272774094675695,0.1765352035534306,0.1879317735514632,0.5658745616359132,0.09854891130976677,0.5268158506998588,0.5172737607586896,0.7662690565550292,86.76474348511212,0.0
DOWNSTREAM_MEDIUM,dependency_fraction_of_gateway_median,0.37375357655048796,0.007878283312741048,0.3756069595540586,0.3624956897606857,0.3835917810220113,0.1635028939039808,0.008435388218479927,0.16703469805167762,0.1467940637209852,0.1685641487831538,-26.687372654710458,0.0
DOWNSTREAM_MEDIUM,llama_fraction_of_gateway_median,0.6261228835201553,0.007870963152130142,0.6242867841879802,0.6162987654253816,0.6373611266562863,0.8364570629175058,0.008434555364802228,0.8329286180420774,0.8313985693588026,0.8531683666427206,26.722800670261947,0.0
DOWNSTREAM_MEDIUM,ttft_early_median,0.15002698968737604,0.002014042724071211,0.14984256274874497,0.1471229585004039,0.153491020497313,0.23065187841833298,0.003785453914900328,0.22993210425192956,0.2265971665037796,0.23774627099919599,40.03136962654932,0.0
DOWNSTREAM_MEDIUM,ttft_late_median,0.15027873187500518,0.0021282183839686133,0.1501871562522865,0.14697750000050291,0.15350835399658536,0.27883349999804824,0.08953720774974598,0.2414438855012122,0.23238887499610428,0.4604973959940253,60.40487625302788,0.0
DOWNSTREAM_MEDIUM,ttft_late_minus_early,0.0002517421876291337,0.0006895918370959642,0.00019522924594639335,-0.0008212914981413633,0.0015801665031176526,0.048181621579715284,0.08603276730325433,0.013736552249611123,0.0029157079916330986,0.2227511249948293,69.5047081675594,0.0
DOWNSTREAM_MEDIUM,ttft_normalized_slope,-0.0005818294009770099,0.0009434501990847894,-0.00046517920826580816,-0.0019839933358126263,0.0010352691933536511,0.06358508171898593,0.1126638977214013,0.01531132601272342,0.005816755466721812,0.291909590795162,68.01303469140097,0.0
DOWNSTREAM_MEDIUM,total_latency_early_median,0.27570116400056577,0.004770725438780718,0.27509688550162537,0.27002047950009,0.2825597079972795,0.6058012535831949,0.006342725948548285,0.6038235312480538,0.601466979001998,0.6182895835008821,69.19284998027359,0.0
DOWNSTREAM_MEDIUM,total_latency_late_median,0.2774334974365047,0.006017105669537634,0.2763224164991698,0.26947493749685236,0.2867341249984747,0.6597591179985708,0.09098860792325532,0.6222201667478657,0.6128116459876765,0.8445424790043035,63.53978832341908,0.0
DOWNSTREAM_MEDIUM,total_latency_late_minus_early,0.0017323334359389264,0.0020590463694381135,0.0012189167482574703,-0.0005891045038879383,0.0042506669960857835,0.0539578644153759,0.08495654407357205,0.01778006249878672,0.011195457984285895,0.22625289550342131,25.363941169371834,0.0
DOWNSTREAM_MEDIUM,total_latency_normalized_slope,0.0013015856507634998,0.0038525312544516258,0.0009087404514544972,-0.003147701045511411,0.008558350391787095,0.06208165519227161,0.11560204332918883,0.017305593423118742,-0.00038848031947897455,0.29626480341055245,15.776658390837538,0.02988128611234718
DOWNSTREAM_MEDIUM,post_first_token_duration_early_median,0.12501454693847336,0.0024988348303823936,0.12470844775270962,0.12237733300207765,0.12890047949986183,0.3739973925839877,0.0031855078889682473,0.3726019272507983,0.3712458755035186,0.3792937290054397,99.63957706136695,0.0
DOWNSTREAM_MEDIUM,post_first_token_duration_late_median,0.12681313268694794,0.0037915467695870337,0.12597923949942924,0.12249743749634945,0.13289731250188197,0.38280905200129683,0.005588913694202599,0.38059041674932814,0.3788082079991,0.3932193745058612,67.51754227793197,0.0
DOWNSTREAM_MEDIUM,post_first_token_duration_late_minus_early,0.0017985857484745793,0.001736228005196282,0.0014584584987460403,-1.4584005839424208e-05,0.00514412500342587,0.008811659417309178,0.004265400100381252,0.00907185375035624,0.002511041508114431,0.013925645500421524,4.039258465964996,0.1888837980844467
DOWNSTREAM_MEDIUM,post_first_token_duration_normalized_slope,0.0018834150517404967,0.003576944277840786,0.0009344297289338899,-0.0017324822967256324,0.008926059657939571,-0.0015034265267143074,0.005340843845987727,-0.0014436054684732118,-0.009696803752704887,0.004355212615390466,-0.9468533237815108,0.326893602658144
DOWNSTREAM_MEDIUM,prefill_proxy_early_median,0.04575574493765089,0.0023408427924316937,0.04546718800156668,0.04208654149988433,0.049709041999449255,0.12733487158160037,0.00390679556469406,0.12637503124642535,0.12342843750229804,0.1346547084976919,34.85032267340096,0.0
DOWNSTREAM_MEDIUM,prefill_proxy_late_median,0.045884927062161296,0.0024199429263029957,0.04547093725159357,0.04226416650271858,0.049297958499664674,0.17569513191726097,0.0892217241569705,0.13836580199858872,0.12943924999854062,0.35667510400526226,53.6418456171666,0.0
DOWNSTREAM_MEDIUM,prefill_proxy_late_minus_early,0.00012918212451040745,0.0006020499287550494,-7.522949999838602e-05,-0.00045450050674844533,0.0011642915014817845,0.04836026033566062,0.08558496341052366,0.014107708248047857,0.0029768539970973507,0.22202039550757036,80.111425826235,0.0
DOWNSTREAM_MEDIUM,prefill_proxy_normalized_slope,-0.00037477673988469383,0.0009472894991179366,-0.0001785484891049428,-0.0018468280369167743,0.0011919797009950646,0.06390858827711249,0.11274292850546352,0.015719033180996524,0.00586894590355436,0.29242774315871206,67.86031627802723,0.0
DOWNSTREAM_MEDIUM,dependency_duration_early_median,0.10330580724939864,0.0003878193324895229,0.10343463524804974,0.10258493700166582,0.10367697899710038,0.10260114241585445,0.00048797131574999144,0.10281127074995311,0.10194558349030558,0.10300925050250953,-1.8169925388214692,0.24507023333403996
DOWNSTREAM_MEDIUM,dependency_duration_late_median,0.103259044375136,0.00046442578802303254,0.10352908325148746,0.10243960450316081,0.10360997899988433,0.10231350350416808,0.000484245800006973,0.10235325000394369,0.1017032290037605,0.10277777050214354,-2.0359353320858764,0.17735203863651602
DOWNSTREAM_MEDIUM,dependency_duration_late_minus_early,-4.676287426264025e-05,0.00018485522258354566,-5.726049857912585e-05,-0.0003901250020135194,0.00020195850447635166,-0.000287638911686372,0.0003942312964017997,-0.0001733542485453654,-0.0010531669977353886,-2.9789807740598917e-06,-1.3030523782733128,0.3084520397022001
DOWNSTREAM_MEDIUM,dependency_duration_normalized_slope,-0.00012224948595652462,0.00017447556392780202,-0.00010671637638758535,-0.000333042375247621,0.00015814083616108867,-0.0002877827062769849,0.0002952489792171959,-0.00024157572949728252,-0.0006614504110851755,3.5840434624910066e-05,-0.9487473007335167,0.45008144134278694
DOWNSTREAM_MEDIUM,scheduler_slip_early_median,0.0019227551242693153,0.0003551532095822202,0.0020831977471971186,0.0010635210019245278,0.0021066869994683657,0.0015783195000646326,0.0005401410115272517,0.001576302256580675,0.001075791493349243,0.002083854502416216,-0.9698226424867593,0.9663495660714442
DOWNSTREAM_MEDIUM,scheduler_slip_late_median,0.0017023671257447859,0.0005305204708948819,0.0020683955026470358,0.0009563124986016192,0.002100499998050509,0.0017161354990093969,0.0004858013941657885,0.001976000250579091,0.0010934789970633574,0.002077020995784551,0.025952576799508808,0.8595986227737386
DOWNSTREAM_MEDIUM,scheduler_slip_late_minus_early,-0.0002203879985245294,0.0004791744523449121,-5.6560002121841535e-06,-0.001129103999119252,0.000182562002009945,0.00013781599894476434,0.0003225031002932763,8.93749893293716e-06,-8.062495908234268e-06,0.0007958959904499352,0.7475440222582167,0.0990257137408301
DOWNSTREAM_MEDIUM,scheduler_slip_normalized_slope,-0.00015796988564810617,0.000269203655743305,-0.00016959356086839144,-0.0005429223526578702,0.0003515858160492968,3.601043948636775e-05,0.0001495505291283621,5.565111057920859e-05,-0.00014639715523893451,0.00019800971521606958,0.7205709172071604,0.3850237286852008
DOWNSTREAM_MEDIUM,gateway_span_duration_late_minus_early,0.0018748880620478303,0.002121262502127306,0.0014591562503483146,-0.0007636665031895973,0.004528208497504238,0.05393704524855517,0.0849868604011638,0.017723114746331703,0.011182458503753878,0.2263083124998957,24.543005466931536,0.0
DOWNSTREAM_MEDIUM,gateway_span_duration_normalized_slope,0.0013868981420016838,0.0038151430442523145,0.0009734918888191243,-0.0030455927967191353,0.008608238922746713,0.06211467720881402,0.11566256283353075,0.017337016834719134,-0.00043335148824021356,0.29643370257502444,15.917562818070866,0.03019103674517333
DOWNSTREAM_MEDIUM,llama_span_duration_late_minus_early,0.0018831275633601763,0.0024648744934106016,0.0012009584988845745,-0.0013678955001523718,0.00509058350144187,0.05422295133030275,0.08534219715771768,0.017815510746004293,0.011253228993155062,0.2273235204993398,21.23427537867087,0.0
DOWNSTREAM_MEDIUM,llama_span_duration_normalized_slope,0.0015117754745526584,0.003913563409649862,0.0010005634229610805,-0.003018544265388644,0.008943270814371459,0.06240346569831629,0.11568226152666565,0.017736169079030445,0.00016415847854748562,0.29678218804431866,15.559142359523307,0.029283158410549726
DOWNSTREAM_MEDIUM,dependency_span_duration_late_minus_early,-4.676287426264025e-05,0.00018485522258354566,-5.726049857912585e-05,-0.0003901250020135194,0.00020195850447635166,-0.000287638911686372,0.0003942312964017997,-0.0001733542485453654,-0.0010531669977353886,-2.9789807740598917e-06,-1.3030523782733128,0.3084520397022001
DOWNSTREAM_MEDIUM,dependency_span_duration_normalized_slope,-0.00012224948595652462,0.00017447556392780202,-0.00010671637638758535,-0.000333042375247621,0.00015814083616108867,-0.0002877827062769849,0.0002952489792171959,-0.00024157572949728252,-0.0006614504110851755,3.5840434624910066e-05,-0.9487473007335167,0.45008144134278694
INPUT_LOAD,ttft_p95,3.190517541706185,0.03169480524165154,3.193585781399815,3.1446149851006338,3.237881171149638,13.82189922852279,0.5618650195668184,13.697592576351598,13.161831881589022,14.632915026451517,335.429784337196,0.0
INPUT_LOAD,total_latency_p95,3.427050975910424,0.03196585713280471,3.432412011947963,3.375736253545983,3.4736942628464016,14.409724432625078,0.5800050275543422,14.28272750102951,13.724683974988874,15.243277235102141,343.5751280213216,0.0
INPUT_LOAD,post_first_token_duration_p95,0.24442136296215716,0.002749955440614667,0.24417018972453655,0.2398033270488667,0.2482464669490582,0.5951724816250741,0.019241586189217202,0.58983635848017,0.5725089982493956,0.6242523878412612,127.54792804370584,0.0
INPUT_LOAD,ttft_median,1.7248987108750953,0.01948841732003347,1.7207242392487387,1.6974252079999133,1.7551696459995585,7.359144468829375,0.28550818908336084,7.303828916748898,7.040534499989008,7.771789020996948,289.107404948808,0.0
INPUT_LOAD,total_latency_median,1.9627297082511177,0.02387412498381137,1.9607507394994173,1.929739604001952,1.997102374501992,7.943863097244805,0.30447721015171697,7.881384927244653,7.60466749999614,8.385757082993223,250.52785779790426,0.0
INPUT_LOAD,post_first_token_duration_median,0.2380496899386344,0.0018449815458361485,0.2384444997514947,0.2344412704987917,0.2401980835020367,0.584828621418031,0.019262071046647563,0.5801772915037873,0.5622685205016751,0.6132789794937707,187.9579404260306,0.0
INPUT_LOAD,scheduler_slip_p95,0.0020057316058227376,0.0003575200198638934,0.00212501579826485,0.0011213024488824,0.002149377751266,0.0017959270676025576,0.000520497767144636,0.002126855856840848,0.0011223732501093764,0.002141410748299677,-0.5868329787519365,0.9912090056318391
INPUT_LOAD,successful_requests_per_second,5.920568512500299,0.028717089219535277,5.915857881177981,5.876719788093556,5.965227309954511,2.2145926182113644,0.07263047172189083,2.2281465321266314,2.112426604974317,2.302495840209597,-129.05123726007312,0.0
INPUT_LOAD,host_cpu_median,6.987500000000001,1.3010298118907853,7.1499999999999995,4.45,8.850000000000001,4.666666666666667,1.5138251770487459,4.975,2.0,6.1,-1.783843315596642,0.240875912408759
INPUT_LOAD,host_cpu_p95,12.249999999999996,1.8749895237802567,11.909999999999997,10.634999999999998,16.604999999999997,14.86999999999999,3.411634505629221,14.68,9.709999999999997,18.764999999999958,1.3973411407215148,0.6593042517945914
INPUT_LOAD,dependency_duration_median,0.0010278410622958625,3.9187945486495834e-05,0.0010359477491874,0.0009582080019754,0.0010860414986382,0.0008560208334529307,4.1380621331848e-05,0.0008548644982511178,0.0008047919982345775,0.0009091870015254244,-4.3845173996718225,0.0
INPUT_LOAD,dependency_duration_p95,0.0014082380009767252,7.636584839384249e-05,0.00142425152334905,0.0012888541485153,0.0015241753557347,0.0013100202040125925,8.594919242091609e-05,0.0012759711542457805,0.0012477770978875924,0.0014780330551730002,-1.2861481805006991,0.6844431948711718
INPUT_LOAD,gateway_span_duration_median,1.9621847786870603,0.023866716133789323,1.9601518954987114,1.929178354501346,1.996655812501558,6.3013544689153305,0.22528231132434218,6.245218968997506,6.053789500001585,6.622481896003592,181.80840907916473,0.0
INPUT_LOAD,gateway_span_duration_p95,2.373380359082694,0.01429322552295707,2.370665823801937,2.348119701803443,2.3973756146016965,6.37796961235775,0.2255263781497375,6.321683589026361,6.096960785403644,6.699463941645082,280.17393602606234,0.0
INPUT_LOAD,dependency_span_duration_median,0.0010278410622958625,3.9187945486495834e-05,0.0010359477491874,0.0009582080019754,0.0010860414986382,0.0008560208334529307,4.1380621331848e-05,0.0008548644982511178,0.0008047919982345775,0.0009091870015254244,-4.3845173996718225,0.0
INPUT_LOAD,dependency_span_duration_p95,0.0014082380009767252,7.636584839384249e-05,0.00142425152334905,0.0012888541485153,0.0015241753557347,0.0013100202040125925,8.594919242091609e-05,0.0012759711542457805,0.0012477770978875924,0.0014780330551730002,-1.2861481805006991,0.6844431948711718
INPUT_LOAD,llama_span_duration_median,1.9611447396237054,0.023818455282938397,1.9591004059984698,1.928194521497062,1.9955256875000489,6.3003718542495335,0.22513717179686452,6.244256895995932,6.053046583503601,6.621377562500129,182.17919940988352,0.0
INPUT_LOAD,llama_span_duration_p95,2.372325692118966,0.014264848070281269,2.369695037202109,2.3471152443962637,2.3962888208512596,6.376955476734534,0.22544402732662674,6.3209138658006845,6.095978841658507,6.698369958346302,280.73413504898315,0.0
INPUT_LOAD,dependency_fraction_of_gateway_median,0.0005777303581248,3.441209860642403e-05,0.0005787073456074499,0.0005269218067118,0.0006263442988503,0.00016506363292662971,1.0584417364812082e-05,0.00016490506975022195,0.00015357355539233583,0.00017674929294144278,-11.991908134342435,0.0
INPUT_LOAD,llama_fraction_of_gateway_median,0.9994051308470701,3.388251833413424e-05,0.9994049120808552,0.9993577152860672,0.9994561903838732,0.9998284118351224,1.0570170508022332e-05,0.9998283603778249,0.9998169018657931,0.9998396906360943,12.49260706887619,0.0
INPUT_LOAD,ttft_early_median,0.4567175650618083,0.004613032143820418,0.45588209349807585,0.4502553545025876,0.46446245849801926,1.8579438160001398,0.04884307446865094,1.8600990000013553,1.80262762500206,1.9304294164976454,303.75384503127805,0.0
INPUT_LOAD,ttft_late_median,3.007679531312988,0.03708568107716379,3.004277229501895,2.9618516664995695,3.067084957998304,12.928808947749834,0.5270523014188855,12.80806809349815,12.314245561996358,13.694504749997577,267.51913752895774,0.0
INPUT_LOAD,ttft_late_minus_early,2.5509619662511795,0.036862328837040347,2.5486120310051774,2.5056880625015765,2.614510416500707,11.070865131749693,0.48002638887353544,10.947969093496795,10.511617936994298,11.764075333499932,231.12764261756206,0.0
INPUT_LOAD,ttft_normalized_slope,3.3101113371482542,0.04340583294857842,3.3143821549803,3.2477328760976567,3.3662511523607677,14.378496821535629,0.6184380171642501,14.223160638300163,13.659097212966689,15.273407499408883,254.9976519860765,0.0
INPUT_LOAD,total_latency_early_median,0.6929989738114273,0.0061277364724663975,0.6911674369985121,0.6858307084985427,0.7019885625013558,2.437635465249817,0.06307220901075926,2.4349113747484807,2.3661416670001927,2.5333367494968115,284.71141004145994,0.0
INPUT_LOAD,total_latency_late_median,3.2434963046875964,0.032422745405139855,3.2467778437512607,3.195895229000598,3.2888147290032066,13.520061614583634,0.5470570534868353,13.395894187502563,12.880591499997536,14.31202758350264,316.95543302964506,0.0
INPUT_LOAD,total_latency_late_minus_early,2.550497330876169,0.02959469420810942,2.551571552254245,2.5081911040033447,2.587677999996231,11.082426149333818,0.4854345763751505,10.960982812754082,10.514449832997343,11.778690834005829,288.29251481570515,0.0
INPUT_LOAD,total_latency_normalized_slope,3.301645788616759,0.04178143142284381,3.3083947647867458,3.239513788911878,3.3545648380120476,14.35234970613036,0.6230741094174933,14.194199984203728,13.62454740642646,15.25207360259918,264.48839930054856,0.0
INPUT_LOAD,post_first_token_duration_early_median,0.23507213781340397,0.0019594790206619943,0.235399260000122,0.23253666650271043,0.23777358350344002,0.5766136770823019,0.014881910015495953,0.5761168749959324,0.5600276045006467,0.5987273954960983,174.3022179198994,0.0
INPUT_LOAD,post_first_token_duration_late_median,0.2381860963737381,0.002600654818950796,0.23887768775239238,0.23422818799735978,0.24117281249709777,0.5884401528346643,0.019499260712447748,0.5845147607542458,0.5652454375012894,0.6154526665050071,134.67917922388185,0.0
INPUT_LOAD,post_first_token_duration_late_minus_early,0.00311395856033414,0.003198458588193884,0.0023618439972779015,-0.0023319369975070003,0.007504520996008068,0.011826475752362361,0.006644576804471732,0.012351614503131714,0.0034826875053113326,0.02082983399304794,2.7239737366579546,0.1736410178797116
INPUT_LOAD,post_first_token_duration_normalized_slope,-0.008465548531494867,0.0039503943244193,-0.008280045944429493,-0.015843358085236802,-0.0035839372013714843,-0.02614711540527202,0.006482936033892574,-0.023899315734675707,-0.03454980654022642,-0.019326585176451954,-4.475899219599123,0.0
INPUT_LOAD,prefill_proxy_early_median,0.4543843019373526,0.0044801783687623935,0.45370223950158106,0.4484514789983223,0.46182914600285585,1.8556952465842187,0.048776486337167954,1.857285697999032,1.8002150835018256,1.9280111664993456,312.7801684007427,0.0
INPUT_LOAD,prefill_proxy_late_median,2.1229886900628117,0.01285434505961488,2.120528166749864,2.1089097500007483,2.148513208001532,5.780943079668456,0.20502138386257304,5.727229687247018,5.526852666502236,6.075923625008727,284.56948779895583,0.0
INPUT_LOAD,prefill_proxy_late_minus_early,1.668604388125459,0.014993023225148288,1.6687527399972168,1.6470806039978925,1.6984676040046907,3.9252478330842373,0.1592751246405041,3.87017792675033,3.726637583000411,4.147912458509381,150.5129026395181,0.0
INPUT_LOAD,prefill_proxy_normalized_slope,2.219582899443954,0.017589241160528114,2.2233087650291004,2.1960886574986755,2.25091498218424,4.865571947743734,0.19557600066164318,4.800592952704498,4.624421213544986,5.141234718074082,150.4322457206184,0.0
INPUT_LOAD,dependency_duration_early_median,0.0010993723135470646,9.237915997649812e-05,0.0010877810000238242,0.0009258954996766988,0.001237458003743086,0.0007761701672279742,3.233464981965239e-05,0.0007742082489130553,0.0007334374968195334,0.0008202290046028793,-3.498647816253311,0.0
INPUT_LOAD,dependency_duration_late_median,0.0010019271248893347,4.143542832120719e-05,0.0010017085023719119,0.0009333540001534857,0.0010771664965432137,0.0010031285831549515,5.1186370841215355e-05,0.001015624999126885,0.0009305830026278272,0.0010623960042721592,0.028995917607104228,0.8803310705171307
INPUT_LOAD,dependency_duration_late_minus_early,-9.744518865772989e-05,9.018237759929345e-05,-9.740624955156818e-05,-0.00019541650181054138,8.368750059162267e-05,0.00022695841592697738,4.900354994475824e-05,0.00023091700131772086,0.000145062011142727,0.00028839599690400064,3.597195075363026,0.0
INPUT_LOAD,dependency_duration_normalized_slope,-0.00016618194419118905,0.00015376756908609145,-0.00017281759120545273,-0.00040974370926184176,4.181020891204405e-05,0.00028308468505955955,9.090409552604885e-05,0.0002819259719239553,0.0001645643664587846,0.0004337680975235033,2.921725510268118,0.0
INPUT_LOAD,scheduler_slip_early_median,0.0017131485628851806,0.00045901535525996116,0.0018467710015102057,0.0008824374999676365,0.0021019170017098077,0.00169923966677743,0.0004993098681193697,0.0019386562489671633,0.001058500500221271,0.002093021001201123,-0.03030159219809377,0.8483295533068959
INPUT_LOAD,scheduler_slip_late_median,0.0019312629997330077,0.0003433480221552746,0.0020835102495766478,0.0010965835026581772,0.0020935204956913367,0.001505809165488851,0.0006709016048549325,0.0015889272472122684,0.000586145994020626,0.002111084009811748,-1.2391329111887264,0.6537557479121268
INPUT_LOAD,scheduler_slip_late_minus_early,0.00021811443684782716,0.0002715248160177618,0.0001065835022018291,-1.8395501683698967e-05,0.0006410204950952902,-0.00019343050128857917,0.000639453417686507,1.1781248758779839e-05,-0.0014812915105721913,0.00027174999559065327,-1.5156807549755789,0.136711989801471
INPUT_LOAD,scheduler_slip_normalized_slope,0.00019425618177415168,0.00030716104877772044,0.00025749056093024136,-0.00044442040921350776,0.0006329128521983642,-4.609034302830407e-05,0.000407373325605158,1.2992831495755208e-05,-0.0007173281435914358,0.0003681844768324501,-0.7824772241104843,0.601822110704496
INPUT_LOAD,gateway_span_duration_late_minus_early,1.666826948063317,0.013067802984626316,1.6688666774989542,1.6425279795003007,1.681717542000115,3.9296131699993566,0.16607707741895866,3.874382832993433,3.7226033749975613,4.159968479500094,173.15735664197769,0.0
INPUT_LOAD,gateway_span_duration_normalized_slope,2.2109794001153387,0.01810847345130801,2.214283321926228,2.18721253933474,2.2388582252658273,4.839756419287732,0.2009745902012605,4.777095333326104,4.5900075645479,5.120234319952081,145.1683393545529,0.0
INPUT_LOAD,llama_span_duration_late_minus_early,1.6668714220627407,0.012977425576565643,1.6688935004985979,1.6425319789996138,1.681818209002813,3.929283777414336,0.1660484964816593,3.874065353495098,3.7223961874988163,4.159739791997708,174.334450388759,0.0
INPUT_LOAD,llama_span_duration_normalized_slope,2.211145497202945,0.018138618244213752,2.214532383446935,2.187339928412318,2.2391329891004443,4.839459626670284,0.20091542342547383,4.776776992339745,4.5898316594943465,5.119953048020184,144.9015627364987,0.0
INPUT_LOAD,dependency_span_duration_late_minus_early,-9.744518865772989e-05,9.018237759929345e-05,-9.740624955156818e-05,-0.00019541650181054138,8.368750059162267e-05,0.00022695841592697738,4.900354994475824e-05,0.00023091700131772086,0.000145062011142727,0.00028839599690400064,3.597195075363026,0.0
INPUT_LOAD,dependency_span_duration_normalized_slope,-0.00016618194419118905,0.00015376756908609145,-0.00017281759120545273,-0.00040974370926184176,4.181020891204405e-05,0.00028308468505955955,9.090409552604885e-05,0.0002819259719239553,0.0001645643664587846,0.0004337680975235033,2.921725510268118,0.0
INPUT_DOWNSTREAM,ttft_p95,0.20005056026834608,0.0006949032200870343,0.20016247707389995,0.1991136830540199,0.2010383749984612,7.5567685301108805,0.1816965627228784,7.477940781246433,7.387833860459067,7.872113665995856,10586.679924898219,0.0
INPUT_DOWNSTREAM,total_latency_p95,0.3249484172760731,0.0015717278186564703,0.324746978425901,0.3229848417031462,0.327610132697373,8.131992221491963,0.1906944249359968,8.051680823821517,7.9482147649054244,8.461335787196003,4967.1728854996245,0.0
INPUT_DOWNSTREAM,post_first_token_duration_p95,0.12532229310054388,0.0012744123009769087,0.1249056091974125,0.124260245203186,0.1280335419545736,0.58785040768477,0.007277895702104331,0.5851077614519454,0.5810458666564955,0.6002209756632509,362.9344398431123,0.0
INPUT_DOWNSTREAM,ttft_median,0.19844818750016202,0.0006405586603019072,0.1987551352503942,0.1975458330016408,0.199076958502701,4.111262576335624,0.07222805719041853,4.0941461145012,4.04338577100134,4.234268249500019,6108.4403838850285,0.0
INPUT_DOWNSTREAM,total_latency_median,0.320068934999199,0.0006400772540997033,0.3199700417499116,0.3191886040003737,0.3210983124954509,4.688812878584334,0.07885919761154336,4.668534125001315,4.61327606249688,4.823929396006861,6825.338528440547,0.0
INPUT_DOWNSTREAM,post_first_token_duration_median,0.12162494262520336,0.00036303825897872626,0.1216393225022329,0.1210591039998689,0.1221253125004295,0.5774061179157192,0.005479029317879644,0.5756360312479956,0.571977978994255,0.5873042915045517,1255.4632026186096,0.0
INPUT_DOWNSTREAM,scheduler_slip_p95,0.0017518036936052628,0.0005152839091832692,0.00211616442084045,0.0011192312515049,0.0021403771021141,0.0019532875667209737,0.00041009853215162096,0.002119313045113813,0.0011162854003487154,0.002128127057949314,0.39101526270258496,0.9851615872926465
INPUT_DOWNSTREAM,successful_requests_per_second,3.9719050079411904,0.0009026780308587898,3.972189207497702,3.9703896609397273,3.972684598552758,2.2257808803668775,0.023694653647773848,2.236057892633654,2.1851256326717015,2.2489018980985516,-1934.3819921185911,0.0
INPUT_DOWNSTREAM,host_cpu_median,6.1625000000000005,0.5289815011618353,6.1,5.1,6.7,4.425,0.6809919235938118,4.0,4.0,5.55,-3.284613915957024,0.1666666666666667
INPUT_DOWNSTREAM,host_cpu_p95,10.575,0.6022042842756908,10.627499999999998,9.8,11.694999999999991,14.627499999999992,3.3404097802515103,13.454999999999998,11.7,20.40999999999998,6.729443987390742,0.0
INPUT_DOWNSTREAM,dependency_duration_median,0.10313754418757523,0.0005014097104492828,0.1034357707521849,0.1024916869973822,0.1035627295023005,0.10281990633059952,0.00039956393412253336,0.10296758349431911,0.10200660399277695,0.10303281250526197,-0.6334896400213156,0.3477389867128702
INPUT_DOWNSTREAM,dependency_duration_p95,0.10351426917004569,0.0005431785685541662,0.10385136235036035,0.1027497735525685,0.1039535312520456,0.10332676671811591,0.00043627310456069435,0.1034951645771798,0.10244034999777796,0.10357782950086403,-0.345194863687041,0.5472285266290213
INPUT_DOWNSTREAM,gateway_span_duration_median,0.3194516978132924,0.0006488971801689047,0.3192901772526966,0.3187637085029564,0.3205416040000273,4.688134659833547,0.07882382053972073,4.6678896355006145,4.612661270992248,4.823221166501753,6732.473334039004,0.0
INPUT_DOWNSTREAM,gateway_span_duration_p95,0.32433278215694367,0.0016426383875376134,0.3241062147762932,0.3224378586510283,0.3272099253044871,6.302589344739559,0.09448002547753451,6.2607331989787784,6.216112620839704,6.4613169392607235,3639.4233861442153,0.0
INPUT_DOWNSTREAM,dependency_span_duration_median,0.10313754418757523,0.0005014097104492828,0.1034357707521849,0.1024916869973822,0.1035627295023005,0.10281990633059952,0.00039956393412253336,0.10296758349431911,0.10200660399277695,0.10303281250526197,-0.6334896400213156,0.3477389867128702
INPUT_DOWNSTREAM,dependency_span_duration_p95,0.10351426917004569,0.0005431785685541662,0.10385136235036035,0.1027497735525685,0.1039535312520456,0.10332676671811591,0.00043627310456069435,0.1034951645771798,0.10244034999777796,0.10357782950086403,-0.345194863687041,0.5472285266290213
INPUT_DOWNSTREAM,llama_span_duration_median,0.21639638537499192,0.0003850075330467449,0.21646547900127186,0.215758457998163,0.2170128755024052,4.58554970166612,0.07880815912949761,4.565344594000635,4.510745479492471,4.720838937500957,11348.2281287225,0.0
INPUT_DOWNSTREAM,llama_span_duration_p95,0.2211603863559048,0.0016900403136630023,0.22036785209984372,0.2197194690488686,0.2239593898997554,6.199593843213975,0.09410140555471865,6.158141206720757,6.11328294969353,6.357650656253827,3537.4502066760656,0.0
INPUT_DOWNSTREAM,dependency_fraction_of_gateway_median,0.3223822641654799,0.000881392252545651,0.32240782797247686,0.3212859092024779,0.3235445225110878,0.021907441956015794,0.0003763410102585471,0.0219666606256144,0.021251973481017036,0.022284246858577057,-340.90930722573063,0.0
INPUT_DOWNSTREAM,llama_fraction_of_gateway_median,0.6775201336078864,0.0008815104723190113,0.677495286832775,0.6763655463198601,0.6786112748265468,0.9780860853470948,0.0003766344362088843,0.9780264890176638,0.9777091430941658,0.9787421957505735,340.96696656195377,0.0
INPUT_DOWNSTREAM,ttft_early_median,0.1986496433114553,0.0008791670212294059,0.19893481274993974,0.19702147899806732,0.1995217084986507,1.2027107187483732,0.021968050274732566,1.2080393229989568,1.165184978999605,1.2274208539965912,1142.0595304324122,0.0
INPUT_DOWNSTREAM,ttft_late_median,0.1982435078743947,0.0005653739033850949,0.19817145849992812,0.19761722949988325,0.19899283349877805,7.102333631834578,0.16398210357803594,7.034939104007208,6.948557833493396,7.388217853498645,12211.547230289438,0.0
INPUT_DOWNSTREAM,ttft_late_minus_early,-0.0004061354370605841,0.0006529102517889404,-0.0004790519978996599,-0.0013703330005228054,0.0005957505018159281,5.899622913086205,0.15382853682588699,5.8568541352578904,5.731962958496297,6.160796999502054,9036.508513011535,0.0
INPUT_DOWNSTREAM,ttft_normalized_slope,-0.003851523688224433,0.001267194188734125,-0.003908616368568128,-0.006361299728504175,-0.002150222360086971,7.653998945122844,0.19995908985081,7.593587274192902,7.433395913385229,7.993713933663165,6043.1546616078995,0.0
INPUT_DOWNSTREAM,total_latency_early_median,0.32008348693761945,0.0013931205851254718,0.3200724167490989,0.3184573124999588,0.3216843539994443,1.7741589340002974,0.02339243515783327,1.774821739501931,1.7373013540054671,1.8055361039951094,1043.754189398986,0.0
INPUT_DOWNSTREAM,total_latency_late_median,0.3196834503746686,0.0009256481505012917,0.3197747497488308,0.3184850625038962,0.3209032289960305,7.683189690918273,0.17353638745747163,7.608074437255709,7.524873062495317,7.987049125003978,7954.973211533824,0.0
INPUT_DOWNSTREAM,total_latency_late_minus_early,-0.0004000365629508451,0.0018457586137010018,-0.0006491252497653477,-0.00317495799754397,0.002293125002324814,5.909030756917976,0.15930630194276874,5.85543706250246,5.737096353994275,6.181513021008868,3201.627097723087,0.0
INPUT_DOWNSTREAM,total_latency_normalized_slope,-0.004366146648178737,0.0026756489166430116,-0.0045103316707112975,-0.008219208951848639,-3.761605145065269e-05,7.627756904587624,0.20294152261653778,7.562746075096716,7.407878874269566,7.974430244700364,2852.438152017121,0.0
INPUT_DOWNSTREAM,post_first_token_duration_early_median,0.12125885943851245,0.0009341502526196276,0.12131786449936044,0.12006647900125245,0.12253168749884935,0.5702989722461401,0.00581171401581187,0.5704127604949463,0.5624507709944737,0.579242895495554,480.6936695123609,0.0
INPUT_DOWNSTREAM,post_first_token_duration_late_median,0.12158260424939726,0.0007768176247647962,0.12135012474936957,0.1207170209963806,0.12306902099953732,0.581740420248631,0.008045352673287773,0.5800067500058503,0.571866708494781,0.5956533964927075,592.3627391159666,0.0
INPUT_DOWNSTREAM,post_first_token_duration_late_minus_early,0.00032374481088481843,0.0010766160210012809,0.000486541997815948,-0.0011150424979859963,0.0015959789998305496,0.011441448002490992,0.003936061581724336,0.011685302008118015,0.005206770998483989,0.016410500997153576,10.32652586877392,0.0
INPUT_DOWNSTREAM,post_first_token_duration_normalized_slope,-0.0005146229599543605,0.001783571586000174,-0.00046367456711228933,-0.003133830490545895,0.0021126063086362125,-0.026242040535220352,0.00472081615309077,-0.026041915784263417,-0.03373011794335581,-0.019283688962800288,-14.424662165067414,0.0
INPUT_DOWNSTREAM,prefill_proxy_early_median,0.09431504143549319,0.0005065316588192886,0.09431511424736527,0.09359570800006622,0.09526149999874178,1.099104687584865,0.02196167607089233,1.1045063127530739,1.0612277295003878,1.1235724165017018,1983.666032823119,0.0
INPUT_DOWNSTREAM,prefill_proxy_late_median,0.09427362243786774,0.0003128243742755901,0.0942256250000355,0.09377916649827966,0.0947587705013575,5.610209534748719,0.08185324396447026,5.576684156243573,5.534546270995634,5.749689686999773,17632.69222573896,0.0
INPUT_DOWNSTREAM,prefill_proxy_late_minus_early,-4.141899762544199e-05,0.000576229765602649,2.0385754396556877e-05,-0.0010744370010797866,0.0006605000016861595,4.511104847163854,0.07430194041839054,4.50208658324118,4.42169833349908,4.626117270498071,7828.728287653631,0.0
INPUT_DOWNSTREAM,prefill_proxy_normalized_slope,-0.0034619119572088007,0.0014390636825678737,-0.003499096655712776,-0.006578664181302566,-0.0017335031859924198,5.983297436896713,0.10166980079414457,5.966115682039047,5.859640281114362,6.143879193614012,4160.176802023878,0.0
INPUT_DOWNSTREAM,dependency_duration_early_median,0.10314023431192254,0.0005168245308088587,0.10335162499904982,0.10248566699738149,0.10371977099930518,0.10281440283142729,0.0004236885742207169,0.10299419799412135,0.10195697900053347,0.10303579200262902,-0.6304489455740602,0.31207595997193904
INPUT_DOWNSTREAM,dependency_duration_late_median,0.10304994531179545,0.0005440081868953306,0.10320178125039092,0.10221799999999348,0.10368174999894109,0.10294770849941415,0.00045414629676801776,0.10309662500003469,0.10203916700265836,0.1032487919947016,-0.1879324885987009,0.627543324776206
INPUT_DOWNSTREAM,dependency_duration_late_minus_early,-9.028900012708618e-05,0.0002759570712632425,-8.629150215710979e-05,-0.0004919999992125668,0.0003332295054860879,0.0001333056679868605,0.00012659981824791476,0.00010417725206934847,7.228998583741486e-06,0.0003681044981931336,0.8102516347575454,0.37902430214659844
INPUT_DOWNSTREAM,dependency_duration_normalized_slope,-0.0002459977963576479,0.0003008131702145885,-0.0003098236085462919,-0.0006011667001653146,0.0004186303502625386,0.00011014201624742032,0.0003359995478326049,9.413001970664836e-05,-0.0003833131278331232,0.000607936853623137,1.1839236039798784,0.6632545869069311
INPUT_DOWNSTREAM,scheduler_slip_early_median,0.0016021511873987038,0.0005017356321419824,0.0017165834997285856,0.0009517295002297033,0.00209450049806037,0.0017417810837893437,0.0004317467714953507,0.0019250624973210506,0.0011029169982066378,0.002093479000905063,0.27829376158623537,0.8668070895908443
INPUT_DOWNSTREAM,scheduler_slip_late_median,0.0013066017495475535,0.00039792781023634136,0.001143396002589725,0.0008433334987785202,0.0020243755025148857,0.0017183156657362513,0.0004882413539305126,0.0019430412467045244,0.0010852914929273538,0.002114874507242348,1.034644741075444,0.7385400890232054
INPUT_DOWNSTREAM,scheduler_slip_late_minus_early,-0.0002955494378511503,0.00045956344646464126,-0.0003226665012334706,-0.000882958498550579,0.0004414374998304993,-2.3465418053092435e-05,0.00046903384466149385,-6.073252734495327e-06,-0.0006823545045335777,0.0007630209947819822,0.5920488713607729,0.6827496994441722
INPUT_DOWNSTREAM,scheduler_slip_normalized_slope,-0.0002919849752776456,0.00021003108420851658,-0.0002449660070496761,-0.000634568663203604,-7.813602978563877e-05,-0.0001587139002456353,0.00032556704400891047,-0.00024151939811950228,-0.0005446236154168174,0.00033263504432752816,0.6345302436267016,0.4823054150835784
INPUT_DOWNSTREAM,gateway_span_duration_late_minus_early,-0.00032104956244438654,0.0017319464099291074,-0.0007479477499146014,-0.002619541501189815,0.0025352910051879007,4.517215538166056,0.07583081393788998,4.501053666997905,4.42731156249647,4.639600313006667,2608.358181194194,0.0
INPUT_DOWNSTREAM,gateway_span_duration_normalized_slope,-0.004230857918416623,0.002646026754335255,-0.004407234010174982,-0.0080299811310221,4.124654296008082e-05,5.957161712474311,0.10473614466664069,5.935113634298757,5.834275018474974,6.124831611109723,2252.9600506213974,0.0
INPUT_DOWNSTREAM,llama_span_duration_late_minus_early,-6.432012423829292e-05,0.001665843528848172,-0.0003227494980819756,-0.0021224794945737813,0.0026679375041567255,4.517418861084782,0.07568312983274836,4.501466125246225,4.4271679790035705,4.639290354512923,2711.8292342454165,0.0
INPUT_DOWNSTREAM,llama_span_duration_normalized_slope,-0.003979063193872548,0.002777561475058097,-0.004033454511369359,-0.008440641873676295,0.0003809418148081372,5.957040789179004,0.10464907101743887,5.935310135452307,5.833986460859851,6.124606839884742,2146.1342641383635,0.0
INPUT_DOWNSTREAM,dependency_span_duration_late_minus_early,-9.028900012708618e-05,0.0002759570712632425,-8.629150215710979e-05,-0.0004919999992125668,0.0003332295054860879,0.0001333056679868605,0.00012659981824791476,0.00010417725206934847,7.228998583741486e-06,0.0003681044981931336,0.8102516347575454,0.37902430214659844
INPUT_DOWNSTREAM,dependency_span_duration_normalized_slope,-0.0002459977963576479,0.0003008131702145885,-0.0003098236085462919,-0.0006011667001653146,0.0004186303502625386,0.00011014201624742032,0.0003359995478326049,9.413001970664836e-05,-0.0003833131278331232,0.000607936853623137,1.1839236039798784,0.6632545869069311
OUTPUT_LOAD,ttft_p95,3.957059406774533,0.1312556985394936,3.929611251197456,3.7755364232492856,4.178786358303114,9.261569456187983,0.05971739421672115,9.257397537805444,9.185098597886824,9.368264981247192,40.413560008728865,0.0
OUTPUT_LOAD,total_latency_p95,4.3034963161354876,0.12105125779205986,4.294496974520188,4.134758902047178,4.496461054149404,9.874837779406759,0.06715004544940882,9.860385670677351,9.79256442325568,9.996698629145246,46.02464745010451,0.0
OUTPUT_LOAD,post_first_token_duration_p95,0.39810790365240784,0.014662573503735288,0.3974202041541502,0.3810976288488746,0.4252248521024739,0.6252430939076778,0.004241022160363759,0.6255790459996206,0.6193888937457814,0.6321693562465952,15.490813409897475,0.0
OUTPUT_LOAD,ttft_median,2.1214085261258333,0.09874693444926276,2.122922010750699,1.95726066700081,2.2540664375046617,4.8899109654157655,0.014391911051667228,4.893738583501545,4.862919854502252,4.901886354498856,28.03633808715772,0.0
OUTPUT_LOAD,total_latency_median,2.4774565078123487,0.09729381058588617,2.492152406499372,2.3397232705028728,2.607789583500562,5.5042817220819416,0.016902953056806322,5.508544853746571,5.4719131875026505,5.519496500004607,31.110151776794282,0.0
OUTPUT_LOAD,post_first_token_duration_median,0.34608416400033093,0.006817203741469341,0.3458813437500794,0.3343405000014172,0.3565006454991817,0.6149135901638753,0.003952072099228462,0.6146549789991695,0.6101108954972005,0.6220324584937771,39.43397269004056,0.0
OUTPUT_LOAD,scheduler_slip_p95,0.0020085618570646626,0.00035945194231655557,0.0021324853985788,0.0011196184019354,0.002149899700089,0.0019479836926620919,0.00040297904584395643,0.0021091527974931522,0.0011254566081333906,0.002120184784871526,-0.16852924486139464,0.9654918307464375
OUTPUT_LOAD,successful_requests_per_second,5.180144506157201,0.08107223869546762,5.152208134071696,5.067345951214812,5.302044232660978,2.9513062937882406,0.016087573597451877,2.9529715182654357,2.9224382958449255,2.971703991637081,-27.492002789526577,0.0
OUTPUT_LOAD,host_cpu_median,7.93125,0.9974744894697094,8.15,6.0,9.0,4.366666666666667,2.532719223811962,5.2,0.0,6.9,-3.5736085192799107,0.10000000000000003
OUTPUT_LOAD,host_cpu_p95,13.698124999999997,2.874851471318625,12.809999999999999,11.93,20.76,12.320833333333331,1.682951029194452,12.462499999999999,10.349999999999998,14.479999999999999,-0.47908272145793185,0.24495677233429375
OUTPUT_LOAD,dependency_duration_median,0.0009528151886115126,2.1589081071363496e-05,0.00094937524954725,0.0009264379987143,0.0009915630034811,0.0007930069987196475,2.978830288319637e-05,0.0007955104993015993,0.0007483749941457063,0.0008349584968527779,-7.402269200973086,0.0
OUTPUT_LOAD,dependency_duration_p95,0.0014108964253864002,0.00014828883652336542,0.0014100145754127,0.0011951500047871,0.001618393105673,0.0010675186737595745,5.77573407357375e-05,0.001070636451913742,0.0009966690959117839,0.0011244065462960857,-2.315600821190074,0.0
OUTPUT_LOAD,gateway_span_duration_median,2.4513373307490838,0.07245272019359807,2.4607737292499223,2.33891285449863,2.543861645997822,4.719619441000153,0.0165927345656002,4.720617781251349,4.691305999993347,4.740463687507145,31.30706623837009,0.0
OUTPUT_LOAD,gateway_span_duration_p95,2.739406009475669,0.07279133349348199,2.7354390602518834,2.6573675809049746,2.8968617809492567,4.747479404300611,0.03941496604562928,4.738767688227744,4.707284019050712,4.823551716345537,27.586709824525368,0.0
OUTPUT_LOAD,dependency_span_duration_median,0.0009528151886115126,2.1589081071363496e-05,0.00094937524954725,0.0009264379987143,0.0009915630034811,0.0007930069987196475,2.978830288319637e-05,0.0007955104993015993,0.0007483749941457063,0.0008349584968527779,-7.402269200973086,0.0
OUTPUT_LOAD,dependency_span_duration_p95,0.0014108964253864002,0.00014828883652336542,0.0014100145754127,0.0011951500047871,0.001618393105673,0.0010675186737595745,5.77573407357375e-05,0.001070636451913742,0.0009966690959117839,0.0011244065462960857,-2.315600821190074,0.0
OUTPUT_LOAD,llama_span_duration_median,2.450304570562821,0.07245283537223923,2.459828604502036,2.337772250502894,2.5427728754984855,4.7187781180812935,0.016497437151313563,4.719821801998478,4.690665520996845,4.739414000003308,31.309658702296318,0.0
OUTPUT_LOAD,llama_span_duration_p95,2.7384298288684477,0.0727685603087956,2.734514440476596,2.6564005455031294,2.895774873251139,4.746647622083523,0.039280054942304125,4.737898836774912,4.706766095791681,4.822537496155564,27.597327536688123,0.0
OUTPUT_LOAD,dependency_fraction_of_gateway_median,0.0004345798074371875,2.661560581640244e-05,0.00043489136753929996,0.0003928371974921,0.0004690650959461,0.00018872807332010692,4.820983863821754e-06,0.00018873493845878055,0.0001818500512285718,0.00019632072771010907,-9.237127113055198,0.0
OUTPUT_LOAD,llama_fraction_of_gateway_median,0.9995504048173183,2.786305893713182e-05,0.9995515375145031,0.9995135101495948,0.999592521659423,0.9998043666763019,4.883787467191444e-06,0.9998041152380222,0.9997970193282365,0.9998111636685345,9.114643857182095,0.0
OUTPUT_LOAD,ttft_early_median,0.46244363537471145,0.05592160884696971,0.4291064062508667,0.4179198120000365,0.5660298750008224,1.075873621333206,0.007430809480635824,1.074214791500708,1.0675323955001659,1.0898932079944643,10.969462406511848,0.0
OUTPUT_LOAD,ttft_late_median,3.7294895651862134,0.1272659076500349,3.709492354248141,3.566389187501045,3.9675244585014298,8.719157375164892,0.050774816755509676,8.712394333502743,8.653984833494178,8.811007145995973,39.20663359192496,0.0
OUTPUT_LOAD,ttft_late_minus_early,3.267045929811502,0.09591321149897737,3.2563570102483936,3.14289864550301,3.471663021002314,7.643283753831686,0.051737206450199046,7.63589822974609,7.578394895994279,7.736616458496428,45.62705966807131,0.0
OUTPUT_LOAD,ttft_normalized_slope,4.219097030147779,0.13241154136235378,4.201053400302616,4.067931184279638,4.498097656511668,9.911090651326232,0.06393782161086485,9.900520444549525,9.829853206866126,10.025810361496195,42.98714117073752,0.0
OUTPUT_LOAD,total_latency_early_median,0.8068930780627852,0.05103236998816251,0.7879407187501783,0.7522032914966985,0.9012050204983098,1.693471204833865,0.006638787727187381,1.6932832707534544,1.6834920835026423,1.7016411664881161,17.372858187396172,0.0
OUTPUT_LOAD,total_latency_late_median,4.076079091124029,0.12766493761303016,4.0498713437500555,3.901169458498771,4.302562729000783,9.337369204831097,0.05578335483797448,9.333322343754844,9.26476072899095,9.436631728996872,41.21170786653071,0.0
OUTPUT_LOAD,total_latency_late_minus_early,3.269186013061244,0.10080867299458582,3.272062697997171,3.1489661670020723,3.4684704994979256,7.643897999997232,0.051374500299820214,7.6348127295095765,7.581268645488308,7.737441874494834,43.39618662742384,0.0
OUTPUT_LOAD,total_latency_normalized_slope,4.214075036312461,0.1328618643316766,4.208675405235007,4.07395151923839,4.485927652693125,9.909760622169442,0.07126116724796193,9.895406531096558,9.822128877609243,10.039330220452324,42.869228235713,0.0
OUTPUT_LOAD,post_first_token_duration_early_median,0.3444076798136848,0.010522509629986262,0.3443381355027668,0.3291453335004917,0.3637733124960505,0.611039506832943,0.002615545395247198,0.6119647707491822,0.6075648749974789,0.6134089580009459,25.339185840175492,0.0
OUTPUT_LOAD,post_first_token_duration_late_median,0.346436312563128,0.01734027430558943,0.3367381145017134,0.3323298124996654,0.37321572950168047,0.616250510498503,0.0067534767820355305,0.6152057499966759,0.6074322709973785,0.628022916498594,15.559972880498412,0.0
OUTPUT_LOAD,post_first_token_duration_late_minus_early,0.0020286327494432044,0.02249048283954917,0.002750239249508013,-0.031051041994942352,0.03703225050048786,0.005211003665560081,0.0051539918982730516,0.004612427004758501,-0.0001326040001004003,0.014613958497648127,0.14149855913812245,0.2165959071197728
OUTPUT_LOAD,post_first_token_duration_normalized_slope,-0.005021993835317892,0.02583813513233051,-0.0038860472765454134,-0.05162726575797997,0.03125699840128622,-0.0013300291567891062,0.007729703788242136,-0.0028031759580122387,-0.007724329256882079,0.013519858956129704,0.1428882022491297,0.25631147755851497
OUTPUT_LOAD,prefill_proxy_early_median,0.45962759374924644,0.05546387809546252,0.4269013854973309,0.41591760399751365,0.5635642499983078,1.0736366076671402,0.007456499069725296,1.0718471977525041,1.0653361250006128,1.0876868545019533,11.070430611813377,0.0
OUTPUT_LOAD,prefill_proxy_late_median,2.302420718749545,0.08310500013108273,2.3118430100003025,2.189690604500356,2.458857874997193,4.121534538167907,0.03475016348303475,4.1128276977506175,4.089757875000942,4.189577354001813,21.889342597305188,0.0
OUTPUT_LOAD,prefill_proxy_late_minus_early,1.8427931250002985,0.09123280667803498,1.8602701975014497,1.6767942500009667,1.9700328954968427,3.047897930500767,0.036712863686095436,3.0405130732506223,3.0159965830025612,3.117732437502127,13.209116866845303,0.0
OUTPUT_LOAD,prefill_proxy_normalized_slope,2.4250830990855685,0.11926394103172487,2.4274493334925453,2.235411860076703,2.6041557267112845,3.8277372942290135,0.043739516450931167,3.817470792581192,3.793925056832672,3.9114415269831646,11.760924408579884,0.0
OUTPUT_LOAD,dependency_duration_early_median,0.0009937449376593577,8.034024069057886e-05,0.0009787607486941852,0.0008945000008679926,0.0011188335010956507,0.0007657881639412759,4.935510831035586e-05,0.000768447745940648,0.0006994374925852753,0.0008210000014514662,-2.8373922178803386,0.0
OUTPUT_LOAD,dependency_duration_late_median,0.0009426667502339114,2.635395108544673e-05,0.000940698002523277,0.0009110209975915495,0.000991354500001762,0.0008173438315376794,6.735392987867934e-05,0.0008285832482215483,0.0007226454908959568,0.0008936669983086176,-4.755374945104086,0.0
OUTPUT_LOAD,dependency_duration_late_minus_early,-5.107818742544623e-05,8.415304968772021e-05,-1.348974728898611e-05,-0.00018750050367088988,2.9854505555704236e-05,5.155566759640351e-05,7.36491691720591e-05,5.8854253438767046e-05,-6.674949690932408e-05,0.00015489599900320172,1.219609454472644,0.28214073949517043
OUTPUT_LOAD,dependency_duration_normalized_slope,-0.00017252927154802925,0.00012041613494813626,-0.0001701860957393552,-0.00034032680518199774,-1.8188113351310484e-05,-2.004197955191157e-06,6.234702026753992e-05,-2.7390749200116615e-05,-5.2382254748741464e-05,0.0001057416214479883,1.4161314317743543,0.07665671757081124
OUTPUT_LOAD,scheduler_slip_early_median,0.0019034581255255034,0.0003388254288993713,0.002043593500275165,0.001086770003894344,0.002107750504364958,0.0018552883302618284,0.0003907694193612023,0.0020181979998596944,0.0010839374881470576,0.00208800048858393,-0.14216700151505193,0.9779427188650742
OUTPUT_LOAD,scheduler_slip_late_median,0.0017832732510214555,0.0004057084201191003,0.0019454900011623977,0.0010907910036621615,0.002109062003000872,0.0019184412509882047,0.00041109410806963476,0.002082375005556969,0.0010795005000545643,0.002100687997881323,0.3331653800211224,0.9809001126490529
OUTPUT_LOAD,scheduler_slip_late_minus_early,-0.00012018487450404791,0.0002992351683083958,-1.8802251361194067e-05,-0.0008440209967375267,5.2562496421160176e-05,6.315292072637628e-05,0.00011193065817322567,3.540044417604804e-07,-1.0916497558355331e-05,0.0002637919897097163,0.6126879947529222,0.05730118238015307
OUTPUT_LOAD,scheduler_slip_normalized_slope,-3.7024187959781143e-06,0.000263578821751883,1.0937034263716354e-05,-0.00035713000524549354,0.0004505371990689582,0.0001237054234768105,0.00026447439386087474,0.00011420727755537927,-0.00023932511987102156,0.00042811727049056354,0.4833766287669446,0.8263829294989271
OUTPUT_LOAD,gateway_span_duration_late_minus_early,1.8458227004994114,0.09788208938956272,1.8616762292494968,1.6608195210028498,1.9664616044938157,3.04789714566626,0.03715595580372145,3.036640458249167,3.020471666000958,3.121446687502612,12.28084170110724,0.0
OUTPUT_LOAD,gateway_span_duration_normalized_slope,2.4198777351211245,0.1368151708121413,2.425429783206056,2.1833999716683588,2.59179158161284,3.8264062342470164,0.050950935397742696,3.8120385883143797,3.786129928709923,3.9248839740901036,10.280500991057295,0.0
OUTPUT_LOAD,llama_span_duration_late_minus_early,1.8458966406860782,0.09785579081596926,1.8618352709981991,1.6608498335044715,1.9666960004942666,3.04791389216795,0.0373191867282537,3.036657989498053,3.020426207505807,3.1217769795039203,12.283557686866217,0.0
OUTPUT_LOAD,llama_span_duration_normalized_slope,2.420049653041514,0.1367903064716422,2.425701142728584,2.1837369714887283,2.591939422647156,3.826405355173403,0.050975413469031075,3.812067769396916,3.7861716959633123,3.924932766396168,10.281106449772,0.0
OUTPUT_LOAD,dependency_span_duration_late_minus_early,-5.107818742544623e-05,8.415304968772021e-05,-1.348974728898611e-05,-0.00018750050367088988,2.9854505555704236e-05,5.155566759640351e-05,7.36491691720591e-05,5.8854253438767046e-05,-6.674949690932408e-05,0.00015489599900320172,1.219609454472644,0.28214073949517043
OUTPUT_LOAD,dependency_span_duration_normalized_slope,-0.00017252927154802925,0.00012041613494813626,-0.0001701860957393552,-0.00034032680518199774,-1.8188113351310484e-05,-2.004197955191157e-06,6.234702026753992e-05,-2.7390749200116615e-05,-5.2382254748741464e-05,0.0001057416214479883,1.4161314317743543,0.07665671757081124
OUTPUT_DOWNSTREAM,ttft_p95,0.1538600007076638,0.0019951654935697074,0.15368113405384065,0.1513362559540837,0.1567408521001198,0.15443970387896114,0.0009876438039092693,0.15448921442039135,0.15281381315435283,0.15567412260934357,0.2905539280654518,0.5292364827460039
OUTPUT_DOWNSTREAM,total_latency_p95,0.575513614181682,0.012706530260491226,0.5701111882286569,0.5618128464964683,0.5912737125021521,0.5647141610585095,0.005228088299390569,0.5665389809295447,0.5546621931542176,0.5688886166433803,-0.849913619357724,0.1932662253010583
OUTPUT_DOWNSTREAM,post_first_token_duration_p95,0.4253927144513454,0.010277978342275975,0.41889459495159825,0.4174446482487837,0.4406795389517356,0.4114591358173736,0.003891198483937711,0.41226671860385977,0.40408362470261633,0.4151093089400092,-1.3556730876401462,0.0
OUTPUT_DOWNSTREAM,ttft_median,0.14730514337543354,0.0012305105688189429,0.1472874587525439,0.1457189789980475,0.149079917002382,0.15157144099915362,0.0008110126408174585,0.15191137500005425,0.15012499949807534,0.1522799375015893,3.4670954738852147,0.0
OUTPUT_DOWNSTREAM,total_latency_median,0.5284861302502577,0.01108451174449399,0.5259592917500413,0.5161284375026298,0.5439992704996257,0.5534988682472127,0.0017365001154676914,0.5542522292525973,0.550580020993948,0.5550079374952475,2.2565484681253194,0.0
OUTPUT_DOWNSTREAM,post_first_token_duration_median,0.38145624475009754,0.010514694976679962,0.38091864600392,0.3673646874995029,0.3954547290013579,0.402231638666611,0.0015706250918182522,0.4025618747509725,0.4001513750044978,0.4041808960027993,1.975843708504165,0.0
OUTPUT_DOWNSTREAM,scheduler_slip_p95,0.00179423845720515,0.0005183196319772542,0.0021458958530273997,0.0011587809014599,0.0021969125009491,0.001941010863811243,0.000406512713252284,0.0021061960029328474,0.0011112395419331732,0.002110415246716002,0.28316968440148527,0.8765386826237986
OUTPUT_DOWNSTREAM,successful_requests_per_second,1.9975697417337008,0.003405941481521391,1.9970270079924106,1.9933002479737605,2.001997684981154,1.995090490517678,0.000812771825633713,1.995100289696299,1.9938667412873385,1.9962028935208804,-0.7279194987564263,0.2686023746485338
OUTPUT_DOWNSTREAM,host_cpu_median,6.425,0.5119988839273549,6.4,5.9,7.0,4.766666666666667,0.7659416862050705,4.85,3.9,6.0,-3.2389393520018417,0.03225806451612891
OUTPUT_DOWNSTREAM,host_cpu_p95,11.701249999999998,2.044417049290226,10.875,10.7,16.689999999999987,14.181666666666667,2.274154055174508,13.460000000000003,12.340000000000009,18.4,1.213263540101963,0.5649350649350622
OUTPUT_DOWNSTREAM,dependency_duration_median,0.1032500313758646,0.0005314466757220515,0.10356993725145,0.1025371045034262,0.1036898960010148,0.10287587833227008,0.0004507582756298309,0.10302516649971949,0.10196245800034376,0.10315199999604374,-0.7040274418617349,0.35595806759992804
OUTPUT_DOWNSTREAM,dependency_duration_p95,0.10369131227621434,0.0005744754649745913,0.1040178354014642,0.1029163294948375,0.1042790812498424,0.10331074568639449,0.0005253842755517016,0.10353354629223759,0.10224762289362843,0.10358110240413226,-0.6624592572228942,0.3272392501974269
OUTPUT_DOWNSTREAM,gateway_span_duration_median,0.5275164662498355,0.011135016687437877,0.5248541562523314,0.5152776669965533,0.5430108125001425,0.5529836214154784,0.0016781069806238366,0.5537043332442408,0.5501243744947715,0.5543866250081919,2.287123215035145,0.0
OUTPUT_DOWNSTREAM,gateway_span_duration_p95,0.5745023765454789,0.01261241628374998,0.5691126652231104,0.5611242913564638,0.5900671812494693,0.5641132298265196,0.005271737006667733,0.5659665430499445,0.5540225566015579,0.568379710103909,-0.8237237405765637,0.20128989601964337
OUTPUT_DOWNSTREAM,dependency_span_duration_median,0.1032500313758646,0.0005314466757220515,0.10356993725145,0.1025371045034262,0.1036898960010148,0.10287587833227008,0.0004507582756298309,0.10302516649971949,0.10196245800034376,0.10315199999604374,-0.7040274418617349,0.35595806759992804
OUTPUT_DOWNSTREAM,dependency_span_duration_p95,0.10369131227621434,0.0005744754649745913,0.1040178354014642,0.1029163294948375,0.1042790812498424,0.10331074568639449,0.0005253842755517016,0.10353354629223759,0.10224762289362843,0.10358110240413226,-0.6624592572228942,0.3272392501974269
OUTPUT_DOWNSTREAM,llama_span_duration_median,0.42407016662491515,0.010814893658746801,0.42155251025178586,0.4112003125010233,0.4392007084970828,0.45034695475017844,0.0013882205732685456,0.45090778149460675,0.44815187450149097,0.4514878955014865,2.4296852982933697,0.0
OUTPUT_DOWNSTREAM,llama_span_duration_p95,0.47129866961954575,0.012174291028997036,0.4652645084968753,0.4588076889562217,0.4870334524021018,0.4608987821508587,0.004790329208012547,0.4625992375309579,0.4518571996995888,0.4650179250005748,-0.8542499471974436,0.17654626537037185
OUTPUT_DOWNSTREAM,dependency_fraction_of_gateway_median,0.19578192375481873,0.00334043705573088,0.19619570881098236,0.1909488933142343,0.2002861131763808,0.18568159340414003,0.00036984200752226195,0.1855655045796887,0.18528176584240685,0.18618438382584535,-3.0236553427493846,0.0
OUTPUT_DOWNSTREAM,llama_fraction_of_gateway_median,0.8041392690584401,0.0033460820449202743,0.8037307413362849,0.7996253435128978,0.8089705332171553,0.8142692016953256,0.0003705399174666403,0.8143880844394054,0.8137596492909662,0.814664141387619,3.027401151822864,0.0
OUTPUT_DOWNSTREAM,ttft_early_median,0.14764117206414085,0.0017485060729765553,0.14724132300216297,0.14535006250298466,0.15089668750079,0.1516078264976386,0.0015282717305426803,0.1514012814986927,0.14976616699277656,0.15402439549507108,2.26859631476438,0.13032938775175046
OUTPUT_DOWNSTREAM,ttft_late_median,0.1473022916247828,0.0011216070965683732,0.14741194800080848,0.14583479149951017,0.14895204149797792,0.15165157999945222,0.0007426466634526616,0.15186215599896968,0.15049116650334327,0.15240287550113862,3.8777290086486897,0.0
OUTPUT_DOWNSTREAM,ttft_late_minus_early,-0.0003388804393580358,0.0014827966974184674,1.1833248208859004e-05,-0.00298193749767961,0.0016039994989114348,4.375350181362592e-05,0.0010895910788741691,0.0003246455016778782,-0.0018071864906232804,0.0011607914930209517,0.2580488220926194,0.64719118161686
OUTPUT_DOWNSTREAM,ttft_normalized_slope,0.0006674774543303742,0.0015898467237199184,0.0002809932295837182,-0.0007705100080784623,0.0032323515013291753,-0.003594583798834852,0.0032121977411934495,-0.0026837653872129655,-0.009847848926668719,-0.0010520564127790102,-2.680800098259075,0.0
OUTPUT_DOWNSTREAM,total_latency_early_median,0.5232610781245057,0.02417611152852348,0.5269422604997089,0.47014806250081165,0.5453929165014415,0.5515941629976927,0.002575318025898467,0.5515053539966175,0.5476958954968723,0.5553657915006625,1.171945490066052,0.0
OUTPUT_DOWNSTREAM,total_latency_late_median,0.5255031901256189,0.017734031032999153,0.5243937917512085,0.4976333335034724,0.5553959165008564,0.5535643575822178,0.0030439177359707897,0.5525094272452407,0.5516598329995759,0.559680437494535,1.5823344057751578,0.06021366447366618
OUTPUT_DOWNSTREAM,total_latency_late_minus_early,0.002242112001113128,0.02569004608190481,-0.007113104249583557,-0.021118207998370053,0.05414441700122552,0.0019701945845251125,0.003968739948394859,0.0009243540043826215,-0.0022633124972344376,0.008756604496738873,-0.010584543745896381,0.14641951425468522
OUTPUT_DOWNSTREAM,total_latency_normalized_slope,0.021799043245594354,0.01903309792773135,0.020091620205888887,-0.006320778803558404,0.05670553752149797,-0.0039060019338471546,0.010008473380065714,-0.0007480580104417712,-0.02295352116554746,0.0050936437863572616,-1.350544471375261,0.14329095495289776
OUTPUT_DOWNSTREAM,post_first_token_duration_early_median,0.3761539193119461,0.02311923194717051,0.38130157299929124,0.3265956040013407,0.3959804999976768,0.40025180908439023,0.0025530661023318376,0.3995079585001804,0.3977642085010302,0.4047291460010456,1.0423308969566965,0.0
OUTPUT_DOWNSTREAM,post_first_token_duration_late_median,0.378324007750507,0.01779084979620453,0.3784235000002809,0.34515983350138413,0.40481739550159546,0.4025253470814884,0.0030839284396540784,0.40209485399827827,0.3998174164953525,0.4081635210022796,1.3603250889198373,0.0793601010444329
OUTPUT_DOWNSTREAM,post_first_token_duration_late_minus_early,0.0021700884385609243,0.026261581924289745,-0.007425729252645397,-0.0258906039998692,0.05237279200082412,0.002273537997098174,0.0031346137347267765,0.0016398849911638536,-0.0015743129988550209,0.007881229001213796,0.003939197525704557,0.12081691420578086
OUTPUT_DOWNSTREAM,post_first_token_duration_normalized_slope,0.021131565791263997,0.01863073450616744,0.01886069945926338,-0.005572729665561377,0.05562676981155565,-0.0003114181350123016,0.006821003639900276,0.0019357073767711935,-0.013105672238878735,0.006145700199136272,-1.1509467820057175,0.17049343097832778
OUTPUT_DOWNSTREAM,prefill_proxy_early_median,0.0429832708127833,0.0015354833566322652,0.042849864748859545,0.04097606199866277,0.04566637449897826,0.047650454836305776,0.0009950188030278292,0.04733867675167858,0.04661029150156537,0.049149771002703346,3.0395536385095596,0.0
OUTPUT_DOWNSTREAM,prefill_proxy_late_median,0.04286321874951682,0.0005588726046323602,0.042935093501000665,0.0420264375024999,0.04359958349596127,0.04799855899909744,0.0004883469444497093,0.047859177000646014,0.04754068699548952,0.048624187998939306,9.188749291010197,0.0
OUTPUT_DOWNSTREAM,prefill_proxy_late_minus_early,-0.00012005206326648477,0.0014701313959434477,-0.0003494377488095779,-0.0026182914989476558,0.002074605003144825,0.0003481041627916663,0.0007778723754416837,0.0005852602480445057,-0.0005961040078545921,0.0011684799974318594,0.31844515894969694,0.37601170290025665
OUTPUT_DOWNSTREAM,prefill_proxy_normalized_slope,0.0008410471480767796,0.0017655190626421353,0.00024385717012878242,-0.001090898802360239,0.0036743737718341377,-0.003474568423127227,0.0029768560149976376,-0.0025252708580831874,-0.009289881745129739,-0.0013928661600469388,-2.444389110557436,0.0
OUTPUT_DOWNSTREAM,dependency_duration_early_median,0.10327196375010317,0.000566854787616055,0.10348119825175672,0.10238687500168453,0.1038479169983475,0.10282790641698132,0.0004256582659221851,0.10291073975167819,0.10203804149932694,0.10320243799651507,-0.7833705259672578,0.4506182857726375
OUTPUT_DOWNSTREAM,dependency_duration_late_median,0.1032529530634747,0.0005204849465799078,0.10357583300174156,0.10257250050199218,0.10370937500192667,0.1028317255853229,0.0004432906052941853,0.1030239480023738,0.10197133300243877,0.10313027050142409,-0.8092980996274344,0.32091859667157224
OUTPUT_DOWNSTREAM,dependency_duration_late_minus_early,-1.901068662846228e-05,0.00014243354710745978,-4.479174822336063e-05,-0.00017254199337912723,0.00019997850176878273,3.819168341578916e-06,0.0001856380536184359,-6.791700070607476e-05,-0.00011475049541331828,0.00037927050288999453,0.16028425489408815,0.5703549653370048
OUTPUT_DOWNSTREAM,dependency_duration_normalized_slope,-6.669280555413972e-06,0.0002320682307905226,-7.436505610962087e-05,-0.00035024346155014524,0.0003541333323415564,-5.77550790739024e-05,0.0002933826380634134,-4.592956507489051e-05,-0.0005521815681365805,0.00034867327365024783,-0.22013266677850982,0.7711632400964294
OUTPUT_DOWNSTREAM,scheduler_slip_early_median,0.001498492063547019,0.0005264841847922389,0.0013534690006054007,0.0007656665038666688,0.0021099160039739218,0.0018585381658340339,0.00040081580920232153,0.002065968747047009,0.0010852289997274056,0.002093832998070866,0.6838687897701927,0.750310115988875
OUTPUT_DOWNSTREAM,scheduler_slip_late_median,0.001609554625247256,0.0004980568916308571,0.0018626875007612398,0.0008442499965894967,0.0021225625023362227,0.0017091318319823283,0.0005555991330661129,0.0020609167477232404,0.0009184159935102798,0.002074875003017951,0.19993139018519127,0.9046762855786393
OUTPUT_DOWNSTREAM,scheduler_slip_late_minus_early,0.00011106256170023698,0.0005410526269701403,-5.77810023969505e-05,-0.00031339600172941573,0.0013568959984695539,-0.00014940633385170562,0.0005194559846863952,-1.6990001313388348e-05,-0.001175417004560586,0.0003159795014653355,-0.4814113869302356,0.2485378002014944
OUTPUT_DOWNSTREAM,scheduler_slip_normalized_slope,-0.00011569132341874877,0.00017371017338036564,-0.00015354418250708787,-0.00034593497573329933,0.00022392657821644412,-2.6970752195466525e-05,0.0003637850873977804,2.31875590720958e-05,-0.0006541847526422341,0.00042561780006153426,0.5107390632154553,0.5277460703559557
OUTPUT_DOWNSTREAM,gateway_span_duration_late_minus_early,0.0024424557495876797,0.025685445621536625,-0.007020947998171323,-0.02082214549955097,0.05443791650031926,0.002010694415124211,0.003901549971311426,0.0009248124988516793,-0.0021709585053031333,0.008737625001231208,-0.016809571491391503,0.14494518362944148
OUTPUT_DOWNSTREAM,gateway_span_duration_normalized_slope,0.02197683745985252,0.01905575106758044,0.020263102247913355,-0.006340393055755527,0.05697155002181228,-0.0038456345912691622,0.010011200797370638,-0.0006776355132166016,-0.02294342398654851,0.0050790060362842495,-1.3551012478880178,0.1428943603340854
OUTPUT_DOWNSTREAM,llama_span_duration_late_minus_early,0.002675192373317259,0.02572845558999457,-0.007218552249469212,-0.019707521500095027,0.05500387499705539,0.0020451874976667264,0.0037456228474958223,0.001048166748660151,-0.002012146003835369,0.008520750496245455,-0.02448669619701279,0.14098112194278903
OUTPUT_DOWNSTREAM,llama_span_duration_normalized_slope,0.021987298041583288,0.01913816544872855,0.0203395446253877,-0.006652953605483524,0.05704355520057281,-0.003787260457110966,0.009758937015954221,-0.0005988462828454659,-0.02239026371100364,0.0047227163910730915,-1.3467622363149023,0.14320940567165355
OUTPUT_DOWNSTREAM,dependency_span_duration_late_minus_early,-1.901068662846228e-05,0.00014243354710745978,-4.479174822336063e-05,-0.00017254199337912723,0.00019997850176878273,3.819168341578916e-06,0.0001856380536184359,-6.791700070607476e-05,-0.00011475049541331828,0.00037927050288999453,0.16028425489408815,0.5703549653370048
OUTPUT_DOWNSTREAM,dependency_span_duration_normalized_slope,-6.669280555413972e-06,0.0002320682307905226,-7.436505610962087e-05,-0.00035024346155014524,0.0003541333323415564,-5.77550790739024e-05,0.0002933826380634134,-4.592956507489051e-05,-0.0005521815681365805,0.00034867327365024783,-0.22013266677850982,0.7711632400964294
LOAD_DOWNSTREAM,ttft_p95,1.249436310468445,0.03638894936784563,1.238031121122003,1.189024769403113,1.296677021151845,6.431940298608969,0.16735754410375236,6.433477281277009,6.197525155902985,6.62628551700327,142.4197202219842,0.0
LOAD_DOWNSTREAM,total_latency_p95,1.4267629093002143,0.04075440543570575,1.4206541865985853,1.3681324124983802,1.4832396443536708,6.823398319798918,0.17829310328489914,6.820765802975074,6.5756753621433734,7.03814477535925,132.41845520265161,0.0
LOAD_DOWNSTREAM,post_first_token_duration_p95,0.18901349014372495,0.0018392970378181288,0.18925386415066892,0.1864436020950961,0.192223938101597,0.3950390422401446,0.008784979753706889,0.39275697395351017,0.3852532246382907,0.4088418642546458,112.01320279448609,0.0
LOAD_DOWNSTREAM,ttft_median,0.7228941301859777,0.016403316420966856,0.7174911979982426,0.7023737290001009,0.7456424795018393,3.4634811594987696,0.06818499128397933,3.4605232604917546,3.3662966875053826,3.5510352909986977,167.07517912717643,0.0
LOAD_DOWNSTREAM,total_latency_median,0.906847492061388,0.017635662422468563,0.9022090519974881,0.8840598954993766,0.9290703334991122,3.8516962046669505,0.07776420209908819,3.849174416747701,3.740981520510104,3.9502934999982244,166.98259708428662,0.0
LOAD_DOWNSTREAM,post_first_token_duration_median,0.18356957287642214,0.001583600469999713,0.18341208350102528,0.1817440205013554,0.1858585000009043,0.3863788055823534,0.007430897786351452,0.38562829150032485,0.3769492710052873,0.3964343334955629,128.06843427241972,0.0
LOAD_DOWNSTREAM,scheduler_slip_p95,0.00187980530736235,0.00045551914231931664,0.00212147260099295,0.0011260065522947,0.0021457139511767,0.0019567514431400924,0.00040631965368948604,0.0021231435624940787,0.0011275555916654412,0.0021335222387278917,0.16891965370755713,0.986524809141706
LOAD_DOWNSTREAM,successful_requests_per_second,8.53254098483467,0.08198047839254262,8.534904951708429,8.427899856647606,8.650371475334952,3.8856791592532223,0.07061056150590218,3.8870462265456585,3.79912536207326,3.981555659208101,-56.682540974341904,0.0
LOAD_DOWNSTREAM,host_cpu_median,6.1,0.3023715784073818,6.0,5.8,6.7,4.433333333333334,0.44121045620731464,4.449999999999999,4.0,4.9,-5.511981898051228,0.0
LOAD_DOWNSTREAM,host_cpu_p95,10.386249999999997,0.5745541749913561,10.4,9.5,11.269999999999994,12.47333333333333,1.046760080757126,12.394999999999992,11.1,13.749999999999998,3.6325266165975236,0.039999999999998745
LOAD_DOWNSTREAM,dependency_duration_median,0.10272961706232304,0.0004255339998147052,0.10300066650052025,0.1020956874999683,0.1030781879999267,0.10273744433531344,0.00040561488179933466,0.10289033325170749,0.1019134585003485,0.10294377050013281,0.018394001404833472,0.728137306105536
LOAD_DOWNSTREAM,dependency_duration_p95,0.10331060456296651,0.0003569661488447613,0.1034099029735443,0.1026874916493398,0.1036507514516415,0.10317783629264643,0.00043318578768716494,0.10334025102347369,0.10230480383979738,0.10347146216154215,-0.3719351841897366,0.5824673303058362
LOAD_DOWNSTREAM,gateway_span_duration_median,0.9061606458740243,0.017681582196741333,0.9016165939974599,0.8834729790032725,0.9283522500008984,3.550555819250197,0.06463460107725327,3.5469887079998443,3.464941728998383,3.625962312500633,149.556478823684,0.0
LOAD_DOWNSTREAM,gateway_span_duration_p95,1.4260163909683796,0.04086229205340646,1.4198706437488,1.3675115319012547,1.4822632348008482,3.587348712681948,0.08142648394932873,3.5861572540019555,3.4787996728962756,3.6839521579975556,52.89307606359272,0.0
LOAD_DOWNSTREAM,dependency_span_duration_median,0.10272961706232304,0.0004255339998147052,0.10300066650052025,0.1020956874999683,0.1030781879999267,0.10273744433531344,0.00040561488179933466,0.10289033325170749,0.1019134585003485,0.10294377050013281,0.018394001404833472,0.728137306105536
LOAD_DOWNSTREAM,dependency_span_duration_p95,0.10331060456296651,0.0003569661488447613,0.1034099029735443,0.1026874916493398,0.1036507514516415,0.10317783629264643,0.00043318578768716494,0.10334025102347369,0.10230480383979738,0.10347146216154215,-0.3719351841897366,0.5824673303058362
LOAD_DOWNSTREAM,llama_span_duration_median,0.8035187603736631,0.017796314783634193,0.7991429377470922,0.78045852050127,0.8260101454980031,3.44811604150406,0.06483287377090906,3.4448181455045415,3.362773125001695,3.523488979008107,148.60364706306586,0.0
LOAD_DOWNSTREAM,llama_span_duration_p95,1.323148055768752,0.04059237511751664,1.3171412617493843,1.2643864812518586,1.3786677351003165,3.4844345206400855,0.08127145785828827,3.483116602223527,3.3766097086394438,3.5811985791464394,53.24365619440395,0.0
LOAD_DOWNSTREAM,dependency_fraction_of_gateway_median,0.11338340669461369,0.00237458055030467,0.11357803509775366,0.1104185459652409,0.1166866079187207,0.028972187112349612,0.0005703321034789944,0.029042239560217523,0.02828151248999495,0.029606497327018595,-35.547844258824455,0.0
LOAD_DOWNSTREAM,llama_fraction_of_gateway_median,0.8865793725085394,0.002375346480509065,0.886383812912544,0.8832749106744556,0.8895401506940169,0.9710189801267926,0.0005716347903150874,0.9709498804855294,0.9703825865633842,0.9717102856018398,35.548332974209636,0.0
LOAD_DOWNSTREAM,ttft_early_median,0.2698931926242949,0.004463539689335501,0.26966018724669993,0.26134291650305386,0.275280104498961,0.9080346634157953,0.010843558832619117,0.9112481982519967,0.8867722710056114,0.9164599999930942,142.96758071092725,0.0
LOAD_DOWNSTREAM,ttft_late_median,1.1808384036248754,0.03552528544499966,1.1743265622499166,1.1163463335033157,1.227233833498758,6.051842048499869,0.1561370014569054,6.048924562495813,5.839595645506051,6.243543687502097,137.11370883750658,0.0
LOAD_DOWNSTREAM,ttft_late_minus_early,0.9109452110005805,0.03447956355176178,0.9060572497473913,0.8483510210062377,0.9566808755007514,5.143807385084074,0.14934421952514512,5.133655697751237,4.95282337450044,5.330354958001408,122.76437802726217,0.0
LOAD_DOWNSTREAM,ttft_normalized_slope,1.1791536321055984,0.04235782021744194,1.1706882653299098,1.107455335810983,1.2369169486328817,6.677595186026643,0.19429306724731715,6.669068838336453,6.421244503136546,6.911251026573365,129.8093604839684,0.0
LOAD_DOWNSTREAM,total_latency_early_median,0.4514172031867929,0.004533442591807734,0.450702260248363,0.4457202080011484,0.4585293339987402,1.288146302083381,0.014913673459652624,1.289899479248561,1.2621238124993397,1.307347687499714,184.5681470431807,0.0
LOAD_DOWNSTREAM,total_latency_late_median,1.3658139114368169,0.03540580917463873,1.3563639789972513,1.3042025000031572,1.4115886459985632,6.439788183832813,0.1624446170672411,6.439486291244975,6.2147603955017985,6.630128833501658,143.30908940306034,0.0
LOAD_DOWNSTREAM,total_latency_late_minus_early,0.914396708250024,0.03603737500876825,0.9066140312443167,0.8521301665023202,0.9639880000031553,5.151641881749431,0.15009844876033032,5.146482176496647,4.952636583002459,5.322781146001944,117.57918473441651,0.0
LOAD_DOWNSTREAM,total_latency_normalized_slope,1.1761791457099622,0.045944585454772494,1.172114797796614,1.100105973073235,1.2384697815745218,6.671999224962769,0.20096096891841925,6.661676929570312,6.409836121931142,6.913570143878281,119.61844959212553,0.0
LOAD_DOWNSTREAM,post_first_token_duration_early_median,0.18178509649897023,0.0018656899331751426,0.1821673335016385,0.17780008349654963,0.18362956299824873,0.3805045868333157,0.004625833599069534,0.38115179174928926,0.37378522899962263,0.3872627085002023,106.51260255028164,0.0
LOAD_DOWNSTREAM,post_first_token_duration_late_median,0.18435798437485573,0.0036374876826336684,0.18517389574844856,0.17775962499945308,0.18842264600243652,0.3890327430817706,0.009353461708542753,0.3873738122456416,0.37671943749592174,0.40141941699403105,56.26816543849385,0.0
LOAD_DOWNSTREAM,post_first_token_duration_late_minus_early,0.002572887875885499,0.004376225167839258,0.004175197500444483,-0.005775166500825435,0.007142854497942608,0.008528156248454858,0.005561521953048137,0.007087072499416536,0.0029342084962991066,0.01625285500631435,1.3608231167661207,0.1910587385380654
LOAD_DOWNSTREAM,post_first_token_duration_normalized_slope,-0.0029744863956361217,0.006499022134702169,-0.0015047254373844379,-0.016727281733211658,0.0045489231592752985,-0.005595961063874889,0.0069779122476566,-0.007391908766143521,-0.012821315097190984,0.0031186301467220397,-0.4033644775944284,0.7491911891458487
LOAD_DOWNSTREAM,prefill_proxy_early_median,0.16653838018737588,0.004271300741047869,0.16621834399848012,0.1588375415012706,0.17234047900274163,0.8051566388336747,0.010839789597556342,0.8080412812487339,0.7840567710009054,0.8141331869992428,149.51376579716742,0.0
LOAD_DOWNSTREAM,prefill_proxy_late_median,1.0774591589374722,0.035575360182960494,1.0709275209992484,1.013086437502352,1.1240657915041083,3.08965152783397,0.07233187379941317,3.0904693019983824,2.9916340630006744,3.1712259790001553,56.561405381364935,0.0
LOAD_DOWNSTREAM,prefill_proxy_late_minus_early,0.9109207787500964,0.03446294503864879,0.9053385107472423,0.8493444165032997,0.9573979580054583,2.2844948890002947,0.06579012519299722,2.2778600419951545,2.207577291999769,2.360976791496796,39.856550527234134,0.0
LOAD_DOWNSTREAM,prefill_proxy_normalized_slope,1.1791236742909634,0.04215615894460466,1.1702898104717878,1.1079837382596982,1.2368004522859468,2.9197078740883424,0.08702791853219718,2.9140905755146376,2.815960915310509,3.0223472379821477,41.288965678410015,0.0
LOAD_DOWNSTREAM,dependency_duration_early_median,0.10259365887441163,0.000509708917430415,0.10277268725076283,0.10188312500031316,0.10309387500092271,0.10249949275142474,0.00048118789572891,0.10266797900112579,0.1017861454965896,0.10296068700699834,-0.18474490001393132,0.8239945670069573
LOAD_DOWNSTREAM,dependency_duration_late_median,0.10272763287593989,0.0004492001162238162,0.10298346874878916,0.10198035400026129,0.10309383350249846,0.10292869458377633,0.0004077397271631984,0.10307938549885876,0.10209929199481849,0.10313068750110688,0.4475994118760749,0.8645679769813698
LOAD_DOWNSTREAM,dependency_duration_late_minus_early,0.00013397400152825867,0.00023373752467501408,4.0812754377839155e-05,-7.216700032586232e-05,0.0005480629952216987,0.0004292018323515852,0.0003418092449344826,0.0003666357479232829,9.366749873152003e-05,0.0010789379957714118,1.26307417362192,0.3947472194376437
LOAD_DOWNSTREAM,dependency_duration_normalized_slope,0.00015558486902476288,0.0003087711197174147,3.20088548882589e-05,-0.00017392694269189392,0.0006616795216027101,0.0004797585890539667,0.00029142194985036474,0.0005520732897222355,-6.831336447758964e-05,0.000797171180140761,1.0498835523409231,0.7517189755767824
LOAD_DOWNSTREAM,scheduler_slip_early_median,0.0017134140625785221,0.0004511611385078893,0.0019425729988142848,0.0010818755035870709,0.0020924580021528527,0.0018167740818171296,0.0005128749075519559,0.0020708227457362227,0.0008001040041563101,0.0020942289993399754,0.2290977888309413,0.7809002239558456
LOAD_DOWNSTREAM,scheduler_slip_late_median,0.0015053930624162604,0.0005551680331344771,0.0016070315014076186,0.0004584995003824588,0.0020904584998788778,0.0019061872505214221,0.00040303467943495494,0.002065343505819328,0.0010840830072993413,0.0020991249912185594,0.7219331160734866,0.6134096405308589
LOAD_DOWNSTREAM,scheduler_slip_late_minus_early,-0.00020802100016226177,0.0002832532383072194,-0.000174073249581852,-0.0006328125018626451,0.00020318699534982443,8.941316870429243e-05,0.0001548696078893138,1.0406249202787876e-05,-3.4645505365915596e-05,0.00029120851831976324,1.050064495799176,0.25738862593059864
LOAD_DOWNSTREAM,scheduler_slip_normalized_slope,-3.268499657812245e-05,0.00022916501879114917,-8.216421659354512e-05,-0.0002824186868809464,0.00040932547763520834,-0.00010822762008657026,0.00023364819493571656,-0.0001301255186351738,-0.00040978363520968367,0.00017174528388195758,-0.3296429093189568,0.5544608937208897
LOAD_DOWNSTREAM,gateway_span_duration_late_minus_early,0.9144641356233478,0.036020905154165984,0.9066172397469927,0.8522715834988048,0.9639951039971493,2.293521076249211,0.07016957491761715,2.288110760244308,2.2070263130081003,2.376558436997584,38.28490524387528,0.0
LOAD_DOWNSTREAM,gateway_span_duration_normalized_slope,1.1763154206137094,0.04587740299883749,1.1722128606657678,1.1003574912434617,1.2384069550052181,2.914622307195328,0.09404627836481871,2.9073214797802542,2.805051017130308,3.025984585505045,37.890263462072305,0.0
LOAD_DOWNSTREAM,llama_span_duration_late_minus_early,0.9143915341237516,0.036056388433884874,0.9061583752481965,0.8530486665040371,0.9648249999991094,2.293048833416833,0.06986512199985198,2.2876329062455625,2.2067345840041526,2.3756100835016696,38.23614508205859,0.0
LOAD_DOWNSTREAM,llama_span_duration_normalized_slope,1.1761637549254482,0.045773965579532616,1.1717890311993444,1.1005203912867372,1.2384165851858215,2.914137431514769,0.09384044410369671,2.9067633304446114,2.804593304154679,3.0253921605499845,37.9686062718245,0.0
LOAD_DOWNSTREAM,dependency_span_duration_late_minus_early,0.00013397400152825867,0.00023373752467501408,4.0812754377839155e-05,-7.216700032586232e-05,0.0005480629952216987,0.0004292018323515852,0.0003418092449344826,0.0003666357479232829,9.366749873152003e-05,0.0010789379957714118,1.26307417362192,0.3947472194376437
LOAD_DOWNSTREAM,dependency_span_duration_normalized_slope,0.00015558486902476288,0.0003087711197174147,3.20088548882589e-05,-0.00017392694269189392,0.0006616795216027101,0.0004797585890539667,0.00029142194985036474,0.0005520732897222355,-6.831336447758964e-05,0.000797171180140761,1.0498835523409231,0.7517189755767824
