method,run_id,condition_id,repetition,input_score,output_score,load_score,downstream_score,cause,S_raw,M_raw,T_raw,X_raw,S_norm,M_norm,T_norm,X_norm,E,tau,margin
M2/F2,phase7d-qwen15b-r01-input-load-a01,INPUT_LOAD,1,1.2950224912491019e-14,0.1325608414489277,1.0,0.0074683016003069605,,,,,,,,,,,,
M2/F2,phase7d-qwen15b-r01-output-downstream-a01,OUTPUT_DOWNSTREAM,1,0.00019437426598992047,0.9693546440151717,0.06765549142073675,0.9593868306531276,,,,,,,,,,,,
M2/F2,phase7d-qwen15b-r01-baseline-a01,BASELINE,1,0.008666873821372984,0.972697148892268,0.17504452474939433,0.015055721085892622,,,,,,,,,,,,
M2/F2,phase7d-qwen15b-r01-output-load-a01,OUTPUT_LOAD,1,2.2102325584808035e-12,0.9670971962496419,1.0,0.007246037723898682,,,,,,,,,,,,
M2/F2,phase7d-qwen15b-r01-input-downstream-a01,INPUT_DOWNSTREAM,1,2.0269918997588112e-14,0.9761348547196321,1.0,0.6316778981073544,,,,,,,,,,,,
M2/F2,phase7d-qwen15b-r01-load-medium-a01,LOAD_MEDIUM,1,1.7304930470749504e-07,0.38709713495409714,1.0,0.009979505816067056,,,,,,,,,,,,
M2/F2,phase7d-qwen15b-r01-output-control-a01,OUTPUT_CONTROL,1,0.6770802363677716,0.1831597316070566,0.022936773359139826,0.020919345627231238,,,,,,,,,,,,
M2/F2,phase7d-qwen15b-r01-load-downstream-a01,LOAD_DOWNSTREAM,1,1.3922055810799199e-08,0.20034839024169399,1.0,0.8479723344253067,,,,,,,,,,,,
M2/F2,phase7d-qwen15b-r01-output-medium-a01,OUTPUT_MEDIUM,1,0.009575044357756272,0.9899447928513587,0.03590565191457502,0.016907078411901318,,,,,,,,,,,,
M2/F2,phase7d-qwen15b-r01-downstream-medium-a01,DOWNSTREAM_MEDIUM,1,0.0003463213818465542,0.9419647956198892,0.2675869793122099,0.9569557836883784,,,,,,,,,,,,
M2/F2,phase7d-qwen15b-r01-input-medium-a01,INPUT_MEDIUM,1,3.5705964531254205e-13,0.9894235773587478,1.0,0.0042335996285842925,,,,,,,,,,,,
M2/F2,phase7d-qwen15b-r02-downstream-medium-a01,DOWNSTREAM_MEDIUM,2,0.0003470858003576612,0.9440517068269929,0.31335088274329514,0.9569529352887077,,,,,,,,,,,,
M2/F2,phase7d-qwen15b-r02-input-load-a01,INPUT_LOAD,2,4.9385175307271366e-15,0.1384511397006184,1.0,0.007317958398124528,,,,,,,,,,,,
M2/F2,phase7d-qwen15b-r02-output-load-a01,OUTPUT_LOAD,2,9.180767257547769e-13,0.9655970453709991,1.0,0.006791812591713829,,,,,,,,,,,,
M2/F2,phase7d-qwen15b-r02-input-downstream-a01,INPUT_DOWNSTREAM,2,2.8763280005477297e-15,0.9767500963856139,1.0,0.6464501392907269,,,,,,,,,,,,
M2/F2,phase7d-qwen15b-r02-load-medium-a01,LOAD_MEDIUM,2,7.54010534786175e-08,0.3421252863052089,1.0,0.009303251770438625,,,,,,,,,,,,
M2/F2,phase7d-qwen15b-r02-output-medium-a01,OUTPUT_MEDIUM,2,0.004047203288102231,0.986445510296651,0.10992212925291753,0.011243569759962756,,,,,,,,,,,,
M2/F2,phase7d-qwen15b-r02-input-medium-a01,INPUT_MEDIUM,2,2.880116762325316e-14,0.9876237724307351,1.0,0.0031971116659105683,,,,,,,,,,,,
M2/F2,phase7d-qwen15b-r02-load-downstream-a01,LOAD_DOWNSTREAM,2,1.8872056848057084e-09,0.1816565141495646,1.0,0.8454516365025446,,,,,,,,,,,,
M2/F2,phase7d-qwen15b-r02-baseline-a01,BASELINE,2,0.0028237204824994714,0.9676645356231883,0.3031501908791693,0.011709453579406384,,,,,,,,,,,,
M2/F2,phase7d-qwen15b-r02-output-downstream-a01,OUTPUT_DOWNSTREAM,2,7.919132490007087e-05,0.9721605239300941,0.07150340658297866,0.9637103187096963,,,,,,,,,,,,
M2/F2,phase7d-qwen15b-r02-output-control-a01,OUTPUT_CONTROL,2,0.42838296951327526,0.1752857263311888,0.019855830092635675,0.022545444727385462,,,,,,,,,,,,
M2/F2,phase7d-qwen15b-r03-output-control-a01,OUTPUT_CONTROL,3,0.4375686762039886,0.1660813556878007,0.02043235937789866,0.02190305619724622,,,,,,,,,,,,
M2/F2,phase7d-qwen15b-r03-downstream-medium-a01,DOWNSTREAM_MEDIUM,3,0.00012332442997144987,0.9367368657351969,0.28057307799162545,0.9599396701832741,,,,,,,,,,,,
M2/F2,phase7d-qwen15b-r03-input-downstream-a01,INPUT_DOWNSTREAM,3,1.2590739241789286e-14,0.9718393467933903,1.0,0.6476283519605751,,,,,,,,,,,,
M2/F2,phase7d-qwen15b-r03-output-load-a01,OUTPUT_LOAD,3,8.821457476969256e-13,0.9673733877312287,1.0,0.007516007697202378,,,,,,,,,,,,
M2/F2,phase7d-qwen15b-r03-output-medium-a01,OUTPUT_MEDIUM,3,0.0024220456665316283,0.9885490154648103,0.051389519112584936,0.014352391861390815,,,,,,,,,,,,
M2/F2,phase7d-qwen15b-r03-load-downstream-a01,LOAD_DOWNSTREAM,3,3.023532256983248e-09,0.16463847681830932,1.0,0.8393055634402102,,,,,,,,,,,,
M2/F2,phase7d-qwen15b-r03-baseline-a01,BASELINE,3,0.0052415782753090865,0.9699806761599424,0.27113072118651127,0.013543518762376866,,,,,,,,,,,,
M2/F2,phase7d-qwen15b-r03-input-medium-a01,INPUT_MEDIUM,3,1.3604524675884748e-13,0.9886649406094055,1.0,0.003913528645301633,,,,,,,,,,,,
M2/F2,phase7d-qwen15b-r03-output-downstream-a01,OUTPUT_DOWNSTREAM,3,9.227246161637978e-05,0.9731996959083441,0.061284261478315234,0.9670661840740133,,,,,,,,,,,,
M2/F2,phase7d-qwen15b-r03-load-medium-a01,LOAD_MEDIUM,3,1.1538677280272698e-07,0.34146692186134603,1.0,0.008894592153593242,,,,,,,,,,,,
M2/F2,phase7d-qwen15b-r03-input-load-a01,INPUT_LOAD,3,2.0756280863740522e-15,0.13318879353232682,1.0,0.008507021586283714,,,,,,,,,,,,
M2/F2,phase7d-qwen15b-r04-load-downstream-a01,LOAD_DOWNSTREAM,4,2.3433550579981803e-09,0.1746618885872224,1.0,0.8430914886117948,,,,,,,,,,,,
M2/F2,phase7d-qwen15b-r04-output-downstream-a01,OUTPUT_DOWNSTREAM,4,0.00010309612868176155,0.9724051144071589,0.06855081539284952,0.9653505986676126,,,,,,,,,,,,
M2/F2,phase7d-qwen15b-r04-input-medium-a01,INPUT_MEDIUM,4,1.7012007032904808e-13,0.9883183133062986,1.0,0.003972934532608054,,,,,,,,,,,,
M2/F2,phase7d-qwen15b-r04-output-medium-a01,OUTPUT_MEDIUM,4,0.0019313721848536797,0.9847045928570671,0.090233067243577,0.01093777189660144,,,,,,,,,,,,
M2/F2,phase7d-qwen15b-r04-output-control-a01,OUTPUT_CONTROL,4,0.335086566773443,0.16002369510062847,0.02648470935387746,0.019267098895674847,,,,,,,,,,,,
M2/F2,phase7d-qwen15b-r04-input-downstream-a01,INPUT_DOWNSTREAM,4,2.923021795109949e-15,0.9680339794472381,1.0,0.5902335218515011,,,,,,,,,,,,
M2/F2,phase7d-qwen15b-r04-load-medium-a01,LOAD_MEDIUM,4,5.977130658096882e-08,0.35604713666494586,1.0,0.009819448770423081,,,,,,,,,,,,
M2/F2,phase7d-qwen15b-r04-input-load-a01,INPUT_LOAD,4,2.519107795851421e-15,0.14456338646475994,1.0,0.00875938725900429,,,,,,,,,,,,
M2/F2,phase7d-qwen15b-r04-output-load-a01,OUTPUT_LOAD,4,6.563638673253167e-13,0.9696495626930186,1.0,0.007022512558132578,,,,,,,,,,,,
M2/F2,phase7d-qwen15b-r04-downstream-medium-a01,DOWNSTREAM_MEDIUM,4,3.695384360721251e-05,0.941720608992573,0.796784906688263,0.9475125614388478,,,,,,,,,,,,
M2/F2,phase7d-qwen15b-r04-baseline-a01,BASELINE,4,0.0035026415408390267,0.9719321751690095,0.23703169047782238,0.013637604179072678,,,,,,,,,,,,
M2/F2,phase7d-qwen15b-r05-baseline-a01,BASELINE,5,0.004430228492894956,0.9729121584196313,0.3082486990382592,0.013601742108626993,,,,,,,,,,,,
M2/F2,phase7d-qwen15b-r05-output-load-a01,OUTPUT_LOAD,5,2.0056221778098753e-12,0.9641152682435543,1.0,0.006934266928579144,,,,,,,,,,,,
M2/F2,phase7d-qwen15b-r05-input-load-a01,INPUT_LOAD,5,2.928401566476861e-16,0.14056127879904992,1.0,0.007464903909057485,,,,,,,,,,,,
M2/F2,phase7d-qwen15b-r05-load-downstream-a01,LOAD_DOWNSTREAM,5,1.2183891358497713e-09,0.18695648070739634,1.0,0.8298704867814262,,,,,,,,,,,,
M2/F2,phase7d-qwen15b-r05-input-downstream-a01,INPUT_DOWNSTREAM,5,1.2503017614032818e-14,0.974875969312336,1.0,0.6685563753663732,,,,,,,,,,,,
M2/F2,phase7d-qwen15b-r05-downstream-medium-a01,DOWNSTREAM_MEDIUM,5,0.00013596642085622076,0.9385720260197904,0.26653763961715476,0.9611282609128942,,,,,,,,,,,,
M2/F2,phase7d-qwen15b-r05-output-downstream-a01,OUTPUT_DOWNSTREAM,5,7.95811595578155e-05,0.973010614012378,0.0655990517851772,0.9651777749956525,,,,,,,,,,,,
M2/F2,phase7d-qwen15b-r05-output-control-a01,OUTPUT_CONTROL,5,0.38220452878508326,0.17812586104712763,0.01992429608079308,0.022266646930156637,,,,,,,,,,,,
M2/F2,phase7d-qwen15b-r05-input-medium-a01,INPUT_MEDIUM,5,1.2794387113344984e-13,0.9869038374913188,1.0,0.0036450354398162464,,,,,,,,,,,,
M2/F2,phase7d-qwen15b-r05-output-medium-a01,OUTPUT_MEDIUM,5,0.0023660790796245696,0.9879074930064418,0.05797704634407186,0.01353685404448009,,,,,,,,,,,,
M2/F2,phase7d-qwen15b-r05-load-medium-a01,LOAD_MEDIUM,5,8.87321633030681e-08,0.33012307710323474,1.0,0.008837998495705237,,,,,,,,,,,,
M2/F2,phase7d-qwen15b-r06-input-medium-a01,INPUT_MEDIUM,6,1.9687133873923487e-14,0.9898304293572648,1.0,0.0031974924899173564,,,,,,,,,,,,
M2/F2,phase7d-qwen15b-r06-load-medium-a01,LOAD_MEDIUM,6,1.660869440820721e-08,0.38400277522288834,1.0,0.008959826652976201,,,,,,,,,,,,
M2/F2,phase7d-qwen15b-r06-input-load-a01,INPUT_LOAD,6,1.571814205955414e-16,0.14784448432389888,1.0,0.0073547499150172085,,,,,,,,,,,,
M2/F2,phase7d-qwen15b-r06-output-control-a01,OUTPUT_CONTROL,6,0.5773820733643802,0.17460356374306568,0.028417191512374762,0.0217456531985428,,,,,,,,,,,,
M2/F2,phase7d-qwen15b-r06-baseline-a01,BASELINE,6,0.0007361864192552929,0.9791505301937492,0.848484924965127,0.013782319539009205,,,,,,,,,,,,
M2/F2,phase7d-qwen15b-r06-load-downstream-a01,LOAD_DOWNSTREAM,6,1.0679332886160253e-09,0.20721117618503307,1.0,0.8361190920887113,,,,,,,,,,,,
M2/F2,phase7d-qwen15b-r06-input-downstream-a01,INPUT_DOWNSTREAM,6,9.502935113366392e-15,0.9746521938106771,1.0,0.6621884785988965,,,,,,,,,,,,
M2/F2,phase7d-qwen15b-r06-downstream-medium-a01,DOWNSTREAM_MEDIUM,6,0.00015171256749067273,0.9322025384362214,0.28584542904879534,0.9596206799942575,,,,,,,,,,,,
M2/F2,phase7d-qwen15b-r06-output-medium-a01,OUTPUT_MEDIUM,6,0.0028418529943313882,0.9891702534086992,0.04598900325673607,0.015349828114660612,,,,,,,,,,,,
M2/F2,phase7d-qwen15b-r06-output-load-a01,OUTPUT_LOAD,6,7.456131882645257e-13,0.9661352031002691,1.0,0.006967714915374108,,,,,,,,,,,,
M2/F2,phase7d-qwen15b-r06-output-downstream-a01,OUTPUT_DOWNSTREAM,6,9.850962195591724e-05,0.9729604747471824,0.06665430897531474,0.9665545013652899,,,,,,,,,,,,
M2/F2T,phase7d-qwen15b-r01-input-load-a01,INPUT_LOAD,1,0.9999999999812166,0.1281334735402266,1.0,0.6817494526463888,,,,,,,,,,,,
M2/F2T,phase7d-qwen15b-r01-output-downstream-a01,OUTPUT_DOWNSTREAM,1,0.0024572208601530026,0.9938240713853957,0.03594468363740201,0.9883889647037299,,,,,,,,,,,,
M2/F2T,phase7d-qwen15b-r01-baseline-a01,BASELINE,1,0.706260411631743,0.9921734810738942,0.10149666233958643,0.023210299919281155,,,,,,,,,,,,
M2/F2T,phase7d-qwen15b-r01-output-load-a01,OUTPUT_LOAD,1,0.15424382416100835,0.9539985567655341,1.0,0.08819536255188089,,,,,,,,,,,,
M2/F2T,phase7d-qwen15b-r01-input-downstream-a01,INPUT_DOWNSTREAM,1,0.017941660487527294,0.6892731852478968,1.0,0.9864714371447448,,,,,,,,,,,,
M2/F2T,phase7d-qwen15b-r01-load-medium-a01,LOAD_MEDIUM,1,0.8683880009069636,0.1386833936492471,1.0,0.05503999308670265,,,,,,,,,,,,
M2/F2T,phase7d-qwen15b-r01-output-control-a01,OUTPUT_CONTROL,1,0.42054094360351507,0.20238723005418321,0.016276108871826764,0.018935831728066913,,,,,,,,,,,,
M2/F2T,phase7d-qwen15b-r01-load-downstream-a01,LOAD_DOWNSTREAM,1,0.8889364584812746,0.11847333066683657,1.0,0.9954630621514367,,,,,,,,,,,,
M2/F2T,phase7d-qwen15b-r01-output-medium-a01,OUTPUT_MEDIUM,1,0.0241821047051743,0.9968164698766989,0.020510151052506722,0.016777656464307605,,,,,,,,,,,,
M2/F2T,phase7d-qwen15b-r01-downstream-medium-a01,DOWNSTREAM_MEDIUM,1,0.4463536455247424,0.9885085433603972,0.14493252243245905,0.9923741244239611,,,,,,,,,,,,
M2/F2T,phase7d-qwen15b-r01-input-medium-a01,INPUT_MEDIUM,1,0.02634125124862948,0.7846625613217755,1.0,0.028563805228343248,,,,,,,,,,,,
M2/F2T,phase7d-qwen15b-r02-downstream-medium-a01,DOWNSTREAM_MEDIUM,2,0.34556712919530064,0.9874502353204899,0.2199678415143821,0.9918165964602782,,,,,,,,,,,,
M2/F2T,phase7d-qwen15b-r02-input-load-a01,INPUT_LOAD,2,0.9999999999352263,0.1445578961806341,1.0,0.6813213823365137,,,,,,,,,,,,
M2/F2T,phase7d-qwen15b-r02-output-load-a01,OUTPUT_LOAD,2,0.054777517930645246,0.969724745926811,1.0,0.08073893837946444,,,,,,,,,,,,
M2/F2T,phase7d-qwen15b-r02-input-downstream-a01,INPUT_DOWNSTREAM,2,0.030335522266506376,0.7853316456847553,1.0,0.987477593513589,,,,,,,,,,,,
M2/F2T,phase7d-qwen15b-r02-load-medium-a01,LOAD_MEDIUM,2,0.8570710155503726,0.1801895972233,1.0,0.054164938231356284,,,,,,,,,,,,
M2/F2T,phase7d-qwen15b-r02-output-medium-a01,OUTPUT_MEDIUM,2,0.016615799081525197,0.9969631976207278,0.03874609949257868,0.011613009980277563,,,,,,,,,,,,
M2/F2T,phase7d-qwen15b-r02-input-medium-a01,INPUT_MEDIUM,2,0.014571557128694734,0.8195421277014462,1.0,0.029075616024076715,,,,,,,,,,,,
M2/F2T,phase7d-qwen15b-r02-load-downstream-a01,LOAD_DOWNSTREAM,2,0.5314903891194076,0.18795833128427808,1.0,0.9963710342502892,,,,,,,,,,,,
M2/F2T,phase7d-qwen15b-r02-baseline-a01,BASELINE,2,0.6594003866494406,0.9930276280078718,0.16384931154161464,0.014432891519519398,,,,,,,,,,,,
M2/F2T,phase7d-qwen15b-r02-output-downstream-a01,OUTPUT_DOWNSTREAM,2,0.0025337127431195516,0.9943315862948179,0.032353303569274384,0.9900918070781326,,,,,,,,,,,,
M2/F2T,phase7d-qwen15b-r02-output-control-a01,OUTPUT_CONTROL,2,0.4469136976403636,0.22366118508518065,0.012145070935716326,0.021749799276214187,,,,,,,,,,,,
M2/F2T,phase7d-qwen15b-r03-output-control-a01,OUTPUT_CONTROL,3,0.31319769891236965,0.20252603956560336,0.013916539660869615,0.019196248934572776,,,,,,,,,,,,
M2/F2T,phase7d-qwen15b-r03-downstream-medium-a01,DOWNSTREAM_MEDIUM,3,0.2773421464323419,0.9913937056891379,0.1586146442356723,0.9919587513057072,,,,,,,,,,,,
M2/F2T,phase7d-qwen15b-r03-input-downstream-a01,INPUT_DOWNSTREAM,3,0.3567040594765253,0.738188328268715,1.0,0.9916191522122638,,,,,,,,,,,,
M2/F2T,phase7d-qwen15b-r03-output-load-a01,OUTPUT_LOAD,3,0.07999188296679718,0.9677344825904565,1.0,0.08406528961331765,,,,,,,,,,,,
M2/F2T,phase7d-qwen15b-r03-output-medium-a01,OUTPUT_MEDIUM,3,0.011522757941612631,0.9966602796057329,0.026621292214749067,0.013566612683794943,,,,,,,,,,,,
M2/F2T,phase7d-qwen15b-r03-load-downstream-a01,LOAD_DOWNSTREAM,3,0.7294945699221659,0.13120391789332592,1.0,0.9941179949070464,,,,,,,,,,,,
M2/F2T,phase7d-qwen15b-r03-baseline-a01,BASELINE,3,0.6503394720811511,0.9929925541927399,0.13748450264054557,0.018253434367603134,,,,,,,,,,,,
M2/F2T,phase7d-qwen15b-r03-input-medium-a01,INPUT_MEDIUM,3,0.06542420036744856,0.7839315932245923,1.0,0.03112561496795613,,,,,,,,,,,,
M2/F2T,phase7d-qwen15b-r03-output-downstream-a01,OUTPUT_DOWNSTREAM,3,0.0036562033156356264,0.9945456351991963,0.03194890368273585,0.9896196875022376,,,,,,,,,,,,
M2/F2T,phase7d-qwen15b-r03-load-medium-a01,LOAD_MEDIUM,3,0.8492142531546109,0.1470928815799766,1.0,0.051147629888977024,,,,,,,,,,,,
M2/F2T,phase7d-qwen15b-r03-input-load-a01,INPUT_LOAD,3,0.9999999999897251,0.14530701806214555,1.0,0.720381645530572,,,,,,,,,,,,
M2/F2T,phase7d-qwen15b-r04-load-downstream-a01,LOAD_DOWNSTREAM,4,0.8380735315200162,0.1317071353772042,1.0,0.9959213561979688,,,,,,,,,,,,
M2/F2T,phase7d-qwen15b-r04-output-downstream-a01,OUTPUT_DOWNSTREAM,4,0.0028673360545867304,0.9964023144237,0.020275686284672346,0.9914288140048245,,,,,,,,,,,,
M2/F2T,phase7d-qwen15b-r04-input-medium-a01,INPUT_MEDIUM,4,0.011998102210546539,0.7891740817710837,1.0,0.023428323470596615,,,,,,,,,,,,
M2/F2T,phase7d-qwen15b-r04-output-medium-a01,OUTPUT_MEDIUM,4,0.030432373869670588,0.9963556769051441,0.02710282086036288,0.014610708610410146,,,,,,,,,,,,
M2/F2T,phase7d-qwen15b-r04-output-control-a01,OUTPUT_CONTROL,4,0.26855377291046634,0.20968076789873483,0.019965193053888136,0.015030129424474539,,,,,,,,,,,,
M2/F2T,phase7d-qwen15b-r04-input-downstream-a01,INPUT_DOWNSTREAM,4,0.02710685241901345,0.7253148351729709,1.0,0.9898411558551014,,,,,,,,,,,,
M2/F2T,phase7d-qwen15b-r04-load-medium-a01,LOAD_MEDIUM,4,0.8721060471586458,0.16031250566363883,1.0,0.05644984916022309,,,,,,,,,,,,
M2/F2T,phase7d-qwen15b-r04-input-load-a01,INPUT_LOAD,4,0.9999999999935281,0.18208245121928088,1.0,0.7202931025329776,,,,,,,,,,,,
M2/F2T,phase7d-qwen15b-r04-output-load-a01,OUTPUT_LOAD,4,0.07124167329320324,0.97944371313108,1.0,0.07306262630949655,,,,,,,,,,,,
M2/F2T,phase7d-qwen15b-r04-downstream-medium-a01,DOWNSTREAM_MEDIUM,4,0.05479165998554942,0.989748207071486,0.9162433284921323,0.9859246238121897,,,,,,,,,,,,
M2/F2T,phase7d-qwen15b-r04-baseline-a01,BASELINE,4,0.7426469677682987,0.994166959805893,0.12616486585802056,0.014249747388610635,,,,,,,,,,,,
M2/F2T,phase7d-qwen15b-r05-baseline-a01,BASELINE,5,0.6789517241749233,0.9943397071790453,0.17330318594765137,0.019470066435243932,,,,,,,,,,,,
M2/F2T,phase7d-qwen15b-r05-output-load-a01,OUTPUT_LOAD,5,0.45078451320612595,0.9683420608179474,1.0,0.08530671454280365,,,,,,,,,,,,
M2/F2T,phase7d-qwen15b-r05-input-load-a01,INPUT_LOAD,5,0.9999999995267834,0.17884337468555697,1.0,0.7921739697635232,,,,,,,,,,,,
M2/F2T,phase7d-qwen15b-r05-load-downstream-a01,LOAD_DOWNSTREAM,5,0.6750263616309456,0.15730975925575708,1.0,0.9955216989660713,,,,,,,,,,,,
M2/F2T,phase7d-qwen15b-r05-input-downstream-a01,INPUT_DOWNSTREAM,5,0.043915403744795335,0.7461406876036913,1.0,0.9906637508911917,,,,,,,,,,,,
M2/F2T,phase7d-qwen15b-r05-downstream-medium-a01,DOWNSTREAM_MEDIUM,5,0.4221987391925944,0.987545251616861,0.2618281408847477,0.988220252975167,,,,,,,,,,,,
M2/F2T,phase7d-qwen15b-r05-output-downstream-a01,OUTPUT_DOWNSTREAM,5,0.0005875617404759832,0.9946238894009845,0.038076268140453354,0.9919368662357536,,,,,,,,,,,,
M2/F2T,phase7d-qwen15b-r05-output-control-a01,OUTPUT_CONTROL,5,0.33941613201840437,0.2566256033337645,0.013441776971620684,0.020598652589707434,,,,,,,,,,,,
M2/F2T,phase7d-qwen15b-r05-input-medium-a01,INPUT_MEDIUM,5,0.006858647638200493,0.7386372148585681,1.0,0.0238145710680198,,,,,,,,,,,,
M2/F2T,phase7d-qwen15b-r05-output-medium-a01,OUTPUT_MEDIUM,5,0.009823161998884685,0.9967311419067263,0.027679124698469237,0.012924366717558814,,,,,,,,,,,,
M2/F2T,phase7d-qwen15b-r05-load-medium-a01,LOAD_MEDIUM,5,0.920929385420357,0.1676992752163991,1.0,0.053715325000361185,,,,,,,,,,,,
M2/F2T,phase7d-qwen15b-r06-input-medium-a01,INPUT_MEDIUM,6,0.007274179748672823,0.8520634349414524,1.0,0.026570855030854323,,,,,,,,,,,,
M2/F2T,phase7d-qwen15b-r06-load-medium-a01,LOAD_MEDIUM,6,0.4966033344311132,0.26835261323637166,1.0,0.05624547469331567,,,,,,,,,,,,
M2/F2T,phase7d-qwen15b-r06-input-load-a01,INPUT_LOAD,6,0.9999999999274038,0.1973532908597908,1.0,0.7364839667928803,,,,,,,,,,,,
M2/F2T,phase7d-qwen15b-r06-output-control-a01,OUTPUT_CONTROL,6,0.5269985712265585,0.21174528268321596,0.016123376753503938,0.019264159346734627,,,,,,,,,,,,
M2/F2T,phase7d-qwen15b-r06-baseline-a01,BASELINE,6,0.09472880533989739,0.9949617685376081,0.9502157717055426,0.01654327882309889,,,,,,,,,,,,
M2/F2T,phase7d-qwen15b-r06-load-downstream-a01,LOAD_DOWNSTREAM,6,0.6952136014372612,0.19631709829783933,1.0,0.9962732216585898,,,,,,,,,,,,
M2/F2T,phase7d-qwen15b-r06-input-downstream-a01,INPUT_DOWNSTREAM,6,0.0011150756657245752,0.7344702376023029,1.0,0.9812330325116456,,,,,,,,,,,,
M2/F2T,phase7d-qwen15b-r06-downstream-medium-a01,DOWNSTREAM_MEDIUM,6,0.14576499843102417,0.9862031808672981,0.2287640650822661,0.9891464682507141,,,,,,,,,,,,
M2/F2T,phase7d-qwen15b-r06-output-medium-a01,OUTPUT_MEDIUM,6,0.014520272222436228,0.9976167542200722,0.02174120758290957,0.013899009242362472,,,,,,,,,,,,
M2/F2T,phase7d-qwen15b-r06-output-load-a01,OUTPUT_LOAD,6,0.07324439563657612,0.9659373978738744,1.0,0.08245484943905107,,,,,,,,,,,,
M2/F2T,phase7d-qwen15b-r06-output-downstream-a01,OUTPUT_DOWNSTREAM,6,0.0006404451907415377,0.9935607949175268,0.04749271823549578,0.9864435592248536,,,,,,,,,,,,
D4-FULL,phase7d-qwen15b-r01-input-load-a01,INPUT_LOAD,1,,,,,INPUT,-3.3382396851970304,-5.0,-5.0,5.0,-4.704589598271593,-5.02404195353843,-5.000114723313676,6.043126591472563,-10.952708683180463,1.2372760321761032,-12.189984715356566
D4-FULL,phase7d-qwen15b-r01-input-load-a01,INPUT_LOAD,1,,,,,OUTPUT,2.041190469456546,5.0,-3.2010919833161777,0.0,6.653522076337163,5.8916926996395755,-4.971207624933683,-1.3632485942336672,3.887917644581352,2.2389282010022167,1.6489894435791355
D4-FULL,phase7d-qwen15b-r01-input-load-a01,INPUT_LOAD,1,,,,,LOAD,3.0558688127857883,2.373449131798014,3.4007368953101835,0.17710353968462347,8.265321548779571,7.006148488836313,11.192523106979996,-0.31012288237916386,9.131453930577791,1.6650998090494853,7.4663541215283065
D4-FULL,phase7d-qwen15b-r01-input-load-a01,INPUT_LOAD,1,,,,,DOWNSTREAM,-3.480000577763842,-0.16781142314864417,1.857080440660982,0.16781142314864417,-4.927181115903565,-0.7684696742974846,1.9829671715377828,2.3669901930576143,-3.6045513992787033,1.64590522992253,-5.250456629201233
D4-FULL,phase7d-qwen15b-r01-output-downstream-a01,OUTPUT_DOWNSTREAM,1,,,,,INPUT,-0.3233819799784586,0.45176417408887987,0.5804648154348685,0.0,-0.4557430390698067,0.45393643274563406,0.5804781340042882,-0.5361948705046489,0.729085379731354,1.2372760321761032,-0.5081906524447491
D4-FULL,phase7d-qwen15b-r01-output-downstream-a01,OUTPUT_DOWNSTREAM,1,,,,,OUTPUT,1.0090048364311834,2.6457601389262684,0.5249358186569506,0.0010523762677909834,3.2867722689767906,3.117601139101857,0.8152108586410735,-1.3599260674070497,3.766454156313624,2.2389282010022167,1.5275259553114071
D4-FULL,phase7d-qwen15b-r01-output-downstream-a01,OUTPUT_DOWNSTREAM,1,,,,,LOAD,1.4362344346641633,-0.15838133639561017,0.12687282730321844,0.25899553291438127,3.886724837251729,-0.4675234643884571,0.41756451467840866,0.08304941449118988,1.1958725480227037,1.6650998090494853,-0.4692272610267816
D4-FULL,phase7d-qwen15b-r01-output-downstream-a01,OUTPUT_DOWNSTREAM,1,,,,,DOWNSTREAM,-0.43072280554221726,5.0,-0.5096303703226908,0.0,-0.6111824385063737,22.896822512993904,-0.5441769090028474,-0.9060685105914621,8.153222899086357,1.64590522992253,6.507317669163827
D4-FULL,phase7d-qwen15b-r01-baseline-a01,BASELINE,1,,,,,INPUT,-0.38783528841684156,0.34488129693375436,0.5682343314289,0.0,-0.5465772490272351,0.3465396209571851,0.5682473693739891,-0.5361948705046489,0.6589314509392952,1.2372760321761032,-0.578344581236808
D4-FULL,phase7d-qwen15b-r01-baseline-a01,BASELINE,1,,,,,OUTPUT,1.0499738979461894,2.739965023832752,0.19115766047448474,0.0,3.420403832476757,3.22860638563664,0.2968625782289435,-1.3632485942336672,3.6785395263477807,2.2389282010022167,1.439611325345564
D4-FULL,phase7d-qwen15b-r01-baseline-a01,BASELINE,1,,,,,LOAD,1.42787896970798,0.22285501526734874,-0.01478752899440656,0.08716320357592346,3.8641362753672492,0.6578423390359819,-0.04866879298815497,-0.741936141948225,2.2330394157532503,1.6650998090494853,0.567939606703765
D4-FULL,phase7d-qwen15b-r01-baseline-a01,BASELINE,1,,,,,DOWNSTREAM,-0.3026887554000216,-0.11780414005219181,0.6526865352154845,0.11780414005219181,-0.42996090594887376,-0.5394680972141827,0.6969304852386395,1.3916288611910408,-1.4824617004991798,1.64590522992253,-3.12836693042171
D4-FULL,phase7d-qwen15b-r01-output-load-a01,OUTPUT_LOAD,1,,,,,INPUT,-3.4956421189433593,-5.0,-5.0,5.0,-4.9264172446893495,-5.02404195353843,-5.000114723313676,6.043126591472563,-11.026651231986381,1.2372760321761032,-12.263927264162485
D4-FULL,phase7d-qwen15b-r01-output-load-a01,OUTPUT_LOAD,1,,,,,OUTPUT,2.180692636371922,5.0,-2.6995226770256617,0.0,7.108545745105043,5.8916926996395755,-4.192284315994256,-1.3632485942336672,4.29923330381712,2.2389282010022167,2.0603051028149033
D4-FULL,phase7d-qwen15b-r01-output-load-a01,OUTPUT_LOAD,1,,,,,LOAD,2.980718747063467,2.505562877575109,3.355236492661197,0.015550577848009488,8.062157282147695,7.396133050936239,11.042771943128425,-1.0857560861443032,9.919443511548423,1.6650998090494853,8.254343702498938
D4-FULL,phase7d-qwen15b-r01-output-load-a01,OUTPUT_LOAD,1,,,,,DOWNSTREAM,-3.416081813885122,-0.1883240819397784,0.0034695105188062153,0.1883240819397784,-4.836709430157328,-0.8624046158195254,0.0037046997585355236,2.76707699961449,-4.665546781687263,1.64590522992253,-6.311452011609793
D4-FULL,phase7d-qwen15b-r01-input-downstream-a01,INPUT_DOWNSTREAM,1,,,,,INPUT,-3.3330819372692213,-5.0,-5.0,5.0,-4.697320771123177,-5.02404195353843,-5.000114723313676,6.043126591472563,-10.950285740797657,1.2372760321761032,-12.18756177297376
D4-FULL,phase7d-qwen15b-r01-input-downstream-a01,INPUT_DOWNSTREAM,1,,,,,OUTPUT,2.110051981545162,5.0,-3.178880183629715,0.0,6.878132335520257,5.8916926996395755,-4.936713312199047,-1.3632485942336672,3.974285835220596,2.2389282010022167,1.7353576342183792
D4-FULL,phase7d-qwen15b-r01-input-downstream-a01,INPUT_DOWNSTREAM,1,,,,,LOAD,2.9883242641169963,2.26018473112894,3.2724320281128567,0.25645928846428934,8.082718399156505,6.671805022631317,10.770245455090935,0.07087263118748374,8.437383661105436,1.6650998090494853,6.772283852055951
D4-FULL,phase7d-qwen15b-r01-input-downstream-a01,INPUT_DOWNSTREAM,1,,,,,DOWNSTREAM,-3.432161913806588,3.0421022601255596,0.3551612312704351,0.0,-4.8594694721009315,13.93089510329451,0.3792367022946741,-0.9060685105914621,4.05628928842088,1.64590522992253,2.41038405849835
D4-FULL,phase7d-qwen15b-r01-load-medium-a01,LOAD_MEDIUM,1,,,,,INPUT,-3.073342214533317,-5.0,-5.0,5.0,-4.3312689255172625,-5.02404195353843,-5.000114723313676,6.043126591472563,-10.82826845892902,1.2372760321761032,-12.065544491105124
D4-FULL,phase7d-qwen15b-r01-load-medium-a01,LOAD_MEDIUM,1,,,,,OUTPUT,2.1515660791153315,5.0,-3.122455102789139,0.0,7.013541680046246,5.8916926996395755,-4.849086716782821,-1.3632485942336672,4.0486311485346675,2.2389282010022167,1.8097029475324509
D4-FULL,phase7d-qwen15b-r01-load-medium-a01,LOAD_MEDIUM,1,,,,,LOAD,3.1073315701645248,2.904562095711553,3.535189633535074,0.0,8.404448417947428,8.573932790455332,11.635034664241047,-1.1604160885331742,10.698221379414441,1.6650998090494853,9.033121570364957
D4-FULL,phase7d-qwen15b-r01-load-medium-a01,LOAD_MEDIUM,1,,,,,DOWNSTREAM,-3.0992399707631586,-0.17416050580515288,-0.1527462083555179,0.17416050580515288,-4.388246194595104,-0.7975444380387661,-0.1631004829484153,2.490825149338665,-4.273788854532761,1.64590522992253,-5.9196940844552906
D4-FULL,phase7d-qwen15b-r01-output-control-a01,OUTPUT_CONTROL,1,,,,,INPUT,0.6209427458232799,0.5970037419031837,0.5797592070257547,0.0,0.875096176010496,0.5998743691482045,0.5797725094052274,-0.5361948705046489,1.2211092220259583,1.2372760321761032,-0.016166810150144872
D4-FULL,phase7d-qwen15b-r01-output-control-a01,OUTPUT_CONTROL,1,,,,,OUTPUT,0.15794374686709753,0.5887642295270804,0.3358377304966612,0.1859568054919111,0.5108086557810717,0.6937635825827239,0.5215467394522928,-0.7761520454527979,1.3515250380581607,2.2389282010022167,-0.887403162944056
D4-FULL,phase7d-qwen15b-r01-output-control-a01,OUTPUT_CONTROL,1,,,,,LOAD,-0.06348448430247486,-0.2147664094548591,0.04208910581339317,0.2790863422685096,-0.1676867111244671,-0.633965706235754,0.1385238858137425,0.1795075583000115,-0.4005504021488377,1.6650998090494853,-2.065650211198323
D4-FULL,phase7d-qwen15b-r01-output-control-a01,OUTPUT_CONTROL,1,,,,,DOWNSTREAM,0.3788151108319369,-0.060372706633808726,-0.42646622248208826,0.060372706633808726,0.5346510464595156,-0.2764686296846738,-0.4553752763939049,0.27146403876071534,-0.3371949919670697,1.64590522992253,-1.9831002218896
D4-FULL,phase7d-qwen15b-r01-load-downstream-a01,LOAD_DOWNSTREAM,1,,,,,INPUT,-3.0196022104930456,-5.0,-5.0,5.0,-4.255533002437787,-5.02404195353843,-5.000114723313676,6.043126591472563,-10.80302315123586,1.2372760321761032,-12.040299183411964
D4-FULL,phase7d-qwen15b-r01-load-downstream-a01,LOAD_DOWNSTREAM,1,,,,,OUTPUT,2.171162881103075,5.0,-2.6630603051775275,0.0,7.077461896726393,5.8916926996395755,-4.135659257451941,-1.3632485942336672,4.307747040538343,2.2389282010022167,2.0688188395361267
D4-FULL,phase7d-qwen15b-r01-load-downstream-a01,LOAD_DOWNSTREAM,1,,,,,LOAD,3.091677524778641,2.9413322922841743,3.60178392757096,0.0,8.362128526140594,8.682474175943685,11.854210154064317,-1.1604160885331742,10.793353707249373,1.6650998090494853,9.128253898199889
D4-FULL,phase7d-qwen15b-r01-load-downstream-a01,LOAD_DOWNSTREAM,1,,,,,DOWNSTREAM,-3.077945901760455,3.28286999005607,3.5746266210674618,0.0,-4.35810621374806,15.033458299109578,3.81694141238108,-0.9060685105914621,5.736833009838994,1.64590522992253,4.0909277799164645
D4-FULL,phase7d-qwen15b-r01-output-medium-a01,OUTPUT_MEDIUM,1,,,,,INPUT,-0.10615536421449367,0.647114143614742,0.5829631280236723,0.0,-0.1496050222213937,0.650225721249711,0.5829765039160318,-0.5361948705046489,0.8973939381527651,1.2372760321761032,-0.339882094023338
D4-FULL,phase7d-qwen15b-r01-output-medium-a01,OUTPUT_MEDIUM,1,,,,,OUTPUT,1.1632994402218875,2.6445329180237436,0.34923977679477813,5.578919261658244e-05,3.7900454312533416,3.116155057415407,0.5423597479800557,-1.3630724584780662,3.8459258706943347,2.2389282010022167,1.606997669692118
D4-FULL,phase7d-qwen15b-r01-output-medium-a01,OUTPUT_MEDIUM,1,,,,,LOAD,0.6013221760754194,-0.27345965362240754,-0.03041314413524634,0.29256945063557105,1.6295832753945907,-0.8072214033645373,-0.10009589949727934,0.24424141659988619,-0.003486092422294834,1.6650998090494853,-1.66858590147178
D4-FULL,phase7d-qwen15b-r01-output-medium-a01,OUTPUT_MEDIUM,1,,,,,DOWNSTREAM,-0.05163524051575384,-0.11592363970400496,0.7159823802618064,0.11592363970400496,-0.07461556874564094,-0.5308566006725711,0.7645169936490804,1.3549508572961801,-1.3019359158858907,1.64590522992253,-2.947841145808421
D4-FULL,phase7d-qwen15b-r01-downstream-medium-a01,DOWNSTREAM_MEDIUM,1,,,,,INPUT,-0.4705552303175147,0.13213689892215025,0.5686999073400328,0.04638256746670533,-0.6631546715416309,0.13277226475906975,0.5687129559676042,-0.4751617061855888,0.4879385559139365,1.2372760321761032,-0.7493374762621667
D4-FULL,phase7d-qwen15b-r01-downstream-medium-a01,DOWNSTREAM_MEDIUM,1,,,,,OUTPUT,1.0980276352482539,2.7548662986014127,0.5697618409528182,0.0,3.5771439629613053,3.2461651319906086,0.8848244358185132,-1.3632485942336672,3.9326264378238096,2.2389282010022167,1.693698236821593
D4-FULL,phase7d-qwen15b-r01-downstream-medium-a01,DOWNSTREAM_MEDIUM,1,,,,,LOAD,2.148030294979072,0.3441746269655993,0.16159292722454136,0.00032353047455037533,5.811027664701313,1.0159638604869174,0.5318354896491484,-1.1588627838110672,3.6118051220901934,1.6650998090494853,1.9467053130407082
D4-FULL,phase7d-qwen15b-r01-downstream-medium-a01,DOWNSTREAM_MEDIUM,1,,,,,DOWNSTREAM,-0.5121341218450284,5.0,0.09519970967552031,0.0,-0.7264133750543738,22.896822512993904,0.10165305438212133,-0.9060685105914621,8.330089241365346,1.64590522992253,6.684184011442817
D4-FULL,phase7d-qwen15b-r01-input-medium-a01,INPUT_MEDIUM,1,,,,,INPUT,-3.3457114117289177,-5.0,-5.0,5.0,-4.71511952129627,-5.02404195353843,-5.000114723313676,6.043126591472563,-10.956218657522022,1.2372760321761032,-12.193494689698126
D4-FULL,phase7d-qwen15b-r01-input-medium-a01,INPUT_MEDIUM,1,,,,,OUTPUT,2.2932729120125086,5.0,-2.734012497485908,0.0,7.475756457207843,5.8916926996395755,-4.245846056596583,-1.3632485942336672,4.4037829609839445,2.2389282010022167,2.164854759981728
D4-FULL,phase7d-qwen15b-r01-input-medium-a01,INPUT_MEDIUM,1,,,,,LOAD,2.809634792815202,2.649909359219277,3.7790878346647365,0.1844065167792753,7.599640772504689,7.822227240481395,12.437753703064429,-0.2750605012469818,9.56160107326382,1.6650998090494853,7.896501264214335
D4-FULL,phase7d-qwen15b-r01-input-medium-a01,INPUT_MEDIUM,1,,,,,DOWNSTREAM,-3.2485829465679643,-0.17741613565056066,2.074554102865979,0.17741613565056066,-4.5996287363641635,-0.8124531537864277,2.2151828167971317,2.5543242091847453,-3.6199572336358985,1.64590522992253,-5.265862463558428
D4-FULL,phase7d-qwen15b-r02-downstream-medium-a01,DOWNSTREAM_MEDIUM,2,,,,,INPUT,-0.5020498244206767,0.0719944483026621,0.4831302986045901,0.062399904826742826,-0.7075400823545684,0.07234062573888542,0.48314138386634875,-0.4540850638942639,0.4033990396444858,1.2372760321761032,-0.8338769925316174
D4-FULL,phase7d-qwen15b-r02-downstream-medium-a01,DOWNSTREAM_MEDIUM,2,,,,,OUTPUT,1.1475700865785883,2.7849442408933873,0.3970824596314033,0.0,3.7387399328486963,3.28160713059497,0.6166581158352425,-1.3632485942336672,3.908916987326637,2.2389282010022167,1.6699887863244203
D4-FULL,phase7d-qwen15b-r02-downstream-medium-a01,DOWNSTREAM_MEDIUM,2,,,,,LOAD,2.258043391105751,0.8201103489460216,0.7987488878190442,0.0,6.1084423080505905,2.420871298638041,2.628846529091396,-1.1604160885331742,4.87980280045985,1.6650998090494853,3.214702991410365
D4-FULL,phase7d-qwen15b-r02-downstream-medium-a01,DOWNSTREAM_MEDIUM,2,,,,,DOWNSTREAM,-0.51834534349621,5.0,-0.04090747136426531,0.0,-0.735204841898009,22.896822512993904,-0.04368048416744295,-0.9060685105914621,8.278714239567613,1.64590522992253,6.632809009645083
D4-FULL,phase7d-qwen15b-r02-input-load-a01,INPUT_LOAD,2,,,,,INPUT,-3.3600380547656834,-5.0,-5.0,5.0,-4.735310095420649,-5.02404195353843,-5.000114723313676,6.043126591472563,-10.962948848896815,1.2372760321761032,-12.200224881072918
D4-FULL,phase7d-qwen15b-r02-input-load-a01,INPUT_LOAD,2,,,,,OUTPUT,2.0589161211303146,5.0,-2.6230629203563685,0.0,6.711339035272235,5.8916926996395755,-4.073544421190857,-1.3632485942336672,4.206411032140652,2.2389282010022167,1.9674828311384354
D4-FULL,phase7d-qwen15b-r02-input-load-a01,INPUT_LOAD,2,,,,,LOAD,3.033956163920988,2.3761365085763217,3.414942040605546,0.18507002187783764,8.20608185026715,7.0140813155828505,11.23927515568321,-0.2718749416666326,9.091687715511036,1.6650998090494853,7.426587906461551
D4-FULL,phase7d-qwen15b-r02-input-load-a01,INPUT_LOAD,2,,,,,DOWNSTREAM,-3.4771108808929037,-0.16884922413093573,2.6682484630599195,0.16884922413093573,-4.9230909906986176,-0.7732221432765527,2.8491221984281663,2.387231863582845,-3.33629550876518,1.64590522992253,-4.98220073868771
D4-FULL,phase7d-qwen15b-r02-output-load-a01,OUTPUT_LOAD,2,,,,,INPUT,-3.3642923028463514,-5.0,-5.0,5.0,-4.74130561795833,-5.02404195353843,-5.000114723313676,6.043126591472563,-10.964947356409375,1.2372760321761032,-12.202223388585479
D4-FULL,phase7d-qwen15b-r02-output-load-a01,OUTPUT_LOAD,2,,,,,OUTPUT,2.1568037391167647,5.0,-2.240753230201052,0.0,7.030625710511928,5.8916926996395755,-3.479828009200324,-1.3632485942336672,4.510745394550728,2.2389282010022167,2.2718171935485114
D4-FULL,phase7d-qwen15b-r02-output-load-a01,OUTPUT_LOAD,2,,,,,LOAD,3.0249052973042643,2.537558682900339,3.404388115951603,0.015732404063362907,8.18161330641565,7.490580983325102,11.204540023505979,-1.0848831188626156,10.043794556611525,1.6650998090494853,8.37869474756204
D4-FULL,phase7d-qwen15b-r02-output-load-a01,OUTPUT_LOAD,2,,,,,DOWNSTREAM,-3.4417773494519337,-0.1834660443603099,0.9931552830356135,0.1834660443603099,-4.873079320277431,-0.8401578909758165,1.060478738227397,2.6723239614494467,-4.223243452458063,1.64590522992253,-5.869148682380593
D4-FULL,phase7d-qwen15b-r02-input-downstream-a01,INPUT_DOWNSTREAM,2,,,,,INPUT,-3.2642228939286624,-5.0,-5.0,5.0,-4.600277547868881,-5.02404195353843,-5.000114723313676,6.043126591472563,-10.917937999712892,1.2372760321761032,-12.155214031888995
D4-FULL,phase7d-qwen15b-r02-input-downstream-a01,INPUT_DOWNSTREAM,2,,,,,OUTPUT,2.2059401277301744,5.0,-2.2724960576836937,0.0,7.190897198125742,5.8916926996395755,-3.5291237454181843,-1.3632485942336672,4.547737311682711,2.2389282010022167,2.3088091106804947
D4-FULL,phase7d-qwen15b-r02-input-downstream-a01,INPUT_DOWNSTREAM,2,,,,,LOAD,2.9054455750987622,2.7438036449631262,3.9334177362806124,0.20625965724733328,7.858660204237326,8.099392358267714,12.94568508473519,-0.17014121557822529,9.804720431324968,1.6650998090494853,8.139620622275483
D4-FULL,phase7d-qwen15b-r02-input-downstream-a01,INPUT_DOWNSTREAM,2,,,,,DOWNSTREAM,-3.35596044768765,3.0250886397106695,1.7397449209848408,0.0,-4.751612644500262,13.852983533905872,1.8576777772397635,-0.9060685105914621,4.559084732806587,1.64590522992253,2.9131795028840575
D4-FULL,phase7d-qwen15b-r02-load-medium-a01,LOAD_MEDIUM,2,,,,,INPUT,-2.9603544340979675,-5.0,-5.0,5.0,-4.1720349619031225,-5.02404195353843,-5.000114723313676,6.043126591472563,-10.77519047105764,1.2372760321761032,-12.012466503233743
D4-FULL,phase7d-qwen15b-r02-load-medium-a01,LOAD_MEDIUM,2,,,,,OUTPUT,2.121866462597688,5.0,-2.520634147704812,0.0,6.916668428772271,5.8916926996395755,-3.9144753602979203,-1.3632485942336672,4.327877183604976,2.2389282010022167,2.088948982602759
D4-FULL,phase7d-qwen15b-r02-load-medium-a01,LOAD_MEDIUM,2,,,,,LOAD,3.1559341140313046,3.1850747042552703,3.913726169124945,0.0,8.53584284969182,9.401973704464417,12.880876095628626,-1.1604160885331742,11.43331363846146,1.6650998090494853,9.768213829411975
D4-FULL,phase7d-qwen15b-r02-load-medium-a01,LOAD_MEDIUM,2,,,,,DOWNSTREAM,-3.1237375532751357,-0.17114794840217198,1.9376100428400762,0.17114794840217198,-4.422920481957284,-0.7837488396055142,2.068955669376522,2.432067068136201,-3.47797161886496,1.64590522992253,-5.12387684878749
D4-FULL,phase7d-qwen15b-r02-output-medium-a01,OUTPUT_MEDIUM,2,,,,,INPUT,0.15629826386107312,0.6435277864487716,0.5801315788727164,0.0,0.22027153701676533,0.6466221194772693,0.5801448897961355,-0.5361948705046489,1.0185410526013723,1.2372760321761032,-0.21873497957473087
D4-FULL,phase7d-qwen15b-r02-output-medium-a01,OUTPUT_MEDIUM,2,,,,,OUTPUT,0.8110099126761415,2.658112992964098,0.46728873939369586,0.0,2.640958812479824,3.132156983092736,0.7256865333538727,-1.3632485942336672,3.5295160372091448,2.2389282010022167,1.290587836206928
D4-FULL,phase7d-qwen15b-r02-output-medium-a01,OUTPUT_MEDIUM,2,,,,,LOAD,1.0427372900149565,-0.4725215981073866,-0.29490989869274464,0.4953788719539568,2.8229259164392264,-1.3948293376798293,-0.9706090054034031,1.2179513345277546,-1.0654554767424234,1.6650998090494853,-2.7305552857919086
D4-FULL,phase7d-qwen15b-r02-output-medium-a01,OUTPUT_MEDIUM,2,,,,,DOWNSTREAM,-0.4128871272844757,-0.12225247959886647,-0.4348671032316161,0.12225247959886647,-0.5859375216699486,-0.5598386654297309,-0.4643456313519207,1.4783909909486388,-2.015098263765839,1.64590522992253,-3.6610034936883693
D4-FULL,phase7d-qwen15b-r02-input-medium-a01,INPUT_MEDIUM,2,,,,,INPUT,-3.3657287576667594,-5.0,-5.0,5.0,-4.743330017355547,-5.02404195353843,-5.000114723313676,6.043126591472563,-10.965622156208447,1.2372760321761032,-12.20289818838455
D4-FULL,phase7d-qwen15b-r02-input-medium-a01,INPUT_MEDIUM,2,,,,,OUTPUT,2.121857312362907,5.0,-2.4310160316611857,0.0,6.916638582831579,5.8916926996395755,-3.7753008960431504,-1.3632485942336672,4.374258723043003,2.2389282010022167,2.135330522040786
D4-FULL,phase7d-qwen15b-r02-input-medium-a01,INPUT_MEDIUM,2,,,,,LOAD,2.970511301802514,2.4005063171590217,3.4671444653341488,0.1998520318415895,8.03456198850831,7.0860181838676874,11.41108404975585,-0.20090491663008406,9.044792990674033,1.6650998090494853,7.379693181624548
D4-FULL,phase7d-qwen15b-r02-input-medium-a01,INPUT_MEDIUM,2,,,,,DOWNSTREAM,-3.4371034719592553,-0.16485598535662455,2.703665945162342,0.16485598535662455,-4.866463836027198,-0.754935647383071,2.886940541010372,2.309346194772141,-3.22083250890544,1.64590522992253,-4.86673773882797
D4-FULL,phase7d-qwen15b-r02-load-downstream-a01,LOAD_DOWNSTREAM,2,,,,,INPUT,-3.0692849256114534,-5.0,-5.0,5.0,-4.325550978018278,-5.02404195353843,-5.000114723313676,6.043126591472563,-10.826362476429358,1.2372760321761032,-12.063638508605461
D4-FULL,phase7d-qwen15b-r02-load-downstream-a01,LOAD_DOWNSTREAM,2,,,,,OUTPUT,2.1776574334977115,5.0,-2.230687738494454,0.0,7.098645618262455,5.8916926996395755,-3.4641965779945547,-1.3632485942336672,4.538629174202825,2.2389282010022167,2.299700973200608
D4-FULL,phase7d-qwen15b-r02-load-downstream-a01,LOAD_DOWNSTREAM,2,,,,,LOAD,3.0700037941838305,2.5701303649382625,3.1450906864429715,0.1553690646904899,8.303534730657542,7.586728837446575,10.351138963471557,-0.414472442301825,9.161606619493716,1.6650998090494853,7.496506810444231
D4-FULL,phase7d-qwen15b-r02-load-downstream-a01,LOAD_DOWNSTREAM,2,,,,,DOWNSTREAM,-3.0878561575534005,3.2623123006349997,5.0,0.0,-4.372133355284549,14.93931714591928,5.338937205197193,-0.9060685105914621,6.208108842535436,1.64590522992253,4.562203612612906
D4-FULL,phase7d-qwen15b-r02-baseline-a01,BASELINE,2,,,,,INPUT,-0.31992673726731763,0.32402622419863847,0.5423058729265926,0.0,-0.4508735568123102,0.3255842688841216,0.5423183159519461,-0.5361948705046489,0.675204546512568,1.2372760321761032,-0.5620714856635352
D4-FULL,phase7d-qwen15b-r02-baseline-a01,BASELINE,2,,,,,OUTPUT,0.8733545413061327,2.7588231908931924,0.27717510470411616,0.0,2.8443125113825665,3.2508276906763562,0.4304452983945376,-1.3632485942336672,3.538443761051487,2.2389282010022167,1.2995155600492705
D4-FULL,phase7d-qwen15b-r02-baseline-a01,BASELINE,2,,,,,LOAD,1.69565413742623,1.0484350678181327,1.0890439048228135,0.0,4.5880524163420615,3.0948595727739083,3.5842670116746222,-1.1604160885331742,4.916142422130038,1.6650998090494853,3.251042613080553
D4-FULL,phase7d-qwen15b-r02-baseline-a01,BASELINE,2,,,,,DOWNSTREAM,-0.5101283114783034,-0.13183648743984058,-0.2715986948132466,0.13183648743984058,-0.7235743175671356,-0.6037273307293161,-0.290009675324288,1.6653211753852206,-2.204424949925467,1.64590522992253,-3.8503301798479974
D4-FULL,phase7d-qwen15b-r02-output-downstream-a01,OUTPUT_DOWNSTREAM,2,,,,,INPUT,-0.27720712923918533,0.447971092914229,0.5829180497007902,0.0,-0.3906687055960834,0.4501251129547095,0.5829314245588427,-0.5361948705046489,0.7503241478104719,1.2372760321761032,-0.4869518843656313
D4-FULL,phase7d-qwen15b-r02-output-downstream-a01,OUTPUT_DOWNSTREAM,2,,,,,OUTPUT,1.1033593495747063,2.6565471064148793,0.18874203904761508,0.0,3.594534776790859,3.130311838622637,0.2931111847298516,-1.3632485942336672,3.702567860948116,2.2389282010022167,1.4636396599458994
D4-FULL,phase7d-qwen15b-r02-output-downstream-a01,OUTPUT_DOWNSTREAM,2,,,,,LOAD,1.4005134425911654,-0.32281622550699385,-0.09233391101509025,0.34058082655946764,3.7901550060996296,-0.952916319211069,-0.303889852231562,0.4747492135580511,0.36970039799428167,1.6650998090494853,-1.2953994110552036
D4-FULL,phase7d-qwen15b-r02-output-downstream-a01,OUTPUT_DOWNSTREAM,2,,,,,DOWNSTREAM,-0.3646232717683818,5.0,0.1794036997280516,0.0,-0.5176240546348403,22.896822512993904,0.19156501744562407,-0.9060685105914621,8.429656335859692,1.64590522992253,6.783751105937162
D4-FULL,phase7d-qwen15b-r02-output-control-a01,OUTPUT_CONTROL,2,,,,,INPUT,0.5614294907800723,0.5900605195583521,0.5812462139595367,0.0,0.7912239957482111,0.5928977610775686,0.581259550457882,-0.5361948705046489,1.1913219729325362,1.2372760321761032,-0.04595405924356699
D4-FULL,phase7d-qwen15b-r02-output-control-a01,OUTPUT_CONTROL,2,,,,,OUTPUT,0.2806917827942594,0.5933430189119955,0.3433829545974141,0.1836370319872191,0.9111842404521691,0.699158946581182,0.53326426452717,-0.7834759560510429,1.4980117732378835,2.2389282010022167,-0.7409164277643332
D4-FULL,phase7d-qwen15b-r02-output-control-a01,OUTPUT_CONTROL,2,,,,,LOAD,-0.17816232552431455,-0.20323699546457297,0.05719891203327416,0.268664510944402,-0.47771224851853233,-0.5999322039697844,0.18825335929674855,0.12947122144106443,-0.4259349191715872,1.6650998090494853,-2.0910347282210724
D4-FULL,phase7d-qwen15b-r02-output-control-a01,OUTPUT_CONTROL,2,,,,,DOWNSTREAM,0.49227994164906747,-0.06344061218015443,0.7256383672626118,0.06344061218015443,0.6952510626991114,-0.2905176874409352,0.7748275352993805,0.331301651493107,0.06188531869274533,1.64590522992253,-1.5840199112297848
D4-FULL,phase7d-qwen15b-r03-output-control-a01,OUTPUT_CONTROL,3,,,,,INPUT,0.5702756591930521,0.6026133558678815,0.5809665747514808,0.0,0.8036909231785004,0.6055109563285638,0.5809799048335988,-0.5361948705046489,1.1995887986182032,1.2372760321761032,-0.037687233557899935
D4-FULL,phase7d-qwen15b-r03-output-control-a01,OUTPUT_CONTROL,3,,,,,OUTPUT,0.23833316388958492,0.56205580162904,0.1623984509030206,0.1886871519037226,0.773020263475113,0.6622920126495769,0.25220031839577867,-0.7675318879322899,1.3300360861057794,2.2389282010022167,-0.9088921148964373
D4-FULL,phase7d-qwen15b-r03-output-control-a01,OUTPUT_CONTROL,3,,,,,LOAD,-0.1723749999962315,-0.22304244167250312,0.030442424489646996,0.2804768929476974,-0.46206651706944185,-0.6583956001982516,0.10019226715326052,0.18618374217206593,-0.5262736922102103,1.6650998090494853,-2.1913735012596955
D4-FULL,phase7d-qwen15b-r03-output-control-a01,OUTPUT_CONTROL,3,,,,,DOWNSTREAM,0.4664210456364603,-0.054405129603577136,-0.013443423320363104,0.054405129603577136,0.6586499494761432,-0.24914091926590737,-0.014354718586060411,0.15507011531967205,-0.02335201144494692,1.64590522992253,-1.669257241367477
D4-FULL,phase7d-qwen15b-r03-downstream-medium-a01,DOWNSTREAM_MEDIUM,3,,,,,INPUT,-0.47289687375006995,0.12558479419771074,0.5412361451879627,0.042232763806559666,-0.6664547555303604,0.12618865495515746,0.541248563668774,-0.48062228464242635,0.48094977234028335,1.2372760321761032,-0.7563262598358198
D4-FULL,phase7d-qwen15b-r03-downstream-medium-a01,DOWNSTREAM_MEDIUM,3,,,,,OUTPUT,1.1448569702543487,2.7597756836985257,0.861700412009753,0.0,3.7298903775267465,3.2519500496578844,1.3381969905637268,-1.3632485942336672,4.136594400149786,2.2389282010022167,1.8976661991475692
D4-FULL,phase7d-qwen15b-r03-downstream-medium-a01,DOWNSTREAM_MEDIUM,3,,,,,LOAD,2.1365618493197878,0.41843824562870224,0.26198312368809734,0.032329640905698044,5.780023322531004,1.2351815098990446,0.8622402308045578,-1.0051979936917839,3.631013014769986,1.6650998090494853,1.9659132057205007
D4-FULL,phase7d-qwen15b-r03-downstream-medium-a01,DOWNSTREAM_MEDIUM,3,,,,,DOWNSTREAM,-0.472140511195844,5.0,-0.967240792034938,0.0,-0.6698057507051965,22.896822512993904,-1.0328075701959463,-0.9060685105914621,7.970804907955715,1.64590522992253,6.324899678033185
D4-FULL,phase7d-qwen15b-r03-input-downstream-a01,INPUT_DOWNSTREAM,3,,,,,INPUT,-3.240343014539576,-5.0,-5.0,5.0,-4.566623573686004,-5.02404195353843,-5.000114723313676,6.043126591472563,-10.906720008318601,1.2372760321761032,-12.143996040494704
D4-FULL,phase7d-qwen15b-r03-input-downstream-a01,INPUT_DOWNSTREAM,3,,,,,OUTPUT,2.1411286754161893,5.0,-2.7611743204420125,0.0,6.979497293291479,5.8916926996395755,-4.288027619041597,-1.3632485942336672,4.224302718863486,2.2389282010022167,1.9853745178612692
D4-FULL,phase7d-qwen15b-r03-input-downstream-a01,INPUT_DOWNSTREAM,3,,,,,LOAD,2.975144133054159,2.113469329302921,3.0718482990756417,0.3865306706970791,8.047086605148666,6.238718053535975,10.110083234006064,0.6953593739400624,7.436603256956838,1.6650998090494853,5.771503447907353
D4-FULL,phase7d-qwen15b-r03-input-downstream-a01,INPUT_DOWNSTREAM,3,,,,,DOWNSTREAM,-3.393238967799981,3.0520364118702403,1.519884499454422,0.0,-4.804377284365432,13.97638720515753,1.6229135803479453,-0.9060685105914621,4.50437634430481,1.64590522992253,2.8584711143822803
D4-FULL,phase7d-qwen15b-r03-output-load-a01,OUTPUT_LOAD,3,,,,,INPUT,-3.443147044210019,-5.0,-5.0,5.0,-4.8524358036184445,-5.02404195353843,-5.000114723313676,6.043126591472563,-11.001990751629414,1.2372760321761032,-12.239266783805517
D4-FULL,phase7d-qwen15b-r03-output-load-a01,OUTPUT_LOAD,3,,,,,OUTPUT,2.2516325426498485,5.0,-2.449009657872201,0.0,7.339935243421673,5.8916926996395755,-3.8032445016273106,-1.3632485942336672,4.506043074711647,2.2389282010022167,2.26711487370943
D4-FULL,phase7d-qwen15b-r03-output-load-a01,OUTPUT_LOAD,3,,,,,LOAD,2.918803996187321,2.624703819828054,3.5188396022217545,0.014425881838261595,7.8947739959916134,7.747823391100244,11.581223355425436,-1.0911558730586703,10.165762787231102,1.6650998090494853,8.500662978181618
D4-FULL,phase7d-qwen15b-r03-output-load-a01,OUTPUT_LOAD,3,,,,,DOWNSTREAM,-3.352058007943842,-0.1759994567203702,0.3960804050669447,0.1759994567203702,-4.746089066121692,-0.8059656645819339,0.42292968217229715,2.526692757071805,-4.236401106582248,1.64590522992253,-5.882306336504778
D4-FULL,phase7d-qwen15b-r03-output-medium-a01,OUTPUT_MEDIUM,3,,,,,INPUT,-0.13098182245006254,0.6447134714028909,0.5852257522361073,0.0,-0.18459301235730502,0.6478135056679043,0.5852391800436162,-0.5361948705046489,0.8856814282893875,1.2372760321761032,-0.3515946038867157
D4-FULL,phase7d-qwen15b-r03-output-medium-a01,OUTPUT_MEDIUM,3,,,,,OUTPUT,1.0537054752893575,2.6527421179104387,0.2511613869693219,0.0,3.4325753711024576,3.125828274023872,0.3900467117153404,-1.3632485942336672,3.6793987131808907,2.2389282010022167,1.440470512178674
D4-FULL,phase7d-qwen15b-r03-output-medium-a01,OUTPUT_MEDIUM,3,,,,,LOAD,0.7365408567335043,-0.336037389122394,-0.11368435866770761,0.366124266123668,1.9951398963606615,-0.9919436715329288,-0.37415855753064997,0.5973860234260068,-0.38770680099364585,1.6650998090494853,-2.052806610043131
D4-FULL,phase7d-qwen15b-r03-output-medium-a01,OUTPUT_MEDIUM,3,,,,,DOWNSTREAM,-0.17860390175248791,-0.09211971339719686,-0.371486431462094,0.09211971339719686,-0.25432913205587365,-0.4218497455206968,-0.3966685460317821,0.8906699000307929,-1.2482857079002438,1.64590522992253,-2.894190937822774
D4-FULL,phase7d-qwen15b-r03-load-downstream-a01,LOAD_DOWNSTREAM,3,,,,,INPUT,-3.0628264021819853,-5.0,-5.0,5.0,-4.316448964678371,-5.02404195353843,-5.000114723313676,6.043126591472563,-10.823328471982723,1.2372760321761032,-12.060604504158826
D4-FULL,phase7d-qwen15b-r03-load-downstream-a01,LOAD_DOWNSTREAM,3,,,,,OUTPUT,2.1017826831665114,5.0,-2.5790430970546105,0.0,6.8511598047733155,5.8916926996395755,-4.005182848831655,-1.3632485942336672,4.275805146094079,2.2389282010022167,2.0368769450918625
D4-FULL,phase7d-qwen15b-r03-load-downstream-a01,LOAD_DOWNSTREAM,3,,,,,LOAD,3.148393656951986,2.8516108572465395,3.495909730473024,0.0,8.515457618915715,8.417626832858245,11.505756441257017,-1.1604160885331742,10.640029719543499,1.6650998090494853,8.974929910494014
D4-FULL,phase7d-qwen15b-r03-load-downstream-a01,LOAD_DOWNSTREAM,3,,,,,DOWNSTREAM,-3.1514701763113506,3.2861045589542357,0.9699576237039489,0.0,-4.462173699698039,15.04827056910305,1.0357085689315342,-0.9060685105914621,4.780003656703644,1.64590522992253,3.1340984267811143
D4-FULL,phase7d-qwen15b-r03-baseline-a01,BASELINE,3,,,,,INPUT,-0.18858253110955087,0.33415567814123626,0.55907850111161,0.0,-0.2657698361827958,0.3357624291989309,0.5590913289792604,-0.5361948705046489,0.7458895111697806,1.2372760321761032,-0.4913865210063225
D4-FULL,phase7d-qwen15b-r03-baseline-a01,BASELINE,3,,,,,OUTPUT,0.9887377520785096,2.7530350410280793,0.3026755406110444,0.0,3.2206657468969153,3.244007290615415,0.4700467725415969,-1.3632485942336672,3.674821864251643,2.2389282010022167,1.4358936632494261
D4-FULL,phase7d-qwen15b-r03-baseline-a01,BASELINE,3,,,,,LOAD,1.5752790336097229,0.3142166265840923,0.10922851831336515,0.037613851958951235,4.262624627922272,0.9275312935995663,0.3594934723852014,-0.97982792617949,2.8297110574818367,1.6650998090494853,1.1646112484323514
D4-FULL,phase7d-qwen15b-r03-baseline-a01,BASELINE,3,,,,,DOWNSTREAM,-0.380568676358048,-0.1342187173783056,-0.4128955120787735,0.1342187173783056,-0.5401934465565942,-0.6146364299465509,-0.44088464225926216,1.7117851066712317,-2.243689946258701,1.64590522992253,-3.8895951761812313
D4-FULL,phase7d-qwen15b-r03-input-medium-a01,INPUT_MEDIUM,3,,,,,INPUT,-3.2474646539208925,-5.0,-5.0,5.0,-4.5766601180074185,-5.02404195353843,-5.000114723313676,6.043126591472563,-10.910065523092404,1.2372760321761032,-12.147341555268508
D4-FULL,phase7d-qwen15b-r03-input-medium-a01,INPUT_MEDIUM,3,,,,,OUTPUT,2.2632728981539048,5.0,-2.9777031384188026,0.0,7.377903379575652,5.8916926996395755,-4.624290905618257,-1.3632485942336672,4.245016985432658,2.2389282010022167,2.006088784430441
D4-FULL,phase7d-qwen15b-r03-input-medium-a01,INPUT_MEDIUM,3,,,,,LOAD,2.8578816675805525,2.1994567104101526,3.189230654921392,0.31728626910486707,7.730073671461836,6.4925428994668595,10.496412659245376,0.36290952938639237,7.8767668806716316,1.6650998090494853,6.211667071622147
D4-FULL,phase7d-qwen15b-r03-input-medium-a01,INPUT_MEDIUM,3,,,,,DOWNSTREAM,-3.2829089799026865,-0.17675334037528498,0.7620332850355547,0.17675334037528498,-4.648214377141984,-0.80941797263034,0.813689571414992,2.5413967945679405,-4.089377720687051,1.64590522992253,-5.735282950609581
D4-FULL,phase7d-qwen15b-r03-output-downstream-a01,OUTPUT_DOWNSTREAM,3,,,,,INPUT,-0.2802462666219133,0.4461152487415596,0.5840571978639318,0.0,-0.3949517695659663,0.4482603451581654,0.5840705988593548,-0.5361948705046489,0.7486545953218334,1.2372760321761032,-0.48862143685426973
D4-FULL,phase7d-qwen15b-r03-output-downstream-a01,OUTPUT_DOWNSTREAM,3,,,,,OUTPUT,1.1867795617627672,2.655630807188859,0.4257792565561611,0.0,3.866632134405615,3.1292321279305106,0.6612234505482246,-1.3632485942336672,3.915611165195117,2.2389282010022167,1.6766829641929002
D4-FULL,phase7d-qwen15b-r03-output-downstream-a01,OUTPUT_DOWNSTREAM,3,,,,,LOAD,1.3186206321893597,-0.0671054806010816,0.24831880876077664,0.28415731585520304,3.568762082383736,-0.19808765025005667,0.8172681658453428,0.20385384972383128,1.1921270162691762,1.6650998090494853,-0.4729727927803091
D4-FULL,phase7d-qwen15b-r03-output-downstream-a01,OUTPUT_DOWNSTREAM,3,,,,,DOWNSTREAM,-0.2821776855894607,5.0,-0.6554834574253399,0.0,-0.40092919523336074,22.896822512993904,-0.6999170036478874,-0.9060685105914621,8.171393948629015,1.64590522992253,6.525488718706486
D4-FULL,phase7d-qwen15b-r03-load-medium-a01,LOAD_MEDIUM,3,,,,,INPUT,-2.7926490984962546,-5.0,-5.0,5.0,-3.9356874099447925,-5.02404195353843,-5.000114723313676,6.043126591472563,-10.696407953738197,1.2372760321761032,-11.9336839859143
D4-FULL,phase7d-qwen15b-r03-load-medium-a01,LOAD_MEDIUM,3,,,,,OUTPUT,2.0667275225386734,5.0,-2.88728874335348,0.0,6.736818012449744,5.8916926996395755,-4.483879841989005,-1.3632485942336672,4.0781255509337715,2.2389282010022167,1.8391973499315548
D4-FULL,phase7d-qwen15b-r03-load-medium-a01,LOAD_MEDIUM,3,,,,,LOAD,3.2372279871007685,2.759189528955051,3.3467019007439376,0.010253874314916913,8.755616577699577,8.144809715831967,11.01468284944573,-1.1111861314004317,10.416222512392856,1.6650998090494853,8.751122703343372
D4-FULL,phase7d-qwen15b-r03-load-medium-a01,LOAD_MEDIUM,3,,,,,DOWNSTREAM,-3.171467851281354,-0.18373746604003227,0.5524084373619863,0.18373746604003227,-4.490478742783265,-0.8414008297811729,0.5898547917393503,2.6776178745484827,-4.258292801490178,1.64590522992253,-5.904198031412708
D4-FULL,phase7d-qwen15b-r03-input-load-a01,INPUT_LOAD,3,,,,,INPUT,-3.3093740184669396,-5.0,-5.0,5.0,-4.663909141428499,-5.02404195353843,-5.000114723313676,6.043126591472563,-10.939148530899432,1.2372760321761032,-12.176424563075535
D4-FULL,phase7d-qwen15b-r03-input-load-a01,INPUT_LOAD,3,,,,,OUTPUT,2.217730750501334,5.0,-3.2607431048015583,0.0,7.229355471205082,5.8916926996395755,-5.063844172558525,-1.3632485942336672,4.048983260329045,2.2389282010022167,1.8100550593268285
D4-FULL,phase7d-qwen15b-r03-input-load-a01,INPUT_LOAD,3,,,,,LOAD,2.8901646806053045,2.504615978588614,3.5995294032433223,0.19503107384387788,7.8173491063240705,7.393337914181703,11.846790051772036,-0.22405085623077028,9.243209880323374,1.6650998090494853,7.578110071273889
D4-FULL,phase7d-qwen15b-r03-input-load-a01,INPUT_LOAD,3,,,,,DOWNSTREAM,-3.3319558848016486,-0.16246733421623055,1.7403330809251156,0.16246733421623055,-4.717636185349413,-0.7439971431416587,1.8583058070373113,2.2627570218877504,-3.4638661957056707,1.64590522992253,-5.1097714256282005
D4-FULL,phase7d-qwen15b-r04-load-downstream-a01,LOAD_DOWNSTREAM,4,,,,,INPUT,-3.0711374530907247,-5.0,-5.0,5.0,-4.32816174966183,-5.02404195353843,-5.000114723313676,6.043126591472563,-10.827232733643875,1.2372760321761032,-12.064508765819978
D4-FULL,phase7d-qwen15b-r04-load-downstream-a01,LOAD_DOWNSTREAM,4,,,,,OUTPUT,2.147649069401949,5.0,-2.5884479383978136,0.0,7.000765304096015,5.8916926996395755,-4.019788308231228,-1.3632485942336672,4.320805159401788,2.2389282010022167,2.081876958399571
D4-FULL,phase7d-qwen15b-r04-load-downstream-a01,LOAD_DOWNSTREAM,4,,,,,LOAD,3.1002289376983443,2.8416205433223616,3.493198231161387,0.0,8.385246823081507,8.388136576730506,11.496832340500527,-1.1604160885331742,10.58382133530402,1.6650998090494853,8.918721526254535
D4-FULL,phase7d-qwen15b-r04-load-downstream-a01,LOAD_DOWNSTREAM,4,,,,,DOWNSTREAM,-3.111523355404208,3.2746392101598376,4.434225858260495,0.0,-4.405632302331069,14.99576655782407,4.734810682182882,-0.9060685105914621,6.014383489816756,1.64590522992253,4.368478259894226
D4-FULL,phase7d-qwen15b-r04-output-downstream-a01,OUTPUT_DOWNSTREAM,4,,,,,INPUT,-0.22767068930611709,0.44704634380510194,0.5799074822181468,0.0,-0.3208568760027979,0.4491959172905592,0.5799207879997438,-0.5361948705046489,0.7722814802671506,1.2372760321761032,-0.46499455190895256
D4-FULL,phase7d-qwen15b-r04-output-downstream-a01,OUTPUT_DOWNSTREAM,4,,,,,OUTPUT,1.145041959963,2.6540881380998047,0.8261625222577623,0.0,3.7304937709920667,3.1274143414885227,1.2830076272371125,-1.3632485942336672,4.076887174139568,2.2389282010022167,1.8379589731373511
D4-FULL,phase7d-qwen15b-r04-output-downstream-a01,OUTPUT_DOWNSTREAM,4,,,,,LOAD,1.3595283909678888,0.018792212806556408,0.3634170554658986,0.25469938853749047,3.679354065662934,0.05547244792088812,1.1960801191006858,0.06242316171932527,1.581212382508844,1.6650998090494853,-0.0838874265406413
D4-FULL,phase7d-qwen15b-r04-output-downstream-a01,OUTPUT_DOWNSTREAM,4,,,,,DOWNSTREAM,-0.3179547545712688,5.0,3.433241312319524,0.0,-0.4515686560962948,22.896822512993904,3.665971955352548,-0.9060685105914621,9.60981044800818,1.64590522992253,7.9639052180856496
D4-FULL,phase7d-qwen15b-r04-input-medium-a01,INPUT_MEDIUM,4,,,,,INPUT,-3.2422537998733216,-5.0,-5.0,5.0,-4.569316448270634,-5.02404195353843,-5.000114723313676,6.043126591472563,-10.907617633180143,1.2372760321761032,-12.144893665356246
D4-FULL,phase7d-qwen15b-r04-input-medium-a01,INPUT_MEDIUM,4,,,,,OUTPUT,2.2640900256105465,5.0,-2.850128318172185,0.0,7.3805686595594215,5.8916926996395755,-4.426170725859309,-1.3632485942336672,4.311945472013564,2.2389282010022167,2.0730172710113473
D4-FULL,phase7d-qwen15b-r04-input-medium-a01,INPUT_MEDIUM,4,,,,,LOAD,2.8579622438042236,2.6577913857895767,3.7919321205722354,0.18615770463959957,7.730291505062283,7.8454940751502455,12.480026884212489,-0.2666528593501305,9.618590347491804,1.6650998090494853,7.953490538442319
D4-FULL,phase7d-qwen15b-r04-input-medium-a01,INPUT_MEDIUM,4,,,,,DOWNSTREAM,-3.2761440412050673,-0.17235765853055796,0.8075507550695054,0.17235765853055796,-4.638639169944534,-0.7892885432258792,0.8622925542651335,2.4556617209334597,-3.97754010723522,1.64590522992253,-5.62344533715775
D4-FULL,phase7d-qwen15b-r04-output-medium-a01,OUTPUT_MEDIUM,4,,,,,INPUT,-0.061542779836083285,0.6436551292395679,0.584419726285076,0.0,-0.0867323946658036,0.6467500745819577,0.5844331355985913,-0.5361948705046489,0.9176784756762306,1.2372760321761032,-0.31959755649987254
D4-FULL,phase7d-qwen15b-r04-output-medium-a01,OUTPUT_MEDIUM,4,,,,,OUTPUT,0.7892158623942694,2.6525868682982243,0.4846957529927235,0.0,2.569871682180373,3.125645337422491,0.752719145719221,-1.3632485942336672,3.512660649341029,2.2389282010022167,1.2737324483388122
D4-FULL,phase7d-qwen15b-r04-output-medium-a01,OUTPUT_MEDIUM,4,,,,,LOAD,1.002938580555987,-0.3209623961594771,-0.09325178000940015,0.33039097401009526,2.7153321899080587,-0.9474440284812374,-0.3069107474799305,0.4258266318305967,0.06116583948503351,1.6650998090494853,-1.603933969564452
D4-FULL,phase7d-qwen15b-r04-output-medium-a01,OUTPUT_MEDIUM,4,,,,,DOWNSTREAM,-0.42761253357359363,-0.09735192660664546,1.1965903617378855,0.09735192660664546,-0.606780107624873,-0.4458099569620742,1.2777041603325527,0.9927210039616862,-0.9176829720464843,1.64590522992253,-2.563588201969014
D4-FULL,phase7d-qwen15b-r04-output-control-a01,OUTPUT_CONTROL,4,,,,,INPUT,0.4999090563851333,0.5844170947700118,0.5906361609053601,0.0,0.7045230925689064,0.5872272004979165,0.5906497128528712,-0.5361948705046489,1.163661539144547,1.2372760321761032,-0.0736144930315561
D4-FULL,phase7d-qwen15b-r04-output-control-a01,OUTPUT_CONTROL,4,,,,,OUTPUT,0.15138488765753477,0.6218393104965114,0.18140874384773145,0.17438047551179087,0.4894151803501298,0.7327372252002408,0.28172277939706103,-0.8127004436730112,1.3139921719888217,2.2389282010022167,-0.924936029013395
D4-FULL,phase7d-qwen15b-r04-output-control-a01,OUTPUT_CONTROL,4,,,,,LOAD,-0.019598034886766414,-0.13127940502898913,0.15300353556589744,0.36512821015514196,-0.04904199371910222,-0.3875216843018735,0.503566038770178,0.5926038512317354,-0.5702697309820013,1.6650998090494853,-2.2353695400314866
D4-FULL,phase7d-qwen15b-r04-output-control-a01,OUTPUT_CONTROL,4,,,,,DOWNSTREAM,0.34114361216494593,-0.060701246428565475,-1.727095748336007,0.060701246428565475,0.48133017818589674,-0.2779731331584739,-1.844171149545799,0.2778720055996066,-0.8248100404390653,1.64590522992253,-2.4707152703615956
D4-FULL,phase7d-qwen15b-r04-input-downstream-a01,INPUT_DOWNSTREAM,4,,,,,INPUT,-3.3099779313620377,-5.0,-5.0,5.0,-4.66476023739298,-5.02404195353843,-5.000114723313676,6.043126591472563,-10.939432229554258,1.2372760321761032,-12.176708261730361
D4-FULL,phase7d-qwen15b-r04-input-downstream-a01,INPUT_DOWNSTREAM,4,,,,,OUTPUT,1.9637978754642764,5.0,-2.5846881236975423,0.0,6.401085409348417,5.8916926996395755,-4.013949419625796,-1.3632485942336672,4.122858157354399,2.2389282010022167,1.883929956352182
D4-FULL,phase7d-qwen15b-r04-input-downstream-a01,INPUT_DOWNSTREAM,4,,,,,LOAD,3.1310715296276967,2.2230020873448426,3.2307036214214535,0.30147178161027227,8.468628154955606,6.562046140475902,10.632908704119382,0.2869824683044562,8.267545198212506,1.6650998090494853,6.602445389163021
D4-FULL,phase7d-qwen15b-r04-input-downstream-a01,INPUT_DOWNSTREAM,4,,,,,DOWNSTREAM,-3.579798511274513,3.0427980438204365,4.344329401836239,0.0,-5.068436777477883,13.934081350448317,4.638820375019113,-0.9060685105914621,5.407556826587977,1.64590522992253,3.7616515966654474
D4-FULL,phase7d-qwen15b-r04-load-medium-a01,LOAD_MEDIUM,4,,,,,INPUT,-3.073930202965083,-5.0,-5.0,5.0,-4.332097579095451,-5.02404195353843,-5.000114723313676,6.043126591472563,-10.828544676788415,1.2372760321761032,-12.065820708964518
D4-FULL,phase7d-qwen15b-r04-load-medium-a01,LOAD_MEDIUM,4,,,,,OUTPUT,2.179659828695064,5.0,-2.780707928302917,0.0,7.105176966335172,5.8916926996395755,-4.318362773684669,-1.3632485942336672,4.256084224997027,2.2389282010022167,2.01715602399481
D4-FULL,phase7d-qwen15b-r04-load-medium-a01,LOAD_MEDIUM,4,,,,,LOAD,3.0778358320006327,3.0037859109696203,3.673045206252026,0.0,8.324708234685644,8.866830065569987,12.088745648230507,-1.1604160885331742,10.920510738028554,1.6650998090494853,9.25541092897907
D4-FULL,phase7d-qwen15b-r04-load-medium-a01,LOAD_MEDIUM,4,,,,,DOWNSTREAM,-3.073523358214697,-0.1664493547981527,0.4665481700942269,0.1664493547981527,-4.351846471763218,-0.7622322668431306,0.49817427666654723,2.3404238867484657,-3.879058707395066,1.64590522992253,-5.5249639373175965
D4-FULL,phase7d-qwen15b-r04-input-load-a01,INPUT_LOAD,4,,,,,INPUT,-3.142449123984337,-5.0,-5.0,5.0,-4.4286614671054725,-5.02404195353843,-5.000114723313676,6.043126591472563,-10.860732639458423,1.2372760321761032,-12.098008671634526
D4-FULL,phase7d-qwen15b-r04-input-load-a01,INPUT_LOAD,4,,,,,OUTPUT,2.2465824680916673,5.0,-2.544410941826129,0.0,7.323463073104714,5.8916926996395755,-3.951400066257141,-1.3632485942336672,4.451167163062717,2.2389282010022167,2.2122389620605003
D4-FULL,phase7d-qwen15b-r04-input-load-a01,INPUT_LOAD,4,,,,,LOAD,2.8904840684527238,2.60298827714003,3.7321369858811675,0.19611446227084553,7.8182125546413594,7.683721610046818,12.283228823287015,-0.21884939147903867,9.480570387470769,1.6650998090494853,7.815470578421284
D4-FULL,phase7d-qwen15b-r04-input-load-a01,INPUT_LOAD,4,,,,,DOWNSTREAM,-3.302318230399316,-0.16781739422637162,2.5224971990125464,0.16781739422637162,-4.675686554401746,-0.7684970180388719,2.693490829162758,2.3671066552600037,-3.2840042363526236,1.64590522992253,-4.929909466275154
D4-FULL,phase7d-qwen15b-r04-output-load-a01,OUTPUT_LOAD,4,,,,,INPUT,-3.2832449528833223,-5.0,-5.0,5.0,-4.627085383475365,-5.02404195353843,-5.000114723313676,6.043126591472563,-10.926873944915053,1.2372760321761032,-12.164149977091157
D4-FULL,phase7d-qwen15b-r04-output-load-a01,OUTPUT_LOAD,4,,,,,OUTPUT,2.2075957997920734,5.0,-1.444748165749518,0.0,7.196297615857882,5.8916926996395755,-2.2436540827679066,-1.3632485942336672,4.978027338476851,2.2389282010022167,2.7390991374746343
D4-FULL,phase7d-qwen15b-r04-output-load-a01,OUTPUT_LOAD,4,,,,,LOAD,2.989068152934172,2.7540594748842606,3.7028828475459328,0.02310266077518905,8.084729463611932,8.129666387039203,12.186947449757811,-1.0494977210279,10.516612154497547,1.6650998090494853,8.851512345448063
D4-FULL,phase7d-qwen15b-r04-output-load-a01,OUTPUT_LOAD,4,,,,,DOWNSTREAM,-3.399890974177609,-0.18329423315594273,-0.4699326987952108,0.18329423315594273,-4.8137926452713575,-0.8393711048453888,-0.5017882339072954,2.668972889470633,-4.720623550811981,1.64590522992253,-6.366528780734511
D4-FULL,phase7d-qwen15b-r04-downstream-medium-a01,DOWNSTREAM_MEDIUM,4,,,,,INPUT,-0.7863993049253268,-0.3773652990558346,-0.09921903382846456,0.3773652990558346,-1.1082745215825747,-0.37917981885321794,-0.09922131037573262,-0.03963334828794852,-0.48925853531589325,1.2372760321761032,-1.7265345674919965
D4-FULL,phase7d-qwen15b-r04-downstream-medium-a01,DOWNSTREAM_MEDIUM,4,,,,,OUTPUT,1.228752517620572,3.00833640148028,0.7131416520837773,0.0,4.003538168094942,3.5448387229322718,1.1074893308201805,-1.3632485942336672,4.248537334849466,2.2389282010022167,2.0096091338472495
D4-FULL,phase7d-qwen15b-r04-downstream-medium-a01,DOWNSTREAM_MEDIUM,4,,,,,LOAD,3.0363621629791306,3.09153705683917,3.8600922152118486,0.0,8.212586342704597,9.125861341947862,12.704355745195494,-1.1604160885331742,11.174683898482492,1.6650998090494853,9.509584089433007
D4-FULL,phase7d-qwen15b-r04-downstream-medium-a01,DOWNSTREAM_MEDIUM,4,,,,,DOWNSTREAM,-0.8042187826351911,5.0,-2.6806603961784736,0.0,-1.1398348813344927,22.896822512993904,-2.86237550473118,-0.9060685105914621,7.204272552900872,1.64590522992253,5.558367322978342
D4-FULL,phase7d-qwen15b-r04-baseline-a01,BASELINE,4,,,,,INPUT,-0.3137752342377151,0.3347394816162399,0.5484184649000827,0.0,-0.4422042280954011,0.3363490398291389,0.5484310481767976,-0.5361948705046489,0.6837201571414939,1.2372760321761032,-0.5535558750346092
D4-FULL,phase7d-qwen15b-r04-baseline-a01,BASELINE,4,,,,,OUTPUT,1.014253056028425,2.753448149844239,0.5113715568352658,0.0,3.3038907423915083,3.24449407265468,0.7941459338760246,-1.3632485942336672,3.810758843874405,2.2389282010022167,1.5718306428721882
D4-FULL,phase7d-qwen15b-r04-baseline-a01,BASELINE,4,,,,,LOAD,1.5325139596489155,1.4566523158226206,1.6327137821351758,0.0,4.147011490326242,4.299869874830366,5.373596163476757,-1.1604160885331742,5.767241931410962,1.6650998090494853,4.102142122361476
D4-FULL,phase7d-qwen15b-r04-baseline-a01,BASELINE,4,,,,,DOWNSTREAM,-0.36547753084642165,-0.133125446884541,-0.0637952297548708,0.133125446884541,-0.5188331871988076,-0.6096299458556667,-0.06811974513047653,1.690461537405692,-2.0893224968006754,1.64590522992253,-3.7352277267232052
D4-FULL,phase7d-qwen15b-r05-baseline-a01,BASELINE,5,,,,,INPUT,-0.22935803416771844,0.28253451169043087,0.4999487712383173,0.0,-0.3232348553671281,0.28389304801104354,0.49996024239425824,-0.5361948705046489,0.6897343488507067,1.2372760321761032,-0.5475416833253964
D4-FULL,phase7d-qwen15b-r05-baseline-a01,BASELINE,5,,,,,OUTPUT,1.0229013853238917,2.780232507634145,0.507137878473974,0.0,3.3320995839582714,3.2760551137057448,0.7875711480651628,-1.3632485942336672,3.82849054281006,2.2389282010022167,1.5895623418078433
D4-FULL,phase7d-qwen15b-r05-baseline-a01,BASELINE,5,,,,,LOAD,1.6866525418336267,0.5256404605980619,0.3941287163980068,0.11085855562705733,4.563717074123661,1.5516301020955439,1.2971584986455413,-0.6281721996668618,3.099007424621777,1.6650998090494853,1.4339076155722918
D4-FULL,phase7d-qwen15b-r05-baseline-a01,BASELINE,5,,,,,DOWNSTREAM,-0.39609528735874366,-0.14507601788434926,-0.2875618974837235,0.14507601788434926,-0.562170071039263,-0.664355966477975,-0.3070549826545905,1.9235500822173965,-2.434743755608006,1.64590522992253,-4.080648985530536
D4-FULL,phase7d-qwen15b-r05-output-load-a01,OUTPUT_LOAD,5,,,,,INPUT,-3.1086531203676224,-5.0,-5.0,5.0,-4.381032674067216,-5.02404195353843,-5.000114723313676,6.043126591472563,-10.844856375112338,1.2372760321761032,-12.08213240728844
D4-FULL,phase7d-qwen15b-r05-output-load-a01,OUTPUT_LOAD,5,,,,,OUTPUT,2.1354676805771766,5.0,-2.3263256110184423,0.0,6.961032442906136,5.8916926996395755,-3.6127195581530804,-1.3632485942336672,4.443250455697877,2.2389282010022167,2.20432225469566
D4-FULL,phase7d-qwen15b-r05-output-load-a01,OUTPUT_LOAD,5,,,,,LOAD,3.0920168665217274,2.7896785544420624,3.7411185416791652,0.01616035181731158,8.363045918769716,8.234809807673031,12.31278896683836,-1.0828284955139271,10.719710059940963,1.6650998090494853,9.054610250891479
D4-FULL,phase7d-qwen15b-r05-output-load-a01,OUTPUT_LOAD,5,,,,,DOWNSTREAM,-3.4509385783753217,-0.17977562325117613,0.9128700131862517,0.17977562325117613,-4.886046276675066,-0.8232581075490081,0.9747511353817863,2.6003445651441,-4.178528981424863,1.64590522992253,-5.824434211347393
D4-FULL,phase7d-qwen15b-r05-input-load-a01,INPUT_LOAD,5,,,,,INPUT,-3.3338208001900216,-5.0,-5.0,5.0,-4.698362052498855,-5.02404195353843,-5.000114723313676,6.043126591472563,-10.95063283458955,1.2372760321761032,-12.187908866765653
D4-FULL,phase7d-qwen15b-r05-input-load-a01,INPUT_LOAD,5,,,,,OUTPUT,2.1486914795234617,5.0,-2.074048553743435,0.0,7.00416540381016,5.8916926996395755,-3.2209402412019514,-1.3632485942336672,4.588221214982928,2.2389282010022167,2.3492930139807116
D4-FULL,phase7d-qwen15b-r05-input-load-a01,INPUT_LOAD,5,,,,,LOAD,2.951741887842939,1.5149413988112759,2.3079222224505123,0.9850586011887239,7.98381986093257,4.471932534705975,7.59584572376449,3.5689565583708784,3.114909481430133,1.6650998090494853,1.4498096723806477
D4-FULL,phase7d-qwen15b-r05-input-load-a01,INPUT_LOAD,5,,,,,DOWNSTREAM,-3.432253990626144,-0.15337131266516407,2.9459949635120504,0.15337131266516407,-4.859599799168883,-0.7023431449358313,3.1456964234036064,2.085344710212601,-2.89076021711297,1.64590522992253,-4.5366654470355
D4-FULL,phase7d-qwen15b-r05-load-downstream-a01,LOAD_DOWNSTREAM,5,,,,,INPUT,-3.031982915194675,-5.0,-5.0,5.0,-4.272981160764117,-5.02404195353843,-5.000114723313676,6.043126591472563,-10.808839204011305,1.2372760321761032,-12.046115236187408
D4-FULL,phase7d-qwen15b-r05-load-downstream-a01,LOAD_DOWNSTREAM,5,,,,,OUTPUT,2.0920723601923434,5.0,-1.658905593329987,0.0,6.8194869864771865,5.8916926996395755,-2.576234665416867,-1.3632485942336672,4.741563601133633,2.2389282010022167,2.502635400131416
D4-FULL,phase7d-qwen15b-r05-load-downstream-a01,LOAD_DOWNSTREAM,5,,,,,LOAD,3.154735816784239,2.609285616172568,3.2128056054323255,0.10127193448016002,8.532603315846211,7.702310629611389,10.574002660019449,-0.6741986023333179,9.610504137492335,1.6650998090494853,7.94540432844285
D4-FULL,phase7d-qwen15b-r05-load-downstream-a01,LOAD_DOWNSTREAM,5,,,,,DOWNSTREAM,-3.1775801606151286,3.2470880391598875,2.9764476808711184,0.0,-4.499130207481147,14.86959970334187,3.178213452545143,-0.9060685105914621,5.422296160060084,1.64590522992253,3.776390930137554
D4-FULL,phase7d-qwen15b-r05-input-downstream-a01,INPUT_DOWNSTREAM,5,,,,,INPUT,-3.242917858597088,-5.0,-5.0,5.0,-4.57025230790298,-5.02404195353843,-5.000114723313676,6.043126591472563,-10.907929586390924,1.2372760321761032,-12.145205618567028
D4-FULL,phase7d-qwen15b-r05-input-downstream-a01,INPUT_DOWNSTREAM,5,,,,,OUTPUT,2.232352681619412,5.0,-2.572121109739542,0.0,7.277048814533972,5.8916926996395755,-3.9944331933079438,-1.3632485942336672,4.421351367855534,2.2389282010022167,2.1824231668533174
D4-FULL,phase7d-qwen15b-r05-input-downstream-a01,INPUT_DOWNSTREAM,5,,,,,LOAD,2.886473239372282,1.884071997360421,2.769489822935988,0.615928002639579,7.807369488292959,5.561563549148305,9.114959431441012,1.7967207200086253,5.697910102952132,1.6650998090494853,4.032810293902648
D4-FULL,phase7d-qwen15b-r05-input-downstream-a01,INPUT_DOWNSTREAM,5,,,,,DOWNSTREAM,-3.3084713443100404,3.0540377836266144,0.015559991577145361,0.0,-4.6843957745792215,13.985552215935174,0.016614763588755285,-0.9060685105914621,4.0119922455730315,1.64590522992253,2.3660870156505016
D4-FULL,phase7d-qwen15b-r05-downstream-medium-a01,DOWNSTREAM_MEDIUM,5,,,,,INPUT,-0.47022535625573897,0.13147077950040387,0.5402185783031428,0.046128120081146674,-0.6626897791953289,0.13210294237488565,0.5402309734362252,-0.47549652441453877,0.4787112366197994,1.2372760321761032,-0.7585647955563037
D4-FULL,phase7d-qwen15b-r05-downstream-medium-a01,DOWNSTREAM_MEDIUM,5,,,,,OUTPUT,1.174454152009368,2.7580518083029464,0.8419961408896461,0.0,3.826429510395759,3.24991874084124,1.3075968005827565,-1.3632485942336672,4.157896944840251,2.2389282010022167,1.9189687438380347
D4-FULL,phase7d-qwen15b-r05-downstream-medium-a01,DOWNSTREAM_MEDIUM,5,,,,,LOAD,2.091597519613918,0.5664314349994065,0.4592809696008995,0.0,5.658464612216082,1.6720403606645329,1.5115879361156446,-1.1604160885331742,4.107780391531927,1.6650998090494853,2.4426805824824416
D4-FULL,phase7d-qwen15b-r05-downstream-medium-a01,DOWNSTREAM_MEDIUM,5,,,,,DOWNSTREAM,-0.4454024888901848,5.0,-5.0,0.0,-0.6319603074468858,22.896822512993904,-5.338937205197193,-0.9060685105914621,6.54804351070807,1.64590522992253,4.9021382807855405
D4-FULL,phase7d-qwen15b-r05-output-downstream-a01,OUTPUT_DOWNSTREAM,5,,,,,INPUT,-0.2880213733281994,0.4484620642718468,0.5826792515754908,0.0,-0.4059092470347198,0.45061844509444104,0.5826926209544009,-0.5361948705046489,0.7453288101760229,1.2372760321761032,-0.49194722200008023
D4-FULL,phase7d-qwen15b-r05-output-downstream-a01,OUTPUT_DOWNSTREAM,5,,,,,OUTPUT,1.1418618456841956,2.655694559128203,0.4425325434774217,0.0,3.7201209768037122,3.129307249297635,0.6872408434003333,-1.3632485942336672,3.875471617400894,2.2389282010022167,1.6365434163986774
D4-FULL,phase7d-qwen15b-r05-output-downstream-a01,OUTPUT_DOWNSTREAM,5,,,,,LOAD,1.3590642679658091,-0.9138400500051731,-0.8805969395828286,0.9138400500051731,3.678099333435648,-2.6975505813902214,-2.898225266355895,3.2270286085888418,-3.866254113358998,1.6650998090494853,-5.531353922408483
D4-FULL,phase7d-qwen15b-r05-output-downstream-a01,OUTPUT_DOWNSTREAM,5,,,,,DOWNSTREAM,-0.3266410366576867,5.0,-0.794707621820093,0.0,-0.4638633648099468,22.896822512993904,-0.848578817877815,-0.9060685105914621,8.100861954026843,1.64590522992253,6.4549567241043135
D4-FULL,phase7d-qwen15b-r05-output-control-a01,OUTPUT_CONTROL,5,,,,,INPUT,0.5019653864085815,0.5824069807873034,0.5697182157997687,0.0,0.7074210836514002,0.5852074211018122,0.5697312877920842,-0.5361948705046489,1.1569814680197479,1.2372760321761032,-0.08029456415635527
D4-FULL,phase7d-qwen15b-r05-output-control-a01,OUTPUT_CONTROL,5,,,,,OUTPUT,0.2872192427682427,0.617470424385082,0.5728259601802446,0.1771419085185735,0.9324752988691978,0.7275891983185877,0.8895829285286502,-0.8039821406042794,1.6538646158430912,2.2389282010022167,-0.5850635851591255
D4-FULL,phase7d-qwen15b-r05-output-control-a01,OUTPUT_CONTROL,5,,,,,LOAD,-0.15547495605579145,-0.22367080304910503,0.02978604110358118,0.2916579685906467,-0.4163781334305945,-0.660250450614105,0.09803197471025771,0.23986529293962125,-0.5660641627177686,1.6650998090494853,-2.231163971767254
D4-FULL,phase7d-qwen15b-r05-output-control-a01,OUTPUT_CONTROL,5,,,,,DOWNSTREAM,0.4780504274566325,-0.06384111101239809,0.20147751673824066,0.06384111101239809,0.6751103706985238,-0.2923517175766441,0.21513516202490668,0.33911313514589314,-0.13981519676363105,1.64590522992253,-1.785720426686161
D4-FULL,phase7d-qwen15b-r05-input-medium-a01,INPUT_MEDIUM,5,,,,,INPUT,-3.292702039009215,-5.0,-5.0,5.0,-4.640413278777529,-5.02404195353843,-5.000114723313676,6.043126591472563,-10.931316576682441,1.2372760321761032,-12.168592608858544
D4-FULL,phase7d-qwen15b-r05-input-medium-a01,INPUT_MEDIUM,5,,,,,OUTPUT,2.1868920649256727,5.0,-3.264327689960793,0.0,7.12876684121535,5.8916926996395755,-5.069410934516222,-1.3632485942336672,4.013598129679902,2.2389282010022167,1.7746699286776857
D4-FULL,phase7d-qwen15b-r05-input-medium-a01,INPUT_MEDIUM,5,,,,,LOAD,2.9243284403566414,2.4053437966584235,3.457823246901789,0.18806258651634347,7.909709041455923,7.1002978662212906,11.380406006760737,-0.2575073158945591,9.054311620707209,1.6650998090494853,7.389211811657724
D4-FULL,phase7d-qwen15b-r05-input-medium-a01,INPUT_MEDIUM,5,,,,,DOWNSTREAM,-3.3523766435746913,-0.16689990929402626,0.710383492447359,0.16689990929402626,-4.746540068314357,-0.7642955201080203,0.7585385715570248,2.349211675365698,-3.933310680987482,1.64590522992253,-5.579215910910012
D4-FULL,phase7d-qwen15b-r05-output-medium-a01,OUTPUT_MEDIUM,5,,,,,INPUT,-0.12586606572049955,0.6452760798954672,0.582297225886437,0.0,-0.17738336351036507,0.6483788194019283,0.5823105864998964,-0.5361948705046489,0.8872968846351355,1.2372760321761032,-0.3499791475409677
D4-FULL,phase7d-qwen15b-r05-output-medium-a01,OUTPUT_MEDIUM,5,,,,,OUTPUT,1.002964652209741,2.654502793113028,0.08800893781913721,0.0,3.267070590893598,3.1279029454713783,0.1366754548226288,-1.3632485942336672,3.540464924629535,2.2389282010022167,1.3015367236273185
D4-FULL,phase7d-qwen15b-r05-output-medium-a01,OUTPUT_MEDIUM,5,,,,,LOAD,0.7945325985620162,-0.22528362746541875,0.034504867078242844,0.2997206467238713,2.1519175330273894,-0.6650113225433697,0.11356259950868121,0.27857508074112725,0.2549145225897731,1.6650998090494853,-1.4101852864597122
D4-FULL,phase7d-qwen15b-r05-output-medium-a01,OUTPUT_MEDIUM,5,,,,,DOWNSTREAM,-0.23165488486359295,-0.09111071705032456,-0.22891334689362658,0.09111071705032456,-0.32941837942717167,-0.41722918346657795,-0.24443079689931882,0.8709900462215845,-1.2013494994859406,1.64590522992253,-2.847254729408471
D4-FULL,phase7d-qwen15b-r05-load-medium-a01,LOAD_MEDIUM,5,,,,,INPUT,-2.7937369927896176,-5.0,-5.0,5.0,-3.937220582113127,-5.02404195353843,-5.000114723313676,6.043126591472563,-10.69691901112764,1.2372760321761032,-11.934195043303744
D4-FULL,phase7d-qwen15b-r05-load-medium-a01,LOAD_MEDIUM,5,,,,,OUTPUT,2.0544688649196696,5.0,-2.7375953382274956,0.0,6.696833118398943,5.8916926996395755,-4.251410109521752,-1.3632485942336672,4.142287163739256,2.2389282010022167,1.9033589627370398
D4-FULL,phase7d-qwen15b-r05-load-medium-a01,LOAD_MEDIUM,5,,,,,LOAD,3.244376737748957,2.9680652302383517,3.6451659325495966,0.0,8.774942850655078,8.76138672997341,11.996989236392068,-1.1604160885331742,11.004855694206693,1.6650998090494853,9.339755885157208
D4-FULL,phase7d-qwen15b-r05-load-medium-a01,LOAD_MEDIUM,5,,,,,DOWNSTREAM,-3.186911918886343,-0.17137260514433428,0.6260088570614162,0.17137260514433428,-4.512338533965292,-0.7847776247158417,0.6684443955496332,2.43644885986093,-3.97933944757143,1.64590522992253,-5.62524467749396
D4-FULL,phase7d-qwen15b-r06-input-medium-a01,INPUT_MEDIUM,6,,,,,INPUT,-3.273714519228251,-5.0,-5.0,5.0,-4.613654119315548,-5.02404195353843,-5.000114723313676,6.043126591472563,-10.92239685686178,1.2372760321761032,-12.159672889037884
D4-FULL,phase7d-qwen15b-r06-input-medium-a01,INPUT_MEDIUM,6,,,,,OUTPUT,2.147063092441031,5.0,-2.02172638538272,0.0,6.998853983344044,5.8916926996395755,-3.139685355786758,-1.3632485942336672,4.613535703299288,2.2389282010022167,2.374607502297071
D4-FULL,phase7d-qwen15b-r06-input-medium-a01,INPUT_MEDIUM,6,,,,,LOAD,2.9639072449428125,2.415212073095491,3.5041710957127807,0.2129162486890944,8.016708266681183,7.129427881742037,11.53294628986562,-0.13818220172027795,9.031209681149893,1.6650998090494853,7.366109872100408
D4-FULL,phase7d-qwen15b-r06-input-medium-a01,INPUT_MEDIUM,6,,,,,DOWNSTREAM,-3.4275830672326357,-0.16748502286348627,1.475438498322983,0.16748502286348627,-4.852988496199945,-0.7669749684179943,1.57545469853537,2.3606239560389146,-3.7087935447331044,1.64590522992253,-5.354698774655635
D4-FULL,phase7d-qwen15b-r06-load-medium-a01,LOAD_MEDIUM,6,,,,,INPUT,-3.0640605919342607,-5.0,-5.0,5.0,-4.318188311405509,-5.02404195353843,-5.000114723313676,6.043126591472563,-10.823908254225103,1.2372760321761032,-12.061184286401206
D4-FULL,phase7d-qwen15b-r06-load-medium-a01,LOAD_MEDIUM,6,,,,,OUTPUT,2.145171134119881,5.0,-1.5941203615822581,0.0,6.992682854712272,5.8916926996395755,-2.4756249860555863,-1.3632485942336672,4.8328321169990875,2.2389282010022167,2.593903915996871
D4-FULL,phase7d-qwen15b-r06-load-medium-a01,LOAD_MEDIUM,6,,,,,LOAD,3.101006879087148,2.6943260473575563,3.315568711323042,0.037148027790410924,8.387349946880798,7.953340188431274,10.912217133127626,-0.9820643982820662,10.066366821095299,1.6650998090494853,8.401267012045814
D4-FULL,phase7d-qwen15b-r06-load-medium-a01,LOAD_MEDIUM,6,,,,,DOWNSTREAM,-3.1298827939140614,-0.17838129302411243,1.4937448560364475,0.17838129302411243,-4.431618558174383,-0.8168729612022921,1.5950019973929828,2.5731490107544004,-3.7909788514156313,1.64590522992253,-5.436884081338161
D4-FULL,phase7d-qwen15b-r06-input-load-a01,INPUT_LOAD,6,,,,,INPUT,-3.296717499798457,-5.0,-5.0,5.0,-4.646072277783833,-5.02404195353843,-5.000114723313676,6.043126591472563,-10.933202909684542,1.2372760321761032,-12.170478941860646
D4-FULL,phase7d-qwen15b-r06-input-load-a01,INPUT_LOAD,6,,,,,OUTPUT,2.147733308436531,5.0,-2.3150829413335288,0.0,7.001040072262105,5.8916926996395755,-3.595260001991138,-1.3632485942336672,4.462406184203848,2.2389282010022167,2.2234779832016316
D4-FULL,phase7d-qwen15b-r06-input-load-a01,INPUT_LOAD,6,,,,,LOAD,2.9585368353175676,2.197424425730951,3.2289911501453066,0.3254395531365352,8.002189645539092,6.4865438291504525,10.627272609673279,0.4020543258840612,7.96994770223688,1.6650998090494853,6.304847893187395
D4-FULL,phase7d-qwen15b-r06-input-load-a01,INPUT_LOAD,6,,,,,DOWNSTREAM,-3.448460838287938,-0.17208425808123373,2.641635460090682,0.17208425808123373,-4.882539241980654,-0.7880365429132492,2.8207051680892694,2.4503292131491143,-3.4002860854173256,1.64590522992253,-5.046191315339856
D4-FULL,phase7d-qwen15b-r06-output-control-a01,OUTPUT_CONTROL,6,,,,,INPUT,0.7837351825421528,0.5934493784483705,0.5814802379116492,0.0,1.1045199671963266,0.5963029149251835,0.5814935797795951,-0.5361948705046489,1.2969670244716838,1.2372760321761032,0.059690992295580614
D4-FULL,phase7d-qwen15b-r06-output-control-a01,OUTPUT_CONTROL,6,,,,,OUTPUT,0.22084208489893759,0.6032677941702077,0.2418867353750584,0.18097911177232615,0.7159684261523201,0.7108536917680566,0.3756434334077167,-0.7918674520275989,1.3926893024702967,2.2389282010022167,-0.84623889853192
D4-FULL,phase7d-qwen15b-r06-output-control-a01,OUTPUT_CONTROL,6,,,,,LOAD,-0.06987148207838094,-0.3363000986448326,-0.12040332412279153,0.3815030083407814,-0.18495362508720464,-0.9927191597871228,-0.39627205187792963,0.6712210244073039,-1.195869303324723,1.6650998090494853,-2.8609691123742085
D4-FULL,phase7d-qwen15b-r06-output-control-a01,OUTPUT_CONTROL,6,,,,,DOWNSTREAM,0.43391018042549295,-0.04543160030513225,-0.40443667354013246,0.04543160030513225,0.6126335279714069,-0.2080478577335787,-0.4318524007019208,-0.019953060228448144,0.010864150073750606,1.64590522992253,-1.6350410798487796
D4-FULL,phase7d-qwen15b-r06-baseline-a01,BASELINE,6,,,,,INPUT,-0.7515556524082007,-0.37362811921114025,-0.317229161320209,0.37362811921114025,-1.0591692743096586,-0.37542466918768547,-0.3172364400363252,-0.04455096979984176,-0.539392491378048,1.2372760321761032,-1.776668523554151
D4-FULL,phase7d-qwen15b-r06-baseline-a01,BASELINE,6,,,,,OUTPUT,1.288699206044566,3.103143729302743,0.6318143103131518,0.0,4.199070342973039,3.6565538511730598,0.9811902105097134,-1.3632485942336672,4.308853395785604,2.2389282010022167,2.0699251947833877
D4-FULL,phase7d-qwen15b-r06-baseline-a01,BASELINE,6,,,,,LOAD,2.801271427589437,2.6840205928579635,3.3140873663168233,0.03947327187587751,7.577030852655179,7.922919673619399,10.907341722673388,-0.9709006504990302,9.773331400148354,1.6650998090494853,8.10823159109887
D4-FULL,phase7d-qwen15b-r06-baseline-a01,BASELINE,6,,,,,DOWNSTREAM,-0.684032338112744,-0.14572200387521878,-0.1931292306102097,0.14572200387521878,-0.9697209808150188,-0.667314171793739,-0.2062209669431914,1.936149642069636,-2.5505683485869524,1.64590522992253,-4.196473578509482
D4-FULL,phase7d-qwen15b-r06-load-downstream-a01,LOAD_DOWNSTREAM,6,,,,,INPUT,-3.0391227965736536,-5.0,-5.0,5.0,-4.283043413578793,-5.02404195353843,-5.000114723313676,6.043126591472563,-10.812193288282863,1.2372760321761032,-12.049469320458966
D4-FULL,phase7d-qwen15b-r06-load-downstream-a01,LOAD_DOWNSTREAM,6,,,,,OUTPUT,2.1377213084127815,5.0,-1.7757480289172904,0.0,6.968383253495454,5.8916926996395755,-2.757687747594685,-1.3632485942336672,4.730711329413783,2.2389282010022167,2.491783128411566
D4-FULL,phase7d-qwen15b-r06-load-downstream-a01,LOAD_DOWNSTREAM,6,,,,,LOAD,3.1068207945792174,2.658570949648007,3.285192532835184,0.06709612343802013,8.403067562904855,7.847795257878588,10.81224289516292,-0.8382803592292121,9.859315597878,1.6650998090494853,8.194215788828515
D4-FULL,phase7d-qwen15b-r06-load-downstream-a01,LOAD_DOWNSTREAM,6,,,,,DOWNSTREAM,-3.141221823066089,3.2447087664956342,4.603616197778134,0.0,-4.447668009381796,14.858704146561184,4.915683559353224,-0.9060685105914621,6.014975076102332,1.64590522992253,4.369069846179802
D4-FULL,phase7d-qwen15b-r06-input-downstream-a01,INPUT_DOWNSTREAM,6,,,,,INPUT,-3.245716314562084,-5.0,-5.0,5.0,-4.574196178944513,-5.02404195353843,-5.000114723313676,6.043126591472563,-10.909244210071437,1.2372760321761032,-12.14652024224754
D4-FULL,phase7d-qwen15b-r06-input-downstream-a01,INPUT_DOWNSTREAM,6,,,,,OUTPUT,2.2146254291594696,5.0,-2.7692194144994393,0.0,7.219226634206188,5.8916926996395755,-4.300521428382295,-1.3632485942336672,4.300047896054824,2.2389282010022167,2.0611196950526076
D4-FULL,phase7d-qwen15b-r06-input-downstream-a01,INPUT_DOWNSTREAM,6,,,,,LOAD,2.9034497780024533,2.412178579352216,3.4736723713833038,0.19307569918526216,7.85326467131902,7.120473357576929,11.432568728384215,-0.2334388209810368,9.035541073407758,1.6650998090494853,7.3704412643582735
D4-FULL,phase7d-qwen15b-r06-input-downstream-a01,INPUT_DOWNSTREAM,6,,,,,DOWNSTREAM,-3.3281055667912978,3.0573394046281033,-0.9320286775989837,0.0,-4.712186380942737,14.000671541950426,-0.9952085166287906,-0.9060685105914621,3.670494058717761,1.64590522992253,2.024588828795231
D4-FULL,phase7d-qwen15b-r06-downstream-medium-a01,DOWNSTREAM_MEDIUM,6,,,,,INPUT,-0.4135221880638214,0.13972778799179694,0.5590611377170175,0.04217048346005482,-0.5827778614119313,0.140399653789182,0.5590739651862706,-0.4807042371265101,0.5196028229810172,1.2372760321761032,-0.7176732091950859
D4-FULL,phase7d-qwen15b-r06-downstream-medium-a01,DOWNSTREAM_MEDIUM,6,,,,,OUTPUT,1.1164066671801531,2.7498877266262083,0.1438462003913707,0.0,3.6370920965492792,3.24029868875842,0.22338918466895238,-1.3632485942336672,3.730175250892551,2.2389282010022167,1.4912470498903345
D4-FULL,phase7d-qwen15b-r06-downstream-medium-a01,DOWNSTREAM_MEDIUM,6,,,,,LOAD,2.1227257562826667,0.28606440173987324,0.0835983590346205,0.04969902233749904,5.7426181696822525,0.8444291681285702,0.2751393577347759,-0.9218057190209445,3.209201284202811,1.6650998090494853,1.5441014751533255
D4-FULL,phase7d-qwen15b-r06-downstream-medium-a01,DOWNSTREAM_MEDIUM,6,,,,,DOWNSTREAM,-0.48101827593224744,5.0,-3.953881858549156,0.0,-0.6823714871591255,22.896822512993904,-4.221905391912463,-0.9060685105914621,6.903583721898899,1.64590522992253,5.257678491976369
D4-FULL,phase7d-qwen15b-r06-output-medium-a01,OUTPUT_MEDIUM,6,,,,,INPUT,-0.12519106311733366,0.6469970688315355,0.58302486580173,0.0,-0.17643208064121033,0.6501080835252049,0.5830382431106419,-0.5361948705046489,0.8884329525028611,1.2372760321761032,-0.348843079673242
D4-FULL,phase7d-qwen15b-r06-output-medium-a01,OUTPUT_MEDIUM,6,,,,,OUTPUT,1.1266200267621955,2.6542464935924306,0.5636811154060866,0.0,3.670405703428846,3.1276009378684932,0.8753812366350502,-1.3632485942336672,3.921044553544464,2.2389282010022167,1.6821163525422471
D4-FULL,phase7d-qwen15b-r06-output-medium-a01,OUTPUT_MEDIUM,6,,,,,LOAD,0.6738940345306499,-0.0732640696594177,0.23731440775072585,0.2606043352950006,1.8257774937156805,-0.2162670958705063,0.7810504235221063,0.09077344833444902,0.7060801587879779,1.6650998090494853,-0.9590196502615074
D4-FULL,phase7d-qwen15b-r06-output-medium-a01,OUTPUT_MEDIUM,6,,,,,DOWNSTREAM,-0.11176804842906095,-0.10173167981277968,-0.036487113185530856,0.10173167981277968,-0.159728549198361,-0.4658664433243884,-0.03896048121929433,1.0781453992871148,-1.2996638905344629,1.64590522992253,-2.9455691204569927
D4-FULL,phase7d-qwen15b-r06-output-load-a01,OUTPUT_LOAD,6,,,,,INPUT,-3.4434577686963164,-5.0,-5.0,5.0,-4.852873708419781,-5.02404195353843,-5.000114723313676,6.043126591472563,-11.002136719896527,1.2372760321761032,-12.23941275207263
D4-FULL,phase7d-qwen15b-r06-output-load-a01,OUTPUT_LOAD,6,,,,,OUTPUT,2.1875207693137737,5.0,-2.5254252117472524,0.0,7.130817528911247,5.8916926996395755,-3.921915750709523,-1.3632485942336672,4.396780086847434,2.2389282010022167,2.157851885845217
D4-FULL,phase7d-qwen15b-r06-output-load-a01,OUTPUT_LOAD,6,,,,,LOAD,2.981272383351267,2.4226895494009137,3.2506571405752056,0.09622807525846781,8.063654008854591,7.151500530620702,10.698579831016003,-0.6984147147647201,9.336326171595152,1.6650998090494853,7.671226362545667
D4-FULL,phase7d-qwen15b-r06-output-load-a01,OUTPUT_LOAD,6,,,,,DOWNSTREAM,-3.415430417632984,-0.1797742423152139,0.041680455874899824,0.1797742423152139,-4.835787433024663,-0.8232517837398824,0.04450586732001654,2.6003176308366167,-4.471828747318126,1.64590522992253,-6.117733977240656
D4-FULL,phase7d-qwen15b-r06-output-downstream-a01,OUTPUT_DOWNSTREAM,6,,,,,INPUT,-0.2243125754964363,0.4454343766470391,0.5930069193763621,0.0,-0.3161242777508231,0.44757619916459246,0.5930205257201268,-0.5361948705046489,0.7776856862159476,1.2372760321761032,-0.4595903459601556
D4-FULL,phase7d-qwen15b-r06-output-downstream-a01,OUTPUT_DOWNSTREAM,6,,,,,OUTPUT,1.1622886964619337,2.655086328853113,0.014727673428680144,0.0,3.7867486198560147,3.128590548123346,0.022871670925976185,-1.3632485942336672,3.675985540535446,2.2389282010022167,1.4370573395332293
D4-FULL,phase7d-qwen15b-r06-output-downstream-a01,OUTPUT_DOWNSTREAM,6,,,,,LOAD,1.3455633274038006,-0.3772088163690195,-0.16535808642797523,0.3915019670014107,3.641600247749468,-1.1134769830847382,-0.544227401368049,0.7192271039745893,-0.05792848287569563,1.6650998090494853,-1.723028291925181
D4-FULL,phase7d-qwen15b-r06-output-downstream-a01,OUTPUT_DOWNSTREAM,6,,,,,DOWNSTREAM,-0.3001237311772543,5.0,-2.621450886064194,0.0,-0.42633032783171865,22.896822512993904,-2.799152333441054,-0.9060685105914621,7.463181794498506,1.64590522992253,5.817276564575976
D4-FULL-F3,phase7d-qwen15b-r01-input-load-a01,INPUT_LOAD,1,,,,,INPUT,-3.3382396851970304,-1.6666666666666667,-5.0,3.3333333333333335,-4.704589598271593,-2.5793747661713295,-5.000114723313676,6.090196154615189,-10.184889183867387,1.7999261734133527,-11.98481535728074
D4-FULL-F3,phase7d-qwen15b-r01-input-load-a01,INPUT_LOAD,1,,,,,OUTPUT,2.041190469456546,3.3333333333333335,-3.2010919833161777,0.0,6.653522076337163,5.891692699639576,-4.971207624933683,-1.3632485942336672,3.887917644581352,2.2389282010022167,1.6489894435791355
D4-FULL-F3,phase7d-qwen15b-r01-input-load-a01,INPUT_LOAD,1,,,,,LOAD,3.0558688127857883,2.373449131798014,3.4007368953101835,0.17710353968462347,8.265321548779571,7.006148488836313,11.192523106979996,-0.31012288237916386,9.131453930577791,1.6650998090494853,7.4663541215283065
D4-FULL-F3,phase7d-qwen15b-r01-input-load-a01,INPUT_LOAD,1,,,,,DOWNSTREAM,-3.480000577763842,-0.16781142314864417,1.857080440660982,0.16781142314864417,-4.927181115903565,-0.7684696742974846,1.9829671715377828,2.3669901930576143,-3.6045513992787033,1.64590522992253,-5.250456629201233
D4-FULL-F3,phase7d-qwen15b-r01-output-downstream-a01,OUTPUT_DOWNSTREAM,1,,,,,INPUT,-0.3233819799784586,0.015090048423588595,0.5804648154348685,0.28608606763566463,-0.4557430390698067,0.02335373407446452,0.5804781340042882,-0.31320604031029703,0.362568983313279,1.7999261734133527,-1.4373571901000737
D4-FULL-F3,phase7d-qwen15b-r01-output-downstream-a01,OUTPUT_DOWNSTREAM,1,,,,,OUTPUT,1.0090048364311834,3.4305067592841794,0.5249358186569506,0.0007015841785273223,3.2867722689767906,6.063447488921645,0.8152108586410735,-1.3599260674070497,4.748402939586886,2.2389282010022167,2.5094747385846694
D4-FULL-F3,phase7d-qwen15b-r01-output-downstream-a01,OUTPUT_DOWNSTREAM,1,,,,,LOAD,1.4362344346641633,-0.15838133639561017,0.12687282730321844,0.25899553291438127,3.886724837251729,-0.4675234643884571,0.41756451467840866,0.08304941449118988,1.1958725480227037,1.6650998090494853,-0.4692272610267816
D4-FULL-F3,phase7d-qwen15b-r01-output-downstream-a01,OUTPUT_DOWNSTREAM,1,,,,,DOWNSTREAM,-0.43072280554221726,5.0,-0.5096303703226908,0.0,-0.6111824385063737,22.896822512993904,-0.5441769090028474,-0.9060685105914621,8.153222899086357,1.64590522992253,6.507317669163827
D4-FULL-F3,phase7d-qwen15b-r01-baseline-a01,BASELINE,1,,,,,INPUT,-0.38783528841684156,0.6113689548033892,0.5682343314289,0.0,-0.5465772490272351,0.946169792904241,0.5682473693739891,-0.9143794908725362,1.2369927952895345,1.7999261734133527,-0.5629333781238182
D4-FULL-F3,phase7d-qwen15b-r01-baseline-a01,BASELINE,1,,,,,OUTPUT,1.0499738979461894,1.8266433492218346,0.19115766047448474,0.0,3.420403832476757,3.22860638563664,0.2968625782289435,-1.3632485942336672,3.6785395263477807,2.2389282010022167,1.439611325345564
D4-FULL-F3,phase7d-qwen15b-r01-baseline-a01,BASELINE,1,,,,,LOAD,1.42787896970798,0.22285501526734874,-0.01478752899440656,0.08716320357592346,3.8641362753672492,0.6578423390359819,-0.04866879298815497,-0.741936141948225,2.2330394157532503,1.6650998090494853,0.567939606703765
D4-FULL-F3,phase7d-qwen15b-r01-baseline-a01,BASELINE,1,,,,,DOWNSTREAM,-0.3026887554000216,-0.11780414005219181,0.6526865352154845,0.11780414005219181,-0.42996090594887376,-0.5394680972141827,0.6969304852386395,1.3916288611910408,-1.4824617004991798,1.64590522992253,-3.12836693042171
D4-FULL-F3,phase7d-qwen15b-r01-output-load-a01,OUTPUT_LOAD,1,,,,,INPUT,-3.4956421189433593,-3.6194194009689977,-5.0,3.6194194009689977,-4.9264172446893495,-5.601503442630229,-5.000114723313676,6.691369605177427,-11.867381408721846,1.7999261734133527,-13.667307582135198
D4-FULL-F3,phase7d-qwen15b-r01-output-load-a01,OUTPUT_LOAD,1,,,,,OUTPUT,2.180692636371922,5.0,-2.6995226770256617,0.0,7.108545745105043,8.837539049459364,-4.192284315994256,-1.3632485942336672,5.281182087090384,2.2389282010022167,3.0422538860881674
D4-FULL-F3,phase7d-qwen15b-r01-output-load-a01,OUTPUT_LOAD,1,,,,,LOAD,2.980718747063467,2.505562877575109,3.355236492661197,0.015550577848009488,8.062157282147695,7.396133050936239,11.042771943128425,-1.0857560861443032,9.919443511548423,1.6650998090494853,8.254343702498938
D4-FULL-F3,phase7d-qwen15b-r01-output-load-a01,OUTPUT_LOAD,1,,,,,DOWNSTREAM,-3.416081813885122,-0.1883240819397784,0.0034695105188062153,0.1883240819397784,-4.836709430157328,-0.8624046158195254,0.0037046997585355236,2.76707699961449,-4.665546781687263,1.64590522992253,-6.311452011609793
D4-FULL-F3,phase7d-qwen15b-r01-input-downstream-a01,INPUT_DOWNSTREAM,1,,,,,INPUT,-3.3330819372692213,-1.6666666666666667,-5.0,3.3333333333333335,-4.697320771123177,-2.5793747661713295,-5.000114723313676,6.090196154615189,-10.182466241484583,1.7999261734133527,-11.982392414897935
D4-FULL-F3,phase7d-qwen15b-r01-input-downstream-a01,INPUT_DOWNSTREAM,1,,,,,OUTPUT,2.110051981545162,3.3333333333333335,-3.178880183629715,0.0,6.878132335520257,5.891692699639576,-4.936713312199047,-1.3632485942336672,3.974285835220596,2.2389282010022167,1.7353576342183792
D4-FULL-F3,phase7d-qwen15b-r01-input-downstream-a01,INPUT_DOWNSTREAM,1,,,,,LOAD,2.9883242641169963,2.26018473112894,3.2724320281128567,0.25645928846428934,8.082718399156505,6.671805022631317,10.770245455090935,0.07087263118748374,8.437383661105436,1.6650998090494853,6.772283852055951
D4-FULL-F3,phase7d-qwen15b-r01-input-downstream-a01,INPUT_DOWNSTREAM,1,,,,,DOWNSTREAM,-3.432161913806588,3.0421022601255596,0.3551612312704351,0.0,-4.8594694721009315,13.93089510329451,0.3792367022946741,-0.9060685105914621,4.05628928842088,1.64590522992253,2.41038405849835
D4-FULL-F3,phase7d-qwen15b-r01-load-medium-a01,LOAD_MEDIUM,1,,,,,INPUT,-3.073342214533317,-2.951885243152447,-5.0,3.3333333333333335,-4.3312689255172625,-4.568410985292564,-5.000114723313676,6.090196154615189,-10.723461032656356,1.7999261734133527,-12.523387206069708
D4-FULL-F3,phase7d-qwen15b-r01-load-medium-a01,LOAD_MEDIUM,1,,,,,OUTPUT,2.1515660791153315,3.3333333333333335,-3.122455102789139,0.0,7.013541680046246,5.891692699639576,-4.849086716782821,-1.3632485942336672,4.0486311485346675,2.2389282010022167,1.8097029475324509
D4-FULL-F3,phase7d-qwen15b-r01-load-medium-a01,LOAD_MEDIUM,1,,,,,LOAD,3.1073315701645248,2.904562095711553,3.535189633535074,0.0,8.404448417947428,8.573932790455332,11.635034664241047,-1.1604160885331742,10.698221379414441,1.6650998090494853,9.033121570364957
D4-FULL-F3,phase7d-qwen15b-r01-load-medium-a01,LOAD_MEDIUM,1,,,,,DOWNSTREAM,-3.0992399707631586,-0.17416050580515288,-0.1527462083555179,0.17416050580515288,-4.388246194595104,-0.7975444380387661,-0.1631004829484153,2.490825149338665,-4.273788854532761,1.64590522992253,-5.9196940844552906
D4-FULL-F3,phase7d-qwen15b-r01-output-control-a01,OUTPUT_CONTROL,1,,,,,INPUT,0.6209427458232799,0.11191642696645783,0.5797592070257547,0.28608606763566463,0.875096176010496,0.1732046445824025,0.5797725094052274,-0.31320604031029703,0.8558971503096724,1.7999261734133527,-0.9440290231036803
D4-FULL-F3,phase7d-qwen15b-r01-output-control-a01,OUTPUT_CONTROL,1,,,,,OUTPUT,0.15794374686709753,0.39250948635138694,0.3358377304966612,0.12397120366127407,0.5108086557810717,0.6937635825827239,0.5215467394522928,-0.7761520454527979,1.3515250380581607,2.2389282010022167,-0.887403162944056
D4-FULL-F3,phase7d-qwen15b-r01-output-control-a01,OUTPUT_CONTROL,1,,,,,LOAD,-0.06348448430247486,-0.2147664094548591,0.04208910581339317,0.2790863422685096,-0.1676867111244671,-0.633965706235754,0.1385238858137425,0.1795075583000115,-0.4005504021488377,1.6650998090494853,-2.065650211198323
D4-FULL-F3,phase7d-qwen15b-r01-output-control-a01,OUTPUT_CONTROL,1,,,,,DOWNSTREAM,0.3788151108319369,-0.060372706633808726,-0.42646622248208826,0.060372706633808726,0.5346510464595156,-0.2764686296846738,-0.4553752763939049,0.27146403876071534,-0.3371949919670697,1.64590522992253,-1.9831002218896
D4-FULL-F3,phase7d-qwen15b-r01-load-downstream-a01,LOAD_DOWNSTREAM,1,,,,,INPUT,-3.0196022104930456,-2.951885243152447,-5.0,3.3333333333333335,-4.255533002437787,-4.568410985292564,-5.000114723313676,6.090196154615189,-10.698215724963198,1.7999261734133527,-12.49814189837655
D4-FULL-F3,phase7d-qwen15b-r01-load-downstream-a01,LOAD_DOWNSTREAM,1,,,,,OUTPUT,2.171162881103075,3.3333333333333335,-2.6630603051775275,0.0,7.077461896726393,5.891692699639576,-4.135659257451941,-1.3632485942336672,4.307747040538343,2.2389282010022167,2.0688188395361267
D4-FULL-F3,phase7d-qwen15b-r01-load-downstream-a01,LOAD_DOWNSTREAM,1,,,,,LOAD,3.091677524778641,2.9413322922841743,3.60178392757096,0.0,8.362128526140594,8.682474175943685,11.854210154064317,-1.1604160885331742,10.793353707249373,1.6650998090494853,9.128253898199889
D4-FULL-F3,phase7d-qwen15b-r01-load-downstream-a01,LOAD_DOWNSTREAM,1,,,,,DOWNSTREAM,-3.077945901760455,3.28286999005607,3.5746266210674618,0.0,-4.35810621374806,15.033458299109578,3.81694141238108,-0.9060685105914621,5.736833009838994,1.64590522992253,4.0909277799164645
D4-FULL-F3,phase7d-qwen15b-r01-output-medium-a01,OUTPUT_MEDIUM,1,,,,,INPUT,-0.10615536421449367,0.14532336144083,0.5829631280236723,0.28608606763566463,-0.1496050222213937,0.22490604686140325,0.5829765039160318,-0.31320604031029703,0.5326318831623108,1.7999261734133527,-1.267294290251042
D4-FULL-F3,phase7d-qwen15b-r01-output-medium-a01,OUTPUT_MEDIUM,1,,,,,OUTPUT,1.1632994402218875,3.429688612015829,0.34923977679477813,3.719279507772162e-05,3.7900454312533416,6.062001407235195,0.5423597479800557,-1.3630724584780662,4.827874653967597,2.2389282010022167,2.5889464529653803
D4-FULL-F3,phase7d-qwen15b-r01-output-medium-a01,OUTPUT_MEDIUM,1,,,,,LOAD,0.6013221760754194,-0.27345965362240754,-0.03041314413524634,0.29256945063557105,1.6295832753945907,-0.8072214033645373,-0.10009589949727934,0.24424141659988619,-0.003486092422294834,1.6650998090494853,-1.66858590147178
D4-FULL-F3,phase7d-qwen15b-r01-output-medium-a01,OUTPUT_MEDIUM,1,,,,,DOWNSTREAM,-0.05163524051575384,-0.11592363970400496,0.7159823802618064,0.11592363970400496,-0.07461556874564094,-0.5308566006725711,0.7645169936490804,1.3549508572961801,-1.3019359158858907,1.64590522992253,-2.947841145808421
D4-FULL-F3,phase7d-qwen15b-r01-downstream-medium-a01,DOWNSTREAM_MEDIUM,1,,,,,INPUT,-0.4705552303175147,0.46953935612898645,0.5686999073400328,0.030921711644470218,-0.6631546715416309,0.7266707801540644,0.5687129559676042,-0.8494014503820411,1.0601444719087203,1.7999261734133527,-0.7397817015046324
D4-FULL-F3,phase7d-qwen15b-r01-downstream-medium-a01,DOWNSTREAM_MEDIUM,1,,,,,OUTPUT,1.0980276352482539,1.836577532400942,0.5697618409528182,0.0,3.5771439629613053,3.2461651319906086,0.8848244358185132,-1.3632485942336672,3.9326264378238096,2.2389282010022167,1.693698236821593
D4-FULL-F3,phase7d-qwen15b-r01-downstream-medium-a01,DOWNSTREAM_MEDIUM,1,,,,,LOAD,2.148030294979072,0.3441746269655993,0.16159292722454136,0.00032353047455037533,5.811027664701313,1.0159638604869174,0.5318354896491484,-1.1588627838110672,3.6118051220901934,1.6650998090494853,1.9467053130407082
D4-FULL-F3,phase7d-qwen15b-r01-downstream-medium-a01,DOWNSTREAM_MEDIUM,1,,,,,DOWNSTREAM,-0.5121341218450284,5.0,0.09519970967552031,0.0,-0.7264133750543738,22.896822512993904,0.10165305438212133,-0.9060685105914621,8.330089241365346,1.64590522992253,6.684184011442817
D4-FULL-F3,phase7d-qwen15b-r01-input-medium-a01,INPUT_MEDIUM,1,,,,,INPUT,-3.3457114117289177,-1.6666666666666667,-5.0,3.3333333333333335,-4.71511952129627,-2.5793747661713295,-5.000114723313676,6.090196154615189,-10.188399158208949,1.7999261734133527,-11.9883253316223
D4-FULL-F3,phase7d-qwen15b-r01-input-medium-a01,INPUT_MEDIUM,1,,,,,OUTPUT,2.2932729120125086,3.3333333333333335,-2.734012497485908,0.0,7.475756457207843,5.891692699639576,-4.245846056596583,-1.3632485942336672,4.403782960983946,2.2389282010022167,2.1648547599817296
D4-FULL-F3,phase7d-qwen15b-r01-input-medium-a01,INPUT_MEDIUM,1,,,,,LOAD,2.809634792815202,2.649909359219277,3.7790878346647365,0.1844065167792753,7.599640772504689,7.822227240481395,12.437753703064429,-0.2750605012469818,9.56160107326382,1.6650998090494853,7.896501264214335
D4-FULL-F3,phase7d-qwen15b-r01-input-medium-a01,INPUT_MEDIUM,1,,,,,DOWNSTREAM,-3.2485829465679643,-0.17741613565056066,2.074554102865979,0.17741613565056066,-4.5996287363641635,-0.8124531537864277,2.2151828167971317,2.5543242091847453,-3.6199572336358985,1.64590522992253,-5.265862463558428
D4-FULL-F3,phase7d-qwen15b-r02-downstream-medium-a01,DOWNSTREAM_MEDIUM,2,,,,,INPUT,-0.5020498244206767,0.42944438904932764,0.4831302986045901,0.041599936551161884,-0.7075400823545684,0.6646188123526191,0.48314138386634875,-0.8269625201465052,0.973702558101305,1.7999261734133527,-0.8262236153120477
D4-FULL-F3,phase7d-qwen15b-r02-downstream-medium-a01,DOWNSTREAM_MEDIUM,2,,,,,OUTPUT,1.1475700865785883,1.856629493928925,0.3970824596314033,0.0,3.7387399328486963,3.28160713059497,0.6166581158352425,-1.3632485942336672,3.908916987326637,2.2389282010022167,1.6699887863244203
D4-FULL-F3,phase7d-qwen15b-r02-downstream-medium-a01,DOWNSTREAM_MEDIUM,2,,,,,LOAD,2.258043391105751,0.8201103489460216,0.7987488878190442,0.0,6.1084423080505905,2.420871298638041,2.628846529091396,-1.1604160885331742,4.87980280045985,1.6650998090494853,3.214702991410365
D4-FULL-F3,phase7d-qwen15b-r02-downstream-medium-a01,DOWNSTREAM_MEDIUM,2,,,,,DOWNSTREAM,-0.51834534349621,5.0,-0.04090747136426531,0.0,-0.735204841898009,22.896822512993904,-0.04368048416744295,-0.9060685105914621,8.278714239567613,1.64590522992253,6.632809009645083
D4-FULL-F3,phase7d-qwen15b-r02-input-load-a01,INPUT_LOAD,2,,,,,INPUT,-3.3600380547656834,-1.6666666666666667,-5.0,3.3333333333333335,-4.735310095420649,-2.5793747661713295,-5.000114723313676,6.090196154615189,-10.195129349583741,1.7999261734133527,-11.995055522997093
D4-FULL-F3,phase7d-qwen15b-r02-input-load-a01,INPUT_LOAD,2,,,,,OUTPUT,2.0589161211303146,3.3333333333333335,-2.6230629203563685,0.0,6.711339035272235,5.891692699639576,-4.073544421190857,-1.3632485942336672,4.206411032140652,2.2389282010022167,1.9674828311384354
D4-FULL-F3,phase7d-qwen15b-r02-input-load-a01,INPUT_LOAD,2,,,,,LOAD,3.033956163920988,2.3761365085763217,3.414942040605546,0.18507002187783764,8.20608185026715,7.0140813155828505,11.23927515568321,-0.2718749416666326,9.091687715511036,1.6650998090494853,7.426587906461551
D4-FULL-F3,phase7d-qwen15b-r02-input-load-a01,INPUT_LOAD,2,,,,,DOWNSTREAM,-3.4771108808929037,-0.16884922413093573,2.6682484630599195,0.16884922413093573,-4.9230909906986176,-0.7732221432765527,2.8491221984281663,2.387231863582845,-3.33629550876518,1.64590522992253,-4.98220073868771
D4-FULL-F3,phase7d-qwen15b-r02-output-load-a01,OUTPUT_LOAD,2,,,,,INPUT,-3.3642923028463514,-3.6194194009689977,-5.0,3.6194194009689977,-4.74130561795833,-5.601503442630229,-5.000114723313676,6.691369605177427,-11.805677533144838,1.7999261734133527,-13.60560370655819
D4-FULL-F3,phase7d-qwen15b-r02-output-load-a01,OUTPUT_LOAD,2,,,,,OUTPUT,2.1568037391167647,5.0,-2.240753230201052,0.0,7.030625710511928,8.837539049459364,-3.479828009200324,-1.3632485942336672,5.49269417782399,2.2389282010022167,3.2537659768217737
D4-FULL-F3,phase7d-qwen15b-r02-output-load-a01,OUTPUT_LOAD,2,,,,,LOAD,3.0249052973042643,2.537558682900339,3.404388115951603,0.015732404063362907,8.18161330641565,7.490580983325102,11.204540023505979,-1.0848831188626156,10.043794556611525,1.6650998090494853,8.37869474756204
D4-FULL-F3,phase7d-qwen15b-r02-output-load-a01,OUTPUT_LOAD,2,,,,,DOWNSTREAM,-3.4417773494519337,-0.1834660443603099,0.9931552830356135,0.1834660443603099,-4.873079320277431,-0.8401578909758165,1.060478738227397,2.6723239614494467,-4.223243452458063,1.64590522992253,-5.869148682380593
D4-FULL-F3,phase7d-qwen15b-r02-input-downstream-a01,INPUT_DOWNSTREAM,2,,,,,INPUT,-3.2642228939286624,-1.6666666666666667,-5.0,3.3333333333333335,-4.600277547868881,-2.5793747661713295,-5.000114723313676,6.090196154615189,-10.150118500399817,1.7999261734133527,-11.950044673813169
D4-FULL-F3,phase7d-qwen15b-r02-input-downstream-a01,INPUT_DOWNSTREAM,2,,,,,OUTPUT,2.2059401277301744,3.3333333333333335,-2.2724960576836937,0.0,7.190897198125742,5.891692699639576,-3.5291237454181843,-1.3632485942336672,4.547737311682711,2.2389282010022167,2.3088091106804947
D4-FULL-F3,phase7d-qwen15b-r02-input-downstream-a01,INPUT_DOWNSTREAM,2,,,,,LOAD,2.9054455750987622,2.7438036449631262,3.9334177362806124,0.20625965724733328,7.858660204237326,8.099392358267714,12.94568508473519,-0.17014121557822529,9.804720431324968,1.6650998090494853,8.139620622275483
D4-FULL-F3,phase7d-qwen15b-r02-input-downstream-a01,INPUT_DOWNSTREAM,2,,,,,DOWNSTREAM,-3.35596044768765,3.0250886397106695,1.7397449209848408,0.0,-4.751612644500262,13.852983533905872,1.8576777772397635,-0.9060685105914621,4.559084732806587,1.64590522992253,2.9131795028840575
D4-FULL-F3,phase7d-qwen15b-r02-load-medium-a01,LOAD_MEDIUM,2,,,,,INPUT,-2.9603544340979675,-2.951885243152447,-5.0,3.3333333333333335,-4.1720349619031225,-4.568410985292564,-5.000114723313676,6.090196154615189,-10.670383044784977,1.7999261734133527,-12.470309218198329
D4-FULL-F3,phase7d-qwen15b-r02-load-medium-a01,LOAD_MEDIUM,2,,,,,OUTPUT,2.121866462597688,3.3333333333333335,-2.520634147704812,0.0,6.916668428772271,5.891692699639576,-3.9144753602979203,-1.3632485942336672,4.327877183604976,2.2389282010022167,2.088948982602759
D4-FULL-F3,phase7d-qwen15b-r02-load-medium-a01,LOAD_MEDIUM,2,,,,,LOAD,3.1559341140313046,3.1850747042552703,3.913726169124945,0.0,8.53584284969182,9.401973704464417,12.880876095628626,-1.1604160885331742,11.43331363846146,1.6650998090494853,9.768213829411975
D4-FULL-F3,phase7d-qwen15b-r02-load-medium-a01,LOAD_MEDIUM,2,,,,,DOWNSTREAM,-3.1237375532751357,-0.17114794840217198,1.9376100428400762,0.17114794840217198,-4.422920481957284,-0.7837488396055142,2.068955669376522,2.432067068136201,-3.47797161886496,1.64590522992253,-5.12387684878749
D4-FULL-F3,phase7d-qwen15b-r02-output-medium-a01,OUTPUT_MEDIUM,2,,,,,INPUT,0.15629826386107312,0.14293245666351642,0.5801315788727164,0.28608606763566463,0.22027153701676533,0.22120582319085058,0.5801448897961355,-0.31320604031029703,0.6537467903115475,1.7999261734133527,-1.1461793831018052
D4-FULL-F3,phase7d-qwen15b-r02-output-medium-a01,OUTPUT_MEDIUM,2,,,,,OUTPUT,0.8110099126761415,3.4387419953093983,0.46728873939369586,0.0,2.640958812479824,6.078003332912523,0.7256865333538727,-1.3632485942336672,4.5114648204824075,2.2389282010022167,2.272536619480191
D4-FULL-F3,phase7d-qwen15b-r02-output-medium-a01,OUTPUT_MEDIUM,2,,,,,LOAD,1.0427372900149565,-0.4725215981073866,-0.29490989869274464,0.4953788719539568,2.8229259164392264,-1.3948293376798293,-0.9706090054034031,1.2179513345277546,-1.0654554767424234,1.6650998090494853,-2.7305552857919086
D4-FULL-F3,phase7d-qwen15b-r02-output-medium-a01,OUTPUT_MEDIUM,2,,,,,DOWNSTREAM,-0.4128871272844757,-0.12225247959886647,-0.4348671032316161,0.12225247959886647,-0.5859375216699486,-0.5598386654297309,-0.4643456313519207,1.4783909909486388,-2.015098263765839,1.64590522992253,-3.6610034936883693
D4-FULL-F3,phase7d-qwen15b-r02-input-medium-a01,INPUT_MEDIUM,2,,,,,INPUT,-3.3657287576667594,-1.6666666666666667,-5.0,3.3333333333333335,-4.743330017355547,-2.5793747661713295,-5.000114723313676,6.090196154615189,-10.197802656895373,1.7999261734133527,-11.997728830308725
D4-FULL-F3,phase7d-qwen15b-r02-input-medium-a01,INPUT_MEDIUM,2,,,,,OUTPUT,2.121857312362907,3.3333333333333335,-2.4310160316611857,0.0,6.916638582831579,5.891692699639576,-3.7753008960431504,-1.3632485942336672,4.374258723043003,2.2389282010022167,2.135330522040786
D4-FULL-F3,phase7d-qwen15b-r02-input-medium-a01,INPUT_MEDIUM,2,,,,,LOAD,2.970511301802514,2.4005063171590217,3.4671444653341488,0.1998520318415895,8.03456198850831,7.0860181838676874,11.41108404975585,-0.20090491663008406,9.044792990674033,1.6650998090494853,7.379693181624548
D4-FULL-F3,phase7d-qwen15b-r02-input-medium-a01,INPUT_MEDIUM,2,,,,,DOWNSTREAM,-3.4371034719592553,-0.16485598535662455,2.703665945162342,0.16485598535662455,-4.866463836027198,-0.754935647383071,2.886940541010372,2.309346194772141,-3.22083250890544,1.64590522992253,-4.86673773882797
D4-FULL-F3,phase7d-qwen15b-r02-load-downstream-a01,LOAD_DOWNSTREAM,2,,,,,INPUT,-3.0692849256114534,-2.951885243152447,-5.0,3.3333333333333335,-4.325550978018278,-4.568410985292564,-5.000114723313676,6.090196154615189,-10.721555050156695,1.7999261734133527,-12.521481223570047
D4-FULL-F3,phase7d-qwen15b-r02-load-downstream-a01,LOAD_DOWNSTREAM,2,,,,,OUTPUT,2.1776574334977115,3.3333333333333335,-2.230687738494454,0.0,7.098645618262455,5.891692699639576,-3.4641965779945547,-1.3632485942336672,4.538629174202827,2.2389282010022167,2.29970097320061
D4-FULL-F3,phase7d-qwen15b-r02-load-downstream-a01,LOAD_DOWNSTREAM,2,,,,,LOAD,3.0700037941838305,2.5701303649382625,3.1450906864429715,0.1553690646904899,8.303534730657542,7.586728837446575,10.351138963471557,-0.414472442301825,9.161606619493716,1.6650998090494853,7.496506810444231
D4-FULL-F3,phase7d-qwen15b-r02-load-downstream-a01,LOAD_DOWNSTREAM,2,,,,,DOWNSTREAM,-3.0878561575534005,3.2623123006349997,5.0,0.0,-4.372133355284549,14.93931714591928,5.338937205197193,-0.9060685105914621,6.208108842535436,1.64590522992253,4.562203612612906
D4-FULL-F3,phase7d-qwen15b-r02-baseline-a01,BASELINE,2,,,,,INPUT,-0.31992673726731763,0.5974655729799786,0.5423058729265926,0.0,-0.4508735568123102,0.9246525735603908,0.5423183159519461,-0.9143794908725362,1.253078601772545,1.7999261734133527,-0.5468475716408077
D4-FULL-F3,phase7d-qwen15b-r02-baseline-a01,BASELINE,2,,,,,OUTPUT,0.8733545413061327,1.8392154605954616,0.27717510470411616,0.0,2.8443125113825665,3.2508276906763562,0.4304452983945376,-1.3632485942336672,3.538443761051487,2.2389282010022167,1.2995155600492705
D4-FULL-F3,phase7d-qwen15b-r02-baseline-a01,BASELINE,2,,,,,LOAD,1.69565413742623,1.0484350678181327,1.0890439048228135,0.0,4.5880524163420615,3.0948595727739083,3.5842670116746222,-1.1604160885331742,4.916142422130038,1.6650998090494853,3.251042613080553
D4-FULL-F3,phase7d-qwen15b-r02-baseline-a01,BASELINE,2,,,,,DOWNSTREAM,-0.5101283114783034,-0.13183648743984058,-0.2715986948132466,0.13183648743984058,-0.7235743175671356,-0.6037273307293161,-0.290009675324288,1.6653211753852206,-2.204424949925467,1.64590522992253,-3.8503301798479974
D4-FULL-F3,phase7d-qwen15b-r02-output-downstream-a01,OUTPUT_DOWNSTREAM,2,,,,,INPUT,-0.27720712923918533,0.012561327640488007,0.5829180497007902,0.28608606763566463,-0.3906687055960834,0.019440222927290925,0.5829314245588427,-0.31320604031029703,0.38377368760698044,1.7999261734133527,-1.4161524858063723
D4-FULL-F3,phase7d-qwen15b-r02-output-downstream-a01,OUTPUT_DOWNSTREAM,2,,,,,OUTPUT,1.1033593495747063,3.4376980709432527,0.18874203904761508,0.0,3.594534776790859,6.076158188442425,0.2931111847298516,-1.3632485942336672,4.684516644221379,2.2389282010022167,2.445588443219162
D4-FULL-F3,phase7d-qwen15b-r02-output-downstream-a01,OUTPUT_DOWNSTREAM,2,,,,,LOAD,1.4005134425911654,-0.32281622550699385,-0.09233391101509025,0.34058082655946764,3.7901550060996296,-0.952916319211069,-0.303889852231562,0.4747492135580511,0.36970039799428167,1.6650998090494853,-1.2953994110552036
D4-FULL-F3,phase7d-qwen15b-r02-output-downstream-a01,OUTPUT_DOWNSTREAM,2,,,,,DOWNSTREAM,-0.3646232717683818,5.0,0.1794036997280516,0.0,-0.5176240546348403,22.896822512993904,0.19156501744562407,-0.9060685105914621,8.429656335859692,1.64590522992253,6.783751105937162
D4-FULL-F3,phase7d-qwen15b-r02-output-control-a01,OUTPUT_CONTROL,2,,,,,INPUT,0.5614294907800723,0.10728761206990345,0.5812462139595367,0.28608606763566463,0.7912239957482111,0.1660409755775323,0.581259550457882,-0.31320604031029703,0.8260475475715054,1.7999261734133527,-0.9738786258418473
D4-FULL-F3,phase7d-qwen15b-r02-output-control-a01,OUTPUT_CONTROL,2,,,,,OUTPUT,0.2806917827942594,0.395562012607997,0.3433829545974141,0.12242468799147939,0.9111842404521691,0.6991589465811822,0.53326426452717,-0.7834759560510429,1.4980117732378835,2.2389282010022167,-0.7409164277643332
D4-FULL-F3,phase7d-qwen15b-r02-output-control-a01,OUTPUT_CONTROL,2,,,,,LOAD,-0.17816232552431455,-0.20323699546457297,0.05719891203327416,0.268664510944402,-0.47771224851853233,-0.5999322039697844,0.18825335929674855,0.12947122144106443,-0.4259349191715872,1.6650998090494853,-2.0910347282210724
D4-FULL-F3,phase7d-qwen15b-r02-output-control-a01,OUTPUT_CONTROL,2,,,,,DOWNSTREAM,0.49227994164906747,-0.06344061218015443,0.7256383672626118,0.06344061218015443,0.6952510626991114,-0.2905176874409352,0.7748275352993805,0.331301651493107,0.06188531869274533,1.64590522992253,-1.5840199112297848
D4-FULL-F3,phase7d-qwen15b-r03-output-control-a01,OUTPUT_CONTROL,3,,,,,INPUT,0.5702756591930521,0.11565616960958965,0.5809665747514808,0.28608606763566463,0.8036909231785004,0.17899236326580395,0.5809799048335988,-0.31320604031029703,0.8344271040695981,1.7999261734133527,-0.9654990693437546
D4-FULL-F3,phase7d-qwen15b-r03-output-control-a01,OUTPUT_CONTROL,3,,,,,OUTPUT,0.23833316388958492,0.3747038677526933,0.1623984509030206,0.12579143460248174,0.773020263475113,0.6622920126495769,0.25220031839577867,-0.7675318879322898,1.3300360861057792,2.2389282010022167,-0.9088921148964375
D4-FULL-F3,phase7d-qwen15b-r03-output-control-a01,OUTPUT_CONTROL,3,,,,,LOAD,-0.1723749999962315,-0.22304244167250312,0.030442424489646996,0.2804768929476974,-0.46206651706944185,-0.6583956001982516,0.10019226715326052,0.18618374217206593,-0.5262736922102103,1.6650998090494853,-2.1913735012596955
D4-FULL-F3,phase7d-qwen15b-r03-output-control-a01,OUTPUT_CONTROL,3,,,,,DOWNSTREAM,0.4664210456364603,-0.054405129603577136,-0.013443423320363104,0.054405129603577136,0.6586499494761432,-0.24914091926590737,-0.014354718586060411,0.15507011531967205,-0.02335201144494692,1.64590522992253,-1.669257241367477
D4-FULL-F3,phase7d-qwen15b-r03-downstream-medium-a01,DOWNSTREAM_MEDIUM,3,,,,,INPUT,-0.47289687375006995,0.4651712863126934,0.5412361451879627,0.028155175871039776,-0.6664547555303604,0.7199106467174519,0.541248563668774,-0.8552149731123235,1.053449791397612,1.7999261734133527,-0.7464763820157407
D4-FULL-F3,phase7d-qwen15b-r03-downstream-medium-a01,DOWNSTREAM_MEDIUM,3,,,,,OUTPUT,1.1448569702543487,1.8398504557990172,0.861700412009753,0.0,3.7298903775267465,3.251950049657885,1.3381969905637268,-1.3632485942336672,4.136594400149786,2.2389282010022167,1.8976661991475692
D4-FULL-F3,phase7d-qwen15b-r03-downstream-medium-a01,DOWNSTREAM_MEDIUM,3,,,,,LOAD,2.1365618493197878,0.41843824562870224,0.26198312368809734,0.032329640905698044,5.780023322531004,1.2351815098990446,0.8622402308045578,-1.0051979936917839,3.631013014769986,1.6650998090494853,1.9659132057205007
D4-FULL-F3,phase7d-qwen15b-r03-downstream-medium-a01,DOWNSTREAM_MEDIUM,3,,,,,DOWNSTREAM,-0.472140511195844,5.0,-0.967240792034938,0.0,-0.6698057507051965,22.896822512993904,-1.0328075701959463,-0.9060685105914621,7.970804907955715,1.64590522992253,6.324899678033185
D4-FULL-F3,phase7d-qwen15b-r03-input-downstream-a01,INPUT_DOWNSTREAM,3,,,,,INPUT,-3.240343014539576,-1.6666666666666667,-5.0,3.3333333333333335,-4.566623573686004,-2.5793747661713295,-5.000114723313676,6.090196154615189,-10.138900509005525,1.7999261734133527,-11.938826682418878
D4-FULL-F3,phase7d-qwen15b-r03-input-downstream-a01,INPUT_DOWNSTREAM,3,,,,,OUTPUT,2.1411286754161893,3.3333333333333335,-2.7611743204420125,0.0,6.979497293291479,5.891692699639576,-4.288027619041597,-1.3632485942336672,4.224302718863486,2.2389282010022167,1.9853745178612692
D4-FULL-F3,phase7d-qwen15b-r03-input-downstream-a01,INPUT_DOWNSTREAM,3,,,,,LOAD,2.975144133054159,2.113469329302921,3.0718482990756417,0.3865306706970791,8.047086605148666,6.238718053535975,10.110083234006064,0.6953593739400624,7.436603256956838,1.6650998090494853,5.771503447907353
D4-FULL-F3,phase7d-qwen15b-r03-input-downstream-a01,INPUT_DOWNSTREAM,3,,,,,DOWNSTREAM,-3.393238967799981,3.0520364118702403,1.519884499454422,0.0,-4.804377284365432,13.97638720515753,1.6229135803479453,-0.9060685105914621,4.50437634430481,1.64590522992253,2.8584711143822803
D4-FULL-F3,phase7d-qwen15b-r03-output-load-a01,OUTPUT_LOAD,3,,,,,INPUT,-3.443147044210019,-3.6194194009689977,-5.0,3.6194194009689977,-4.8524358036184445,-5.601503442630229,-5.000114723313676,6.691369605177427,-11.842720928364876,1.7999261734133527,-13.642647101778229
D4-FULL-F3,phase7d-qwen15b-r03-output-load-a01,OUTPUT_LOAD,3,,,,,OUTPUT,2.2516325426498485,5.0,-2.449009657872201,0.0,7.339935243421673,8.837539049459364,-3.8032445016273106,-1.3632485942336672,5.487991857984909,2.2389282010022167,3.2490636569826923
D4-FULL-F3,phase7d-qwen15b-r03-output-load-a01,OUTPUT_LOAD,3,,,,,LOAD,2.918803996187321,2.624703819828054,3.5188396022217545,0.014425881838261595,7.8947739959916134,7.747823391100244,11.581223355425436,-1.0911558730586703,10.165762787231102,1.6650998090494853,8.500662978181618
D4-FULL-F3,phase7d-qwen15b-r03-output-load-a01,OUTPUT_LOAD,3,,,,,DOWNSTREAM,-3.352058007943842,-0.1759994567203702,0.3960804050669447,0.1759994567203702,-4.746089066121692,-0.8059656645819339,0.42292968217229715,2.526692757071805,-4.236401106582248,1.64590522992253,-5.882306336504778
D4-FULL-F3,phase7d-qwen15b-r03-output-medium-a01,OUTPUT_MEDIUM,3,,,,,INPUT,-0.13098182245006254,0.14372291329959597,0.5852257522361073,0.28608606763566463,-0.18459301235730502,0.22242915353136433,0.5852391800436162,-0.31320604031029703,0.5208978140495222,1.7999261734133527,-1.2790283593638305
D4-FULL-F3,phase7d-qwen15b-r03-output-medium-a01,OUTPUT_MEDIUM,3,,,,,OUTPUT,1.0537054752893575,3.4351614119402925,0.2511613869693219,0.0,3.4325753711024576,6.071674623843659,0.3900467117153404,-1.3632485942336672,4.6613474964541535,2.2389282010022167,2.422419295451937
D4-FULL-F3,phase7d-qwen15b-r03-output-medium-a01,OUTPUT_MEDIUM,3,,,,,LOAD,0.7365408567335043,-0.336037389122394,-0.11368435866770761,0.366124266123668,1.9951398963606615,-0.9919436715329288,-0.37415855753064997,0.5973860234260068,-0.38770680099364585,1.6650998090494853,-2.052806610043131
D4-FULL-F3,phase7d-qwen15b-r03-output-medium-a01,OUTPUT_MEDIUM,3,,,,,DOWNSTREAM,-0.17860390175248791,-0.09211971339719686,-0.371486431462094,0.09211971339719686,-0.25432913205587365,-0.4218497455206968,-0.3966685460317821,0.8906699000307929,-1.2482857079002438,1.64590522992253,-2.894190937822774
D4-FULL-F3,phase7d-qwen15b-r03-load-downstream-a01,LOAD_DOWNSTREAM,3,,,,,INPUT,-3.0628264021819853,-2.951885243152447,-5.0,3.3333333333333335,-4.316448964678371,-4.568410985292564,-5.000114723313676,6.090196154615189,-10.718521045710059,1.7999261734133527,-12.518447219123411
D4-FULL-F3,phase7d-qwen15b-r03-load-downstream-a01,LOAD_DOWNSTREAM,3,,,,,OUTPUT,2.1017826831665114,3.3333333333333335,-2.5790430970546105,0.0,6.8511598047733155,5.891692699639576,-4.005182848831655,-1.3632485942336672,4.275805146094079,2.2389282010022167,2.0368769450918625
D4-FULL-F3,phase7d-qwen15b-r03-load-downstream-a01,LOAD_DOWNSTREAM,3,,,,,LOAD,3.148393656951986,2.8516108572465395,3.495909730473024,0.0,8.515457618915715,8.417626832858245,11.505756441257017,-1.1604160885331742,10.640029719543499,1.6650998090494853,8.974929910494014
D4-FULL-F3,phase7d-qwen15b-r03-load-downstream-a01,LOAD_DOWNSTREAM,3,,,,,DOWNSTREAM,-3.1514701763113506,3.2861045589542357,0.9699576237039489,0.0,-4.462173699698039,15.04827056910305,1.0357085689315342,-0.9060685105914621,4.780003656703644,1.64590522992253,3.1340984267811143
D4-FULL-F3,phase7d-qwen15b-r03-baseline-a01,BASELINE,3,,,,,INPUT,-0.18858253110955087,0.6042185422750438,0.55907850111161,0.0,-0.2657698361827958,0.9351036367182434,0.5590913289792604,-0.9143794908725362,1.3238545340441055,1.7999261734133527,-0.47607163936924723
D4-FULL-F3,phase7d-qwen15b-r03-baseline-a01,BASELINE,3,,,,,OUTPUT,0.9887377520785096,1.8353566940187196,0.3026755406110444,0.0,3.2206657468969153,3.244007290615415,0.4700467725415969,-1.3632485942336672,3.674821864251643,2.2389282010022167,1.4358936632494261
D4-FULL-F3,phase7d-qwen15b-r03-baseline-a01,BASELINE,3,,,,,LOAD,1.5752790336097229,0.3142166265840923,0.10922851831336515,0.037613851958951235,4.262624627922272,0.9275312935995663,0.3594934723852014,-0.97982792617949,2.8297110574818367,1.6650998090494853,1.1646112484323514
D4-FULL-F3,phase7d-qwen15b-r03-baseline-a01,BASELINE,3,,,,,DOWNSTREAM,-0.380568676358048,-0.1342187173783056,-0.4128955120787735,0.1342187173783056,-0.5401934465565942,-0.6146364299465509,-0.44088464225926216,1.7117851066712317,-2.243689946258701,1.64590522992253,-3.8895951761812313
D4-FULL-F3,phase7d-qwen15b-r03-input-medium-a01,INPUT_MEDIUM,3,,,,,INPUT,-3.2474646539208925,-1.6666666666666667,-5.0,3.3333333333333335,-4.5766601180074185,-2.5793747661713295,-5.000114723313676,6.090196154615189,-10.142246023779329,1.7999261734133527,-11.942172197192681
D4-FULL-F3,phase7d-qwen15b-r03-input-medium-a01,INPUT_MEDIUM,3,,,,,OUTPUT,2.2632728981539048,3.3333333333333335,-2.9777031384188026,0.0,7.377903379575652,5.891692699639576,-4.624290905618257,-1.3632485942336672,4.245016985432658,2.2389282010022167,2.006088784430441
D4-FULL-F3,phase7d-qwen15b-r03-input-medium-a01,INPUT_MEDIUM,3,,,,,LOAD,2.8578816675805525,2.1994567104101526,3.189230654921392,0.31728626910486707,7.730073671461836,6.4925428994668595,10.496412659245376,0.36290952938639237,7.8767668806716316,1.6650998090494853,6.211667071622147
D4-FULL-F3,phase7d-qwen15b-r03-input-medium-a01,INPUT_MEDIUM,3,,,,,DOWNSTREAM,-3.2829089799026865,-0.17675334037528498,0.7620332850355547,0.17675334037528498,-4.648214377141984,-0.80941797263034,0.813689571414992,2.5413967945679405,-4.089377720687051,1.64590522992253,-5.735282950609581
D4-FULL-F3,phase7d-qwen15b-r03-output-downstream-a01,OUTPUT_DOWNSTREAM,3,,,,,INPUT,-0.2802462666219133,0.011324098192041757,0.5840571978639318,0.28608606763566463,-0.3949517695659663,0.017525455875719128,0.5840705988593548,-0.31320604031029703,0.38208746869999954,1.7999261734133527,-1.4178387047133532
D4-FULL-F3,phase7d-qwen15b-r03-output-downstream-a01,OUTPUT_DOWNSTREAM,3,,,,,OUTPUT,1.1867795617627672,3.4370872047925722,0.4257792565561611,0.0,3.866632134405615,6.075078477750298,0.6612234505482246,-1.3632485942336672,4.8975599484683805,2.2389282010022167,2.658631747466164
D4-FULL-F3,phase7d-qwen15b-r03-output-downstream-a01,OUTPUT_DOWNSTREAM,3,,,,,LOAD,1.3186206321893597,-0.0671054806010816,0.24831880876077664,0.28415731585520304,3.568762082383736,-0.19808765025005667,0.8172681658453428,0.20385384972383128,1.1921270162691762,1.6650998090494853,-0.4729727927803091
D4-FULL-F3,phase7d-qwen15b-r03-output-downstream-a01,OUTPUT_DOWNSTREAM,3,,,,,DOWNSTREAM,-0.2821776855894607,5.0,-0.6554834574253399,0.0,-0.40092919523336074,22.896822512993904,-0.6999170036478874,-0.9060685105914621,8.171393948629015,1.64590522992253,6.525488718706486
D4-FULL-F3,phase7d-qwen15b-r03-load-medium-a01,LOAD_MEDIUM,3,,,,,INPUT,-2.7926490984962546,-2.951885243152447,-5.0,3.3333333333333335,-3.9356874099447925,-4.568410985292564,-5.000114723313676,6.090196154615189,-10.591600527465534,1.7999261734133527,-12.391526700878886
D4-FULL-F3,phase7d-qwen15b-r03-load-medium-a01,LOAD_MEDIUM,3,,,,,OUTPUT,2.0667275225386734,3.3333333333333335,-2.88728874335348,0.0,6.736818012449744,5.891692699639576,-4.483879841989005,-1.3632485942336672,4.0781255509337715,2.2389282010022167,1.8391973499315548
D4-FULL-F3,phase7d-qwen15b-r03-load-medium-a01,LOAD_MEDIUM,3,,,,,LOAD,3.2372279871007685,2.759189528955051,3.3467019007439376,0.010253874314916913,8.755616577699577,8.144809715831967,11.01468284944573,-1.1111861314004317,10.416222512392856,1.6650998090494853,8.751122703343372
D4-FULL-F3,phase7d-qwen15b-r03-load-medium-a01,LOAD_MEDIUM,3,,,,,DOWNSTREAM,-3.171467851281354,-0.18373746604003227,0.5524084373619863,0.18373746604003227,-4.490478742783265,-0.8414008297811729,0.5898547917393503,2.6776178745484827,-4.258292801490178,1.64590522992253,-5.904198031412708
D4-FULL-F3,phase7d-qwen15b-r03-input-load-a01,INPUT_LOAD,3,,,,,INPUT,-3.3093740184669396,-1.6666666666666667,-5.0,3.3333333333333335,-4.663909141428499,-2.5793747661713295,-5.000114723313676,6.090196154615189,-10.171329031586357,1.7999261734133527,-11.971255204999709
D4-FULL-F3,phase7d-qwen15b-r03-input-load-a01,INPUT_LOAD,3,,,,,OUTPUT,2.217730750501334,3.3333333333333335,-3.2607431048015583,0.0,7.229355471205082,5.891692699639576,-5.063844172558525,-1.3632485942336672,4.048983260329045,2.2389282010022167,1.8100550593268285
D4-FULL-F3,phase7d-qwen15b-r03-input-load-a01,INPUT_LOAD,3,,,,,LOAD,2.8901646806053045,2.504615978588614,3.5995294032433223,0.19503107384387788,7.8173491063240705,7.393337914181703,11.846790051772036,-0.22405085623077028,9.243209880323374,1.6650998090494853,7.578110071273889
D4-FULL-F3,phase7d-qwen15b-r03-input-load-a01,INPUT_LOAD,3,,,,,DOWNSTREAM,-3.3319558848016486,-0.16246733421623055,1.7403330809251156,0.16246733421623055,-4.717636185349413,-0.7439971431416587,1.8583058070373113,2.2627570218877504,-3.4638661957056707,1.64590522992253,-5.1097714256282005
D4-FULL-F3,phase7d-qwen15b-r04-load-downstream-a01,LOAD_DOWNSTREAM,4,,,,,INPUT,-3.0711374530907247,-2.951885243152447,-5.0,3.3333333333333335,-4.32816174966183,-4.568410985292564,-5.000114723313676,6.090196154615189,-10.72242530737121,1.7999261734133527,-12.522351480784563
D4-FULL-F3,phase7d-qwen15b-r04-load-downstream-a01,LOAD_DOWNSTREAM,4,,,,,OUTPUT,2.147649069401949,3.3333333333333335,-2.5884479383978136,0.0,7.000765304096015,5.891692699639576,-4.019788308231228,-1.3632485942336672,4.320805159401788,2.2389282010022167,2.081876958399571
D4-FULL-F3,phase7d-qwen15b-r04-load-downstream-a01,LOAD_DOWNSTREAM,4,,,,,LOAD,3.1002289376983443,2.8416205433223616,3.493198231161387,0.0,8.385246823081507,8.388136576730506,11.496832340500527,-1.1604160885331742,10.58382133530402,1.6650998090494853,8.918721526254535
D4-FULL-F3,phase7d-qwen15b-r04-load-downstream-a01,LOAD_DOWNSTREAM,4,,,,,DOWNSTREAM,-3.111523355404208,3.2746392101598376,4.434225858260495,0.0,-4.405632302331069,14.99576655782407,4.734810682182882,-0.9060685105914621,6.014383489816756,1.64590522992253,4.368478259894226
D4-FULL-F3,phase7d-qwen15b-r04-output-downstream-a01,OUTPUT_DOWNSTREAM,4,,,,,INPUT,-0.22767068930611709,0.011944828234403312,0.5799074822181468,0.28608606763566463,-0.3208568760027979,0.01848611312044224,0.5799207879997438,-0.31320604031029703,0.4057227153494264,1.7999261734133527,-1.3942034580639264
D4-FULL-F3,phase7d-qwen15b-r04-output-downstream-a01,OUTPUT_DOWNSTREAM,4,,,,,OUTPUT,1.145041959963,3.4360587587332034,0.8261625222577623,0.0,3.7304937709920667,6.073260691308311,1.2830076272371125,-1.3632485942336672,5.05883595741283,2.2389282010022167,2.8199077564106134
D4-FULL-F3,phase7d-qwen15b-r04-output-downstream-a01,OUTPUT_DOWNSTREAM,4,,,,,LOAD,1.3595283909678888,0.018792212806556408,0.3634170554658986,0.25469938853749047,3.679354065662934,0.05547244792088812,1.1960801191006858,0.06242316171932527,1.581212382508844,1.6650998090494853,-0.0838874265406413
D4-FULL-F3,phase7d-qwen15b-r04-output-downstream-a01,OUTPUT_DOWNSTREAM,4,,,,,DOWNSTREAM,-0.3179547545712688,5.0,3.433241312319524,0.0,-0.4515686560962948,22.896822512993904,3.665971955352548,-0.9060685105914621,9.60981044800818,1.64590522992253,7.9639052180856496
D4-FULL-F3,phase7d-qwen15b-r04-input-medium-a01,INPUT_MEDIUM,4,,,,,INPUT,-3.2422537998733216,-1.6666666666666667,-5.0,3.3333333333333335,-4.569316448270634,-2.5793747661713295,-5.000114723313676,6.090196154615189,-10.139798133867068,1.7999261734133527,-11.93972430728042
D4-FULL-F3,phase7d-qwen15b-r04-input-medium-a01,INPUT_MEDIUM,4,,,,,OUTPUT,2.2640900256105465,3.3333333333333335,-2.850128318172185,0.0,7.3805686595594215,5.891692699639576,-4.426170725859309,-1.3632485942336672,4.311945472013564,2.2389282010022167,2.0730172710113473
D4-FULL-F3,phase7d-qwen15b-r04-input-medium-a01,INPUT_MEDIUM,4,,,,,LOAD,2.8579622438042236,2.6577913857895767,3.7919321205722354,0.18615770463959957,7.730291505062283,7.8454940751502455,12.480026884212489,-0.2666528593501305,9.618590347491804,1.6650998090494853,7.953490538442319
D4-FULL-F3,phase7d-qwen15b-r04-input-medium-a01,INPUT_MEDIUM,4,,,,,DOWNSTREAM,-3.2761440412050673,-0.17235765853055796,0.8075507550695054,0.17235765853055796,-4.638639169944534,-0.7892885432258792,0.8622925542651335,2.4556617209334597,-3.97754010723522,1.64590522992253,-5.62344533715775
D4-FULL-F3,phase7d-qwen15b-r04-output-medium-a01,OUTPUT_MEDIUM,4,,,,,INPUT,-0.061542779836083285,0.14301735185738063,0.584419726285076,0.28608606763566463,-0.0867323946658036,0.22133720910334412,0.5844331355985913,-0.31320604031029703,0.5528853569890076,1.7999261734133527,-1.2470408164243452
D4-FULL-F3,phase7d-qwen15b-r04-output-medium-a01,OUTPUT_MEDIUM,4,,,,,OUTPUT,0.7892158623942694,3.435057912198816,0.4846957529927235,0.0,2.569871682180373,6.071491687242278,0.752719145719221,-1.3632485942336672,4.494609432614292,2.2389282010022167,2.255681231612075
D4-FULL-F3,phase7d-qwen15b-r04-output-medium-a01,OUTPUT_MEDIUM,4,,,,,LOAD,1.002938580555987,-0.3209623961594771,-0.09325178000940015,0.33039097401009526,2.7153321899080587,-0.9474440284812374,-0.3069107474799305,0.4258266318305967,0.06116583948503351,1.6650998090494853,-1.603933969564452
D4-FULL-F3,phase7d-qwen15b-r04-output-medium-a01,OUTPUT_MEDIUM,4,,,,,DOWNSTREAM,-0.42761253357359363,-0.09735192660664546,1.1965903617378855,0.09735192660664546,-0.606780107624873,-0.4458099569620742,1.2777041603325527,0.9927210039616862,-0.9176829720464843,1.64590522992253,-2.563588201969014
D4-FULL-F3,phase7d-qwen15b-r04-output-control-a01,OUTPUT_CONTROL,4,,,,,INPUT,0.4999090563851333,0.10352532887767656,0.5906361609053601,0.28608606763566463,0.7045230925689064,0.16021837257999996,0.5906497128528712,-0.31320604031029703,0.7983364329775562,1.7999261734133527,-1.0015897404357965
D4-FULL-F3,phase7d-qwen15b-r04-output-control-a01,OUTPUT_CONTROL,4,,,,,OUTPUT,0.15138488765753477,0.4145595403310076,0.18140874384773145,0.1162536503411939,0.4894151803501298,0.7327372252002408,0.28172277939706103,-0.8127004436730112,1.3139921719888217,2.2389282010022167,-0.924936029013395
D4-FULL-F3,phase7d-qwen15b-r04-output-control-a01,OUTPUT_CONTROL,4,,,,,LOAD,-0.019598034886766414,-0.13127940502898913,0.15300353556589744,0.36512821015514196,-0.04904199371910222,-0.3875216843018735,0.503566038770178,0.5926038512317354,-0.5702697309820013,1.6650998090494853,-2.2353695400314866
D4-FULL-F3,phase7d-qwen15b-r04-output-control-a01,OUTPUT_CONTROL,4,,,,,DOWNSTREAM,0.34114361216494593,-0.060701246428565475,-1.727095748336007,0.060701246428565475,0.48133017818589674,-0.2779731331584739,-1.844171149545799,0.2778720055996066,-0.8248100404390653,1.64590522992253,-2.4707152703615956
D4-FULL-F3,phase7d-qwen15b-r04-input-downstream-a01,INPUT_DOWNSTREAM,4,,,,,INPUT,-3.3099779313620377,-1.6666666666666667,-5.0,3.3333333333333335,-4.66476023739298,-2.5793747661713295,-5.000114723313676,6.090196154615189,-10.171612730241183,1.7999261734133527,-11.971538903654535
D4-FULL-F3,phase7d-qwen15b-r04-input-downstream-a01,INPUT_DOWNSTREAM,4,,,,,OUTPUT,1.9637978754642764,3.3333333333333335,-2.5846881236975423,0.0,6.401085409348417,5.891692699639576,-4.013949419625796,-1.3632485942336672,4.122858157354399,2.2389282010022167,1.883929956352182
D4-FULL-F3,phase7d-qwen15b-r04-input-downstream-a01,INPUT_DOWNSTREAM,4,,,,,LOAD,3.1310715296276967,2.2230020873448426,3.2307036214214535,0.30147178161027227,8.468628154955606,6.562046140475902,10.632908704119382,0.2869824683044562,8.267545198212506,1.6650998090494853,6.602445389163021
D4-FULL-F3,phase7d-qwen15b-r04-input-downstream-a01,INPUT_DOWNSTREAM,4,,,,,DOWNSTREAM,-3.579798511274513,3.0427980438204365,4.344329401836239,0.0,-5.068436777477883,13.934081350448317,4.638820375019113,-0.9060685105914621,5.407556826587977,1.64590522992253,3.7616515966654474
D4-FULL-F3,phase7d-qwen15b-r04-load-medium-a01,LOAD_MEDIUM,4,,,,,INPUT,-3.073930202965083,-2.951885243152447,-5.0,3.3333333333333335,-4.332097579095451,-4.568410985292564,-5.000114723313676,6.090196154615189,-10.723737250515754,1.7999261734133527,-12.523663423929106
D4-FULL-F3,phase7d-qwen15b-r04-load-medium-a01,LOAD_MEDIUM,4,,,,,OUTPUT,2.179659828695064,3.3333333333333335,-2.780707928302917,0.0,7.105176966335172,5.891692699639576,-4.318362773684669,-1.3632485942336672,4.256084224997027,2.2389282010022167,2.01715602399481
D4-FULL-F3,phase7d-qwen15b-r04-load-medium-a01,LOAD_MEDIUM,4,,,,,LOAD,3.0778358320006327,3.0037859109696203,3.673045206252026,0.0,8.324708234685644,8.866830065569987,12.088745648230507,-1.1604160885331742,10.920510738028554,1.6650998090494853,9.25541092897907
D4-FULL-F3,phase7d-qwen15b-r04-load-medium-a01,LOAD_MEDIUM,4,,,,,DOWNSTREAM,-3.073523358214697,-0.1664493547981527,0.4665481700942269,0.1664493547981527,-4.351846471763218,-0.7622322668431306,0.49817427666654723,2.3404238867484657,-3.879058707395066,1.64590522992253,-5.5249639373175965
D4-FULL-F3,phase7d-qwen15b-r04-input-load-a01,INPUT_LOAD,4,,,,,INPUT,-3.142449123984337,-1.6666666666666667,-5.0,3.3333333333333335,-4.4286614671054725,-2.5793747661713295,-5.000114723313676,6.090196154615189,-10.092913140145349,1.7999261734133527,-11.892839313558701
D4-FULL-F3,phase7d-qwen15b-r04-input-load-a01,INPUT_LOAD,4,,,,,OUTPUT,2.2465824680916673,3.3333333333333335,-2.544410941826129,0.0,7.323463073104714,5.891692699639576,-3.951400066257141,-1.3632485942336672,4.451167163062717,2.2389282010022167,2.2122389620605003
D4-FULL-F3,phase7d-qwen15b-r04-input-load-a01,INPUT_LOAD,4,,,,,LOAD,2.8904840684527238,2.60298827714003,3.7321369858811675,0.19611446227084553,7.8182125546413594,7.683721610046818,12.283228823287015,-0.21884939147903867,9.480570387470769,1.6650998090494853,7.815470578421284
D4-FULL-F3,phase7d-qwen15b-r04-input-load-a01,INPUT_LOAD,4,,,,,DOWNSTREAM,-3.302318230399316,-0.16781739422637162,2.5224971990125464,0.16781739422637162,-4.675686554401746,-0.7684970180388719,2.693490829162758,2.3671066552600037,-3.2840042363526236,1.64590522992253,-4.929909466275154
D4-FULL-F3,phase7d-qwen15b-r04-output-load-a01,OUTPUT_LOAD,4,,,,,INPUT,-3.2832449528833223,-3.6194194009689977,-5.0,3.6194194009689977,-4.627085383475365,-5.601503442630229,-5.000114723313676,6.691369605177427,-11.767604121650518,1.7999261734133527,-13.56753029506387
D4-FULL-F3,phase7d-qwen15b-r04-output-load-a01,OUTPUT_LOAD,4,,,,,OUTPUT,2.2075957997920734,5.0,-1.444748165749518,0.0,7.196297615857882,8.837539049459364,-2.2436540827679066,-1.3632485942336672,5.959976121750113,2.2389282010022167,3.7210479207478966
D4-FULL-F3,phase7d-qwen15b-r04-output-load-a01,OUTPUT_LOAD,4,,,,,LOAD,2.989068152934172,2.7540594748842606,3.7028828475459328,0.02310266077518905,8.084729463611932,8.129666387039203,12.186947449757811,-1.0494977210279,10.516612154497547,1.6650998090494853,8.851512345448063
D4-FULL-F3,phase7d-qwen15b-r04-output-load-a01,OUTPUT_LOAD,4,,,,,DOWNSTREAM,-3.399890974177609,-0.18329423315594273,-0.4699326987952108,0.18329423315594273,-4.8137926452713575,-0.8393711048453888,-0.5017882339072954,2.668972889470633,-4.720623550811981,1.64590522992253,-6.366528780734511
D4-FULL-F3,phase7d-qwen15b-r04-downstream-medium-a01,DOWNSTREAM_MEDIUM,4,,,,,INPUT,-0.7863993049253268,0.12987122414366317,-0.09921903382846456,0.25157686603722307,-1.1082745215825747,0.2009919350447671,-0.09922131037573262,-0.385722734228798,0.05022143525761791,1.7999261734133527,-1.7497047381557347
D4-FULL-F3,phase7d-qwen15b-r04-downstream-medium-a01,DOWNSTREAM_MEDIUM,4,,,,,OUTPUT,1.228752517620572,2.005557600986853,0.7131416520837773,0.0,4.003538168094942,3.5448387229322713,1.1074893308201805,-1.3632485942336672,4.248537334849466,2.2389282010022167,2.0096091338472495
D4-FULL-F3,phase7d-qwen15b-r04-downstream-medium-a01,DOWNSTREAM_MEDIUM,4,,,,,LOAD,3.0363621629791306,3.09153705683917,3.8600922152118486,0.0,8.212586342704597,9.125861341947862,12.704355745195494,-1.1604160885331742,11.174683898482492,1.6650998090494853,9.509584089433007
D4-FULL-F3,phase7d-qwen15b-r04-downstream-medium-a01,DOWNSTREAM_MEDIUM,4,,,,,DOWNSTREAM,-0.8042187826351911,5.0,-2.6806603961784736,0.0,-1.1398348813344927,22.896822512993904,-2.86237550473118,-0.9060685105914621,7.204272552900872,1.64590522992253,5.558367322978342
D4-FULL-F3,phase7d-qwen15b-r04-baseline-a01,BASELINE,4,,,,,INPUT,-0.3137752342377151,0.6046077445917128,0.5484184649000827,0.0,-0.4422042280954011,0.9357059758989743,0.5484310481767976,-0.9143794908725362,1.261690422865993,1.7999261734133527,-0.5382357505473596
D4-FULL-F3,phase7d-qwen15b-r04-baseline-a01,BASELINE,4,,,,,OUTPUT,1.014253056028425,1.8356320998961593,0.5113715568352658,0.0,3.3038907423915083,3.24449407265468,0.7941459338760246,-1.3632485942336672,3.810758843874405,2.2389282010022167,1.5718306428721882
D4-FULL-F3,phase7d-qwen15b-r04-baseline-a01,BASELINE,4,,,,,LOAD,1.5325139596489155,1.4566523158226206,1.6327137821351758,0.0,4.147011490326242,4.299869874830366,5.373596163476757,-1.1604160885331742,5.767241931410962,1.6650998090494853,4.102142122361476
D4-FULL-F3,phase7d-qwen15b-r04-baseline-a01,BASELINE,4,,,,,DOWNSTREAM,-0.36547753084642165,-0.133125446884541,-0.0637952297548708,0.133125446884541,-0.5188331871988076,-0.6096299458556667,-0.06811974513047653,1.690461537405692,-2.0893224968006754,1.64590522992253,-3.7352277267232052
D4-FULL-F3,phase7d-qwen15b-r05-baseline-a01,BASELINE,5,,,,,INPUT,-0.22935803416771844,0.5698044313078402,0.4999487712383173,0.0,-0.3232348553671281,0.8818435030608284,0.49996024239425824,-0.9143794908725362,1.2672357875685223,1.7999261734133527,-0.5326903858448304
D4-FULL-F3,phase7d-qwen15b-r05-baseline-a01,BASELINE,5,,,,,OUTPUT,1.0229013853238917,1.8534883384227634,0.507137878473974,0.0,3.3320995839582714,3.2760551137057448,0.7875711480651628,-1.3632485942336672,3.82849054281006,2.2389282010022167,1.5895623418078433
D4-FULL-F3,phase7d-qwen15b-r05-baseline-a01,BASELINE,5,,,,,LOAD,1.6866525418336267,0.5256404605980619,0.3941287163980068,0.11085855562705733,4.563717074123661,1.5516301020955439,1.2971584986455413,-0.6281721996668618,3.099007424621777,1.6650998090494853,1.4339076155722918
D4-FULL-F3,phase7d-qwen15b-r05-baseline-a01,BASELINE,5,,,,,DOWNSTREAM,-0.39609528735874366,-0.14507601788434926,-0.2875618974837235,0.14507601788434926,-0.562170071039263,-0.664355966477975,-0.3070549826545905,1.9235500822173965,-2.434743755608006,1.64590522992253,-4.080648985530536
D4-FULL-F3,phase7d-qwen15b-r05-output-load-a01,OUTPUT_LOAD,5,,,,,INPUT,-3.1086531203676224,-3.6194194009689977,-5.0,3.6194194009689977,-4.381032674067216,-5.601503442630229,-5.000114723313676,6.691369605177427,-11.6855865518478,1.7999261734133527,-13.485512725261152
D4-FULL-F3,phase7d-qwen15b-r05-output-load-a01,OUTPUT_LOAD,5,,,,,OUTPUT,2.1354676805771766,5.0,-2.3263256110184423,0.0,6.961032442906136,8.837539049459364,-3.6127195581530804,-1.3632485942336672,5.42519923897114,2.2389282010022167,3.186271037968923
D4-FULL-F3,phase7d-qwen15b-r05-output-load-a01,OUTPUT_LOAD,5,,,,,LOAD,3.0920168665217274,2.7896785544420624,3.7411185416791652,0.01616035181731158,8.363045918769716,8.234809807673031,12.31278896683836,-1.0828284955139271,10.719710059940963,1.6650998090494853,9.054610250891479
D4-FULL-F3,phase7d-qwen15b-r05-output-load-a01,OUTPUT_LOAD,5,,,,,DOWNSTREAM,-3.4509385783753217,-0.17977562325117613,0.9128700131862517,0.17977562325117613,-4.886046276675066,-0.8232581075490081,0.9747511353817863,2.6003445651441,-4.178528981424863,1.64590522992253,-5.824434211347393
D4-FULL-F3,phase7d-qwen15b-r05-input-load-a01,INPUT_LOAD,5,,,,,INPUT,-3.3338208001900216,-1.6666666666666667,-5.0,3.3333333333333335,-4.698362052498855,-2.5793747661713295,-5.000114723313676,6.090196154615189,-10.182813335276474,1.7999261734133527,-11.982739508689827
D4-FULL-F3,phase7d-qwen15b-r05-input-load-a01,INPUT_LOAD,5,,,,,OUTPUT,2.1486914795234617,3.3333333333333335,-2.074048553743435,0.0,7.00416540381016,5.891692699639576,-3.2209402412019514,-1.3632485942336672,4.588221214982928,2.2389282010022167,2.3492930139807116
D4-FULL-F3,phase7d-qwen15b-r05-input-load-a01,INPUT_LOAD,5,,,,,LOAD,2.951741887842939,1.5149413988112759,2.3079222224505123,0.9850586011887239,7.98381986093257,4.471932534705975,7.59584572376449,3.5689565583708784,3.114909481430133,1.6650998090494853,1.4498096723806477
D4-FULL-F3,phase7d-qwen15b-r05-input-load-a01,INPUT_LOAD,5,,,,,DOWNSTREAM,-3.432253990626144,-0.15337131266516407,2.9459949635120504,0.15337131266516407,-4.859599799168883,-0.7023431449358313,3.1456964234036064,2.085344710212601,-2.89076021711297,1.64590522992253,-4.5366654470355
D4-FULL-F3,phase7d-qwen15b-r05-load-downstream-a01,LOAD_DOWNSTREAM,5,,,,,INPUT,-3.031982915194675,-2.951885243152447,-5.0,3.3333333333333335,-4.272981160764117,-4.568410985292564,-5.000114723313676,6.090196154615189,-10.704031777738642,1.7999261734133527,-12.503957951151994
D4-FULL-F3,phase7d-qwen15b-r05-load-downstream-a01,LOAD_DOWNSTREAM,5,,,,,OUTPUT,2.0920723601923434,3.3333333333333335,-1.658905593329987,0.0,6.8194869864771865,5.891692699639576,-2.576234665416867,-1.3632485942336672,4.741563601133633,2.2389282010022167,2.502635400131416
D4-FULL-F3,phase7d-qwen15b-r05-load-downstream-a01,LOAD_DOWNSTREAM,5,,,,,LOAD,3.154735816784239,2.609285616172568,3.2128056054323255,0.10127193448016002,8.532603315846211,7.702310629611389,10.574002660019449,-0.6741986023333179,9.610504137492335,1.6650998090494853,7.94540432844285
D4-FULL-F3,phase7d-qwen15b-r05-load-downstream-a01,LOAD_DOWNSTREAM,5,,,,,DOWNSTREAM,-3.1775801606151286,3.2470880391598875,2.9764476808711184,0.0,-4.499130207481147,14.86959970334187,3.178213452545143,-0.9060685105914621,5.422296160060084,1.64590522992253,3.776390930137554
D4-FULL-F3,phase7d-qwen15b-r05-input-downstream-a01,INPUT_DOWNSTREAM,5,,,,,INPUT,-3.242917858597088,-1.6666666666666667,-5.0,3.3333333333333335,-4.57025230790298,-2.5793747661713295,-5.000114723313676,6.090196154615189,-10.14011008707785,1.7999261734133527,-11.940036260491203
D4-FULL-F3,phase7d-qwen15b-r05-input-downstream-a01,INPUT_DOWNSTREAM,5,,,,,OUTPUT,2.232352681619412,3.3333333333333335,-2.572121109739542,0.0,7.277048814533972,5.891692699639576,-3.9944331933079438,-1.3632485942336672,4.421351367855534,2.2389282010022167,2.1824231668533174
D4-FULL-F3,phase7d-qwen15b-r05-input-downstream-a01,INPUT_DOWNSTREAM,5,,,,,LOAD,2.886473239372282,1.884071997360421,2.769489822935988,0.615928002639579,7.807369488292959,5.561563549148305,9.114959431441012,1.7967207200086253,5.697910102952132,1.6650998090494853,4.032810293902648
D4-FULL-F3,phase7d-qwen15b-r05-input-downstream-a01,INPUT_DOWNSTREAM,5,,,,,DOWNSTREAM,-3.3084713443100404,3.0540377836266144,0.015559991577145361,0.0,-4.6843957745792215,13.985552215935174,0.016614763588755285,-0.9060685105914621,4.0119922455730315,1.64590522992253,2.3660870156505016
D4-FULL-F3,phase7d-qwen15b-r05-downstream-medium-a01,DOWNSTREAM_MEDIUM,5,,,,,INPUT,-0.47022535625573897,0.46909527651448885,0.5402185783031428,0.030752080054097783,-0.6626897791953289,0.7259835115029807,0.5402309734362252,-0.8497579095740295,1.0509328114886551,1.7999261734133527,-0.7489933619246976
D4-FULL-F3,phase7d-qwen15b-r05-downstream-medium-a01,DOWNSTREAM_MEDIUM,5,,,,,OUTPUT,1.174454152009368,1.8387012055352976,0.8419961408896461,0.0,3.826429510395759,3.24991874084124,1.3075968005827565,-1.3632485942336672,4.157896944840251,2.2389282010022167,1.9189687438380347
D4-FULL-F3,phase7d-qwen15b-r05-downstream-medium-a01,DOWNSTREAM_MEDIUM,5,,,,,LOAD,2.091597519613918,0.5664314349994065,0.4592809696008995,0.0,5.658464612216082,1.6720403606645329,1.5115879361156446,-1.1604160885331742,4.107780391531927,1.6650998090494853,2.4426805824824416
D4-FULL-F3,phase7d-qwen15b-r05-downstream-medium-a01,DOWNSTREAM_MEDIUM,5,,,,,DOWNSTREAM,-0.4454024888901848,5.0,-5.0,0.0,-0.6319603074468858,22.896822512993904,-5.338937205197193,-0.9060685105914621,6.54804351070807,1.64590522992253,4.9021382807855405
D4-FULL-F3,phase7d-qwen15b-r05-output-downstream-a01,OUTPUT_DOWNSTREAM,5,,,,,INPUT,-0.2880213733281994,0.012888641878899895,0.5826792515754908,0.28608606763566463,-0.4059092470347198,0.01994678257959185,0.5826926209544009,-0.31320604031029703,0.378782759143388,1.7999261734133527,-1.4211434142699648
D4-FULL-F3,phase7d-qwen15b-r05-output-downstream-a01,OUTPUT_DOWNSTREAM,5,,,,,OUTPUT,1.1418618456841956,3.4371297060854684,0.4425325434774217,0.0,3.7201209768037122,6.075153599117423,0.6872408434003333,-1.3632485942336672,4.857420400674156,2.2389282010022167,2.6184921996719397
D4-FULL-F3,phase7d-qwen15b-r05-output-downstream-a01,OUTPUT_DOWNSTREAM,5,,,,,LOAD,1.3590642679658091,-0.9138400500051731,-0.8805969395828286,0.9138400500051731,3.678099333435648,-2.6975505813902214,-2.898225266355895,3.2270286085888418,-3.866254113358998,1.6650998090494853,-5.531353922408483
D4-FULL-F3,phase7d-qwen15b-r05-output-downstream-a01,OUTPUT_DOWNSTREAM,5,,,,,DOWNSTREAM,-0.3266410366576867,5.0,-0.794707621820093,0.0,-0.4638633648099468,22.896822512993904,-0.848578817877815,-0.9060685105914621,8.100861954026843,1.64590522992253,6.4549567241043135
D4-FULL-F3,phase7d-qwen15b-r05-output-control-a01,OUTPUT_CONTROL,5,,,,,INPUT,0.5019653864085815,0.10218525288920426,0.5697182157997687,0.28608606763566463,0.7074210836514002,0.15814443766634945,0.5697312877920842,-0.31320604031029703,0.791638310013575,1.7999261734133527,-1.0082878633997776
D4-FULL-F3,phase7d-qwen15b-r05-output-control-a01,OUTPUT_CONTROL,5,,,,,OUTPUT,0.2872192427682427,0.4116469495900547,0.5728259601802446,0.118094605679049,0.9324752988691978,0.7275891983185877,0.8895829285286502,-0.8039821406042795,1.6538646158430914,2.2389282010022167,-0.5850635851591253
D4-FULL-F3,phase7d-qwen15b-r05-output-control-a01,OUTPUT_CONTROL,5,,,,,LOAD,-0.15547495605579145,-0.22367080304910503,0.02978604110358118,0.2916579685906467,-0.4163781334305945,-0.660250450614105,0.09803197471025771,0.23986529293962125,-0.5660641627177686,1.6650998090494853,-2.231163971767254
D4-FULL-F3,phase7d-qwen15b-r05-output-control-a01,OUTPUT_CONTROL,5,,,,,DOWNSTREAM,0.4780504274566325,-0.06384111101239809,0.20147751673824066,0.06384111101239809,0.6751103706985238,-0.2923517175766441,0.21513516202490668,0.33911313514589314,-0.13981519676363105,1.64590522992253,-1.785720426686161
D4-FULL-F3,phase7d-qwen15b-r05-input-medium-a01,INPUT_MEDIUM,5,,,,,INPUT,-3.292702039009215,-1.6666666666666667,-5.0,3.3333333333333335,-4.640413278777529,-2.5793747661713295,-5.000114723313676,6.090196154615189,-10.163497077369367,1.7999261734133527,-11.96342325078272
D4-FULL-F3,phase7d-qwen15b-r05-input-medium-a01,INPUT_MEDIUM,5,,,,,OUTPUT,2.1868920649256727,3.3333333333333335,-3.264327689960793,0.0,7.12876684121535,5.891692699639576,-5.069410934516222,-1.3632485942336672,4.013598129679902,2.2389282010022167,1.7746699286776857
D4-FULL-F3,phase7d-qwen15b-r05-input-medium-a01,INPUT_MEDIUM,5,,,,,LOAD,2.9243284403566414,2.4053437966584235,3.457823246901789,0.18806258651634347,7.909709041455923,7.1002978662212906,11.380406006760737,-0.2575073158945591,9.054311620707209,1.6650998090494853,7.389211811657724
D4-FULL-F3,phase7d-qwen15b-r05-input-medium-a01,INPUT_MEDIUM,5,,,,,DOWNSTREAM,-3.3523766435746913,-0.16689990929402626,0.710383492447359,0.16689990929402626,-4.746540068314357,-0.7642955201080203,0.7585385715570248,2.349211675365698,-3.933310680987482,1.64590522992253,-5.579215910910012
D4-FULL-F3,phase7d-qwen15b-r05-output-medium-a01,OUTPUT_MEDIUM,5,,,,,INPUT,-0.12586606572049955,0.14409798562798015,0.582297225886437,0.28608606763566463,-0.17738336351036507,0.22300962479095832,0.5823105864998964,-0.31320604031029703,0.5225183229037935,1.7999261734133527,-1.2774078505095592
D4-FULL-F3,phase7d-qwen15b-r05-output-medium-a01,OUTPUT_MEDIUM,5,,,,,OUTPUT,1.002964652209741,3.436335195408686,0.08800893781913721,0.0,3.267070590893598,6.073749295291167,0.1366754548226288,-1.3632485942336672,4.522413707902798,2.2389282010022167,2.2834855069005813
D4-FULL-F3,phase7d-qwen15b-r05-output-medium-a01,OUTPUT_MEDIUM,5,,,,,LOAD,0.7945325985620162,-0.22528362746541875,0.034504867078242844,0.2997206467238713,2.1519175330273894,-0.6650113225433697,0.11356259950868121,0.27857508074112725,0.2549145225897731,1.6650998090494853,-1.4101852864597122
D4-FULL-F3,phase7d-qwen15b-r05-output-medium-a01,OUTPUT_MEDIUM,5,,,,,DOWNSTREAM,-0.23165488486359295,-0.09111071705032456,-0.22891334689362658,0.09111071705032456,-0.32941837942717167,-0.41722918346657795,-0.24443079689931882,0.8709900462215845,-1.2013494994859406,1.64590522992253,-2.847254729408471
D4-FULL-F3,phase7d-qwen15b-r05-load-medium-a01,LOAD_MEDIUM,5,,,,,INPUT,-2.7937369927896176,-2.951885243152447,-5.0,3.3333333333333335,-3.937220582113127,-4.568410985292564,-5.000114723313676,6.090196154615189,-10.592111584854978,1.7999261734133527,-12.39203775826833
D4-FULL-F3,phase7d-qwen15b-r05-load-medium-a01,LOAD_MEDIUM,5,,,,,OUTPUT,2.0544688649196696,3.3333333333333335,-2.7375953382274956,0.0,6.696833118398943,5.891692699639576,-4.251410109521752,-1.3632485942336672,4.142287163739256,2.2389282010022167,1.9033589627370398
D4-FULL-F3,phase7d-qwen15b-r05-load-medium-a01,LOAD_MEDIUM,5,,,,,LOAD,3.244376737748957,2.9680652302383517,3.6451659325495966,0.0,8.774942850655078,8.76138672997341,11.996989236392068,-1.1604160885331742,11.004855694206693,1.6650998090494853,9.339755885157208
D4-FULL-F3,phase7d-qwen15b-r05-load-medium-a01,LOAD_MEDIUM,5,,,,,DOWNSTREAM,-3.186911918886343,-0.17137260514433428,0.6260088570614162,0.17137260514433428,-4.512338533965292,-0.7847776247158417,0.6684443955496332,2.43644885986093,-3.97933944757143,1.64590522992253,-5.62524467749396
D4-FULL-F3,phase7d-qwen15b-r06-input-medium-a01,INPUT_MEDIUM,6,,,,,INPUT,-3.273714519228251,-1.6666666666666667,-5.0,3.3333333333333335,-4.613654119315548,-2.5793747661713295,-5.000114723313676,6.090196154615189,-10.154577357548707,1.7999261734133527,-11.954503530962059
D4-FULL-F3,phase7d-qwen15b-r06-input-medium-a01,INPUT_MEDIUM,6,,,,,OUTPUT,2.147063092441031,3.3333333333333335,-2.02172638538272,0.0,6.998853983344044,5.891692699639576,-3.139685355786758,-1.3632485942336672,4.613535703299288,2.2389282010022167,2.374607502297071
D4-FULL-F3,phase7d-qwen15b-r06-input-medium-a01,INPUT_MEDIUM,6,,,,,LOAD,2.9639072449428125,2.415212073095491,3.5041710957127807,0.2129162486890944,8.016708266681183,7.129427881742037,11.53294628986562,-0.13818220172027795,9.031209681149893,1.6650998090494853,7.366109872100408
D4-FULL-F3,phase7d-qwen15b-r06-input-medium-a01,INPUT_MEDIUM,6,,,,,DOWNSTREAM,-3.4275830672326357,-0.16748502286348627,1.475438498322983,0.16748502286348627,-4.852988496199945,-0.7669749684179943,1.57545469853537,2.3606239560389146,-3.7087935447331044,1.64590522992253,-5.354698774655635
D4-FULL-F3,phase7d-qwen15b-r06-load-medium-a01,LOAD_MEDIUM,6,,,,,INPUT,-3.0640605919342607,-2.951885243152447,-5.0,3.3333333333333335,-4.318188311405509,-4.568410985292564,-5.000114723313676,6.090196154615189,-10.719100827952438,1.7999261734133527,-12.51902700136579
D4-FULL-F3,phase7d-qwen15b-r06-load-medium-a01,LOAD_MEDIUM,6,,,,,OUTPUT,2.145171134119881,3.3333333333333335,-1.5941203615822581,0.0,6.992682854712272,5.891692699639576,-2.4756249860555863,-1.3632485942336672,4.8328321169990875,2.2389282010022167,2.593903915996871
D4-FULL-F3,phase7d-qwen15b-r06-load-medium-a01,LOAD_MEDIUM,6,,,,,LOAD,3.101006879087148,2.6943260473575563,3.315568711323042,0.037148027790410924,8.387349946880798,7.953340188431274,10.912217133127626,-0.9820643982820662,10.066366821095299,1.6650998090494853,8.401267012045814
D4-FULL-F3,phase7d-qwen15b-r06-load-medium-a01,LOAD_MEDIUM,6,,,,,DOWNSTREAM,-3.1298827939140614,-0.17838129302411243,1.4937448560364475,0.17838129302411243,-4.431618558174383,-0.8168729612022921,1.5950019973929828,2.5731490107544004,-3.7909788514156313,1.64590522992253,-5.436884081338161
D4-FULL-F3,phase7d-qwen15b-r06-input-load-a01,INPUT_LOAD,6,,,,,INPUT,-3.296717499798457,-1.6666666666666667,-5.0,3.3333333333333335,-4.646072277783833,-2.5793747661713295,-5.000114723313676,6.090196154615189,-10.165383410371469,1.7999261734133527,-11.965309583784821
D4-FULL-F3,phase7d-qwen15b-r06-input-load-a01,INPUT_LOAD,6,,,,,OUTPUT,2.147733308436531,3.3333333333333335,-2.3150829413335288,0.0,7.001040072262105,5.891692699639576,-3.595260001991138,-1.3632485942336672,4.462406184203848,2.2389282010022167,2.2234779832016316
D4-FULL-F3,phase7d-qwen15b-r06-input-load-a01,INPUT_LOAD,6,,,,,LOAD,2.9585368353175676,2.197424425730951,3.2289911501453066,0.3254395531365352,8.002189645539092,6.4865438291504525,10.627272609673279,0.4020543258840612,7.96994770223688,1.6650998090494853,6.304847893187395
D4-FULL-F3,phase7d-qwen15b-r06-input-load-a01,INPUT_LOAD,6,,,,,DOWNSTREAM,-3.448460838287938,-0.17208425808123373,2.641635460090682,0.17208425808123373,-4.882539241980654,-0.7880365429132492,2.8207051680892694,2.4503292131491143,-3.4002860854173256,1.64590522992253,-5.046191315339856
D4-FULL-F3,phase7d-qwen15b-r06-output-control-a01,OUTPUT_CONTROL,6,,,,,INPUT,0.7837351825421528,0.1095468513299157,0.5814802379116492,0.28608606763566463,1.1045199671963266,0.16953743042034383,0.5814935797795951,-0.31320604031029703,0.9317230327757189,1.7999261734133527,-0.8682031406376338
D4-FULL-F3,phase7d-qwen15b-r06-output-control-a01,OUTPUT_CONTROL,6,,,,,OUTPUT,0.22084208489893759,0.40217852944680516,0.2418867353750584,0.12065274118155077,0.7159684261523201,0.7108536917680566,0.3756434334077167,-0.7918674520275987,1.3926893024702964,2.2389282010022167,-0.8462388985319202
D4-FULL-F3,phase7d-qwen15b-r06-output-control-a01,OUTPUT_CONTROL,6,,,,,LOAD,-0.06987148207838094,-0.3363000986448326,-0.12040332412279153,0.3815030083407814,-0.18495362508720464,-0.9927191597871228,-0.39627205187792963,0.6712210244073039,-1.195869303324723,1.6650998090494853,-2.8609691123742085
D4-FULL-F3,phase7d-qwen15b-r06-output-control-a01,OUTPUT_CONTROL,6,,,,,DOWNSTREAM,0.43391018042549295,-0.04543160030513225,-0.40443667354013246,0.04543160030513225,0.6126335279714069,-0.2080478577335787,-0.4318524007019208,-0.019953060228448144,0.010864150073750606,1.64590522992253,-1.6350410798487796
D4-FULL-F3,phase7d-qwen15b-r06-baseline-a01,BASELINE,6,,,,,INPUT,-0.7515556524082007,0.13236267737345941,-0.317229161320209,0.24908541280742683,-1.0591692743096586,0.20484776999998658,-0.3172364400363252,-0.3909582060133887,0.000438891231389682,1.7999261734133527,-1.799487282181963
D4-FULL-F3,phase7d-qwen15b-r06-baseline-a01,BASELINE,6,,,,,OUTPUT,1.288699206044566,2.0687624862018286,0.6318143103131518,0.0,4.199070342973039,3.6565538511730598,0.9811902105097134,-1.3632485942336672,4.308853395785604,2.2389282010022167,2.0699251947833877
D4-FULL-F3,phase7d-qwen15b-r06-baseline-a01,BASELINE,6,,,,,LOAD,2.801271427589437,2.6840205928579635,3.3140873663168233,0.03947327187587751,7.577030852655179,7.922919673619399,10.907341722673388,-0.9709006504990302,9.773331400148354,1.6650998090494853,8.10823159109887
D4-FULL-F3,phase7d-qwen15b-r06-baseline-a01,BASELINE,6,,,,,DOWNSTREAM,-0.684032338112744,-0.14572200387521878,-0.1931292306102097,0.14572200387521878,-0.9697209808150188,-0.667314171793739,-0.2062209669431914,1.936149642069636,-2.5505683485869524,1.64590522992253,-4.196473578509482
D4-FULL-F3,phase7d-qwen15b-r06-load-downstream-a01,LOAD_DOWNSTREAM,6,,,,,INPUT,-3.0391227965736536,-2.951885243152447,-5.0,3.3333333333333335,-4.283043413578793,-4.568410985292564,-5.000114723313676,6.090196154615189,-10.707385862010199,1.7999261734133527,-12.507312035423551
D4-FULL-F3,phase7d-qwen15b-r06-load-downstream-a01,LOAD_DOWNSTREAM,6,,,,,OUTPUT,2.1377213084127815,3.3333333333333335,-1.7757480289172904,0.0,6.968383253495454,5.891692699639576,-2.757687747594685,-1.3632485942336672,4.730711329413783,2.2389282010022167,2.491783128411566
D4-FULL-F3,phase7d-qwen15b-r06-load-downstream-a01,LOAD_DOWNSTREAM,6,,,,,LOAD,3.1068207945792174,2.658570949648007,3.285192532835184,0.06709612343802013,8.403067562904855,7.847795257878588,10.81224289516292,-0.8382803592292121,9.859315597878,1.6650998090494853,8.194215788828515
D4-FULL-F3,phase7d-qwen15b-r06-load-downstream-a01,LOAD_DOWNSTREAM,6,,,,,DOWNSTREAM,-3.141221823066089,3.2447087664956342,4.603616197778134,0.0,-4.447668009381796,14.858704146561184,4.915683559353224,-0.9060685105914621,6.014975076102332,1.64590522992253,4.369069846179802
D4-FULL-F3,phase7d-qwen15b-r06-input-downstream-a01,INPUT_DOWNSTREAM,6,,,,,INPUT,-3.245716314562084,-1.6666666666666667,-5.0,3.3333333333333335,-4.574196178944513,-2.5793747661713295,-5.000114723313676,6.090196154615189,-10.141424710758361,1.7999261734133527,-11.941350884171714
D4-FULL-F3,phase7d-qwen15b-r06-input-downstream-a01,INPUT_DOWNSTREAM,6,,,,,OUTPUT,2.2146254291594696,3.3333333333333335,-2.7692194144994393,0.0,7.219226634206188,5.891692699639576,-4.300521428382295,-1.3632485942336672,4.300047896054824,2.2389282010022167,2.0611196950526076
D4-FULL-F3,phase7d-qwen15b-r06-input-downstream-a01,INPUT_DOWNSTREAM,6,,,,,LOAD,2.9034497780024533,2.412178579352216,3.4736723713833038,0.19307569918526216,7.85326467131902,7.120473357576929,11.432568728384215,-0.2334388209810368,9.035541073407758,1.6650998090494853,7.3704412643582735
D4-FULL-F3,phase7d-qwen15b-r06-input-downstream-a01,INPUT_DOWNSTREAM,6,,,,,DOWNSTREAM,-3.3281055667912978,3.0573394046281033,-0.9320286775989837,0.0,-4.712186380942737,14.000671541950426,-0.9952085166287906,-0.9060685105914621,3.670494058717761,1.64590522992253,2.024588828795231
D4-FULL-F3,phase7d-qwen15b-r06-downstream-medium-a01,DOWNSTREAM_MEDIUM,6,,,,,INPUT,-0.4135221880638214,0.47459994884208423,0.5590611377170175,0.02811365564003655,-0.5827778614119313,0.7345026792416853,0.5590739651862706,-0.8553022225919876,1.0922351502639958,1.7999261734133527,-0.707691023149357
D4-FULL-F3,phase7d-qwen15b-r06-downstream-medium-a01,DOWNSTREAM_MEDIUM,6,,,,,OUTPUT,1.1164066671801531,1.8332584844174722,0.1438462003913707,0.0,3.6370920965492792,3.24029868875842,0.22338918466895238,-1.3632485942336672,3.730175250892551,2.2389282010022167,1.4912470498903345
D4-FULL-F3,phase7d-qwen15b-r06-downstream-medium-a01,DOWNSTREAM_MEDIUM,6,,,,,LOAD,2.1227257562826667,0.28606440173987324,0.0835983590346205,0.04969902233749904,5.7426181696822525,0.8444291681285702,0.2751393577347759,-0.9218057190209445,3.209201284202811,1.6650998090494853,1.5441014751533255
D4-FULL-F3,phase7d-qwen15b-r06-downstream-medium-a01,DOWNSTREAM_MEDIUM,6,,,,,DOWNSTREAM,-0.48101827593224744,5.0,-3.953881858549156,0.0,-0.6823714871591255,22.896822512993904,-4.221905391912463,-0.9060685105914621,6.903583721898899,1.64590522992253,5.257678491976369
D4-FULL-F3,phase7d-qwen15b-r06-output-medium-a01,OUTPUT_MEDIUM,6,,,,,INPUT,-0.12519106311733366,0.14524531158535903,0.58302486580173,0.28608606763566463,-0.17643208064121033,0.22478525496478016,0.5830382431106419,-0.31320604031029703,0.5236698461217009,1.7999261734133527,-1.2762563272916518
D4-FULL-F3,phase7d-qwen15b-r06-output-medium-a01,OUTPUT_MEDIUM,6,,,,,OUTPUT,1.1266200267621955,3.4361643290616204,0.5636811154060866,0.0,3.670405703428846,6.073447287688281,0.8753812366350502,-1.3632485942336672,4.902993336817726,2.2389282010022167,2.6640651358155094
D4-FULL-F3,phase7d-qwen15b-r06-output-medium-a01,OUTPUT_MEDIUM,6,,,,,LOAD,0.6738940345306499,-0.0732640696594177,0.23731440775072585,0.2606043352950006,1.8257774937156805,-0.2162670958705063,0.7810504235221063,0.09077344833444902,0.7060801587879779,1.6650998090494853,-0.9590196502615074
D4-FULL-F3,phase7d-qwen15b-r06-output-medium-a01,OUTPUT_MEDIUM,6,,,,,DOWNSTREAM,-0.11176804842906095,-0.10173167981277968,-0.036487113185530856,0.10173167981277968,-0.159728549198361,-0.4658664433243884,-0.03896048121929433,1.0781453992871148,-1.2996638905344629,1.64590522992253,-2.9455691204569927
D4-FULL-F3,phase7d-qwen15b-r06-output-load-a01,OUTPUT_LOAD,6,,,,,INPUT,-3.4434577686963164,-3.6194194009689977,-5.0,3.6194194009689977,-4.852873708419781,-5.601503442630229,-5.000114723313676,6.691369605177427,-11.842866896631989,1.7999261734133527,-13.642793070045341
D4-FULL-F3,phase7d-qwen15b-r06-output-load-a01,OUTPUT_LOAD,6,,,,,OUTPUT,2.1875207693137737,5.0,-2.5254252117472524,0.0,7.130817528911247,8.837539049459364,-3.921915750709523,-1.3632485942336672,5.378728870120696,2.2389282010022167,3.1398006691184794
D4-FULL-F3,phase7d-qwen15b-r06-output-load-a01,OUTPUT_LOAD,6,,,,,LOAD,2.981272383351267,2.4226895494009137,3.2506571405752056,0.09622807525846781,8.063654008854591,7.151500530620702,10.698579831016003,-0.6984147147647201,9.336326171595152,1.6650998090494853,7.671226362545667
D4-FULL-F3,phase7d-qwen15b-r06-output-load-a01,OUTPUT_LOAD,6,,,,,DOWNSTREAM,-3.415430417632984,-0.1797742423152139,0.041680455874899824,0.1797742423152139,-4.835787433024663,-0.8232517837398824,0.04450586732001654,2.6003176308366167,-4.471828747318126,1.64590522992253,-6.117733977240656
D4-FULL-F3,phase7d-qwen15b-r06-output-downstream-a01,OUTPUT_DOWNSTREAM,6,,,,,INPUT,-0.2243125754964363,0.010870183462361424,0.5930069193763621,0.28608606763566463,-0.3161242777508231,0.016822966155880567,0.5930205257201268,-0.31320604031029703,0.41111244501869176,1.7999261734133527,-1.3888137283946609
D4-FULL-F3,phase7d-qwen15b-r06-output-downstream-a01,OUTPUT_DOWNSTREAM,6,,,,,OUTPUT,1.1622886964619337,3.4367242192354084,0.014727673428680144,0.0,3.7867486198560147,6.074436897943133,0.022871670925976185,-1.3632485942336672,4.657934323808709,2.2389282010022167,2.419006122806492
D4-FULL-F3,phase7d-qwen15b-r06-output-downstream-a01,OUTPUT_DOWNSTREAM,6,,,,,LOAD,1.3455633274038006,-0.3772088163690195,-0.16535808642797523,0.3915019670014107,3.641600247749468,-1.1134769830847382,-0.544227401368049,0.7192271039745893,-0.05792848287569563,1.6650998090494853,-1.723028291925181
D4-FULL-F3,phase7d-qwen15b-r06-output-downstream-a01,OUTPUT_DOWNSTREAM,6,,,,,DOWNSTREAM,-0.3001237311772543,5.0,-2.621450886064194,0.0,-0.42633032783171865,22.896822512993904,-2.799152333441054,-0.9060685105914621,7.463181794498506,1.64590522992253,5.817276564575976
