run_id,variant,rank,cause_set,set_score,diagnosis_set_margin
phase6v2-r01-input-medium-a01,D4-S,1,NONE,0,0.6399566750890224
phase6v2-r01-input-medium-a01,D4-S,2,DOWNSTREAM,-0.6399566750890224,
phase6v2-r01-input-medium-a01,D4-S,3,INPUT,-0.7408705910883729,
phase6v2-r01-input-medium-a01,D4-S,4,LOAD,-1.047512522652326,
phase6v2-r01-input-medium-a01,D4-S,5,INPUT+DOWNSTREAM,-1.3808272661773953,
phase6v2-r01-input-medium-a01,D4-S,6,LOAD+DOWNSTREAM,-1.6874691977413485,
phase6v2-r01-input-medium-a01,D4-S,7,INPUT+LOAD,-1.7883831137406991,
phase6v2-r01-input-medium-a01,D4-S,8,OUTPUT,-4.010551596349343,
phase6v2-r01-input-medium-a01,D4-S,9,OUTPUT+DOWNSTREAM,-4.650508271438365,
phase6v2-r01-input-medium-a01,D4-S,10,INPUT+OUTPUT,-4.751422187437716,
phase6v2-r01-input-medium-a01,D4-S,11,OUTPUT+LOAD,-5.058064119001669,
phase6v2-r01-input-load-a01,D4-S,1,OUTPUT+LOAD,11.045771976229501,6.2782228686017305
phase6v2-r01-input-load-a01,D4-S,2,LOAD,4.7675491076277705,
phase6v2-r01-input-load-a01,D4-S,3,LOAD+DOWNSTREAM,-0.5025098301766335,
phase6v2-r01-input-load-a01,D4-S,4,INPUT+LOAD,-0.7194980657744288,
phase6v2-r01-input-load-a01,D4-S,5,OUTPUT,-4.7675491076277705,
phase6v2-r01-input-load-a01,D4-S,6,OUTPUT+DOWNSTREAM,-10.037608045432174,
phase6v2-r01-input-load-a01,D4-S,7,INPUT+OUTPUT,-10.254596281029968,
phase6v2-r01-input-load-a01,D4-S,8,NONE,-11.045771976229501,
phase6v2-r01-input-load-a01,D4-S,9,DOWNSTREAM,-16.315830914033903,
phase6v2-r01-input-load-a01,D4-S,10,INPUT,-16.5328191496317,
phase6v2-r01-input-load-a01,D4-S,11,INPUT+DOWNSTREAM,-21.802878087436106,
phase6v2-r01-output-medium-a01,D4-S,1,OUTPUT+LOAD,1.6799891173170525,0.7552830223140559
phase6v2-r01-output-medium-a01,D4-S,2,OUTPUT,0.9247060950029966,
phase6v2-r01-output-medium-a01,D4-S,3,INPUT+OUTPUT,0.11116953891223069,
phase6v2-r01-output-medium-a01,D4-S,4,OUTPUT+DOWNSTREAM,-0.2927322756366959,
phase6v2-r01-output-medium-a01,D4-S,5,LOAD,-0.9247060950029966,
phase6v2-r01-output-medium-a01,D4-S,6,NONE,-1.6799891173170525,
phase6v2-r01-output-medium-a01,D4-S,7,INPUT+LOAD,-1.7382426510937625,
phase6v2-r01-output-medium-a01,D4-S,8,LOAD+DOWNSTREAM,-2.142144465642689,
phase6v2-r01-output-medium-a01,D4-S,9,INPUT,-2.4935256734078184,
phase6v2-r01-output-medium-a01,D4-S,10,DOWNSTREAM,-2.8974274879567448,
phase6v2-r01-output-medium-a01,D4-S,11,INPUT+DOWNSTREAM,-3.7109640440475107,
phase6v2-r01-load-downstream-a01,D4-S,1,OUTPUT+LOAD,8.359720554389646,0.8282195378654427
phase6v2-r01-load-downstream-a01,D4-S,2,LOAD,7.531501016524204,
phase6v2-r01-load-downstream-a01,D4-S,3,LOAD+DOWNSTREAM,4.77768644356079,
phase6v2-r01-load-downstream-a01,D4-S,4,INPUT+LOAD,4.618122585984556,
phase6v2-r01-load-downstream-a01,D4-S,5,OUTPUT,-7.531501016524204,
phase6v2-r01-load-downstream-a01,D4-S,6,NONE,-8.359720554389646,
phase6v2-r01-load-downstream-a01,D4-S,7,OUTPUT+DOWNSTREAM,-10.285315589487617,
phase6v2-r01-load-downstream-a01,D4-S,8,INPUT+OUTPUT,-10.444879447063851,
phase6v2-r01-load-downstream-a01,D4-S,9,DOWNSTREAM,-11.11353512735306,
phase6v2-r01-load-downstream-a01,D4-S,10,INPUT,-11.273098984929295,
phase6v2-r01-load-downstream-a01,D4-S,11,INPUT+DOWNSTREAM,-14.026913557892708,
phase6v2-r01-output-downstream-control-a01,D4-S,1,NONE,0,0.31140961993661354
phase6v2-r01-output-downstream-control-a01,D4-S,2,DOWNSTREAM,-0.31140961993661354,
phase6v2-r01-output-downstream-control-a01,D4-S,3,INPUT,-0.3700010628888123,
phase6v2-r01-output-downstream-control-a01,D4-S,4,INPUT+DOWNSTREAM,-0.6814106828254258,
phase6v2-r01-output-downstream-control-a01,D4-S,5,LOAD,-1.3846606343763495,
phase6v2-r01-output-downstream-control-a01,D4-S,6,OUTPUT,-1.4960888779588175,
phase6v2-r01-output-downstream-control-a01,D4-S,7,LOAD+DOWNSTREAM,-1.6960702543129629,
phase6v2-r01-output-downstream-control-a01,D4-S,8,INPUT+LOAD,-1.7546616972651616,
phase6v2-r01-output-downstream-control-a01,D4-S,9,OUTPUT+DOWNSTREAM,-1.807498497895431,
phase6v2-r01-output-downstream-control-a01,D4-S,10,INPUT+OUTPUT,-1.8660899408476297,
phase6v2-r01-output-downstream-control-a01,D4-S,11,OUTPUT+LOAD,-2.880749512335167,
phase6v2-r01-downstream-medium-a01,D4-S,1,NONE,0,0.25939389205566266
phase6v2-r01-downstream-medium-a01,D4-S,2,INPUT,-0.25939389205566266,
phase6v2-r01-downstream-medium-a01,D4-S,3,DOWNSTREAM,-0.26093051183307625,
phase6v2-r01-downstream-medium-a01,D4-S,4,INPUT+DOWNSTREAM,-0.5203244038887389,
phase6v2-r01-downstream-medium-a01,D4-S,5,LOAD,-1.069171854241318,
phase6v2-r01-downstream-medium-a01,D4-S,6,INPUT+LOAD,-1.3285657462969807,
phase6v2-r01-downstream-medium-a01,D4-S,7,LOAD+DOWNSTREAM,-1.3301023660743942,
phase6v2-r01-downstream-medium-a01,D4-S,8,OUTPUT,-2.4901419123759725,
phase6v2-r01-downstream-medium-a01,D4-S,9,INPUT+OUTPUT,-2.749535804431635,
phase6v2-r01-downstream-medium-a01,D4-S,10,OUTPUT+DOWNSTREAM,-2.751072424209049,
phase6v2-r01-downstream-medium-a01,D4-S,11,OUTPUT+LOAD,-3.5593137666172905,
phase6v2-r01-output-load-control-a01,D4-S,1,LOAD,6.863422675793112,1.3718812956237896
phase6v2-r01-output-load-control-a01,D4-S,2,INPUT+LOAD,5.4915413801693225,
phase6v2-r01-output-load-control-a01,D4-S,3,LOAD+DOWNSTREAM,5.095948174103955,
phase6v2-r01-output-load-control-a01,D4-S,4,OUTPUT+LOAD,4.43682445403517,
phase6v2-r01-output-load-control-a01,D4-S,5,NONE,-6.863422675793112,
phase6v2-r01-output-load-control-a01,D4-S,6,INPUT,-8.2353039714169,
phase6v2-r01-output-load-control-a01,D4-S,7,DOWNSTREAM,-8.630897177482268,
phase6v2-r01-output-load-control-a01,D4-S,8,OUTPUT,-9.290020897551054,
phase6v2-r01-output-load-control-a01,D4-S,9,INPUT+DOWNSTREAM,-10.002778473106058,
phase6v2-r01-output-load-control-a01,D4-S,10,INPUT+OUTPUT,-10.661902193174843,
phase6v2-r01-output-load-control-a01,D4-S,11,OUTPUT+DOWNSTREAM,-11.05749539924021,
phase6v2-r01-input-downstream-a01,D4-S,1,NONE,0,0.27583322423755985
phase6v2-r01-input-downstream-a01,D4-S,2,LOAD,-0.27583322423755985,
phase6v2-r01-input-downstream-a01,D4-S,3,INPUT,-0.3423470339394076,
phase6v2-r01-input-downstream-a01,D4-S,4,DOWNSTREAM,-0.34599429172478535,
phase6v2-r01-input-downstream-a01,D4-S,5,INPUT+LOAD,-0.6181802581769674,
phase6v2-r01-input-downstream-a01,D4-S,6,LOAD+DOWNSTREAM,-0.6218275159623452,
phase6v2-r01-input-downstream-a01,D4-S,7,INPUT+DOWNSTREAM,-0.6883413256641929,
phase6v2-r01-input-downstream-a01,D4-S,8,OUTPUT,-2.5119842112489676,
phase6v2-r01-input-downstream-a01,D4-S,9,OUTPUT+LOAD,-2.7878174354865273,
phase6v2-r01-input-downstream-a01,D4-S,10,INPUT+OUTPUT,-2.854331245188375,
phase6v2-r01-input-downstream-a01,D4-S,11,OUTPUT+DOWNSTREAM,-2.857978502973753,
phase6v2-r01-output-control-a01,D4-S,1,NONE,0,0.026789946880996007
phase6v2-r01-output-control-a01,D4-S,2,INPUT,-0.026789946880996007,
phase6v2-r01-output-control-a01,D4-S,3,DOWNSTREAM,-0.04616687115948703,
phase6v2-r01-output-control-a01,D4-S,4,INPUT+DOWNSTREAM,-0.07295681804048304,
phase6v2-r01-output-control-a01,D4-S,5,OUTPUT,-2.154127065502291,
phase6v2-r01-output-control-a01,D4-S,6,INPUT+OUTPUT,-2.1809170123832873,
phase6v2-r01-output-control-a01,D4-S,7,OUTPUT+DOWNSTREAM,-2.200293936661778,
phase6v2-r01-output-control-a01,D4-S,8,LOAD,-3.275197696983062,
phase6v2-r01-output-control-a01,D4-S,9,INPUT+LOAD,-3.3019876438640576,
phase6v2-r01-output-control-a01,D4-S,10,LOAD+DOWNSTREAM,-3.321364568142549,
phase6v2-r01-output-control-a01,D4-S,11,OUTPUT+LOAD,-5.4293247624853525,
phase6v2-r01-output-downstream-a01,D4-S,1,OUTPUT+LOAD,3.903341953600752,2.961506094967392
phase6v2-r01-output-downstream-a01,D4-S,2,OUTPUT,0.9418358586333597,
phase6v2-r01-output-downstream-a01,D4-S,3,OUTPUT+DOWNSTREAM,-0.28001409752396533,
phase6v2-r01-output-downstream-a01,D4-S,4,INPUT+OUTPUT,-0.3960996114723039,
phase6v2-r01-output-downstream-a01,D4-S,5,LOAD,-0.9418358586333597,
phase6v2-r01-output-downstream-a01,D4-S,6,LOAD+DOWNSTREAM,-2.163685814790685,
phase6v2-r01-output-downstream-a01,D4-S,7,INPUT+LOAD,-2.2797713287390233,
phase6v2-r01-output-downstream-a01,D4-S,8,NONE,-3.903341953600752,
phase6v2-r01-output-downstream-a01,D4-S,9,DOWNSTREAM,-5.125191909758077,
phase6v2-r01-output-downstream-a01,D4-S,10,INPUT,-5.241277423706416,
phase6v2-r01-output-downstream-a01,D4-S,11,INPUT+DOWNSTREAM,-6.4631273798637405,
phase6v2-r01-baseline-a01,D4-S,1,NONE,0,0.5995473289433286
phase6v2-r01-baseline-a01,D4-S,2,DOWNSTREAM,-0.5995473289433286,
phase6v2-r01-baseline-a01,D4-S,3,INPUT,-0.6367478638854691,
phase6v2-r01-baseline-a01,D4-S,4,INPUT+DOWNSTREAM,-1.2362951928287977,
phase6v2-r01-baseline-a01,D4-S,5,LOAD,-1.7314772630514101,
phase6v2-r01-baseline-a01,D4-S,6,LOAD+DOWNSTREAM,-2.3310245919947388,
phase6v2-r01-baseline-a01,D4-S,7,INPUT+LOAD,-2.3682251269368795,
phase6v2-r01-baseline-a01,D4-S,8,OUTPUT,-4.090821444681692,
phase6v2-r01-baseline-a01,D4-S,9,OUTPUT+DOWNSTREAM,-4.690368773625021,
phase6v2-r01-baseline-a01,D4-S,10,INPUT+OUTPUT,-4.727569308567162,
phase6v2-r01-baseline-a01,D4-S,11,OUTPUT+LOAD,-5.822298707733102,
phase6v2-r01-output-load-a01,D4-S,1,OUTPUT+LOAD,12.008743556843536,8.688643478002255
phase6v2-r01-output-load-a01,D4-S,2,LOAD,3.3201000788412802,
phase6v2-r01-output-load-a01,D4-S,3,LOAD+DOWNSTREAM,-2.2744414220843208,
phase6v2-r01-output-load-a01,D4-S,4,INPUT+LOAD,-2.374997336038337,
phase6v2-r01-output-load-a01,D4-S,5,OUTPUT,-3.3201000788412802,
phase6v2-r01-output-load-a01,D4-S,6,OUTPUT+DOWNSTREAM,-8.914641579766881,
phase6v2-r01-output-load-a01,D4-S,7,INPUT+OUTPUT,-9.015197493720898,
phase6v2-r01-output-load-a01,D4-S,8,NONE,-12.008743556843536,
phase6v2-r01-output-load-a01,D4-S,9,DOWNSTREAM,-17.603285057769135,
phase6v2-r01-output-load-a01,D4-S,10,INPUT,-17.703840971723153,
phase6v2-r01-output-load-a01,D4-S,11,INPUT+DOWNSTREAM,-23.298382472648754,
phase6v2-r01-load-medium-a01,D4-S,1,LOAD,8.213042173487912,0.0006472013755498551
phase6v2-r01-load-medium-a01,D4-S,2,OUTPUT+LOAD,8.212394972112362,
phase6v2-r01-load-medium-a01,D4-S,3,LOAD+DOWNSTREAM,5.485435805010987,
phase6v2-r01-load-medium-a01,D4-S,4,INPUT+LOAD,5.232034503481437,
phase6v2-r01-load-medium-a01,D4-S,5,NONE,-8.213042173487912,
phase6v2-r01-load-medium-a01,D4-S,6,OUTPUT,-8.213689374863462,
phase6v2-r01-load-medium-a01,D4-S,7,DOWNSTREAM,-10.940648541964837,
phase6v2-r01-load-medium-a01,D4-S,8,OUTPUT+DOWNSTREAM,-10.941295743340387,
phase6v2-r01-load-medium-a01,D4-S,9,INPUT,-11.194049843494387,
phase6v2-r01-load-medium-a01,D4-S,10,INPUT+OUTPUT,-11.194697044869937,
phase6v2-r01-load-medium-a01,D4-S,11,INPUT+DOWNSTREAM,-13.921656211971312,
phase6v2-r01-input-medium-a01,D4-SM,1,NONE,0,0.195936921289373
phase6v2-r01-input-medium-a01,D4-SM,2,LOAD,-0.195936921289373,
phase6v2-r01-input-medium-a01,D4-SM,3,DOWNSTREAM,-0.3998645280736155,
phase6v2-r01-input-medium-a01,D4-SM,4,INPUT,-0.46487069323338515,
phase6v2-r01-input-medium-a01,D4-SM,5,LOAD+DOWNSTREAM,-0.5958014493629885,
phase6v2-r01-input-medium-a01,D4-SM,6,INPUT+LOAD,-0.6608076145227582,
phase6v2-r01-input-medium-a01,D4-SM,7,INPUT+DOWNSTREAM,-0.8647352213070006,
phase6v2-r01-input-medium-a01,D4-SM,8,OUTPUT,-3.4331503677395343,
phase6v2-r01-input-medium-a01,D4-SM,9,OUTPUT+LOAD,-3.629087289028907,
phase6v2-r01-input-medium-a01,D4-SM,10,OUTPUT+DOWNSTREAM,-3.83301489581315,
phase6v2-r01-input-medium-a01,D4-SM,11,INPUT+OUTPUT,-3.8980210609729196,
phase6v2-r01-input-load-a01,D4-SM,1,OUTPUT+LOAD,11.955697671532082,5.728460503329067
phase6v2-r01-input-load-a01,D4-SM,2,LOAD,6.227237168203015,
phase6v2-r01-input-load-a01,D4-SM,3,LOAD+DOWNSTREAM,3.023209209744646,
phase6v2-r01-input-load-a01,D4-SM,4,INPUT+LOAD,0.6898922712823792,
phase6v2-r01-input-load-a01,D4-SM,5,OUTPUT,-6.227237168203015,
phase6v2-r01-input-load-a01,D4-SM,6,OUTPUT+DOWNSTREAM,-9.431265126661383,
phase6v2-r01-input-load-a01,D4-SM,7,INPUT+OUTPUT,-11.764582065123651,
phase6v2-r01-input-load-a01,D4-SM,8,NONE,-11.955697671532082,
phase6v2-r01-input-load-a01,D4-SM,9,DOWNSTREAM,-15.15972562999045,
phase6v2-r01-input-load-a01,D4-SM,10,INPUT,-17.49304256845272,
phase6v2-r01-input-load-a01,D4-SM,11,INPUT+DOWNSTREAM,-20.697070526911087,
phase6v2-r01-output-medium-a01,D4-SM,1,OUTPUT+LOAD,1.3427002478047565,0.23804853011652138
phase6v2-r01-output-medium-a01,D4-SM,2,OUTPUT,1.1046517176882351,
phase6v2-r01-output-medium-a01,D4-SM,3,INPUT+OUTPUT,0.7000907592637575,
phase6v2-r01-output-medium-a01,D4-SM,4,OUTPUT+DOWNSTREAM,0.17193722982852122,
phase6v2-r01-output-medium-a01,D4-SM,5,LOAD,-1.1046517176882351,
phase6v2-r01-output-medium-a01,D4-SM,6,NONE,-1.3427002478047565,
phase6v2-r01-output-medium-a01,D4-SM,7,INPUT+LOAD,-1.509212676112713,
phase6v2-r01-output-medium-a01,D4-SM,8,INPUT,-1.747261206229234,
phase6v2-r01-output-medium-a01,D4-SM,9,LOAD+DOWNSTREAM,-2.0373662055479493,
phase6v2-r01-output-medium-a01,D4-SM,10,DOWNSTREAM,-2.2754147356644703,
phase6v2-r01-output-medium-a01,D4-SM,11,INPUT+DOWNSTREAM,-2.6799756940889483,
phase6v2-r01-load-downstream-a01,D4-SM,1,LOAD+DOWNSTREAM,19.05227675972892,18.465747592426084
phase6v2-r01-load-downstream-a01,D4-SM,2,OUTPUT+DOWNSTREAM,0.5865291673028352,
phase6v2-r01-load-downstream-a01,D4-SM,3,DOWNSTREAM,0.24755119850308205,
phase6v2-r01-load-downstream-a01,D4-SM,4,OUTPUT+LOAD,-0.24755119850308205,
phase6v2-r01-load-downstream-a01,D4-SM,5,LOAD,-0.5865291673028352,
phase6v2-r01-load-downstream-a01,D4-SM,6,INPUT+DOWNSTREAM,-2.7203279162067826,
phase6v2-r01-load-downstream-a01,D4-SM,7,INPUT+LOAD,-3.5544082820127,
phase6v2-r01-load-downstream-a01,D4-SM,8,OUTPUT,-19.05227675972892,
phase6v2-r01-load-downstream-a01,D4-SM,9,NONE,-19.391254728528672,
phase6v2-r01-load-downstream-a01,D4-SM,10,INPUT+OUTPUT,-22.02015587443878,
phase6v2-r01-load-downstream-a01,D4-SM,11,INPUT,-22.35913384323854,
phase6v2-r01-output-downstream-control-a01,D4-SM,1,DOWNSTREAM,11.040605440029278,0.2905644868328423
phase6v2-r01-output-downstream-control-a01,D4-SM,2,INPUT+DOWNSTREAM,10.750040953196436,
phase6v2-r01-output-downstream-control-a01,D4-SM,3,LOAD+DOWNSTREAM,10.159737367838655,
phase6v2-r01-output-downstream-control-a01,D4-SM,4,OUTPUT+DOWNSTREAM,9.319377270344347,
phase6v2-r01-output-downstream-control-a01,D4-SM,5,NONE,-11.040605440029278,
phase6v2-r01-output-downstream-control-a01,D4-SM,6,INPUT,-11.33116992686212,
phase6v2-r01-output-downstream-control-a01,D4-SM,7,LOAD,-11.921473512219901,
phase6v2-r01-output-downstream-control-a01,D4-SM,8,INPUT+LOAD,-12.212037999052741,
phase6v2-r01-output-downstream-control-a01,D4-SM,9,OUTPUT,-12.761833609714209,
phase6v2-r01-output-downstream-control-a01,D4-SM,10,INPUT+OUTPUT,-13.052398096547051,
phase6v2-r01-output-downstream-control-a01,D4-SM,11,OUTPUT+LOAD,-13.642701681904832,
phase6v2-r01-downstream-medium-a01,D4-SM,1,DOWNSTREAM,11.065844994081045,0.15405590424811066
phase6v2-r01-downstream-medium-a01,D4-SM,2,LOAD+DOWNSTREAM,10.911789089832935,
phase6v2-r01-downstream-medium-a01,D4-SM,3,INPUT+DOWNSTREAM,10.829256248290319,
phase6v2-r01-downstream-medium-a01,D4-SM,4,OUTPUT+DOWNSTREAM,8.457816525348811,
phase6v2-r01-downstream-medium-a01,D4-SM,5,NONE,-11.065844994081045,
phase6v2-r01-downstream-medium-a01,D4-SM,6,LOAD,-11.219900898329156,
phase6v2-r01-downstream-medium-a01,D4-SM,7,INPUT,-11.302433739871772,
phase6v2-r01-downstream-medium-a01,D4-SM,8,INPUT+LOAD,-11.456489644119882,
phase6v2-r01-downstream-medium-a01,D4-SM,9,OUTPUT,-13.67387346281328,
phase6v2-r01-downstream-medium-a01,D4-SM,10,OUTPUT+LOAD,-13.827929367061392,
phase6v2-r01-downstream-medium-a01,D4-SM,11,INPUT+OUTPUT,-13.910462208604006,
phase6v2-r01-output-load-control-a01,D4-SM,1,LOAD,9.177852334939349,1.3544329361715555
phase6v2-r01-output-load-control-a01,D4-SM,2,INPUT+LOAD,7.823419398767793,
phase6v2-r01-output-load-control-a01,D4-SM,3,LOAD+DOWNSTREAM,7.803101213841147,
phase6v2-r01-output-load-control-a01,D4-SM,4,OUTPUT+LOAD,7.383600209298866,
phase6v2-r01-output-load-control-a01,D4-SM,5,NONE,-9.177852334939349,
phase6v2-r01-output-load-control-a01,D4-SM,6,INPUT,-10.532285271110904,
phase6v2-r01-output-load-control-a01,D4-SM,7,DOWNSTREAM,-10.55260345603755,
phase6v2-r01-output-load-control-a01,D4-SM,8,OUTPUT,-10.972104460579832,
phase6v2-r01-output-load-control-a01,D4-SM,9,INPUT+DOWNSTREAM,-11.907036392209106,
phase6v2-r01-output-load-control-a01,D4-SM,10,INPUT+OUTPUT,-12.326537396751387,
phase6v2-r01-output-load-control-a01,D4-SM,11,OUTPUT+DOWNSTREAM,-12.346855581678033,
phase6v2-r01-input-downstream-a01,D4-SM,1,LOAD+DOWNSTREAM,11.216309708627653,0.3859932089849245
phase6v2-r01-input-downstream-a01,D4-SM,2,DOWNSTREAM,10.830316499642729,
phase6v2-r01-input-downstream-a01,D4-SM,3,INPUT+DOWNSTREAM,10.46855155058062,
phase6v2-r01-input-downstream-a01,D4-SM,4,OUTPUT+DOWNSTREAM,8.155328983167415,
phase6v2-r01-input-downstream-a01,D4-SM,5,LOAD,-10.830316499642729,
phase6v2-r01-input-downstream-a01,D4-SM,6,INPUT+LOAD,-11.192081448704837,
phase6v2-r01-input-downstream-a01,D4-SM,7,NONE,-11.216309708627653,
phase6v2-r01-input-downstream-a01,D4-SM,8,INPUT,-11.578074657689761,
phase6v2-r01-input-downstream-a01,D4-SM,9,OUTPUT+LOAD,-13.505304016118043,
phase6v2-r01-input-downstream-a01,D4-SM,10,OUTPUT,-13.891297225102967,
phase6v2-r01-input-downstream-a01,D4-SM,11,INPUT+OUTPUT,-14.253062174165075,
phase6v2-r01-output-control-a01,D4-SM,1,DOWNSTREAM,0.17647308486542024,0.013561678429281687
phase6v2-r01-output-control-a01,D4-SM,2,INPUT+DOWNSTREAM,0.16291140643613855,
phase6v2-r01-output-control-a01,D4-SM,3,NONE,-0.17647308486542024,
phase6v2-r01-output-control-a01,D4-SM,4,INPUT,-0.19003476329470192,
phase6v2-r01-output-control-a01,D4-SM,5,LOAD+DOWNSTREAM,-1.8787808842309315,
phase6v2-r01-output-control-a01,D4-SM,6,OUTPUT+DOWNSTREAM,-2.0229853682635976,
phase6v2-r01-output-control-a01,D4-SM,7,LOAD,-2.2317270539617717,
phase6v2-r01-output-control-a01,D4-SM,8,INPUT+LOAD,-2.2452887323910535,
phase6v2-r01-output-control-a01,D4-SM,9,OUTPUT,-2.375931537994438,
phase6v2-r01-output-control-a01,D4-SM,10,INPUT+OUTPUT,-2.3894932164237197,
phase6v2-r01-output-control-a01,D4-SM,11,OUTPUT+LOAD,-4.431185507090789,
phase6v2-r01-output-downstream-a01,D4-SM,1,OUTPUT+DOWNSTREAM,11.420957422333768,1.6711443008296918
phase6v2-r01-output-downstream-a01,D4-SM,2,LOAD+DOWNSTREAM,9.749813121504076,
phase6v2-r01-output-downstream-a01,D4-SM,3,DOWNSTREAM,7.8191946202585045,
phase6v2-r01-output-downstream-a01,D4-SM,4,INPUT+DOWNSTREAM,7.0487540825235415,
phase6v2-r01-output-downstream-a01,D4-SM,5,OUTPUT+LOAD,-7.8191946202585045,
phase6v2-r01-output-downstream-a01,D4-SM,6,OUTPUT,-9.749813121504076,
phase6v2-r01-output-downstream-a01,D4-SM,7,INPUT+OUTPUT,-10.520253659239039,
phase6v2-r01-output-downstream-a01,D4-SM,8,LOAD,-11.420957422333768,
phase6v2-r01-output-downstream-a01,D4-SM,9,INPUT+LOAD,-12.19139796006873,
phase6v2-r01-output-downstream-a01,D4-SM,10,NONE,-13.35157592357934,
phase6v2-r01-output-downstream-a01,D4-SM,11,INPUT,-14.122016461314303,
phase6v2-r01-baseline-a01,D4-SM,1,LOAD,0.09535794481372661,0.19071588962745323
phase6v2-r01-baseline-a01,D4-SM,2,NONE,-0.09535794481372661,
phase6v2-r01-baseline-a01,D4-SM,3,LOAD+DOWNSTREAM,-0.17268318966528773,
phase6v2-r01-baseline-a01,D4-SM,4,INPUT+LOAD,-0.23329932879600812,
phase6v2-r01-baseline-a01,D4-SM,5,DOWNSTREAM,-0.36339907929274096,
phase6v2-r01-baseline-a01,D4-SM,6,INPUT,-0.42401521842346135,
phase6v2-r01-baseline-a01,D4-SM,7,INPUT+DOWNSTREAM,-0.6920563529024757,
phase6v2-r01-baseline-a01,D4-SM,8,OUTPUT+LOAD,-3.304275816611727,
phase6v2-r01-baseline-a01,D4-SM,9,OUTPUT,-3.4949917062391807,
phase6v2-r01-baseline-a01,D4-SM,10,OUTPUT+DOWNSTREAM,-3.763032840718195,
phase6v2-r01-baseline-a01,D4-SM,11,INPUT+OUTPUT,-3.8236489798489153,
phase6v2-r01-output-load-a01,D4-SM,1,OUTPUT+LOAD,12.321218459186465,8.289292210314102
phase6v2-r01-output-load-a01,D4-SM,2,LOAD,4.031926248872364,
phase6v2-r01-output-load-a01,D4-SM,3,LOAD+DOWNSTREAM,0.66854007308359,
phase6v2-r01-output-load-a01,D4-SM,4,INPUT+LOAD,-1.6569356613891104,
phase6v2-r01-output-load-a01,D4-SM,5,OUTPUT,-4.031926248872364,
phase6v2-r01-output-load-a01,D4-SM,6,OUTPUT+DOWNSTREAM,-7.395312424661137,
phase6v2-r01-output-load-a01,D4-SM,7,INPUT+OUTPUT,-9.72078815913384,
phase6v2-r01-output-load-a01,D4-SM,8,NONE,-12.321218459186465,
phase6v2-r01-output-load-a01,D4-SM,9,DOWNSTREAM,-15.684604634975239,
phase6v2-r01-output-load-a01,D4-SM,10,INPUT,-18.01008036944794,
phase6v2-r01-output-load-a01,D4-SM,11,INPUT+DOWNSTREAM,-21.373466545236713,
phase6v2-r01-load-medium-a01,D4-SM,1,OUTPUT+LOAD,9.762954451038649,0.06908494441834279
phase6v2-r01-load-medium-a01,D4-SM,2,LOAD,9.693869506620306,
phase6v2-r01-load-medium-a01,D4-SM,3,LOAD+DOWNSTREAM,7.866484590644533,
phase6v2-r01-load-medium-a01,D4-SM,4,INPUT+LOAD,6.775635475270655,
phase6v2-r01-load-medium-a01,D4-SM,5,OUTPUT,-9.693869506620306,
phase6v2-r01-load-medium-a01,D4-SM,6,NONE,-9.762954451038649,
phase6v2-r01-load-medium-a01,D4-SM,7,OUTPUT+DOWNSTREAM,-11.521254422596076,
phase6v2-r01-load-medium-a01,D4-SM,8,DOWNSTREAM,-11.59033936701442,
phase6v2-r01-load-medium-a01,D4-SM,9,INPUT+OUTPUT,-12.612103537969954,
phase6v2-r01-load-medium-a01,D4-SM,10,INPUT,-12.681188482388299,
phase6v2-r01-load-medium-a01,D4-SM,11,INPUT+DOWNSTREAM,-14.50857339836407,
phase6v2-r01-input-medium-a01,D4-SMT,1,NONE,0,0.3849330880292787
phase6v2-r01-input-medium-a01,D4-SMT,2,DOWNSTREAM,-0.3849330880292787,
phase6v2-r01-input-medium-a01,D4-SMT,3,INPUT,-0.433752324857578,
phase6v2-r01-input-medium-a01,D4-SMT,4,INPUT+DOWNSTREAM,-0.8186854128868567,
phase6v2-r01-input-medium-a01,D4-SMT,5,OUTPUT,-1.3996123848583948,
phase6v2-r01-input-medium-a01,D4-SMT,6,LOAD,-1.438926399694673,
phase6v2-r01-input-medium-a01,D4-SMT,7,OUTPUT+DOWNSTREAM,-1.7845454728876735,
phase6v2-r01-input-medium-a01,D4-SMT,8,LOAD+DOWNSTREAM,-1.8238594877239518,
phase6v2-r01-input-medium-a01,D4-SMT,9,INPUT+OUTPUT,-1.8333647097159727,
phase6v2-r01-input-medium-a01,D4-SMT,10,INPUT+LOAD,-1.8726787245522512,
phase6v2-r01-input-medium-a01,D4-SMT,11,OUTPUT+LOAD,-2.8385387845530676,
phase6v2-r01-input-load-a01,D4-SMT,1,OUTPUT+LOAD,18.29683253560643,5.488220964878483
phase6v2-r01-input-load-a01,D4-SMT,2,LOAD,12.808611570727948,
phase6v2-r01-input-load-a01,D4-SMT,3,LOAD+DOWNSTREAM,11.64537370035016,
phase6v2-r01-input-load-a01,D4-SMT,4,INPUT+LOAD,10.331541348925622,
phase6v2-r01-input-load-a01,D4-SMT,5,OUTPUT,-12.808611570727948,
phase6v2-r01-input-load-a01,D4-SMT,6,OUTPUT+DOWNSTREAM,-13.971849441105732,
phase6v2-r01-input-load-a01,D4-SMT,7,INPUT+OUTPUT,-15.28568179253027,
phase6v2-r01-input-load-a01,D4-SMT,8,NONE,-18.29683253560643,
phase6v2-r01-input-load-a01,D4-SMT,9,DOWNSTREAM,-19.46007040598422,
phase6v2-r01-input-load-a01,D4-SMT,10,INPUT,-20.773902757408752,
phase6v2-r01-input-load-a01,D4-SMT,11,INPUT+DOWNSTREAM,-21.93714062778654,
phase6v2-r01-output-medium-a01,D4-SMT,1,OUTPUT,2.8165350962135314,0.19198593682810827
phase6v2-r01-output-medium-a01,D4-SMT,2,OUTPUT+LOAD,2.624549159385423,
phase6v2-r01-output-medium-a01,D4-SMT,3,INPUT+OUTPUT,2.493094761033572,
phase6v2-r01-output-medium-a01,D4-SMT,4,OUTPUT+DOWNSTREAM,1.427307160995811,
phase6v2-r01-output-medium-a01,D4-SMT,5,NONE,-2.8165350962135314,
phase6v2-r01-output-medium-a01,D4-SMT,6,LOAD,-3.0085210330416396,
phase6v2-r01-output-medium-a01,D4-SMT,7,INPUT,-3.139975431393491,
phase6v2-r01-output-medium-a01,D4-SMT,8,INPUT+LOAD,-3.331961368221599,
phase6v2-r01-output-medium-a01,D4-SMT,9,DOWNSTREAM,-4.2057630314312515,
phase6v2-r01-output-medium-a01,D4-SMT,10,LOAD+DOWNSTREAM,-4.39774896825936,
phase6v2-r01-output-medium-a01,D4-SMT,11,INPUT+DOWNSTREAM,-4.5292033666112115,
phase6v2-r01-load-downstream-a01,D4-SMT,1,LOAD+DOWNSTREAM,22.002114046005595,13.101957763355996
phase6v2-r01-load-downstream-a01,D4-SMT,2,LOAD,8.900156282649599,
phase6v2-r01-load-downstream-a01,D4-SMT,3,OUTPUT+LOAD,8.648125154215698,
phase6v2-r01-load-downstream-a01,D4-SMT,4,INPUT+LOAD,6.504216504432817,
phase6v2-r01-load-downstream-a01,D4-SMT,5,DOWNSTREAM,-8.900156282649599,
phase6v2-r01-load-downstream-a01,D4-SMT,6,OUTPUT+DOWNSTREAM,-9.1521874110835,
phase6v2-r01-load-downstream-a01,D4-SMT,7,INPUT+DOWNSTREAM,-11.29609606086638,
phase6v2-r01-load-downstream-a01,D4-SMT,8,NONE,-22.002114046005595,
phase6v2-r01-load-downstream-a01,D4-SMT,9,OUTPUT,-22.254145174439497,
phase6v2-r01-load-downstream-a01,D4-SMT,10,INPUT,-24.398053824222377,
phase6v2-r01-load-downstream-a01,D4-SMT,11,INPUT+OUTPUT,-24.65008495265628,
phase6v2-r01-output-downstream-control-a01,D4-SMT,1,OUTPUT+DOWNSTREAM,8.503589584883915,1.9349429503081605
phase6v2-r01-output-downstream-control-a01,D4-SMT,2,DOWNSTREAM,6.568646634575755,
phase6v2-r01-output-downstream-control-a01,D4-SMT,3,INPUT+DOWNSTREAM,5.957961538037975,
phase6v2-r01-output-downstream-control-a01,D4-SMT,4,LOAD+DOWNSTREAM,5.0405308367992,
phase6v2-r01-output-downstream-control-a01,D4-SMT,5,OUTPUT,-6.568646634575755,
phase6v2-r01-output-downstream-control-a01,D4-SMT,6,INPUT+OUTPUT,-7.1793317311135345,
phase6v2-r01-output-downstream-control-a01,D4-SMT,7,OUTPUT+LOAD,-8.096762432352309,
phase6v2-r01-output-downstream-control-a01,D4-SMT,8,NONE,-8.503589584883915,
phase6v2-r01-output-downstream-control-a01,D4-SMT,9,INPUT,-9.114274681421696,
phase6v2-r01-output-downstream-control-a01,D4-SMT,10,LOAD,-10.03170538266047,
phase6v2-r01-output-downstream-control-a01,D4-SMT,11,INPUT+LOAD,-10.64239047919825,
phase6v2-r01-downstream-medium-a01,D4-SMT,1,DOWNSTREAM,6.578206990863462,0.5312317108057627
phase6v2-r01-downstream-medium-a01,D4-SMT,2,INPUT+DOWNSTREAM,6.0469752800576995,
phase6v2-r01-downstream-medium-a01,D4-SMT,3,OUTPUT+DOWNSTREAM,5.2144522140802625,
phase6v2-r01-downstream-medium-a01,D4-SMT,4,LOAD+DOWNSTREAM,5.105671279534908,
phase6v2-r01-downstream-medium-a01,D4-SMT,5,NONE,-6.578206990863462,
phase6v2-r01-downstream-medium-a01,D4-SMT,6,INPUT,-7.109438701669225,
phase6v2-r01-downstream-medium-a01,D4-SMT,7,OUTPUT,-7.941961767646662,
phase6v2-r01-downstream-medium-a01,D4-SMT,8,LOAD,-8.050742702192016,
phase6v2-r01-downstream-medium-a01,D4-SMT,9,INPUT+OUTPUT,-8.473193478452425,
phase6v2-r01-downstream-medium-a01,D4-SMT,10,INPUT+LOAD,-8.581974412997779,
phase6v2-r01-downstream-medium-a01,D4-SMT,11,OUTPUT+LOAD,-9.414497478975214,
phase6v2-r01-output-load-control-a01,D4-SMT,1,LOAD,15.537241609550117,1.0024242294144123
phase6v2-r01-output-load-control-a01,D4-SMT,2,OUTPUT+LOAD,14.534817380135705,
phase6v2-r01-output-load-control-a01,D4-SMT,3,LOAD+DOWNSTREAM,13.865271214711457,
phase6v2-r01-output-load-control-a01,D4-SMT,4,INPUT+LOAD,13.391138950401269,
phase6v2-r01-output-load-control-a01,D4-SMT,5,NONE,-15.537241609550117,
phase6v2-r01-output-load-control-a01,D4-SMT,6,OUTPUT,-16.539665838964527,
phase6v2-r01-output-load-control-a01,D4-SMT,7,DOWNSTREAM,-17.209212004388775,
phase6v2-r01-output-load-control-a01,D4-SMT,8,INPUT,-17.683344268698967,
phase6v2-r01-output-load-control-a01,D4-SMT,9,OUTPUT+DOWNSTREAM,-18.211636233803187,
phase6v2-r01-output-load-control-a01,D4-SMT,10,INPUT+OUTPUT,-18.685768498113376,
phase6v2-r01-output-load-control-a01,D4-SMT,11,INPUT+DOWNSTREAM,-19.355314663537627,
phase6v2-r01-input-downstream-a01,D4-SMT,1,DOWNSTREAM,6.5042502713961765,0.8173490336569618
phase6v2-r01-input-downstream-a01,D4-SMT,2,INPUT+DOWNSTREAM,5.686901237739215,
phase6v2-r01-input-downstream-a01,D4-SMT,3,LOAD+DOWNSTREAM,5.290216298528717,
phase6v2-r01-input-downstream-a01,D4-SMT,4,OUTPUT+DOWNSTREAM,4.906120015778811,
phase6v2-r01-input-downstream-a01,D4-SMT,5,NONE,-6.5042502713961765,
phase6v2-r01-input-downstream-a01,D4-SMT,6,INPUT,-7.321599305053138,
phase6v2-r01-input-downstream-a01,D4-SMT,7,LOAD,-7.718284244263636,
phase6v2-r01-input-downstream-a01,D4-SMT,8,OUTPUT,-8.102380527013542,
phase6v2-r01-input-downstream-a01,D4-SMT,9,INPUT+LOAD,-8.535633277920597,
phase6v2-r01-input-downstream-a01,D4-SMT,10,INPUT+OUTPUT,-8.919729560670504,
phase6v2-r01-input-downstream-a01,D4-SMT,11,OUTPUT+LOAD,-9.316414499881002,
phase6v2-r01-output-control-a01,D4-SMT,1,NONE,0,0.03245337877472487
phase6v2-r01-output-control-a01,D4-SMT,2,INPUT,-0.03245337877472487,
phase6v2-r01-output-control-a01,D4-SMT,3,DOWNSTREAM,-0.5900365282366532,
phase6v2-r01-output-control-a01,D4-SMT,4,INPUT+DOWNSTREAM,-0.6224899070113781,
phase6v2-r01-output-control-a01,D4-SMT,5,OUTPUT,-1.3239506478752534,
phase6v2-r01-output-control-a01,D4-SMT,6,INPUT+OUTPUT,-1.3564040266499782,
phase6v2-r01-output-control-a01,D4-SMT,7,OUTPUT+DOWNSTREAM,-1.9139871761119065,
phase6v2-r01-output-control-a01,D4-SMT,8,LOAD,-2.4313740280498095,
phase6v2-r01-output-control-a01,D4-SMT,9,INPUT+LOAD,-2.4638274068245343,
phase6v2-r01-output-control-a01,D4-SMT,10,LOAD+DOWNSTREAM,-3.0214105562864626,
phase6v2-r01-output-control-a01,D4-SMT,11,OUTPUT+LOAD,-3.755324675925063,
phase6v2-r01-output-downstream-a01,D4-SMT,1,LOAD+DOWNSTREAM,6.429229804937222,0.31022909124276943
phase6v2-r01-output-downstream-a01,D4-SMT,2,OUTPUT+DOWNSTREAM,6.119000713694453,
phase6v2-r01-output-downstream-a01,D4-SMT,3,DOWNSTREAM,3.5277428436959113,
phase6v2-r01-output-downstream-a01,D4-SMT,4,INPUT+DOWNSTREAM,2.6288705655902573,
phase6v2-r01-output-downstream-a01,D4-SMT,5,OUTPUT+LOAD,-3.5277428436959113,
phase6v2-r01-output-downstream-a01,D4-SMT,6,LOAD,-6.119000713694453,
phase6v2-r01-output-downstream-a01,D4-SMT,7,OUTPUT,-6.429229804937222,
phase6v2-r01-output-downstream-a01,D4-SMT,8,INPUT+LOAD,-7.0178729918001075,
phase6v2-r01-output-downstream-a01,D4-SMT,9,INPUT+OUTPUT,-7.328102083042876,
phase6v2-r01-output-downstream-a01,D4-SMT,10,NONE,-9.020487674935763,
phase6v2-r01-output-downstream-a01,D4-SMT,11,INPUT,-9.919359953041418,
phase6v2-r01-baseline-a01,D4-SMT,1,LOAD,0.44330744535592115,0.15283379370363648
phase6v2-r01-baseline-a01,D4-SMT,2,INPUT+LOAD,0.29047365165228467,
phase6v2-r01-baseline-a01,D4-SMT,3,LOAD+DOWNSTREAM,-0.36539573591326635,
phase6v2-r01-baseline-a01,D4-SMT,4,OUTPUT+LOAD,-0.43160916790446335,
phase6v2-r01-baseline-a01,D4-SMT,5,NONE,-0.44330744535592115,
phase6v2-r01-baseline-a01,D4-SMT,6,INPUT,-0.5961412390595576,
phase6v2-r01-baseline-a01,D4-SMT,7,DOWNSTREAM,-1.2520106266251085,
phase6v2-r01-baseline-a01,D4-SMT,8,OUTPUT,-1.3182240586163056,
phase6v2-r01-baseline-a01,D4-SMT,9,INPUT+DOWNSTREAM,-1.4048444203287451,
phase6v2-r01-baseline-a01,D4-SMT,10,INPUT+OUTPUT,-1.471057852319942,
phase6v2-r01-baseline-a01,D4-SMT,11,OUTPUT+DOWNSTREAM,-2.126927239885493,
phase6v2-r01-output-load-a01,D4-SMT,1,OUTPUT+LOAD,21.102738297528557,13.930572532637001
phase6v2-r01-output-load-a01,D4-SMT,2,LOAD,7.172165764891555,
phase6v2-r01-output-load-a01,D4-SMT,3,LOAD+DOWNSTREAM,5.488586201806078,
phase6v2-r01-output-load-a01,D4-SMT,4,INPUT+LOAD,4.695095543089233,
phase6v2-r01-output-load-a01,D4-SMT,5,OUTPUT,-7.172165764891555,
phase6v2-r01-output-load-a01,D4-SMT,6,OUTPUT+DOWNSTREAM,-8.855745327977033,
phase6v2-r01-output-load-a01,D4-SMT,7,INPUT+OUTPUT,-9.649235986693878,
phase6v2-r01-output-load-a01,D4-SMT,8,NONE,-21.102738297528557,
phase6v2-r01-output-load-a01,D4-SMT,9,DOWNSTREAM,-22.786317860614034,
phase6v2-r01-output-load-a01,D4-SMT,10,INPUT,-23.57980851933088,
phase6v2-r01-output-load-a01,D4-SMT,11,INPUT+DOWNSTREAM,-25.263388082416355,
phase6v2-r01-load-medium-a01,D4-SMT,1,OUTPUT+LOAD,16.225279691072316,0.9223096196652101
phase6v2-r01-load-medium-a01,D4-SMT,2,LOAD,15.302970071407106,
phase6v2-r01-load-medium-a01,D4-SMT,3,LOAD+DOWNSTREAM,14.423400400869204,
phase6v2-r01-load-medium-a01,D4-SMT,4,INPUT+LOAD,12.845145494173016,
phase6v2-r01-load-medium-a01,D4-SMT,5,OUTPUT,-15.302970071407106,
phase6v2-r01-load-medium-a01,D4-SMT,6,OUTPUT+DOWNSTREAM,-16.18253974194501,
phase6v2-r01-load-medium-a01,D4-SMT,7,NONE,-16.225279691072316,
phase6v2-r01-load-medium-a01,D4-SMT,8,DOWNSTREAM,-17.10484936161022,
phase6v2-r01-load-medium-a01,D4-SMT,9,INPUT+OUTPUT,-17.760794648641195,
phase6v2-r01-load-medium-a01,D4-SMT,10,INPUT,-18.68310426830641,
phase6v2-r01-load-medium-a01,D4-SMT,11,INPUT+DOWNSTREAM,-19.56267393884431,
phase6v2-r01-input-medium-a01,D4-FULL,1,NONE,0,0.031036448775155323
phase6v2-r01-input-medium-a01,D4-FULL,2,LOAD,-0.031036448775155323,
phase6v2-r01-input-medium-a01,D4-FULL,3,DOWNSTREAM,-0.29949850856565696,
phase6v2-r01-input-medium-a01,D4-FULL,4,INPUT,-0.3097359278316729,
phase6v2-r01-input-medium-a01,D4-FULL,5,LOAD+DOWNSTREAM,-0.3305349573408123,
phase6v2-r01-input-medium-a01,D4-FULL,6,INPUT+LOAD,-0.34077237660682824,
phase6v2-r01-input-medium-a01,D4-FULL,7,INPUT+DOWNSTREAM,-0.6092344363973299,
phase6v2-r01-input-medium-a01,D4-FULL,8,OUTPUT,-3.907994510980749,
phase6v2-r01-input-medium-a01,D4-FULL,9,OUTPUT+LOAD,-3.939030959755904,
phase6v2-r01-input-medium-a01,D4-FULL,10,OUTPUT+DOWNSTREAM,-4.207493019546406,
phase6v2-r01-input-medium-a01,D4-FULL,11,INPUT+OUTPUT,-4.2177304388124215,
phase6v2-r01-input-load-a01,D4-FULL,1,OUTPUT+LOAD,11.452951509747017,2.322323901017768
phase6v2-r01-input-load-a01,D4-FULL,2,LOAD,9.130627608729249,
phase6v2-r01-input-load-a01,D4-FULL,3,LOAD+DOWNSTREAM,4.079506927428495,
phase6v2-r01-input-load-a01,D4-FULL,4,INPUT+LOAD,-2.798902465089117,
phase6v2-r01-input-load-a01,D4-FULL,5,OUTPUT,-9.130627608729249,
phase6v2-r01-input-load-a01,D4-FULL,6,NONE,-11.452951509747017,
phase6v2-r01-input-load-a01,D4-FULL,7,OUTPUT+DOWNSTREAM,-14.181748290030004,
phase6v2-r01-input-load-a01,D4-FULL,8,DOWNSTREAM,-16.504072191047772,
phase6v2-r01-input-load-a01,D4-FULL,9,INPUT+OUTPUT,-21.060157682547615,
phase6v2-r01-input-load-a01,D4-FULL,10,INPUT,-23.382481583565383,
phase6v2-r01-input-load-a01,D4-FULL,11,INPUT+DOWNSTREAM,-28.43360226486614,
phase6v2-r01-output-medium-a01,D4-FULL,1,OUTPUT,2.153479520313169,0.27013966706059533
phase6v2-r01-output-medium-a01,D4-FULL,2,INPUT+OUTPUT,1.8833398532525736,
phase6v2-r01-output-medium-a01,D4-FULL,3,OUTPUT+LOAD,1.4704449106744986,
phase6v2-r01-output-medium-a01,D4-FULL,4,OUTPUT+DOWNSTREAM,0.1557861413644288,
phase6v2-r01-output-medium-a01,D4-FULL,5,NONE,-2.153479520313169,
phase6v2-r01-output-medium-a01,D4-FULL,6,INPUT,-2.423619187373764,
phase6v2-r01-output-medium-a01,D4-FULL,7,LOAD,-2.8365141299518393,
phase6v2-r01-output-medium-a01,D4-FULL,8,INPUT+LOAD,-3.1066537970124344,
phase6v2-r01-output-medium-a01,D4-FULL,9,DOWNSTREAM,-4.151172899261909,
phase6v2-r01-output-medium-a01,D4-FULL,10,INPUT+DOWNSTREAM,-4.421312566322504,
phase6v2-r01-output-medium-a01,D4-FULL,11,LOAD+DOWNSTREAM,-4.83420750890058,
phase6v2-r01-load-downstream-a01,D4-FULL,1,LOAD+DOWNSTREAM,16.052706607451576,12.995450987639364
phase6v2-r01-load-downstream-a01,D4-FULL,2,LOAD,3.057255619812212,
phase6v2-r01-load-downstream-a01,D4-FULL,3,OUTPUT+LOAD,2.7157832550758734,
phase6v2-r01-load-downstream-a01,D4-FULL,4,INPUT+LOAD,-2.92833141464523,
phase6v2-r01-load-downstream-a01,D4-FULL,5,DOWNSTREAM,-3.057255619812212,
phase6v2-r01-load-downstream-a01,D4-FULL,6,OUTPUT+DOWNSTREAM,-3.3987279845485503,
phase6v2-r01-load-downstream-a01,D4-FULL,7,INPUT+DOWNSTREAM,-9.042842654269654,
phase6v2-r01-load-downstream-a01,D4-FULL,8,NONE,-16.052706607451576,
phase6v2-r01-load-downstream-a01,D4-FULL,9,OUTPUT,-16.394178972187916,
phase6v2-r01-load-downstream-a01,D4-FULL,10,INPUT,-22.038293641909018,
phase6v2-r01-load-downstream-a01,D4-FULL,11,INPUT+OUTPUT,-22.379766006645355,
phase6v2-r01-output-downstream-control-a01,D4-FULL,1,DOWNSTREAM,7.534474195587004,0.19408282420221656
phase6v2-r01-output-downstream-control-a01,D4-FULL,2,INPUT+DOWNSTREAM,7.340391371384787,
phase6v2-r01-output-downstream-control-a01,D4-FULL,3,OUTPUT+DOWNSTREAM,7.016914206841143,
phase6v2-r01-output-downstream-control-a01,D4-FULL,4,LOAD+DOWNSTREAM,6.1162059146758025,
phase6v2-r01-output-downstream-control-a01,D4-FULL,5,NONE,-7.534474195587004,
phase6v2-r01-output-downstream-control-a01,D4-FULL,6,INPUT,-7.72855701978922,
phase6v2-r01-output-downstream-control-a01,D4-FULL,7,OUTPUT,-8.052034184332864,
phase6v2-r01-output-downstream-control-a01,D4-FULL,8,INPUT+OUTPUT,-8.246117008535082,
phase6v2-r01-output-downstream-control-a01,D4-FULL,9,LOAD,-8.952742476498205,
phase6v2-r01-output-downstream-control-a01,D4-FULL,10,INPUT+LOAD,-9.14682530070042,
phase6v2-r01-output-downstream-control-a01,D4-FULL,11,OUTPUT+LOAD,-9.470302465244066,
phase6v2-r01-downstream-medium-a01,D4-FULL,1,LOAD+DOWNSTREAM,6.757698296460027,0.21437626477643512
phase6v2-r01-downstream-medium-a01,D4-FULL,2,DOWNSTREAM,6.543322031683592,
phase6v2-r01-downstream-medium-a01,D4-FULL,3,INPUT+DOWNSTREAM,6.384502957816012,
phase6v2-r01-downstream-medium-a01,D4-FULL,4,OUTPUT+DOWNSTREAM,3.554584448358187,
phase6v2-r01-downstream-medium-a01,D4-FULL,5,LOAD,-6.543322031683592,
phase6v2-r01-downstream-medium-a01,D4-FULL,6,INPUT+LOAD,-6.702141105551172,
phase6v2-r01-downstream-medium-a01,D4-FULL,7,NONE,-6.757698296460027,
phase6v2-r01-downstream-medium-a01,D4-FULL,8,INPUT,-6.916517370327607,
phase6v2-r01-downstream-medium-a01,D4-FULL,9,OUTPUT+LOAD,-9.532059615008997,
phase6v2-r01-downstream-medium-a01,D4-FULL,10,OUTPUT,-9.74643587978543,
phase6v2-r01-downstream-medium-a01,D4-FULL,11,INPUT+OUTPUT,-9.90525495365301,
phase6v2-r01-output-load-control-a01,D4-FULL,1,LOAD,10.178275096741949,0.7020903480108824
phase6v2-r01-output-load-control-a01,D4-FULL,2,OUTPUT+LOAD,9.476184748731066,
phase6v2-r01-output-load-control-a01,D4-FULL,3,INPUT+LOAD,7.923576357052043,
phase6v2-r01-output-load-control-a01,D4-FULL,4,LOAD+DOWNSTREAM,6.657320667393612,
phase6v2-r01-output-load-control-a01,D4-FULL,5,NONE,-10.178275096741949,
phase6v2-r01-output-load-control-a01,D4-FULL,6,OUTPUT,-10.880365444752831,
phase6v2-r01-output-load-control-a01,D4-FULL,7,INPUT,-12.432973836431856,
phase6v2-r01-output-load-control-a01,D4-FULL,8,INPUT+OUTPUT,-13.135064184442736,
phase6v2-r01-output-load-control-a01,D4-FULL,9,DOWNSTREAM,-13.699229526090285,
phase6v2-r01-output-load-control-a01,D4-FULL,10,OUTPUT+DOWNSTREAM,-14.401319874101167,
phase6v2-r01-output-load-control-a01,D4-FULL,11,INPUT+DOWNSTREAM,-15.953928265780192,
phase6v2-r01-input-downstream-a01,D4-FULL,1,LOAD+DOWNSTREAM,6.660779691016478,0.2562241742391862
phase6v2-r01-input-downstream-a01,D4-FULL,2,DOWNSTREAM,6.404555516777291,
phase6v2-r01-input-downstream-a01,D4-FULL,3,INPUT+DOWNSTREAM,6.1640315063694375,
phase6v2-r01-input-downstream-a01,D4-FULL,4,OUTPUT+DOWNSTREAM,3.0030046734454308,
phase6v2-r01-input-downstream-a01,D4-FULL,5,LOAD,-6.404555516777291,
phase6v2-r01-input-downstream-a01,D4-FULL,6,INPUT+LOAD,-6.645079527185145,
phase6v2-r01-input-downstream-a01,D4-FULL,7,NONE,-6.660779691016478,
phase6v2-r01-input-downstream-a01,D4-FULL,8,INPUT,-6.9013037014243315,
phase6v2-r01-input-downstream-a01,D4-FULL,9,OUTPUT+LOAD,-9.806106360109151,
phase6v2-r01-input-downstream-a01,D4-FULL,10,OUTPUT,-10.062330534348337,
phase6v2-r01-input-downstream-a01,D4-FULL,11,INPUT+OUTPUT,-10.302854544756192,
phase6v2-r01-output-control-a01,D4-FULL,1,NONE,0,0.009105755661615644
phase6v2-r01-output-control-a01,D4-FULL,2,INPUT,-0.009105755661615644,
phase6v2-r01-output-control-a01,D4-FULL,3,DOWNSTREAM,-0.25909655113361674,
phase6v2-r01-output-control-a01,D4-FULL,4,INPUT+DOWNSTREAM,-0.2682023067952324,
phase6v2-r01-output-control-a01,D4-FULL,5,OUTPUT,-2.394980552505453,
phase6v2-r01-output-control-a01,D4-FULL,6,INPUT+OUTPUT,-2.4040863081670683,
phase6v2-r01-output-control-a01,D4-FULL,7,LOAD,-2.6224519129725072,
phase6v2-r01-output-control-a01,D4-FULL,8,INPUT+LOAD,-2.631557668634123,
phase6v2-r01-output-control-a01,D4-FULL,9,OUTPUT+DOWNSTREAM,-2.65407710363907,
phase6v2-r01-output-control-a01,D4-FULL,10,LOAD+DOWNSTREAM,-2.8815484641061238,
phase6v2-r01-output-control-a01,D4-FULL,11,OUTPUT+LOAD,-5.01743246547796,
phase6v2-r01-output-downstream-a01,D4-FULL,1,OUTPUT+DOWNSTREAM,8.106900160994117,2.8928763051465403
phase6v2-r01-output-downstream-a01,D4-FULL,2,DOWNSTREAM,5.214023855847577,
phase6v2-r01-output-downstream-a01,D4-FULL,3,LOAD+DOWNSTREAM,5.00969778343215,
phase6v2-r01-output-downstream-a01,D4-FULL,4,INPUT+DOWNSTREAM,4.698073982318734,
phase6v2-r01-output-downstream-a01,D4-FULL,5,OUTPUT,-5.214023855847577,
phase6v2-r01-output-downstream-a01,D4-FULL,6,OUTPUT+LOAD,-5.418349928263002,
phase6v2-r01-output-downstream-a01,D4-FULL,7,INPUT+OUTPUT,-5.729973729376419,
phase6v2-r01-output-downstream-a01,D4-FULL,8,NONE,-8.106900160994117,
phase6v2-r01-output-downstream-a01,D4-FULL,9,LOAD,-8.311226233409542,
phase6v2-r01-output-downstream-a01,D4-FULL,10,INPUT,-8.62285003452296,
phase6v2-r01-output-downstream-a01,D4-FULL,11,INPUT+LOAD,-8.827176106938385,
phase6v2-r01-baseline-a01,D4-FULL,1,LOAD,0.8416257147833031,0.2206236651512925
phase6v2-r01-baseline-a01,D4-FULL,2,INPUT+LOAD,0.6210020496320106,
phase6v2-r01-baseline-a01,D4-FULL,3,LOAD+DOWNSTREAM,0.04874573525779213,
phase6v2-r01-baseline-a01,D4-FULL,4,NONE,-0.8416257147833031,
phase6v2-r01-baseline-a01,D4-FULL,5,INPUT,-1.0622493799345956,
phase6v2-r01-baseline-a01,D4-FULL,6,DOWNSTREAM,-1.6345056943088139,
phase6v2-r01-baseline-a01,D4-FULL,7,INPUT+DOWNSTREAM,-1.8551293594601066,
phase6v2-r01-baseline-a01,D4-FULL,8,OUTPUT+LOAD,-2.4763839271009216,
phase6v2-r01-baseline-a01,D4-FULL,9,OUTPUT,-4.159635356667528,
phase6v2-r01-baseline-a01,D4-FULL,10,INPUT+OUTPUT,-4.38025902181882,
phase6v2-r01-baseline-a01,D4-FULL,11,OUTPUT+DOWNSTREAM,-4.952515336193039,
phase6v2-r01-output-load-a01,D4-FULL,1,OUTPUT+LOAD,11.648537139831646,6.096026690965463
phase6v2-r01-output-load-a01,D4-FULL,2,LOAD,5.552510448866183,
phase6v2-r01-output-load-a01,D4-FULL,3,LOAD+DOWNSTREAM,-0.3898489670973535,
phase6v2-r01-output-load-a01,D4-FULL,4,OUTPUT,-5.552510448866183,
phase6v2-r01-output-load-a01,D4-FULL,5,INPUT+LOAD,-6.68351440096353,
phase6v2-r01-output-load-a01,D4-FULL,6,OUTPUT+DOWNSTREAM,-11.49486986482972,
phase6v2-r01-output-load-a01,D4-FULL,7,NONE,-11.648537139831646,
phase6v2-r01-output-load-a01,D4-FULL,8,DOWNSTREAM,-17.590896555795183,
phase6v2-r01-output-load-a01,D4-FULL,9,INPUT+OUTPUT,-17.788535298695898,
phase6v2-r01-output-load-a01,D4-FULL,10,INPUT,-23.884561989661357,
phase6v2-r01-output-load-a01,D4-FULL,11,INPUT+DOWNSTREAM,-29.826921405624894,
phase6v2-r01-load-medium-a01,D4-FULL,1,OUTPUT+LOAD,10.563996161699645,0.2856500617363409
phase6v2-r01-load-medium-a01,D4-FULL,2,LOAD,10.278346099963304,
phase6v2-r01-load-medium-a01,D4-FULL,3,LOAD+DOWNSTREAM,7.139281319146292,
phase6v2-r01-load-medium-a01,D4-FULL,4,INPUT+LOAD,4.519980415157439,
phase6v2-r01-load-medium-a01,D4-FULL,5,OUTPUT,-10.278346099963304,
phase6v2-r01-load-medium-a01,D4-FULL,6,NONE,-10.563996161699645,
phase6v2-r01-load-medium-a01,D4-FULL,7,OUTPUT+DOWNSTREAM,-13.417410880780315,
phase6v2-r01-load-medium-a01,D4-FULL,8,DOWNSTREAM,-13.703060942516657,
phase6v2-r01-load-medium-a01,D4-FULL,9,INPUT+OUTPUT,-16.036711784769167,
phase6v2-r01-load-medium-a01,D4-FULL,10,INPUT,-16.32236184650551,
phase6v2-r01-load-medium-a01,D4-FULL,11,INPUT+DOWNSTREAM,-19.46142662732252,
phase6v2-r01-input-medium-a01,D4-FULL,1,INPUT,0.36616099347132325,0.031036448775155323
phase6v2-r01-input-medium-a01,D4-FULL,2,INPUT+LOAD,0.3351245446961679,
phase6v2-r01-input-medium-a01,D4-FULL,3,INPUT+DOWNSTREAM,0.06666248490566629,
phase6v2-r01-input-medium-a01,D4-FULL,4,NONE,-0.36616099347132325,
phase6v2-r01-input-medium-a01,D4-FULL,5,LOAD,-0.39719744224647857,
phase6v2-r01-input-medium-a01,D4-FULL,6,DOWNSTREAM,-0.6656595020369802,
phase6v2-r01-input-medium-a01,D4-FULL,7,LOAD+DOWNSTREAM,-0.6966959508121355,
phase6v2-r01-input-medium-a01,D4-FULL,8,INPUT+OUTPUT,-3.5418335175094255,
phase6v2-r01-input-medium-a01,D4-FULL,9,OUTPUT,-4.274155504452072,
phase6v2-r01-input-medium-a01,D4-FULL,10,OUTPUT+LOAD,-4.305191953227228,
phase6v2-r01-input-medium-a01,D4-FULL,11,OUTPUT+DOWNSTREAM,-4.573654013017729,
phase6v2-r01-input-load-a01,D4-FULL,1,OUTPUT+LOAD,11.452951509747017,2.322323901017768
phase6v2-r01-input-load-a01,D4-FULL,2,LOAD,9.130627608729249,
phase6v2-r01-input-load-a01,D4-FULL,3,LOAD+DOWNSTREAM,4.079506927428495,
phase6v2-r01-input-load-a01,D4-FULL,4,INPUT+LOAD,-2.581882693605665,
phase6v2-r01-input-load-a01,D4-FULL,5,OUTPUT,-9.130627608729249,
phase6v2-r01-input-load-a01,D4-FULL,6,NONE,-11.452951509747017,
phase6v2-r01-input-load-a01,D4-FULL,7,OUTPUT+DOWNSTREAM,-14.181748290030004,
phase6v2-r01-input-load-a01,D4-FULL,8,DOWNSTREAM,-16.504072191047772,
phase6v2-r01-input-load-a01,D4-FULL,9,INPUT+OUTPUT,-20.84313791106416,
phase6v2-r01-input-load-a01,D4-FULL,10,INPUT,-23.16546181208193,
phase6v2-r01-input-load-a01,D4-FULL,11,INPUT+DOWNSTREAM,-28.216582493382685,
phase6v2-r01-output-medium-a01,D4-FULL,1,OUTPUT,3.1371199948655835,0.6830346096386704
phase6v2-r01-output-medium-a01,D4-FULL,2,OUTPUT+LOAD,2.454085385226913,
phase6v2-r01-output-medium-a01,D4-FULL,3,INPUT+OUTPUT,1.938295322418233,
phase6v2-r01-output-medium-a01,D4-FULL,4,OUTPUT+DOWNSTREAM,1.1394266159168434,
phase6v2-r01-output-medium-a01,D4-FULL,5,NONE,-3.1371199948655835,
phase6v2-r01-output-medium-a01,D4-FULL,6,LOAD,-3.820154604504254,
phase6v2-r01-output-medium-a01,D4-FULL,7,INPUT,-4.335944667312933,
phase6v2-r01-output-medium-a01,D4-FULL,8,INPUT+LOAD,-5.018979276951605,
phase6v2-r01-output-medium-a01,D4-FULL,9,DOWNSTREAM,-5.134813373814324,
phase6v2-r01-output-medium-a01,D4-FULL,10,LOAD+DOWNSTREAM,-5.817847983452994,
phase6v2-r01-output-medium-a01,D4-FULL,11,INPUT+DOWNSTREAM,-6.333638046261674,
phase6v2-r01-load-downstream-a01,D4-FULL,1,LOAD+DOWNSTREAM,16.052706607451576,12.995450987639364
phase6v2-r01-load-downstream-a01,D4-FULL,2,LOAD,3.057255619812212,
phase6v2-r01-load-downstream-a01,D4-FULL,3,OUTPUT+LOAD,2.7157832550758734,
phase6v2-r01-load-downstream-a01,D4-FULL,4,DOWNSTREAM,-3.057255619812212,
phase6v2-r01-load-downstream-a01,D4-FULL,5,INPUT+LOAD,-3.1369882157088007,
phase6v2-r01-load-downstream-a01,D4-FULL,6,OUTPUT+DOWNSTREAM,-3.3987279845485503,
phase6v2-r01-load-downstream-a01,D4-FULL,7,INPUT+DOWNSTREAM,-9.251499455333224,
phase6v2-r01-load-downstream-a01,D4-FULL,8,NONE,-16.052706607451576,
phase6v2-r01-load-downstream-a01,D4-FULL,9,OUTPUT,-16.394178972187916,
phase6v2-r01-load-downstream-a01,D4-FULL,10,INPUT,-22.24695044297259,
phase6v2-r01-load-downstream-a01,D4-FULL,11,INPUT+OUTPUT,-22.588422807708927,
phase6v2-r01-output-downstream-control-a01,D4-FULL,1,DOWNSTREAM,7.534474195587004,0.5175599887458606
phase6v2-r01-output-downstream-control-a01,D4-FULL,2,OUTPUT+DOWNSTREAM,7.016914206841143,
phase6v2-r01-output-downstream-control-a01,D4-FULL,3,INPUT+DOWNSTREAM,6.409875576134957,
phase6v2-r01-output-downstream-control-a01,D4-FULL,4,LOAD+DOWNSTREAM,6.1162059146758025,
phase6v2-r01-output-downstream-control-a01,D4-FULL,5,NONE,-7.534474195587004,
phase6v2-r01-output-downstream-control-a01,D4-FULL,6,OUTPUT,-8.052034184332864,
phase6v2-r01-output-downstream-control-a01,D4-FULL,7,INPUT,-8.65907281503905,
phase6v2-r01-output-downstream-control-a01,D4-FULL,8,LOAD,-8.952742476498205,
phase6v2-r01-output-downstream-control-a01,D4-FULL,9,INPUT+OUTPUT,-9.176632803784912,
phase6v2-r01-output-downstream-control-a01,D4-FULL,10,OUTPUT+LOAD,-9.470302465244066,
phase6v2-r01-output-downstream-control-a01,D4-FULL,11,INPUT+LOAD,-10.077341095950251,
phase6v2-r01-downstream-medium-a01,D4-FULL,1,LOAD+DOWNSTREAM,6.757698296460027,0.21437626477643512
phase6v2-r01-downstream-medium-a01,D4-FULL,2,DOWNSTREAM,6.543322031683592,
phase6v2-r01-downstream-medium-a01,D4-FULL,3,INPUT+DOWNSTREAM,6.39777371726325,
phase6v2-r01-downstream-medium-a01,D4-FULL,4,OUTPUT+DOWNSTREAM,3.554584448358187,
phase6v2-r01-downstream-medium-a01,D4-FULL,5,LOAD,-6.543322031683592,
phase6v2-r01-downstream-medium-a01,D4-FULL,6,INPUT+LOAD,-6.688870346103934,
phase6v2-r01-downstream-medium-a01,D4-FULL,7,NONE,-6.757698296460027,
phase6v2-r01-downstream-medium-a01,D4-FULL,8,INPUT,-6.903246610880369,
phase6v2-r01-downstream-medium-a01,D4-FULL,9,OUTPUT+LOAD,-9.532059615008997,
phase6v2-r01-downstream-medium-a01,D4-FULL,10,OUTPUT,-9.74643587978543,
phase6v2-r01-downstream-medium-a01,D4-FULL,11,INPUT+OUTPUT,-9.891984194205772,
phase6v2-r01-output-load-control-a01,D4-FULL,1,LOAD,10.178275096741949,0.7020903480108824
phase6v2-r01-output-load-control-a01,D4-FULL,2,OUTPUT+LOAD,9.476184748731066,
phase6v2-r01-output-load-control-a01,D4-FULL,3,INPUT+LOAD,6.926648918691159,
phase6v2-r01-output-load-control-a01,D4-FULL,4,LOAD+DOWNSTREAM,6.657320667393612,
phase6v2-r01-output-load-control-a01,D4-FULL,5,NONE,-10.178275096741949,
phase6v2-r01-output-load-control-a01,D4-FULL,6,OUTPUT,-10.880365444752831,
phase6v2-r01-output-load-control-a01,D4-FULL,7,INPUT,-13.429901274792739,
phase6v2-r01-output-load-control-a01,D4-FULL,8,DOWNSTREAM,-13.699229526090285,
phase6v2-r01-output-load-control-a01,D4-FULL,9,INPUT+OUTPUT,-14.131991622803621,
phase6v2-r01-output-load-control-a01,D4-FULL,10,OUTPUT+DOWNSTREAM,-14.401319874101167,
phase6v2-r01-output-load-control-a01,D4-FULL,11,INPUT+DOWNSTREAM,-16.950855704141077,
phase6v2-r01-input-downstream-a01,D4-FULL,1,INPUT+DOWNSTREAM,6.838294628108238,0.6112540484227065
phase6v2-r01-input-downstream-a01,D4-FULL,2,LOAD+DOWNSTREAM,6.227040579685531,
phase6v2-r01-input-downstream-a01,D4-FULL,3,DOWNSTREAM,5.970816405446345,
phase6v2-r01-input-downstream-a01,D4-FULL,4,OUTPUT+DOWNSTREAM,2.5692655621144844,
phase6v2-r01-input-downstream-a01,D4-FULL,5,INPUT+LOAD,-5.970816405446345,
phase6v2-r01-input-downstream-a01,D4-FULL,6,INPUT,-6.227040579685531,
phase6v2-r01-input-downstream-a01,D4-FULL,7,LOAD,-6.838294628108238,
phase6v2-r01-input-downstream-a01,D4-FULL,8,NONE,-7.094518802347424,
phase6v2-r01-input-downstream-a01,D4-FULL,9,INPUT+OUTPUT,-9.628591423017392,
phase6v2-r01-input-downstream-a01,D4-FULL,10,OUTPUT+LOAD,-10.239845471440098,
phase6v2-r01-input-downstream-a01,D4-FULL,11,OUTPUT,-10.496069645679285,
phase6v2-r01-output-control-a01,D4-FULL,1,NONE,0,0.25909655113361674
phase6v2-r01-output-control-a01,D4-FULL,2,DOWNSTREAM,-0.25909655113361674,
phase6v2-r01-output-control-a01,D4-FULL,3,INPUT,-0.9378310903493807,
phase6v2-r01-output-control-a01,D4-FULL,4,INPUT+DOWNSTREAM,-1.1969276414829975,
phase6v2-r01-output-control-a01,D4-FULL,5,OUTPUT,-2.3949805525054524,
phase6v2-r01-output-control-a01,D4-FULL,6,LOAD,-2.6224519129725072,
phase6v2-r01-output-control-a01,D4-FULL,7,OUTPUT+DOWNSTREAM,-2.654077103639069,
phase6v2-r01-output-control-a01,D4-FULL,8,LOAD+DOWNSTREAM,-2.8815484641061238,
phase6v2-r01-output-control-a01,D4-FULL,9,INPUT+OUTPUT,-3.332811642854833,
phase6v2-r01-output-control-a01,D4-FULL,10,INPUT+LOAD,-3.5602830033218877,
phase6v2-r01-output-control-a01,D4-FULL,11,OUTPUT+LOAD,-5.01743246547796,
phase6v2-r01-output-downstream-a01,D4-FULL,1,OUTPUT+DOWNSTREAM,9.090540635546533,4.860157254251373
phase6v2-r01-output-downstream-a01,D4-FULL,2,DOWNSTREAM,4.230383381295161,
phase6v2-r01-output-downstream-a01,D4-FULL,3,LOAD+DOWNSTREAM,4.026057308879736,
phase6v2-r01-output-downstream-a01,D4-FULL,4,INPUT+DOWNSTREAM,2.783987211934607,
phase6v2-r01-output-downstream-a01,D4-FULL,5,OUTPUT,-4.230383381295161,
phase6v2-r01-output-downstream-a01,D4-FULL,6,OUTPUT+LOAD,-4.434709453710587,
phase6v2-r01-output-downstream-a01,D4-FULL,7,INPUT+OUTPUT,-5.676779550655715,
phase6v2-r01-output-downstream-a01,D4-FULL,8,NONE,-9.090540635546533,
phase6v2-r01-output-downstream-a01,D4-FULL,9,LOAD,-9.294866707961958,
phase6v2-r01-output-downstream-a01,D4-FULL,10,INPUT,-10.536936804907088,
phase6v2-r01-output-downstream-a01,D4-FULL,11,INPUT+LOAD,-10.741262877322512,
phase6v2-r01-baseline-a01,D4-FULL,1,LOAD,0.8416257147833031,0.20571174681682836
phase6v2-r01-baseline-a01,D4-FULL,2,INPUT+LOAD,0.6359139679664747,
phase6v2-r01-baseline-a01,D4-FULL,3,LOAD+DOWNSTREAM,0.04874573525779213,
phase6v2-r01-baseline-a01,D4-FULL,4,NONE,-0.8416257147833031,
phase6v2-r01-baseline-a01,D4-FULL,5,INPUT,-1.0473374616001314,
phase6v2-r01-baseline-a01,D4-FULL,6,DOWNSTREAM,-1.6345056943088139,
phase6v2-r01-baseline-a01,D4-FULL,7,INPUT+DOWNSTREAM,-1.8402174411256422,
phase6v2-r01-baseline-a01,D4-FULL,8,OUTPUT+LOAD,-2.4763839271009216,
phase6v2-r01-baseline-a01,D4-FULL,9,OUTPUT,-4.159635356667527,
phase6v2-r01-baseline-a01,D4-FULL,10,INPUT+OUTPUT,-4.365347103484356,
phase6v2-r01-baseline-a01,D4-FULL,11,OUTPUT+DOWNSTREAM,-4.952515336193039,
phase6v2-r01-output-load-a01,D4-FULL,1,OUTPUT+LOAD,12.63217761438406,8.063307640070292
phase6v2-r01-output-load-a01,D4-FULL,2,LOAD,4.568869974313769,
phase6v2-r01-output-load-a01,D4-FULL,3,LOAD+DOWNSTREAM,-1.3734894416497685,
phase6v2-r01-output-load-a01,D4-FULL,4,OUTPUT,-4.568869974313769,
phase6v2-r01-output-load-a01,D4-FULL,5,INPUT+LOAD,-9.065124450325532,
phase6v2-r01-output-load-a01,D4-FULL,6,OUTPUT+DOWNSTREAM,-10.511229390277306,
phase6v2-r01-output-load-a01,D4-FULL,7,NONE,-12.63217761438406,
phase6v2-r01-output-load-a01,D4-FULL,8,INPUT+OUTPUT,-18.202864398953068,
phase6v2-r01-output-load-a01,D4-FULL,9,DOWNSTREAM,-18.5745370303476,
phase6v2-r01-output-load-a01,D4-FULL,10,INPUT,-26.26617203902336,
phase6v2-r01-output-load-a01,D4-FULL,11,INPUT+DOWNSTREAM,-32.2085314549869,
phase6v2-r01-load-medium-a01,D4-FULL,1,OUTPUT+LOAD,10.563996161699645,0.2856500617363409
phase6v2-r01-load-medium-a01,D4-FULL,2,LOAD,10.278346099963304,
phase6v2-r01-load-medium-a01,D4-FULL,3,LOAD+DOWNSTREAM,7.139281319146292,
phase6v2-r01-load-medium-a01,D4-FULL,4,INPUT+LOAD,4.3267279474253755,
phase6v2-r01-load-medium-a01,D4-FULL,5,OUTPUT,-10.278346099963304,
phase6v2-r01-load-medium-a01,D4-FULL,6,NONE,-10.563996161699645,
phase6v2-r01-load-medium-a01,D4-FULL,7,OUTPUT+DOWNSTREAM,-13.417410880780315,
phase6v2-r01-load-medium-a01,D4-FULL,8,DOWNSTREAM,-13.703060942516657,
phase6v2-r01-load-medium-a01,D4-FULL,9,INPUT+OUTPUT,-16.229964252501233,
phase6v2-r01-load-medium-a01,D4-FULL,10,INPUT,-16.515614314237574,
phase6v2-r01-load-medium-a01,D4-FULL,11,INPUT+DOWNSTREAM,-19.654679095054586,
phase6v2-r02-output-control-a01,D4-S,1,NONE,0,0.09298044840573061
phase6v2-r02-output-control-a01,D4-S,2,DOWNSTREAM,-0.09298044840573061,
phase6v2-r02-output-control-a01,D4-S,3,INPUT,-0.18543330419127824,
phase6v2-r02-output-control-a01,D4-S,4,INPUT+DOWNSTREAM,-0.27841375259700885,
phase6v2-r02-output-control-a01,D4-S,5,OUTPUT,-1.5713134347132893,
phase6v2-r02-output-control-a01,D4-S,6,OUTPUT+DOWNSTREAM,-1.66429388311902,
phase6v2-r02-output-control-a01,D4-S,7,INPUT+OUTPUT,-1.7567467389045675,
phase6v2-r02-output-control-a01,D4-S,8,LOAD,-2.945622510408329,
phase6v2-r02-output-control-a01,D4-S,9,LOAD+DOWNSTREAM,-3.0386029588140597,
phase6v2-r02-output-control-a01,D4-S,10,INPUT+LOAD,-3.1310558145996072,
phase6v2-r02-output-control-a01,D4-S,11,OUTPUT+LOAD,-4.5169359451216184,
phase6v2-r02-input-downstream-a01,D4-S,1,NONE,0,0.20518700935021328
phase6v2-r02-input-downstream-a01,D4-S,2,LOAD,-0.20518700935021328,
phase6v2-r02-input-downstream-a01,D4-S,3,DOWNSTREAM,-0.3339135189150747,
phase6v2-r02-input-downstream-a01,D4-S,4,INPUT,-0.3744650706748432,
phase6v2-r02-input-downstream-a01,D4-S,5,LOAD+DOWNSTREAM,-0.539100528265288,
phase6v2-r02-input-downstream-a01,D4-S,6,INPUT+LOAD,-0.5796520800250564,
phase6v2-r02-input-downstream-a01,D4-S,7,INPUT+DOWNSTREAM,-0.708378589589918,
phase6v2-r02-input-downstream-a01,D4-S,8,OUTPUT,-2.4872917201288525,
phase6v2-r02-input-downstream-a01,D4-S,9,OUTPUT+LOAD,-2.692478729479066,
phase6v2-r02-input-downstream-a01,D4-S,10,OUTPUT+DOWNSTREAM,-2.8212052390439273,
phase6v2-r02-input-downstream-a01,D4-S,11,INPUT+OUTPUT,-2.8617567908036956,
phase6v2-r02-baseline-a01,D4-S,1,DOWNSTREAM,0.00992179905715318,0.01984359811430636
phase6v2-r02-baseline-a01,D4-S,2,NONE,-0.00992179905715318,
phase6v2-r02-baseline-a01,D4-S,3,INPUT+DOWNSTREAM,-0.1587749045548833,
phase6v2-r02-baseline-a01,D4-S,4,INPUT,-0.17861850266918966,
phase6v2-r02-baseline-a01,D4-S,5,OUTPUT+DOWNSTREAM,-2.690679255508948,
phase6v2-r02-baseline-a01,D4-S,6,OUTPUT,-2.7105228536232544,
phase6v2-r02-baseline-a01,D4-S,7,LOAD+DOWNSTREAM,-2.8066450869343496,
phase6v2-r02-baseline-a01,D4-S,8,LOAD,-2.826488685048656,
phase6v2-r02-baseline-a01,D4-S,9,INPUT+OUTPUT,-2.8792195572352908,
phase6v2-r02-baseline-a01,D4-S,10,INPUT+LOAD,-2.9951853886606923,
phase6v2-r02-baseline-a01,D4-S,11,OUTPUT+LOAD,-5.527089739614757,
phase6v2-r02-output-medium-a01,D4-S,1,OUTPUT,1.6818756439779308,0.1313329823971372
phase6v2-r02-output-medium-a01,D4-S,2,OUTPUT+LOAD,1.5505426615807936,
phase6v2-r02-output-medium-a01,D4-S,3,OUTPUT+DOWNSTREAM,0.6290877875236087,
phase6v2-r02-output-medium-a01,D4-S,4,INPUT+OUTPUT,0.5211035896522356,
phase6v2-r02-output-medium-a01,D4-S,5,NONE,-1.6818756439779308,
phase6v2-r02-output-medium-a01,D4-S,6,LOAD,-1.813208626375068,
phase6v2-r02-output-medium-a01,D4-S,7,DOWNSTREAM,-2.734663500432253,
phase6v2-r02-output-medium-a01,D4-S,8,INPUT,-2.842647698303626,
phase6v2-r02-output-medium-a01,D4-S,9,LOAD+DOWNSTREAM,-2.86599648282939,
phase6v2-r02-output-medium-a01,D4-S,10,INPUT+LOAD,-2.9739806807007634,
phase6v2-r02-output-medium-a01,D4-S,11,INPUT+DOWNSTREAM,-3.895435554757948,
phase6v2-r02-input-medium-a01,D4-S,1,NONE,0,0.11072720837591554
phase6v2-r02-input-medium-a01,D4-S,2,DOWNSTREAM,-0.11072720837591554,
phase6v2-r02-input-medium-a01,D4-S,3,INPUT,-0.2835080979866734,
phase6v2-r02-input-medium-a01,D4-S,4,INPUT+DOWNSTREAM,-0.39423530636258897,
phase6v2-r02-input-medium-a01,D4-S,5,LOAD,-1.9164511165895095,
phase6v2-r02-input-medium-a01,D4-S,6,LOAD+DOWNSTREAM,-2.027178324965425,
phase6v2-r02-input-medium-a01,D4-S,7,INPUT+LOAD,-2.199959214576183,
phase6v2-r02-input-medium-a01,D4-S,8,OUTPUT,-2.6465341762343284,
phase6v2-r02-input-medium-a01,D4-S,9,OUTPUT+DOWNSTREAM,-2.757261384610244,
phase6v2-r02-input-medium-a01,D4-S,10,INPUT+OUTPUT,-2.9300422742210017,
phase6v2-r02-input-medium-a01,D4-S,11,OUTPUT+LOAD,-4.5629852928238375,
phase6v2-r02-output-load-a01,D4-S,1,OUTPUT+LOAD,11.73504579894195,9.249636077065823
phase6v2-r02-output-load-a01,D4-S,2,LOAD,2.4854097218761275,
phase6v2-r02-output-load-a01,D4-S,3,OUTPUT,-2.4854097218761275,
phase6v2-r02-output-load-a01,D4-S,4,INPUT+LOAD,-2.863348957372577,
phase6v2-r02-output-load-a01,D4-S,5,LOAD+DOWNSTREAM,-2.9566079843979143,
phase6v2-r02-output-load-a01,D4-S,6,INPUT+OUTPUT,-7.834168401124832,
phase6v2-r02-output-load-a01,D4-S,7,OUTPUT+DOWNSTREAM,-7.927427428150169,
phase6v2-r02-output-load-a01,D4-S,8,NONE,-11.73504579894195,
phase6v2-r02-output-load-a01,D4-S,9,INPUT,-17.083804478190654,
phase6v2-r02-output-load-a01,D4-S,10,DOWNSTREAM,-17.17706350521599,
phase6v2-r02-output-load-a01,D4-S,11,INPUT+DOWNSTREAM,-22.525822184464698,
phase6v2-r02-output-downstream-a01,D4-S,1,OUTPUT+LOAD,3.178471351349943,2.5738958270953143
phase6v2-r02-output-downstream-a01,D4-S,2,OUTPUT,0.6045755242546289,
phase6v2-r02-output-downstream-a01,D4-S,3,OUTPUT+DOWNSTREAM,-0.5918032415851975,
phase6v2-r02-output-downstream-a01,D4-S,4,LOAD,-0.6045755242546289,
phase6v2-r02-output-downstream-a01,D4-S,5,INPUT+OUTPUT,-0.7565630558003662,
phase6v2-r02-output-downstream-a01,D4-S,6,LOAD+DOWNSTREAM,-1.8009542900944553,
phase6v2-r02-output-downstream-a01,D4-S,7,INPUT+LOAD,-1.965714104309624,
phase6v2-r02-output-downstream-a01,D4-S,8,NONE,-3.178471351349943,
phase6v2-r02-output-downstream-a01,D4-S,9,DOWNSTREAM,-4.374850117189769,
phase6v2-r02-output-downstream-a01,D4-S,10,INPUT,-4.539609931404938,
phase6v2-r02-output-downstream-a01,D4-S,11,INPUT+DOWNSTREAM,-5.735988697244764,
phase6v2-r02-output-downstream-control-a01,D4-S,1,NONE,0,0.27192514791307454
phase6v2-r02-output-downstream-control-a01,D4-S,2,DOWNSTREAM,-0.27192514791307454,
phase6v2-r02-output-downstream-control-a01,D4-S,3,INPUT,-0.37458854128205066,
phase6v2-r02-output-downstream-control-a01,D4-S,4,INPUT+DOWNSTREAM,-0.6465136891951252,
phase6v2-r02-output-downstream-control-a01,D4-S,5,LOAD,-1.4580497168238227,
phase6v2-r02-output-downstream-control-a01,D4-S,6,OUTPUT,-1.6462343542674727,
phase6v2-r02-output-downstream-control-a01,D4-S,7,LOAD+DOWNSTREAM,-1.729974864736897,
phase6v2-r02-output-downstream-control-a01,D4-S,8,INPUT+LOAD,-1.8326382581058733,
phase6v2-r02-output-downstream-control-a01,D4-S,9,OUTPUT+DOWNSTREAM,-1.918159502180547,
phase6v2-r02-output-downstream-control-a01,D4-S,10,INPUT+OUTPUT,-2.0208228955495233,
phase6v2-r02-output-downstream-control-a01,D4-S,11,OUTPUT+LOAD,-3.1042840710912953,
phase6v2-r02-input-load-a01,D4-S,1,OUTPUT+LOAD,10.989546297087175,7.54845339718177
phase6v2-r02-input-load-a01,D4-S,2,LOAD,3.4410928999054042,
phase6v2-r02-input-load-a01,D4-S,3,LOAD+DOWNSTREAM,-1.615892544807592,
phase6v2-r02-input-load-a01,D4-S,4,INPUT+LOAD,-1.8073159915047907,
phase6v2-r02-input-load-a01,D4-S,5,OUTPUT,-3.4410928999054042,
phase6v2-r02-input-load-a01,D4-S,6,OUTPUT+DOWNSTREAM,-8.498078344618401,
phase6v2-r02-input-load-a01,D4-S,7,INPUT+OUTPUT,-8.6895017913156,
phase6v2-r02-input-load-a01,D4-S,8,NONE,-10.989546297087175,
phase6v2-r02-input-load-a01,D4-S,9,DOWNSTREAM,-16.046531741800173,
phase6v2-r02-input-load-a01,D4-S,10,INPUT,-16.23795518849737,
phase6v2-r02-input-load-a01,D4-S,11,INPUT+DOWNSTREAM,-21.294940633210366,
phase6v2-r02-load-downstream-a01,D4-S,1,OUTPUT+LOAD,8.204369446279056,0.2078149459025802
phase6v2-r02-load-downstream-a01,D4-S,2,LOAD,7.996554500376476,
phase6v2-r02-load-downstream-a01,D4-S,3,LOAD+DOWNSTREAM,5.081491608678854,
phase6v2-r02-load-downstream-a01,D4-S,4,INPUT+LOAD,4.9536281367199795,
phase6v2-r02-load-downstream-a01,D4-S,5,OUTPUT,-7.996554500376476,
phase6v2-r02-load-downstream-a01,D4-S,6,NONE,-8.204369446279056,
phase6v2-r02-load-downstream-a01,D4-S,7,OUTPUT+DOWNSTREAM,-10.911617392074099,
phase6v2-r02-load-downstream-a01,D4-S,8,INPUT+OUTPUT,-11.039480864032972,
phase6v2-r02-load-downstream-a01,D4-S,9,DOWNSTREAM,-11.11943233797668,
phase6v2-r02-load-downstream-a01,D4-S,10,INPUT,-11.247295809935553,
phase6v2-r02-load-downstream-a01,D4-S,11,INPUT+DOWNSTREAM,-14.162358701633174,
phase6v2-r02-load-medium-a01,D4-S,1,LOAD,8.066467024661751,0.07778986951955247
phase6v2-r02-load-medium-a01,D4-S,2,OUTPUT+LOAD,7.988677155142199,
phase6v2-r02-load-medium-a01,D4-S,3,LOAD+DOWNSTREAM,5.297687129717438,
phase6v2-r02-load-medium-a01,D4-S,4,INPUT+LOAD,5.100421066867344,
phase6v2-r02-load-medium-a01,D4-S,5,NONE,-8.066467024661751,
phase6v2-r02-load-medium-a01,D4-S,6,OUTPUT,-8.144256894181304,
phase6v2-r02-load-medium-a01,D4-S,7,DOWNSTREAM,-10.835246919606064,
phase6v2-r02-load-medium-a01,D4-S,8,OUTPUT+DOWNSTREAM,-10.913036789125616,
phase6v2-r02-load-medium-a01,D4-S,9,INPUT,-11.032512982456158,
phase6v2-r02-load-medium-a01,D4-S,10,INPUT+OUTPUT,-11.11030285197571,
phase6v2-r02-load-medium-a01,D4-S,11,INPUT+DOWNSTREAM,-13.80129287740047,
phase6v2-r02-downstream-medium-a01,D4-S,1,NONE,0,0.24246644702381448
phase6v2-r02-downstream-medium-a01,D4-S,2,DOWNSTREAM,-0.24246644702381448,
phase6v2-r02-downstream-medium-a01,D4-S,3,INPUT,-0.34236722424300847,
phase6v2-r02-downstream-medium-a01,D4-S,4,INPUT+DOWNSTREAM,-0.584833671266823,
phase6v2-r02-downstream-medium-a01,D4-S,5,LOAD,-1.0292101675820184,
phase6v2-r02-downstream-medium-a01,D4-S,6,LOAD+DOWNSTREAM,-1.271676614605833,
phase6v2-r02-downstream-medium-a01,D4-S,7,INPUT+LOAD,-1.371577391825027,
phase6v2-r02-downstream-medium-a01,D4-S,8,OUTPUT,-2.4777597429538707,
phase6v2-r02-downstream-medium-a01,D4-S,9,OUTPUT+DOWNSTREAM,-2.7202261899776854,
phase6v2-r02-downstream-medium-a01,D4-S,10,INPUT+OUTPUT,-2.820126967196879,
phase6v2-r02-downstream-medium-a01,D4-S,11,OUTPUT+LOAD,-3.506969910535889,
phase6v2-r02-output-load-control-a01,D4-S,1,LOAD,7.351632836541345,1.1501403100383314
phase6v2-r02-output-load-control-a01,D4-S,2,OUTPUT+LOAD,6.201492526503014,
phase6v2-r02-output-load-control-a01,D4-S,3,LOAD+DOWNSTREAM,5.368850607709944,
phase6v2-r02-output-load-control-a01,D4-S,4,INPUT+LOAD,5.0277070102058605,
phase6v2-r02-output-load-control-a01,D4-S,5,NONE,-7.351632836541345,
phase6v2-r02-output-load-control-a01,D4-S,6,OUTPUT,-8.501773146579676,
phase6v2-r02-output-load-control-a01,D4-S,7,DOWNSTREAM,-9.334415065372745,
phase6v2-r02-output-load-control-a01,D4-S,8,INPUT,-9.67555866287683,
phase6v2-r02-output-load-control-a01,D4-S,9,OUTPUT+DOWNSTREAM,-10.484555375411079,
phase6v2-r02-output-load-control-a01,D4-S,10,INPUT+OUTPUT,-10.825698972915161,
phase6v2-r02-output-load-control-a01,D4-S,11,INPUT+DOWNSTREAM,-11.65834089170823,
phase6v2-r02-output-control-a01,D4-SM,1,NONE,0,0.10143434912233784
phase6v2-r02-output-control-a01,D4-SM,2,INPUT,-0.10143434912233784,
phase6v2-r02-output-control-a01,D4-SM,3,DOWNSTREAM,-0.16145359397643844,
phase6v2-r02-output-control-a01,D4-SM,4,INPUT+DOWNSTREAM,-0.2628879430987763,
phase6v2-r02-output-control-a01,D4-SM,5,OUTPUT,-1.6890499916106319,
phase6v2-r02-output-control-a01,D4-SM,6,INPUT+OUTPUT,-1.7904843407329696,
phase6v2-r02-output-control-a01,D4-SM,7,OUTPUT+DOWNSTREAM,-1.8505035855870702,
phase6v2-r02-output-control-a01,D4-SM,8,LOAD,-2.1440041139713584,
phase6v2-r02-output-control-a01,D4-SM,9,INPUT+LOAD,-2.2454384630936963,
phase6v2-r02-output-control-a01,D4-SM,10,LOAD+DOWNSTREAM,-2.305457707947797,
phase6v2-r02-output-control-a01,D4-SM,11,OUTPUT+LOAD,-3.83305410558199,
phase6v2-r02-input-downstream-a01,D4-SM,1,LOAD+DOWNSTREAM,11.051402326366077,0.06684920719729348
phase6v2-r02-input-downstream-a01,D4-SM,2,DOWNSTREAM,10.984553119168783,
phase6v2-r02-input-downstream-a01,D4-SM,3,INPUT+DOWNSTREAM,10.604015015717806,
phase6v2-r02-input-downstream-a01,D4-SM,4,OUTPUT+DOWNSTREAM,8.289514661850069,
phase6v2-r02-input-downstream-a01,D4-SM,5,LOAD,-10.984553119168783,
phase6v2-r02-input-downstream-a01,D4-SM,6,NONE,-11.051402326366077,
phase6v2-r02-input-downstream-a01,D4-SM,7,INPUT+LOAD,-11.365091222619762,
phase6v2-r02-input-downstream-a01,D4-SM,8,INPUT,-11.431940429817054,
phase6v2-r02-input-downstream-a01,D4-SM,9,OUTPUT+LOAD,-13.679591576487498,
phase6v2-r02-input-downstream-a01,D4-SM,10,OUTPUT,-13.746440783684791,
phase6v2-r02-input-downstream-a01,D4-SM,11,INPUT+OUTPUT,-14.126978887135769,
phase6v2-r02-baseline-a01,D4-SM,1,NONE,0,0.08906654896966659
phase6v2-r02-baseline-a01,D4-SM,2,INPUT,-0.08906654896966659,
phase6v2-r02-baseline-a01,D4-SM,3,DOWNSTREAM,-0.10028105707943014,
phase6v2-r02-baseline-a01,D4-SM,4,INPUT+DOWNSTREAM,-0.18934760604909673,
phase6v2-r02-baseline-a01,D4-SM,5,LOAD,-1.52238447374499,
phase6v2-r02-baseline-a01,D4-SM,6,INPUT+LOAD,-1.6114510227146566,
phase6v2-r02-baseline-a01,D4-SM,7,LOAD+DOWNSTREAM,-1.6226655308244202,
phase6v2-r02-baseline-a01,D4-SM,8,OUTPUT,-2.7598579003562334,
phase6v2-r02-baseline-a01,D4-SM,9,INPUT+OUTPUT,-2.8489244493259,
phase6v2-r02-baseline-a01,D4-SM,10,OUTPUT+DOWNSTREAM,-2.8601389574356633,
phase6v2-r02-baseline-a01,D4-SM,11,OUTPUT+LOAD,-4.282242374101223,
phase6v2-r02-output-medium-a01,D4-SM,1,OUTPUT,1.3938411578802077,0.3930251481666429
phase6v2-r02-output-medium-a01,D4-SM,2,OUTPUT+LOAD,1.0008160097135648,
phase6v2-r02-output-medium-a01,D4-SM,3,INPUT+OUTPUT,0.8106819851360082,
phase6v2-r02-output-medium-a01,D4-SM,4,OUTPUT+DOWNSTREAM,0.5328488324446641,
phase6v2-r02-output-medium-a01,D4-SM,5,NONE,-1.3938411578802077,
phase6v2-r02-output-medium-a01,D4-SM,6,LOAD,-1.7868663060468506,
phase6v2-r02-output-medium-a01,D4-SM,7,INPUT,-1.9770003306244073,
phase6v2-r02-output-medium-a01,D4-SM,8,DOWNSTREAM,-2.2548334833157515,
phase6v2-r02-output-medium-a01,D4-SM,9,INPUT+LOAD,-2.37002547879105,
phase6v2-r02-output-medium-a01,D4-SM,10,LOAD+DOWNSTREAM,-2.647858631482394,
phase6v2-r02-output-medium-a01,D4-SM,11,INPUT+DOWNSTREAM,-2.8379926560599507,
phase6v2-r02-input-medium-a01,D4-SM,1,NONE,0,0.235878431669454
phase6v2-r02-input-medium-a01,D4-SM,2,INPUT,-0.235878431669454,
phase6v2-r02-input-medium-a01,D4-SM,3,DOWNSTREAM,-0.2701991011697542,
phase6v2-r02-input-medium-a01,D4-SM,4,INPUT+DOWNSTREAM,-0.5060775328392082,
phase6v2-r02-input-medium-a01,D4-SM,5,LOAD,-1.3759810563612913,
phase6v2-r02-input-medium-a01,D4-SM,6,INPUT+LOAD,-1.6118594880307453,
phase6v2-r02-input-medium-a01,D4-SM,7,LOAD+DOWNSTREAM,-1.6461801575310455,
phase6v2-r02-input-medium-a01,D4-SM,8,OUTPUT,-2.7501795180132924,
phase6v2-r02-input-medium-a01,D4-SM,9,INPUT+OUTPUT,-2.9860579496827464,
phase6v2-r02-input-medium-a01,D4-SM,10,OUTPUT+DOWNSTREAM,-3.0203786191830466,
phase6v2-r02-input-medium-a01,D4-SM,11,OUTPUT+LOAD,-4.126160574374584,
phase6v2-r02-output-load-a01,D4-SM,1,OUTPUT+LOAD,11.639424267232924,8.499744767615798
phase6v2-r02-output-load-a01,D4-SM,2,LOAD,3.1396794996171256,
phase6v2-r02-output-load-a01,D4-SM,3,LOAD+DOWNSTREAM,-0.17341006230510914,
phase6v2-r02-output-load-a01,D4-SM,4,INPUT+LOAD,-2.374494233655269,
phase6v2-r02-output-load-a01,D4-SM,5,OUTPUT,-3.1396794996171256,
phase6v2-r02-output-load-a01,D4-SM,6,OUTPUT+DOWNSTREAM,-6.45276906153936,
phase6v2-r02-output-load-a01,D4-SM,7,INPUT+OUTPUT,-8.65385323288952,
phase6v2-r02-output-load-a01,D4-SM,8,NONE,-11.639424267232924,
phase6v2-r02-output-load-a01,D4-SM,9,DOWNSTREAM,-14.952513829155158,
phase6v2-r02-output-load-a01,D4-SM,10,INPUT,-17.15359800050532,
phase6v2-r02-output-load-a01,D4-SM,11,INPUT+DOWNSTREAM,-20.466687562427552,
phase6v2-r02-output-downstream-a01,D4-SM,1,OUTPUT+DOWNSTREAM,11.92199088343948,2.6704915682688544
phase6v2-r02-output-downstream-a01,D4-SM,2,LOAD+DOWNSTREAM,9.251499315170626,
phase6v2-r02-output-downstream-a01,D4-SM,3,DOWNSTREAM,8.955259365923407,
phase6v2-r02-output-downstream-a01,D4-SM,4,INPUT+DOWNSTREAM,8.176862871542504,
phase6v2-r02-output-downstream-a01,D4-SM,5,OUTPUT+LOAD,-8.955259365923407,
phase6v2-r02-output-downstream-a01,D4-SM,6,OUTPUT,-9.251499315170626,
phase6v2-r02-output-downstream-a01,D4-SM,7,INPUT+OUTPUT,-10.029895809551528,
phase6v2-r02-output-downstream-a01,D4-SM,8,LOAD,-11.92199088343948,
phase6v2-r02-output-downstream-a01,D4-SM,9,NONE,-12.2182308326867,
phase6v2-r02-output-downstream-a01,D4-SM,10,INPUT+LOAD,-12.700387377820384,
phase6v2-r02-output-downstream-a01,D4-SM,11,INPUT,-12.996627327067603,
phase6v2-r02-output-downstream-control-a01,D4-SM,1,DOWNSTREAM,11.04897190826843,0.2916714212397906
phase6v2-r02-output-downstream-control-a01,D4-SM,2,INPUT+DOWNSTREAM,10.757300487028639,
phase6v2-r02-output-downstream-control-a01,D4-SM,3,LOAD+DOWNSTREAM,9.668937101090023,
phase6v2-r02-output-downstream-control-a01,D4-SM,4,OUTPUT+DOWNSTREAM,9.207486303880112,
phase6v2-r02-output-downstream-control-a01,D4-SM,5,NONE,-11.04897190826843,
phase6v2-r02-output-downstream-control-a01,D4-SM,6,INPUT,-11.34064332950822,
phase6v2-r02-output-downstream-control-a01,D4-SM,7,LOAD,-12.429006715446835,
phase6v2-r02-output-downstream-control-a01,D4-SM,8,INPUT+LOAD,-12.720678136686626,
phase6v2-r02-output-downstream-control-a01,D4-SM,9,OUTPUT,-12.890457512656747,
phase6v2-r02-output-downstream-control-a01,D4-SM,10,INPUT+OUTPUT,-13.182128933896538,
phase6v2-r02-output-downstream-control-a01,D4-SM,11,OUTPUT+LOAD,-14.270492319835153,
phase6v2-r02-input-load-a01,D4-SM,1,OUTPUT+LOAD,10.598107908416008,6.41760515672636
phase6v2-r02-input-load-a01,D4-SM,2,LOAD,4.180502751689648,
phase6v2-r02-input-load-a01,D4-SM,3,LOAD+DOWNSTREAM,1.0705311950523377,
phase6v2-r02-input-load-a01,D4-SM,4,INPUT+LOAD,-1.2442644561697493,
phase6v2-r02-input-load-a01,D4-SM,5,OUTPUT,-4.180502751689648,
phase6v2-r02-input-load-a01,D4-SM,6,OUTPUT+DOWNSTREAM,-7.290474308326958,
phase6v2-r02-input-load-a01,D4-SM,7,INPUT+OUTPUT,-9.605269959549045,
phase6v2-r02-input-load-a01,D4-SM,8,NONE,-10.598107908416008,
phase6v2-r02-input-load-a01,D4-SM,9,DOWNSTREAM,-13.708079465053318,
phase6v2-r02-input-load-a01,D4-SM,10,INPUT,-16.022875116275404,
phase6v2-r02-input-load-a01,D4-SM,11,INPUT+DOWNSTREAM,-19.132846672912713,
phase6v2-r02-load-downstream-a01,D4-SM,1,LOAD+DOWNSTREAM,18.467411781481402,17.480017490210493
phase6v2-r02-load-downstream-a01,D4-SM,2,OUTPUT+DOWNSTREAM,0.9873942912709115,
phase6v2-r02-load-downstream-a01,D4-SM,3,DOWNSTREAM,0.9735208809132541,
phase6v2-r02-load-downstream-a01,D4-SM,4,OUTPUT+LOAD,-0.9735208809132541,
phase6v2-r02-load-downstream-a01,D4-SM,5,LOAD,-0.9873942912709115,
phase6v2-r02-load-downstream-a01,D4-SM,6,INPUT+DOWNSTREAM,-2.0571506661018937,
phase6v2-r02-load-downstream-a01,D4-SM,7,INPUT+LOAD,-4.018065838286059,
phase6v2-r02-load-downstream-a01,D4-SM,8,OUTPUT,-18.467411781481402,
phase6v2-r02-load-downstream-a01,D4-SM,9,NONE,-18.481285191839056,
phase6v2-r02-load-downstream-a01,D4-SM,10,INPUT+OUTPUT,-21.49808332849655,
phase6v2-r02-load-downstream-a01,D4-SM,11,INPUT,-21.511956738854202,
phase6v2-r02-load-medium-a01,D4-SM,1,LOAD,9.037453281051032,0.04270019829171012
phase6v2-r02-load-medium-a01,D4-SM,2,OUTPUT+LOAD,8.994753082759322,
phase6v2-r02-load-medium-a01,D4-SM,3,LOAD+DOWNSTREAM,7.128197935777948,
phase6v2-r02-load-medium-a01,D4-SM,4,INPUT+LOAD,6.107888566741991,
phase6v2-r02-load-medium-a01,D4-SM,5,NONE,-9.037453281051032,
phase6v2-r02-load-medium-a01,D4-SM,6,OUTPUT,-9.080153479342743,
phase6v2-r02-load-medium-a01,D4-SM,7,DOWNSTREAM,-10.946708626324117,
phase6v2-r02-load-medium-a01,D4-SM,8,OUTPUT+DOWNSTREAM,-10.989408824615827,
phase6v2-r02-load-medium-a01,D4-SM,9,INPUT,-11.967017995360074,
phase6v2-r02-load-medium-a01,D4-SM,10,INPUT+OUTPUT,-12.009718193651784,
phase6v2-r02-load-medium-a01,D4-SM,11,INPUT+DOWNSTREAM,-13.876273340633158,
phase6v2-r02-downstream-medium-a01,D4-SM,1,DOWNSTREAM,11.06370125871306,0.27966621336661746
phase6v2-r02-downstream-medium-a01,D4-SM,2,INPUT+DOWNSTREAM,10.784035045346442,
phase6v2-r02-downstream-medium-a01,D4-SM,3,LOAD+DOWNSTREAM,10.702405209160524,
phase6v2-r02-downstream-medium-a01,D4-SM,4,OUTPUT+DOWNSTREAM,8.430046581309659,
phase6v2-r02-downstream-medium-a01,D4-SM,5,NONE,-11.06370125871306,
phase6v2-r02-downstream-medium-a01,D4-SM,6,INPUT,-11.343367472079677,
phase6v2-r02-downstream-medium-a01,D4-SM,7,LOAD,-11.424997308265596,
phase6v2-r02-downstream-medium-a01,D4-SM,8,INPUT+LOAD,-11.704663521632213,
phase6v2-r02-downstream-medium-a01,D4-SM,9,OUTPUT,-13.69735593611646,
phase6v2-r02-downstream-medium-a01,D4-SM,10,INPUT+OUTPUT,-13.97702214948308,
phase6v2-r02-downstream-medium-a01,D4-SM,11,OUTPUT+LOAD,-14.058651985668996,
phase6v2-r02-output-load-control-a01,D4-SM,1,LOAD,7.327734284407811,0.9443695239822478
phase6v2-r02-output-load-control-a01,D4-SM,2,OUTPUT+LOAD,6.383364760425563,
phase6v2-r02-output-load-control-a01,D4-SM,3,LOAD+DOWNSTREAM,5.788822250789398,
phase6v2-r02-output-load-control-a01,D4-SM,4,INPUT+LOAD,5.254064534138231,
phase6v2-r02-output-load-control-a01,D4-SM,5,NONE,-7.327734284407811,
phase6v2-r02-output-load-control-a01,D4-SM,6,OUTPUT,-8.272103808390058,
phase6v2-r02-output-load-control-a01,D4-SM,7,DOWNSTREAM,-8.866646318026223,
phase6v2-r02-output-load-control-a01,D4-SM,8,INPUT,-9.401404034677391,
phase6v2-r02-output-load-control-a01,D4-SM,9,OUTPUT+DOWNSTREAM,-9.811015842008471,
phase6v2-r02-output-load-control-a01,D4-SM,10,INPUT+OUTPUT,-10.345773558659637,
phase6v2-r02-output-load-control-a01,D4-SM,11,INPUT+DOWNSTREAM,-10.940316068295804,
phase6v2-r02-output-control-a01,D4-SMT,1,NONE,0,0.1534492089813576
phase6v2-r02-output-control-a01,D4-SMT,2,INPUT,-0.1534492089813576,
phase6v2-r02-output-control-a01,D4-SMT,3,DOWNSTREAM,-0.7129124960356799,
phase6v2-r02-output-control-a01,D4-SMT,4,INPUT+DOWNSTREAM,-0.8663617050170375,
phase6v2-r02-output-control-a01,D4-SMT,5,OUTPUT,-1.337066002654973,
phase6v2-r02-output-control-a01,D4-SMT,6,INPUT+OUTPUT,-1.4905152116363305,
phase6v2-r02-output-control-a01,D4-SMT,7,OUTPUT+DOWNSTREAM,-2.0499784986906526,
phase6v2-r02-output-control-a01,D4-SMT,8,LOAD,-2.8435683985095963,
phase6v2-r02-output-control-a01,D4-SMT,9,INPUT+LOAD,-2.997017607490954,
phase6v2-r02-output-control-a01,D4-SMT,10,LOAD+DOWNSTREAM,-3.556480894545276,
phase6v2-r02-output-control-a01,D4-SMT,11,OUTPUT+LOAD,-4.1806344011645695,
phase6v2-r02-input-downstream-a01,D4-SMT,1,DOWNSTREAM,6.681000450600107,0.8753730741273662
phase6v2-r02-input-downstream-a01,D4-SMT,2,INPUT+DOWNSTREAM,5.80562737647274,
phase6v2-r02-input-downstream-a01,D4-SMT,3,LOAD+DOWNSTREAM,5.271903389646584,
phase6v2-r02-input-downstream-a01,D4-SMT,4,OUTPUT+DOWNSTREAM,4.812041811327934,
phase6v2-r02-input-downstream-a01,D4-SMT,5,NONE,-6.681000450600107,
phase6v2-r02-input-downstream-a01,D4-SMT,6,INPUT,-7.556373524727473,
phase6v2-r02-input-downstream-a01,D4-SMT,7,LOAD,-8.09009751155363,
phase6v2-r02-input-downstream-a01,D4-SMT,8,OUTPUT,-8.549959089872278,
phase6v2-r02-input-downstream-a01,D4-SMT,9,INPUT+LOAD,-8.965470585680995,
phase6v2-r02-input-downstream-a01,D4-SMT,10,INPUT+OUTPUT,-9.425332163999645,
phase6v2-r02-input-downstream-a01,D4-SMT,11,OUTPUT+LOAD,-9.959056150825802,
phase6v2-r02-baseline-a01,D4-SMT,1,DOWNSTREAM,0.3279378688173108,0.06285392367435683
phase6v2-r02-baseline-a01,D4-SMT,2,INPUT+DOWNSTREAM,0.26508394514295397,
phase6v2-r02-baseline-a01,D4-SMT,3,NONE,-0.3279378688173108,
phase6v2-r02-baseline-a01,D4-SMT,4,INPUT,-0.3907917924916676,
phase6v2-r02-baseline-a01,D4-SMT,5,OUTPUT+DOWNSTREAM,-1.4493559676893,
phase6v2-r02-baseline-a01,D4-SMT,6,LOAD+DOWNSTREAM,-1.832808430189531,
phase6v2-r02-baseline-a01,D4-SMT,7,OUTPUT,-2.105231705323922,
phase6v2-r02-baseline-a01,D4-SMT,8,INPUT+OUTPUT,-2.1680856289982784,
phase6v2-r02-baseline-a01,D4-SMT,9,LOAD,-2.488684167824153,
phase6v2-r02-baseline-a01,D4-SMT,10,INPUT+LOAD,-2.55153809149851,
phase6v2-r02-baseline-a01,D4-SMT,11,OUTPUT+LOAD,-4.265978004330764,
phase6v2-r02-output-medium-a01,D4-SMT,1,OUTPUT,1.8381492156678991,0.5061348415295499
phase6v2-r02-output-medium-a01,D4-SMT,2,OUTPUT+DOWNSTREAM,1.3320143741383492,
phase6v2-r02-output-medium-a01,D4-SMT,3,INPUT+OUTPUT,1.2104350850452408,
phase6v2-r02-output-medium-a01,D4-SMT,4,OUTPUT+LOAD,0.7460208888345305,
phase6v2-r02-output-medium-a01,D4-SMT,5,NONE,-1.8381492156678991,
phase6v2-r02-output-medium-a01,D4-SMT,6,DOWNSTREAM,-2.344284057197449,
phase6v2-r02-output-medium-a01,D4-SMT,7,INPUT,-2.4658633462905577,
phase6v2-r02-output-medium-a01,D4-SMT,8,LOAD,-2.9302775425012677,
phase6v2-r02-output-medium-a01,D4-SMT,9,INPUT+DOWNSTREAM,-2.971998187820107,
phase6v2-r02-output-medium-a01,D4-SMT,10,LOAD+DOWNSTREAM,-3.4364123840308176,
phase6v2-r02-output-medium-a01,D4-SMT,11,INPUT+LOAD,-3.557991673123926,
phase6v2-r02-input-medium-a01,D4-SMT,1,NONE,0,0.4004505191581655
phase6v2-r02-input-medium-a01,D4-SMT,2,INPUT,-0.4004505191581655,
phase6v2-r02-input-medium-a01,D4-SMT,3,DOWNSTREAM,-0.7861650637691517,
phase6v2-r02-input-medium-a01,D4-SMT,4,INPUT+DOWNSTREAM,-1.1866155829273173,
phase6v2-r02-input-medium-a01,D4-SMT,5,OUTPUT,-1.8193065194430336,
phase6v2-r02-input-medium-a01,D4-SMT,6,LOAD,-2.171843988332518,
phase6v2-r02-input-medium-a01,D4-SMT,7,INPUT+OUTPUT,-2.219757038601199,
phase6v2-r02-input-medium-a01,D4-SMT,8,INPUT+LOAD,-2.5722945074906836,
phase6v2-r02-input-medium-a01,D4-SMT,9,OUTPUT+DOWNSTREAM,-2.6054715832121853,
phase6v2-r02-input-medium-a01,D4-SMT,10,LOAD+DOWNSTREAM,-2.9580090521016698,
phase6v2-r02-input-medium-a01,D4-SMT,11,OUTPUT+LOAD,-3.9911505077755516,
phase6v2-r02-output-load-a01,D4-SMT,1,OUTPUT+LOAD,15.749311523837491,8.780433484192134
phase6v2-r02-output-load-a01,D4-SMT,2,LOAD,6.968878039645357,
phase6v2-r02-output-load-a01,D4-SMT,3,LOAD+DOWNSTREAM,5.389142259333813,
phase6v2-r02-output-load-a01,D4-SMT,4,INPUT+LOAD,4.460088611667642,
phase6v2-r02-output-load-a01,D4-SMT,5,OUTPUT,-6.968878039645357,
phase6v2-r02-output-load-a01,D4-SMT,6,OUTPUT+DOWNSTREAM,-8.548613819956902,
phase6v2-r02-output-load-a01,D4-SMT,7,INPUT+OUTPUT,-9.477667467623075,
phase6v2-r02-output-load-a01,D4-SMT,8,NONE,-15.749311523837491,
phase6v2-r02-output-load-a01,D4-SMT,9,DOWNSTREAM,-17.329047304149036,
phase6v2-r02-output-load-a01,D4-SMT,10,INPUT,-18.25810095181521,
phase6v2-r02-output-load-a01,D4-SMT,11,INPUT+DOWNSTREAM,-19.837836732126753,
phase6v2-r02-output-downstream-a01,D4-SMT,1,OUTPUT+DOWNSTREAM,7.758326668025368,2.649409579457389
phase6v2-r02-output-downstream-a01,D4-SMT,2,DOWNSTREAM,5.108917088567979,
phase6v2-r02-output-downstream-a01,D4-SMT,3,INPUT+DOWNSTREAM,4.161806896556754,
phase6v2-r02-output-downstream-a01,D4-SMT,4,LOAD+DOWNSTREAM,4.12735217601064,
phase6v2-r02-output-downstream-a01,D4-SMT,5,OUTPUT,-5.108917088567979,
phase6v2-r02-output-downstream-a01,D4-SMT,6,INPUT+OUTPUT,-6.056027280579204,
phase6v2-r02-output-downstream-a01,D4-SMT,7,OUTPUT+LOAD,-6.0904820011253165,
phase6v2-r02-output-downstream-a01,D4-SMT,8,NONE,-7.758326668025368,
phase6v2-r02-output-downstream-a01,D4-SMT,9,INPUT,-8.705436860036592,
phase6v2-r02-output-downstream-a01,D4-SMT,10,LOAD,-8.739891580582706,
phase6v2-r02-output-downstream-a01,D4-SMT,11,INPUT+LOAD,-9.68700177259393,
phase6v2-r02-output-downstream-control-a01,D4-SMT,1,DOWNSTREAM,8.468114834298484,0.5798414012403068
phase6v2-r02-output-downstream-control-a01,D4-SMT,2,INPUT+DOWNSTREAM,7.888273433058178,
phase6v2-r02-output-downstream-control-a01,D4-SMT,3,OUTPUT+DOWNSTREAM,7.137923365403925,
phase6v2-r02-output-downstream-control-a01,D4-SMT,4,LOAD+DOWNSTREAM,6.009707235554029,
phase6v2-r02-output-downstream-control-a01,D4-SMT,5,NONE,-8.468114834298484,
phase6v2-r02-output-downstream-control-a01,D4-SMT,6,INPUT,-9.047956235538791,
phase6v2-r02-output-downstream-control-a01,D4-SMT,7,OUTPUT,-9.798306303193044,
phase6v2-r02-output-downstream-control-a01,D4-SMT,8,INPUT+OUTPUT,-10.378147704433351,
phase6v2-r02-output-downstream-control-a01,D4-SMT,9,LOAD,-10.92652243304294,
phase6v2-r02-output-downstream-control-a01,D4-SMT,10,INPUT+LOAD,-11.506363834283245,
phase6v2-r02-output-downstream-control-a01,D4-SMT,11,OUTPUT+LOAD,-12.256713901937498,
phase6v2-r02-input-load-a01,D4-SMT,1,OUTPUT+LOAD,14.565653931241098,5.831672349476431
phase6v2-r02-input-load-a01,D4-SMT,2,LOAD,8.733981581764667,
phase6v2-r02-input-load-a01,D4-SMT,3,LOAD+DOWNSTREAM,7.208916217293458,
phase6v2-r02-input-load-a01,D4-SMT,4,INPUT+LOAD,6.225192153786951,
phase6v2-r02-input-load-a01,D4-SMT,5,OUTPUT,-8.733981581764667,
phase6v2-r02-input-load-a01,D4-SMT,6,OUTPUT+DOWNSTREAM,-10.259046946235873,
phase6v2-r02-input-load-a01,D4-SMT,7,INPUT+OUTPUT,-11.242771009742382,
phase6v2-r02-input-load-a01,D4-SMT,8,NONE,-14.565653931241098,
phase6v2-r02-input-load-a01,D4-SMT,9,DOWNSTREAM,-16.090719295712304,
phase6v2-r02-input-load-a01,D4-SMT,10,INPUT,-17.074443359218815,
phase6v2-r02-input-load-a01,D4-SMT,11,INPUT+DOWNSTREAM,-18.599508723690022,
phase6v2-r02-load-downstream-a01,D4-SMT,1,LOAD+DOWNSTREAM,20.67134745957597,15.590455372134333
phase6v2-r02-load-downstream-a01,D4-SMT,2,OUTPUT+LOAD,5.0808920874416375,
phase6v2-r02-load-downstream-a01,D4-SMT,3,LOAD,4.95782405267104,
phase6v2-r02-load-downstream-a01,D4-SMT,4,INPUT+LOAD,2.475364078151194,
phase6v2-r02-load-downstream-a01,D4-SMT,5,OUTPUT+DOWNSTREAM,-4.95782405267104,
phase6v2-r02-load-downstream-a01,D4-SMT,6,DOWNSTREAM,-5.0808920874416375,
phase6v2-r02-load-downstream-a01,D4-SMT,7,INPUT+DOWNSTREAM,-7.563352061961485,
phase6v2-r02-load-downstream-a01,D4-SMT,8,OUTPUT,-20.67134745957597,
phase6v2-r02-load-downstream-a01,D4-SMT,9,NONE,-20.794415494346566,
phase6v2-r02-load-downstream-a01,D4-SMT,10,INPUT+OUTPUT,-23.153807434095818,
phase6v2-r02-load-downstream-a01,D4-SMT,11,INPUT,-23.276875468866415,
phase6v2-r02-load-medium-a01,D4-SMT,1,OUTPUT+LOAD,13.300156014790913,0.27310651313256074
phase6v2-r02-load-medium-a01,D4-SMT,2,LOAD,13.027049501658352,
phase6v2-r02-load-medium-a01,D4-SMT,3,LOAD+DOWNSTREAM,11.62253596286281,
phase6v2-r02-load-medium-a01,D4-SMT,4,INPUT+LOAD,10.543632051513274,
phase6v2-r02-load-medium-a01,D4-SMT,5,OUTPUT,-13.027049501658352,
phase6v2-r02-load-medium-a01,D4-SMT,6,NONE,-13.300156014790913,
phase6v2-r02-load-medium-a01,D4-SMT,7,OUTPUT+DOWNSTREAM,-14.431563040453893,
phase6v2-r02-load-medium-a01,D4-SMT,8,DOWNSTREAM,-14.704669553586454,
phase6v2-r02-load-medium-a01,D4-SMT,9,INPUT+OUTPUT,-15.51046695180343,
phase6v2-r02-load-medium-a01,D4-SMT,10,INPUT,-15.78357346493599,
phase6v2-r02-load-medium-a01,D4-SMT,11,INPUT+DOWNSTREAM,-17.188087003731532,
phase6v2-r02-downstream-medium-a01,D4-SMT,1,DOWNSTREAM,7.306061515057924,0.5808468344641362
phase6v2-r02-downstream-medium-a01,D4-SMT,2,INPUT+DOWNSTREAM,6.725214680593788,
phase6v2-r02-downstream-medium-a01,D4-SMT,3,LOAD+DOWNSTREAM,5.5334804028352504,
phase6v2-r02-downstream-medium-a01,D4-SMT,4,OUTPUT+DOWNSTREAM,5.529113233389321,
phase6v2-r02-downstream-medium-a01,D4-SMT,5,NONE,-7.306061515057924,
phase6v2-r02-downstream-medium-a01,D4-SMT,6,INPUT,-7.88690834952206,
phase6v2-r02-downstream-medium-a01,D4-SMT,7,LOAD,-9.078642627280598,
phase6v2-r02-downstream-medium-a01,D4-SMT,8,OUTPUT,-9.083009796726527,
phase6v2-r02-downstream-medium-a01,D4-SMT,9,INPUT+LOAD,-9.659489461744734,
phase6v2-r02-downstream-medium-a01,D4-SMT,10,INPUT+OUTPUT,-9.663856631190663,
phase6v2-r02-downstream-medium-a01,D4-SMT,11,OUTPUT+LOAD,-10.8555909089492,
phase6v2-r02-output-load-control-a01,D4-SMT,1,LOAD,12.710283017953094,0.9739116729527773
phase6v2-r02-output-load-control-a01,D4-SMT,2,OUTPUT+LOAD,11.736371345000316,
phase6v2-r02-output-load-control-a01,D4-SMT,3,LOAD+DOWNSTREAM,11.256100357312285,
phase6v2-r02-output-load-control-a01,D4-SMT,4,INPUT+LOAD,10.224847721332242,
phase6v2-r02-output-load-control-a01,D4-SMT,5,NONE,-12.710283017953094,
phase6v2-r02-output-load-control-a01,D4-SMT,6,OUTPUT,-13.684194690905871,
phase6v2-r02-output-load-control-a01,D4-SMT,7,DOWNSTREAM,-14.164465678593903,
phase6v2-r02-output-load-control-a01,D4-SMT,8,OUTPUT+DOWNSTREAM,-15.13837735154668,
phase6v2-r02-output-load-control-a01,D4-SMT,9,INPUT,-15.195718314573945,
phase6v2-r02-output-load-control-a01,D4-SMT,10,INPUT+OUTPUT,-16.169629987526722,
phase6v2-r02-output-load-control-a01,D4-SMT,11,INPUT+DOWNSTREAM,-16.649900975214752,
phase6v2-r02-output-control-a01,D4-FULL,1,NONE,0,0.06613916385950636
phase6v2-r02-output-control-a01,D4-FULL,2,INPUT,-0.06613916385950636,
phase6v2-r02-output-control-a01,D4-FULL,3,DOWNSTREAM,-0.5754422156505639,
phase6v2-r02-output-control-a01,D4-FULL,4,INPUT+DOWNSTREAM,-0.6415813795100702,
phase6v2-r02-output-control-a01,D4-FULL,5,OUTPUT,-1.2967025107344672,
phase6v2-r02-output-control-a01,D4-FULL,6,INPUT+OUTPUT,-1.3628416745939735,
phase6v2-r02-output-control-a01,D4-FULL,7,OUTPUT+DOWNSTREAM,-1.872144726385031,
phase6v2-r02-output-control-a01,D4-FULL,8,LOAD,-3.0196776213281113,
phase6v2-r02-output-control-a01,D4-FULL,9,INPUT+LOAD,-3.0858167851876175,
phase6v2-r02-output-control-a01,D4-FULL,10,LOAD+DOWNSTREAM,-3.595119836978675,
phase6v2-r02-output-control-a01,D4-FULL,11,OUTPUT+LOAD,-4.316380132062578,
phase6v2-r02-input-downstream-a01,D4-FULL,1,DOWNSTREAM,5.776296455087479,0.20904836680991945
phase6v2-r02-input-downstream-a01,D4-FULL,2,LOAD+DOWNSTREAM,5.56724808827756,
phase6v2-r02-input-downstream-a01,D4-FULL,3,INPUT+DOWNSTREAM,5.518472681331221,
phase6v2-r02-input-downstream-a01,D4-FULL,4,OUTPUT+DOWNSTREAM,2.2777951548757347,
phase6v2-r02-input-downstream-a01,D4-FULL,5,NONE,-5.776296455087479,
phase6v2-r02-input-downstream-a01,D4-FULL,6,LOAD,-5.985344821897399,
phase6v2-r02-input-downstream-a01,D4-FULL,7,INPUT,-6.034120228843737,
phase6v2-r02-input-downstream-a01,D4-FULL,8,INPUT+LOAD,-6.243168595653657,
phase6v2-r02-input-downstream-a01,D4-FULL,9,OUTPUT,-9.274797755299224,
phase6v2-r02-input-downstream-a01,D4-FULL,10,OUTPUT+LOAD,-9.483846122109142,
phase6v2-r02-input-downstream-a01,D4-FULL,11,INPUT+OUTPUT,-9.532621529055483,
phase6v2-r02-baseline-a01,D4-FULL,1,NONE,0,0.06040440831495797
phase6v2-r02-baseline-a01,D4-FULL,2,INPUT,-0.06040440831495797,
phase6v2-r02-baseline-a01,D4-FULL,3,DOWNSTREAM,-0.08777584995608834,
phase6v2-r02-baseline-a01,D4-FULL,4,INPUT+DOWNSTREAM,-0.1481802582710463,
phase6v2-r02-baseline-a01,D4-FULL,5,LOAD,-2.0233872368290085,
phase6v2-r02-baseline-a01,D4-FULL,6,INPUT+LOAD,-2.0837916451439664,
phase6v2-r02-baseline-a01,D4-FULL,7,LOAD+DOWNSTREAM,-2.111163086785097,
phase6v2-r02-baseline-a01,D4-FULL,8,OUTPUT,-3.313368328763655,
phase6v2-r02-baseline-a01,D4-FULL,9,INPUT+OUTPUT,-3.373772737078613,
phase6v2-r02-baseline-a01,D4-FULL,10,OUTPUT+DOWNSTREAM,-3.4011441787197434,
phase6v2-r02-baseline-a01,D4-FULL,11,OUTPUT+LOAD,-5.3367555655926635,
phase6v2-r02-output-medium-a01,D4-FULL,1,OUTPUT,2.0525368339159225,0.3921661012293769
phase6v2-r02-output-medium-a01,D4-FULL,2,INPUT+OUTPUT,1.6603707326865456,
phase6v2-r02-output-medium-a01,D4-FULL,3,OUTPUT+LOAD,0.8459403138896251,
phase6v2-r02-output-medium-a01,D4-FULL,4,OUTPUT+DOWNSTREAM,0.6150489509492083,
phase6v2-r02-output-medium-a01,D4-FULL,5,NONE,-2.0525368339159225,
phase6v2-r02-output-medium-a01,D4-FULL,6,INPUT,-2.4447029351452993,
phase6v2-r02-output-medium-a01,D4-FULL,7,LOAD,-3.25913335394222,
phase6v2-r02-output-medium-a01,D4-FULL,8,DOWNSTREAM,-3.490024716882637,
phase6v2-r02-output-medium-a01,D4-FULL,9,INPUT+LOAD,-3.6512994551715967,
phase6v2-r02-output-medium-a01,D4-FULL,10,INPUT+DOWNSTREAM,-3.8821908181120137,
phase6v2-r02-output-medium-a01,D4-FULL,11,LOAD+DOWNSTREAM,-4.696621236908934,
phase6v2-r02-input-medium-a01,D4-FULL,1,NONE,0,0.1569220126989348
phase6v2-r02-input-medium-a01,D4-FULL,2,INPUT,-0.1569220126989348,
phase6v2-r02-input-medium-a01,D4-FULL,3,DOWNSTREAM,-0.6978412278283284,
phase6v2-r02-input-medium-a01,D4-FULL,4,INPUT+DOWNSTREAM,-0.8547632405272632,
phase6v2-r02-input-medium-a01,D4-FULL,5,LOAD,-3.1479965016141547,
phase6v2-r02-input-medium-a01,D4-FULL,6,INPUT+LOAD,-3.3049185143130897,
phase6v2-r02-input-medium-a01,D4-FULL,7,OUTPUT,-3.510039276719623,
phase6v2-r02-input-medium-a01,D4-FULL,8,INPUT+OUTPUT,-3.666961289418558,
phase6v2-r02-input-medium-a01,D4-FULL,9,LOAD+DOWNSTREAM,-3.845837729442483,
phase6v2-r02-input-medium-a01,D4-FULL,10,OUTPUT+DOWNSTREAM,-4.207880504547951,
phase6v2-r02-input-medium-a01,D4-FULL,11,OUTPUT+LOAD,-6.658035778333778,
phase6v2-r02-output-load-a01,D4-FULL,1,OUTPUT+LOAD,9.720423358086551,4.870662316894631
phase6v2-r02-output-load-a01,D4-FULL,2,LOAD,4.84976104119192,
phase6v2-r02-output-load-a01,D4-FULL,3,LOAD+DOWNSTREAM,-0.9623915933957385,
phase6v2-r02-output-load-a01,D4-FULL,4,OUTPUT,-4.84976104119192,
phase6v2-r02-output-load-a01,D4-FULL,5,INPUT+LOAD,-7.234513719410167,
phase6v2-r02-output-load-a01,D4-FULL,6,NONE,-9.720423358086551,
phase6v2-r02-output-load-a01,D4-FULL,7,OUTPUT+DOWNSTREAM,-10.661913675779578,
phase6v2-r02-output-load-a01,D4-FULL,8,DOWNSTREAM,-15.532575992674209,
phase6v2-r02-output-load-a01,D4-FULL,9,INPUT+OUTPUT,-16.934035801794007,
phase6v2-r02-output-load-a01,D4-FULL,10,INPUT,-21.804698118688638,
phase6v2-r02-output-load-a01,D4-FULL,11,INPUT+DOWNSTREAM,-27.616850753276296,
phase6v2-r02-output-downstream-a01,D4-FULL,1,OUTPUT+DOWNSTREAM,8.381643909043436,3.4347560833124886
phase6v2-r02-output-downstream-a01,D4-FULL,2,DOWNSTREAM,4.946887825730948,
phase6v2-r02-output-downstream-a01,D4-FULL,3,INPUT+DOWNSTREAM,4.42765858640276,
phase6v2-r02-output-downstream-a01,D4-FULL,4,LOAD+DOWNSTREAM,3.777574888518357,
phase6v2-r02-output-downstream-a01,D4-FULL,5,OUTPUT,-4.946887825730948,
phase6v2-r02-output-downstream-a01,D4-FULL,6,INPUT+OUTPUT,-5.4661170650591355,
phase6v2-r02-output-downstream-a01,D4-FULL,7,OUTPUT+LOAD,-6.116200762943539,
phase6v2-r02-output-downstream-a01,D4-FULL,8,NONE,-8.381643909043436,
phase6v2-r02-output-downstream-a01,D4-FULL,9,INPUT,-8.900873148371625,
phase6v2-r02-output-downstream-a01,D4-FULL,10,LOAD,-9.550956846256028,
phase6v2-r02-output-downstream-a01,D4-FULL,11,INPUT+LOAD,-10.070186085584215,
phase6v2-r02-output-downstream-control-a01,D4-FULL,1,DOWNSTREAM,7.880920997643908,0.19519395010126495
phase6v2-r02-output-downstream-control-a01,D4-FULL,2,INPUT+DOWNSTREAM,7.685727047542643,
phase6v2-r02-output-downstream-control-a01,D4-FULL,3,OUTPUT+DOWNSTREAM,5.923030322063107,
phase6v2-r02-output-downstream-control-a01,D4-FULL,4,LOAD+DOWNSTREAM,5.4412708430638315,
phase6v2-r02-output-downstream-control-a01,D4-FULL,5,NONE,-7.880920997643908,
phase6v2-r02-output-downstream-control-a01,D4-FULL,6,INPUT,-8.076114947745172,
phase6v2-r02-output-downstream-control-a01,D4-FULL,7,OUTPUT,-9.838811673224708,
phase6v2-r02-output-downstream-control-a01,D4-FULL,8,INPUT+OUTPUT,-10.034005623325974,
phase6v2-r02-output-downstream-control-a01,D4-FULL,9,LOAD,-10.320571152223984,
phase6v2-r02-output-downstream-control-a01,D4-FULL,10,INPUT+LOAD,-10.515765102325249,
phase6v2-r02-output-downstream-control-a01,D4-FULL,11,OUTPUT+LOAD,-12.278461827804787,
phase6v2-r02-input-load-a01,D4-FULL,1,OUTPUT+LOAD,7.680473644152993,3.0373448109254078
phase6v2-r02-input-load-a01,D4-FULL,2,LOAD,4.6431288332275855,
phase6v2-r02-input-load-a01,D4-FULL,3,LOAD+DOWNSTREAM,-0.5522501681967724,
phase6v2-r02-input-load-a01,D4-FULL,4,OUTPUT,-4.6431288332275855,
phase6v2-r02-input-load-a01,D4-FULL,5,INPUT+LOAD,-7.21346558656637,
phase6v2-r02-input-load-a01,D4-FULL,6,NONE,-7.680473644152993,
phase6v2-r02-input-load-a01,D4-FULL,7,OUTPUT+DOWNSTREAM,-9.838507834651942,
phase6v2-r02-input-load-a01,D4-FULL,8,DOWNSTREAM,-12.87585264557735,
phase6v2-r02-input-load-a01,D4-FULL,9,INPUT+OUTPUT,-16.499723253021543,
phase6v2-r02-input-load-a01,D4-FULL,10,INPUT,-19.537068063946947,
phase6v2-r02-input-load-a01,D4-FULL,11,INPUT+DOWNSTREAM,-24.732447065371307,
phase6v2-r02-load-downstream-a01,D4-FULL,1,LOAD+DOWNSTREAM,14.791889120769014,13.87433370041527
phase6v2-r02-load-downstream-a01,D4-FULL,2,OUTPUT+LOAD,0.9175554203537439,
phase6v2-r02-load-downstream-a01,D4-FULL,3,LOAD,0.812244632556749,
phase6v2-r02-load-downstream-a01,D4-FULL,4,OUTPUT+DOWNSTREAM,-0.812244632556749,
phase6v2-r02-load-downstream-a01,D4-FULL,5,DOWNSTREAM,-0.9175554203537439,
phase6v2-r02-load-downstream-a01,D4-FULL,6,INPUT+LOAD,-5.204770393483545,
phase6v2-r02-load-downstream-a01,D4-FULL,7,INPUT+DOWNSTREAM,-6.934570446394038,
phase6v2-r02-load-downstream-a01,D4-FULL,8,OUTPUT,-14.791889120769014,
phase6v2-r02-load-downstream-a01,D4-FULL,9,NONE,-14.897199908566009,
phase6v2-r02-load-downstream-a01,D4-FULL,10,INPUT+OUTPUT,-20.808904146809308,
phase6v2-r02-load-downstream-a01,D4-FULL,11,INPUT,-20.914214934606303,
phase6v2-r02-load-medium-a01,D4-FULL,1,OUTPUT+LOAD,9.082051815939417,0.13117406016059974
phase6v2-r02-load-medium-a01,D4-FULL,2,LOAD,8.950877755778818,
phase6v2-r02-load-medium-a01,D4-FULL,3,LOAD+DOWNSTREAM,5.101686904791585,
phase6v2-r02-load-medium-a01,D4-FULL,4,INPUT+LOAD,3.147753171982642,
phase6v2-r02-load-medium-a01,D4-FULL,5,OUTPUT,-8.950877755778818,
phase6v2-r02-load-medium-a01,D4-FULL,6,NONE,-9.082051815939417,
phase6v2-r02-load-medium-a01,D4-FULL,7,OUTPUT+DOWNSTREAM,-12.80006860676605,
phase6v2-r02-load-medium-a01,D4-FULL,8,DOWNSTREAM,-12.93124266692665,
phase6v2-r02-load-medium-a01,D4-FULL,9,INPUT+OUTPUT,-14.754002339574992,
phase6v2-r02-load-medium-a01,D4-FULL,10,INPUT,-14.885176399735592,
phase6v2-r02-load-medium-a01,D4-FULL,11,INPUT+DOWNSTREAM,-18.734367250722826,
phase6v2-r02-downstream-medium-a01,D4-FULL,1,DOWNSTREAM,7.291546299189037,0.1875927853974213
phase6v2-r02-downstream-medium-a01,D4-FULL,2,INPUT+DOWNSTREAM,7.103953513791616,
phase6v2-r02-downstream-medium-a01,D4-FULL,3,LOAD+DOWNSTREAM,7.0154858183273,
phase6v2-r02-downstream-medium-a01,D4-FULL,4,OUTPUT+DOWNSTREAM,4.1802613430023685,
phase6v2-r02-downstream-medium-a01,D4-FULL,5,NONE,-7.291546299189037,
phase6v2-r02-downstream-medium-a01,D4-FULL,6,INPUT,-7.479139084586459,
phase6v2-r02-downstream-medium-a01,D4-FULL,7,LOAD,-7.567606780050775,
phase6v2-r02-downstream-medium-a01,D4-FULL,8,INPUT+LOAD,-7.755199565448196,
phase6v2-r02-downstream-medium-a01,D4-FULL,9,OUTPUT,-10.402831255375705,
phase6v2-r02-downstream-medium-a01,D4-FULL,10,INPUT+OUTPUT,-10.590424040773128,
phase6v2-r02-downstream-medium-a01,D4-FULL,11,OUTPUT+LOAD,-10.678891736237443,
phase6v2-r02-output-load-control-a01,D4-FULL,1,LOAD,2.5276591892701457,0.6832183412514161
phase6v2-r02-output-load-control-a01,D4-FULL,2,OUTPUT+LOAD,1.8444408480187295,
phase6v2-r02-output-load-control-a01,D4-FULL,3,INPUT+LOAD,-0.9484904461731767,
phase6v2-r02-output-load-control-a01,D4-FULL,4,LOAD+DOWNSTREAM,-1.4473727782725887,
phase6v2-r02-output-load-control-a01,D4-FULL,5,NONE,-2.5276591892701457,
phase6v2-r02-output-load-control-a01,D4-FULL,6,OUTPUT,-3.2108775305215618,
phase6v2-r02-output-load-control-a01,D4-FULL,7,INPUT,-6.003808824713468,
phase6v2-r02-output-load-control-a01,D4-FULL,8,DOWNSTREAM,-6.50269115681288,
phase6v2-r02-output-load-control-a01,D4-FULL,9,INPUT+OUTPUT,-6.687027165964885,
phase6v2-r02-output-load-control-a01,D4-FULL,10,OUTPUT+DOWNSTREAM,-7.185909498064296,
phase6v2-r02-output-load-control-a01,D4-FULL,11,INPUT+DOWNSTREAM,-9.978840792256202,
phase6v2-r02-output-control-a01,D4-FULL,1,NONE,0,0.5754422156505639
phase6v2-r02-output-control-a01,D4-FULL,2,DOWNSTREAM,-0.5754422156505639,
phase6v2-r02-output-control-a01,D4-FULL,3,INPUT,-0.9921693380741394,
phase6v2-r02-output-control-a01,D4-FULL,4,OUTPUT,-1.2967025107344667,
phase6v2-r02-output-control-a01,D4-FULL,5,INPUT+DOWNSTREAM,-1.5676115537247033,
phase6v2-r02-output-control-a01,D4-FULL,6,OUTPUT+DOWNSTREAM,-1.8721447263850306,
phase6v2-r02-output-control-a01,D4-FULL,7,INPUT+OUTPUT,-2.288871848808606,
phase6v2-r02-output-control-a01,D4-FULL,8,LOAD,-3.0196776213281113,
phase6v2-r02-output-control-a01,D4-FULL,9,LOAD+DOWNSTREAM,-3.595119836978675,
phase6v2-r02-output-control-a01,D4-FULL,10,INPUT+LOAD,-4.01184695940225,
phase6v2-r02-output-control-a01,D4-FULL,11,OUTPUT+LOAD,-4.316380132062578,
phase6v2-r02-input-downstream-a01,D4-FULL,1,INPUT+DOWNSTREAM,6.199869728382661,0.8471465465903645
phase6v2-r02-input-downstream-a01,D4-FULL,2,DOWNSTREAM,5.352723181792297,
phase6v2-r02-input-downstream-a01,D4-FULL,3,LOAD+DOWNSTREAM,5.143674814982377,
phase6v2-r02-input-downstream-a01,D4-FULL,4,OUTPUT+DOWNSTREAM,1.8542218815805533,
phase6v2-r02-input-downstream-a01,D4-FULL,5,INPUT,-5.352723181792297,
phase6v2-r02-input-downstream-a01,D4-FULL,6,INPUT+LOAD,-5.561771548602216,
phase6v2-r02-input-downstream-a01,D4-FULL,7,NONE,-6.199869728382661,
phase6v2-r02-input-downstream-a01,D4-FULL,8,LOAD,-6.408918095192581,
phase6v2-r02-input-downstream-a01,D4-FULL,9,INPUT+OUTPUT,-8.85122448200404,
phase6v2-r02-input-downstream-a01,D4-FULL,10,OUTPUT,-9.698371028594405,
phase6v2-r02-input-downstream-a01,D4-FULL,11,OUTPUT+LOAD,-9.907419395404325,
phase6v2-r02-baseline-a01,D4-FULL,1,NONE,0,0.041172080514578546
phase6v2-r02-baseline-a01,D4-FULL,2,INPUT,-0.041172080514578546,
phase6v2-r02-baseline-a01,D4-FULL,3,DOWNSTREAM,-0.08777584995608834,
phase6v2-r02-baseline-a01,D4-FULL,4,INPUT+DOWNSTREAM,-0.12894793047066688,
phase6v2-r02-baseline-a01,D4-FULL,5,LOAD,-2.0233872368290085,
phase6v2-r02-baseline-a01,D4-FULL,6,INPUT+LOAD,-2.064559317343587,
phase6v2-r02-baseline-a01,D4-FULL,7,LOAD+DOWNSTREAM,-2.111163086785097,
phase6v2-r02-baseline-a01,D4-FULL,8,OUTPUT,-3.3133683287636546,
phase6v2-r02-baseline-a01,D4-FULL,9,INPUT+OUTPUT,-3.354540409278233,
phase6v2-r02-baseline-a01,D4-FULL,10,OUTPUT+DOWNSTREAM,-3.401144178719743,
phase6v2-r02-baseline-a01,D4-FULL,11,OUTPUT+LOAD,-5.336755565592663,
phase6v2-r02-output-medium-a01,D4-FULL,1,OUTPUT,3.0352726486961528,1.2065965200262974
phase6v2-r02-output-medium-a01,D4-FULL,2,OUTPUT+LOAD,1.8286761286698554,
phase6v2-r02-output-medium-a01,D4-FULL,3,INPUT+OUTPUT,1.717202700787258,
phase6v2-r02-output-medium-a01,D4-FULL,4,OUTPUT+DOWNSTREAM,1.5977847657294386,
phase6v2-r02-output-medium-a01,D4-FULL,5,NONE,-3.0352726486961528,
phase6v2-r02-output-medium-a01,D4-FULL,6,LOAD,-4.241869168722451,
phase6v2-r02-output-medium-a01,D4-FULL,7,INPUT,-4.353342596605048,
phase6v2-r02-output-medium-a01,D4-FULL,8,DOWNSTREAM,-4.472760531662867,
phase6v2-r02-output-medium-a01,D4-FULL,9,INPUT+LOAD,-5.5599391166313445,
phase6v2-r02-output-medium-a01,D4-FULL,10,LOAD+DOWNSTREAM,-5.6793570516891645,
phase6v2-r02-output-medium-a01,D4-FULL,11,INPUT+DOWNSTREAM,-5.790830479571762,
phase6v2-r02-input-medium-a01,D4-FULL,1,INPUT,0.5269304171998392,0.6978412278283284
phase6v2-r02-input-medium-a01,D4-FULL,2,INPUT+DOWNSTREAM,-0.17091081062848912,
phase6v2-r02-input-medium-a01,D4-FULL,3,NONE,-0.5269304171998392,
phase6v2-r02-input-medium-a01,D4-FULL,4,DOWNSTREAM,-1.2247716450281676,
phase6v2-r02-input-medium-a01,D4-FULL,5,INPUT+LOAD,-2.6210660844143154,
phase6v2-r02-input-medium-a01,D4-FULL,6,INPUT+OUTPUT,-2.9831088595197834,
phase6v2-r02-input-medium-a01,D4-FULL,7,LOAD,-3.674926918813994,
phase6v2-r02-input-medium-a01,D4-FULL,8,OUTPUT,-4.0369696939194615,
phase6v2-r02-input-medium-a01,D4-FULL,9,LOAD+DOWNSTREAM,-4.372768146642322,
phase6v2-r02-input-medium-a01,D4-FULL,10,OUTPUT+DOWNSTREAM,-4.7348109217477905,
phase6v2-r02-input-medium-a01,D4-FULL,11,OUTPUT+LOAD,-7.184966195533617,
phase6v2-r02-output-load-a01,D4-FULL,1,OUTPUT+LOAD,10.703159172866782,6.836133946455092
phase6v2-r02-output-load-a01,D4-FULL,2,LOAD,3.8670252264116893,
phase6v2-r02-output-load-a01,D4-FULL,3,LOAD+DOWNSTREAM,-1.9451274081759689,
phase6v2-r02-output-load-a01,D4-FULL,4,OUTPUT,-3.8670252264116893,
phase6v2-r02-output-load-a01,D4-FULL,5,INPUT+LOAD,-9.649714016488245,
phase6v2-r02-output-load-a01,D4-FULL,6,OUTPUT+DOWNSTREAM,-9.679177860999348,
phase6v2-r02-output-load-a01,D4-FULL,7,NONE,-10.703159172866782,
phase6v2-r02-output-load-a01,D4-FULL,8,DOWNSTREAM,-16.515311807454438,
phase6v2-r02-output-load-a01,D4-FULL,9,INPUT+OUTPUT,-17.383764469311622,
phase6v2-r02-output-load-a01,D4-FULL,10,INPUT,-24.219898415766714,
phase6v2-r02-output-load-a01,D4-FULL,11,INPUT+DOWNSTREAM,-30.032051050354376,
phase6v2-r02-output-downstream-a01,D4-FULL,1,OUTPUT+DOWNSTREAM,9.364379723823667,5.40022771287295
phase6v2-r02-output-downstream-a01,D4-FULL,2,DOWNSTREAM,3.964152010950717,
phase6v2-r02-output-downstream-a01,D4-FULL,3,LOAD+DOWNSTREAM,2.7948390737381263,
phase6v2-r02-output-downstream-a01,D4-FULL,4,INPUT+DOWNSTREAM,2.516998933181185,
phase6v2-r02-output-downstream-a01,D4-FULL,5,OUTPUT,-3.964152010950717,
phase6v2-r02-output-downstream-a01,D4-FULL,6,OUTPUT+LOAD,-5.133464948163308,
phase6v2-r02-output-downstream-a01,D4-FULL,7,INPUT+OUTPUT,-5.411305088720249,
phase6v2-r02-output-downstream-a01,D4-FULL,8,NONE,-9.364379723823667,
phase6v2-r02-output-downstream-a01,D4-FULL,9,LOAD,-10.533692661036259,
phase6v2-r02-output-downstream-a01,D4-FULL,10,INPUT,-10.8115328015932,
phase6v2-r02-output-downstream-a01,D4-FULL,11,INPUT+LOAD,-11.98084573880579,
phase6v2-r02-output-downstream-control-a01,D4-FULL,1,DOWNSTREAM,7.880920997643908,1.1232569813096198
phase6v2-r02-output-downstream-control-a01,D4-FULL,2,INPUT+DOWNSTREAM,6.757664016334288,
phase6v2-r02-output-downstream-control-a01,D4-FULL,3,OUTPUT+DOWNSTREAM,5.923030322063107,
phase6v2-r02-output-downstream-control-a01,D4-FULL,4,LOAD+DOWNSTREAM,5.4412708430638315,
phase6v2-r02-output-downstream-control-a01,D4-FULL,5,NONE,-7.880920997643908,
phase6v2-r02-output-downstream-control-a01,D4-FULL,6,INPUT,-9.004177978953528,
phase6v2-r02-output-downstream-control-a01,D4-FULL,7,OUTPUT,-9.838811673224708,
phase6v2-r02-output-downstream-control-a01,D4-FULL,8,LOAD,-10.320571152223984,
phase6v2-r02-output-downstream-control-a01,D4-FULL,9,INPUT+OUTPUT,-10.962068654534328,
phase6v2-r02-output-downstream-control-a01,D4-FULL,10,INPUT+LOAD,-11.443828133533604,
phase6v2-r02-output-downstream-control-a01,D4-FULL,11,OUTPUT+LOAD,-12.278461827804787,
phase6v2-r02-input-load-a01,D4-FULL,1,OUTPUT+LOAD,7.680473644152994,3.0373448109254095
phase6v2-r02-input-load-a01,D4-FULL,2,LOAD,4.643128833227585,
phase6v2-r02-input-load-a01,D4-FULL,3,LOAD+DOWNSTREAM,-0.5522501681967729,
phase6v2-r02-input-load-a01,D4-FULL,4,OUTPUT,-4.643128833227585,
phase6v2-r02-input-load-a01,D4-FULL,5,INPUT+LOAD,-7.026428917334214,
phase6v2-r02-input-load-a01,D4-FULL,6,NONE,-7.680473644152994,
phase6v2-r02-input-load-a01,D4-FULL,7,OUTPUT+DOWNSTREAM,-9.838507834651942,
phase6v2-r02-input-load-a01,D4-FULL,8,DOWNSTREAM,-12.875852645577352,
phase6v2-r02-input-load-a01,D4-FULL,9,INPUT+OUTPUT,-16.312686583789386,
phase6v2-r02-input-load-a01,D4-FULL,10,INPUT,-19.350031394714794,
phase6v2-r02-input-load-a01,D4-FULL,11,INPUT+DOWNSTREAM,-24.54541039613915,
phase6v2-r02-load-downstream-a01,D4-FULL,1,LOAD+DOWNSTREAM,14.791889120769014,13.87433370041527
phase6v2-r02-load-downstream-a01,D4-FULL,2,OUTPUT+LOAD,0.9175554203537439,
phase6v2-r02-load-downstream-a01,D4-FULL,3,LOAD,0.8122446325567481,
phase6v2-r02-load-downstream-a01,D4-FULL,4,OUTPUT+DOWNSTREAM,-0.8122446325567481,
phase6v2-r02-load-downstream-a01,D4-FULL,5,DOWNSTREAM,-0.9175554203537439,
phase6v2-r02-load-downstream-a01,D4-FULL,6,INPUT+LOAD,-5.42739023038151,
phase6v2-r02-load-downstream-a01,D4-FULL,7,INPUT+DOWNSTREAM,-7.157190283292002,
phase6v2-r02-load-downstream-a01,D4-FULL,8,OUTPUT,-14.791889120769014,
phase6v2-r02-load-downstream-a01,D4-FULL,9,NONE,-14.897199908566009,
phase6v2-r02-load-downstream-a01,D4-FULL,10,INPUT+OUTPUT,-21.031523983707274,
phase6v2-r02-load-downstream-a01,D4-FULL,11,INPUT,-21.13683477150427,
phase6v2-r02-load-medium-a01,D4-FULL,1,OUTPUT+LOAD,9.082051815939417,0.13117406016059974
phase6v2-r02-load-medium-a01,D4-FULL,2,LOAD,8.950877755778818,
phase6v2-r02-load-medium-a01,D4-FULL,3,LOAD+DOWNSTREAM,5.101686904791585,
phase6v2-r02-load-medium-a01,D4-FULL,4,INPUT+LOAD,2.9375983671176256,
phase6v2-r02-load-medium-a01,D4-FULL,5,OUTPUT,-8.950877755778818,
phase6v2-r02-load-medium-a01,D4-FULL,6,NONE,-9.082051815939417,
phase6v2-r02-load-medium-a01,D4-FULL,7,OUTPUT+DOWNSTREAM,-12.80006860676605,
phase6v2-r02-load-medium-a01,D4-FULL,8,DOWNSTREAM,-12.93124266692665,
phase6v2-r02-load-medium-a01,D4-FULL,9,INPUT+OUTPUT,-14.964157144440009,
phase6v2-r02-load-medium-a01,D4-FULL,10,INPUT,-15.095331204600608,
phase6v2-r02-load-medium-a01,D4-FULL,11,INPUT+DOWNSTREAM,-18.94452205558784,
phase6v2-r02-downstream-medium-a01,D4-FULL,1,DOWNSTREAM,7.291546299189037,0.17056555271999763
phase6v2-r02-downstream-medium-a01,D4-FULL,2,INPUT+DOWNSTREAM,7.12098074646904,
phase6v2-r02-downstream-medium-a01,D4-FULL,3,LOAD+DOWNSTREAM,7.0154858183273,
phase6v2-r02-downstream-medium-a01,D4-FULL,4,OUTPUT+DOWNSTREAM,4.180261343002369,
phase6v2-r02-downstream-medium-a01,D4-FULL,5,NONE,-7.291546299189037,
phase6v2-r02-downstream-medium-a01,D4-FULL,6,INPUT,-7.462111851909035,
phase6v2-r02-downstream-medium-a01,D4-FULL,7,LOAD,-7.567606780050775,
phase6v2-r02-downstream-medium-a01,D4-FULL,8,INPUT+LOAD,-7.738172332770772,
phase6v2-r02-downstream-medium-a01,D4-FULL,9,OUTPUT,-10.402831255375705,
phase6v2-r02-downstream-medium-a01,D4-FULL,10,INPUT+OUTPUT,-10.573396808095703,
phase6v2-r02-downstream-medium-a01,D4-FULL,11,OUTPUT+LOAD,-10.678891736237443,
phase6v2-r02-output-load-control-a01,D4-FULL,1,LOAD,2.5276591892701457,0.6832183412514159
phase6v2-r02-output-load-control-a01,D4-FULL,2,OUTPUT+LOAD,1.8444408480187298,
phase6v2-r02-output-load-control-a01,D4-FULL,3,LOAD+DOWNSTREAM,-1.4473727782725887,
phase6v2-r02-output-load-control-a01,D4-FULL,4,INPUT+LOAD,-1.997438641717713,
phase6v2-r02-output-load-control-a01,D4-FULL,5,NONE,-2.5276591892701457,
phase6v2-r02-output-load-control-a01,D4-FULL,6,OUTPUT,-3.2108775305215618,
phase6v2-r02-output-load-control-a01,D4-FULL,7,DOWNSTREAM,-6.50269115681288,
phase6v2-r02-output-load-control-a01,D4-FULL,8,INPUT,-7.052757020258005,
phase6v2-r02-output-load-control-a01,D4-FULL,9,OUTPUT+DOWNSTREAM,-7.185909498064296,
phase6v2-r02-output-load-control-a01,D4-FULL,10,INPUT+OUTPUT,-7.73597536150942,
phase6v2-r02-output-load-control-a01,D4-FULL,11,INPUT+DOWNSTREAM,-11.02778898780074,
phase6v2-r03-output-downstream-a01,D4-S,1,OUTPUT+LOAD,3.5922899660510037,3.2547521516833893
phase6v2-r03-output-downstream-a01,D4-S,2,OUTPUT,0.33753781436761443,
phase6v2-r03-output-downstream-a01,D4-S,3,LOAD,-0.33753781436761443,
phase6v2-r03-output-downstream-a01,D4-S,4,OUTPUT+DOWNSTREAM,-0.9524821436744806,
phase6v2-r03-output-downstream-a01,D4-S,5,INPUT+OUTPUT,-1.0080619413677974,
phase6v2-r03-output-downstream-a01,D4-S,6,LOAD+DOWNSTREAM,-1.6275577724097094,
phase6v2-r03-output-downstream-a01,D4-S,7,INPUT+LOAD,-1.6831375701030262,
phase6v2-r03-output-downstream-a01,D4-S,8,NONE,-3.5922899660510037,
phase6v2-r03-output-downstream-a01,D4-S,9,DOWNSTREAM,-4.882309924093098,
phase6v2-r03-output-downstream-a01,D4-S,10,INPUT,-4.937889721786416,
phase6v2-r03-output-downstream-a01,D4-S,11,INPUT+DOWNSTREAM,-6.22790967982851,
phase6v2-r03-input-medium-a01,D4-S,1,INPUT,0.3339020102436142,0.3573980069186927
phase6v2-r03-input-medium-a01,D4-S,2,INPUT+DOWNSTREAM,-0.023495996675078512,
phase6v2-r03-input-medium-a01,D4-S,3,NONE,-0.3339020102436142,
phase6v2-r03-input-medium-a01,D4-S,4,DOWNSTREAM,-0.6913000171623069,
phase6v2-r03-input-medium-a01,D4-S,5,INPUT+LOAD,-0.8193032033345765,
phase6v2-r03-input-medium-a01,D4-S,6,LOAD,-1.487107223821805,
phase6v2-r03-input-medium-a01,D4-S,7,LOAD+DOWNSTREAM,-1.8445052307404977,
phase6v2-r03-input-medium-a01,D4-S,8,INPUT+OUTPUT,-3.0014380154807307,
phase6v2-r03-input-medium-a01,D4-S,9,OUTPUT,-3.669242035967959,
phase6v2-r03-input-medium-a01,D4-S,10,OUTPUT+DOWNSTREAM,-4.026640042886652,
phase6v2-r03-input-medium-a01,D4-S,11,OUTPUT+LOAD,-4.8224472495461495,
phase6v2-r03-output-load-a01,D4-S,1,OUTPUT+LOAD,11.88858852334156,9.960181888170258
phase6v2-r03-output-load-a01,D4-S,2,LOAD,1.928406635171302,
phase6v2-r03-output-load-a01,D4-S,3,OUTPUT,-1.928406635171302,
phase6v2-r03-output-load-a01,D4-S,4,LOAD+DOWNSTREAM,-3.424050842427974,
phase6v2-r03-output-load-a01,D4-S,5,INPUT+LOAD,-3.560700152148107,
phase6v2-r03-output-load-a01,D4-S,6,OUTPUT+DOWNSTREAM,-7.280864112770578,
phase6v2-r03-output-load-a01,D4-S,7,INPUT+OUTPUT,-7.417513422490711,
phase6v2-r03-output-load-a01,D4-S,8,NONE,-11.88858852334156,
phase6v2-r03-output-load-a01,D4-S,9,DOWNSTREAM,-17.241046000940838,
phase6v2-r03-output-load-a01,D4-S,10,INPUT,-17.377695310660968,
phase6v2-r03-output-load-a01,D4-S,11,INPUT+DOWNSTREAM,-22.730152788260245,
phase6v2-r03-input-downstream-a01,D4-S,1,NONE,0,0.16957797376864225
phase6v2-r03-input-downstream-a01,D4-S,2,LOAD,-0.16957797376864225,
phase6v2-r03-input-downstream-a01,D4-S,3,DOWNSTREAM,-0.32700927352989284,
phase6v2-r03-input-downstream-a01,D4-S,4,INPUT,-0.37530481955137796,
phase6v2-r03-input-downstream-a01,D4-S,5,LOAD+DOWNSTREAM,-0.4965872472985351,
phase6v2-r03-input-downstream-a01,D4-S,6,INPUT+LOAD,-0.5448827933200202,
phase6v2-r03-input-downstream-a01,D4-S,7,INPUT+DOWNSTREAM,-0.7023140930812708,
phase6v2-r03-input-downstream-a01,D4-S,8,OUTPUT,-2.4555825540859986,
phase6v2-r03-input-downstream-a01,D4-S,9,OUTPUT+LOAD,-2.625160527854641,
phase6v2-r03-input-downstream-a01,D4-S,10,OUTPUT+DOWNSTREAM,-2.7825918276158914,
phase6v2-r03-input-downstream-a01,D4-S,11,INPUT+OUTPUT,-2.8308873736373767,
phase6v2-r03-input-load-a01,D4-S,1,OUTPUT+LOAD,11.200318832346994,7.809196102222837
phase6v2-r03-input-load-a01,D4-S,2,LOAD,3.391122730124157,
phase6v2-r03-input-load-a01,D4-S,3,LOAD+DOWNSTREAM,-1.6648053386708082,
phase6v2-r03-input-load-a01,D4-S,4,INPUT+LOAD,-1.7430467120265494,
phase6v2-r03-input-load-a01,D4-S,5,OUTPUT,-3.391122730124157,
phase6v2-r03-input-load-a01,D4-S,6,OUTPUT+DOWNSTREAM,-8.447050798919122,
phase6v2-r03-input-load-a01,D4-S,7,INPUT+OUTPUT,-8.525292172274863,
phase6v2-r03-input-load-a01,D4-S,8,NONE,-11.200318832346994,
phase6v2-r03-input-load-a01,D4-S,9,DOWNSTREAM,-16.25624690114196,
phase6v2-r03-input-load-a01,D4-S,10,INPUT,-16.3344882744977,
phase6v2-r03-input-load-a01,D4-S,11,INPUT+DOWNSTREAM,-21.390416343292664,
phase6v2-r03-baseline-a01,D4-S,1,NONE,0,0.058633720384903776
phase6v2-r03-baseline-a01,D4-S,2,DOWNSTREAM,-0.058633720384903776,
phase6v2-r03-baseline-a01,D4-S,3,INPUT,-0.0838218877542386,
phase6v2-r03-baseline-a01,D4-S,4,INPUT+DOWNSTREAM,-0.14245560813914238,
phase6v2-r03-baseline-a01,D4-S,5,LOAD,-2.6626056381074723,
phase6v2-r03-baseline-a01,D4-S,6,LOAD+DOWNSTREAM,-2.721239358492376,
phase6v2-r03-baseline-a01,D4-S,7,INPUT+LOAD,-2.746427525861711,
phase6v2-r03-baseline-a01,D4-S,8,OUTPUT,-2.981492039274677,
phase6v2-r03-baseline-a01,D4-S,9,OUTPUT+DOWNSTREAM,-3.0401257596595808,
phase6v2-r03-baseline-a01,D4-S,10,INPUT+OUTPUT,-3.0653139270289156,
phase6v2-r03-baseline-a01,D4-S,11,OUTPUT+LOAD,-5.644097677382149,
phase6v2-r03-downstream-medium-a01,D4-S,1,NONE,0,0.2724966842713237
phase6v2-r03-downstream-medium-a01,D4-S,2,DOWNSTREAM,-0.2724966842713237,
phase6v2-r03-downstream-medium-a01,D4-S,3,INPUT,-0.310058833560793,
phase6v2-r03-downstream-medium-a01,D4-S,4,INPUT+DOWNSTREAM,-0.5825555178321167,
phase6v2-r03-downstream-medium-a01,D4-S,5,LOAD,-0.9849663517681038,
phase6v2-r03-downstream-medium-a01,D4-S,6,LOAD+DOWNSTREAM,-1.2574630360394274,
phase6v2-r03-downstream-medium-a01,D4-S,7,INPUT+LOAD,-1.2950251853288968,
phase6v2-r03-downstream-medium-a01,D4-S,8,OUTPUT,-2.6910012313687246,
phase6v2-r03-downstream-medium-a01,D4-S,9,OUTPUT+DOWNSTREAM,-2.9634979156400485,
phase6v2-r03-downstream-medium-a01,D4-S,10,INPUT+OUTPUT,-3.0010600649295176,
phase6v2-r03-downstream-medium-a01,D4-S,11,OUTPUT+LOAD,-3.6759675831368286,
phase6v2-r03-output-load-control-a01,D4-S,1,LOAD,7.9048221573618305,1.4221605004696682
phase6v2-r03-output-load-control-a01,D4-S,2,INPUT+LOAD,6.482661656892162,
phase6v2-r03-output-load-control-a01,D4-S,3,OUTPUT+LOAD,5.921826203239864,
phase6v2-r03-output-load-control-a01,D4-S,4,LOAD+DOWNSTREAM,5.8306592801763815,
phase6v2-r03-output-load-control-a01,D4-S,5,NONE,-7.9048221573618305,
phase6v2-r03-output-load-control-a01,D4-S,6,INPUT,-9.326982657831499,
phase6v2-r03-output-load-control-a01,D4-S,7,OUTPUT,-9.887818111483796,
phase6v2-r03-output-load-control-a01,D4-S,8,DOWNSTREAM,-9.978985034547279,
phase6v2-r03-output-load-control-a01,D4-S,9,INPUT+OUTPUT,-11.309978611953465,
phase6v2-r03-output-load-control-a01,D4-S,10,INPUT+DOWNSTREAM,-11.401145535016948,
phase6v2-r03-output-load-control-a01,D4-S,11,OUTPUT+DOWNSTREAM,-11.961980988669247,
phase6v2-r03-output-medium-a01,D4-S,1,OUTPUT,1.575765545052405,0.5452022227482112
phase6v2-r03-output-medium-a01,D4-S,2,OUTPUT+LOAD,1.030563322304194,
phase6v2-r03-output-medium-a01,D4-S,3,OUTPUT+DOWNSTREAM,0.6525636383935935,
phase6v2-r03-output-medium-a01,D4-S,4,INPUT+OUTPUT,0.5279914611484244,
phase6v2-r03-output-medium-a01,D4-S,5,NONE,-1.575765545052405,
phase6v2-r03-output-medium-a01,D4-S,6,LOAD,-2.1209677678006162,
phase6v2-r03-output-medium-a01,D4-S,7,DOWNSTREAM,-2.4989674517112164,
phase6v2-r03-output-medium-a01,D4-S,8,INPUT,-2.6235396289563857,
phase6v2-r03-output-medium-a01,D4-S,9,LOAD+DOWNSTREAM,-3.044169674459428,
phase6v2-r03-output-medium-a01,D4-S,10,INPUT+LOAD,-3.168741851704597,
phase6v2-r03-output-medium-a01,D4-S,11,INPUT+DOWNSTREAM,-3.5467415356151974,
phase6v2-r03-load-downstream-a01,D4-S,1,OUTPUT+LOAD,8.35767112288073,0.5566654385410565
phase6v2-r03-load-downstream-a01,D4-S,2,LOAD,7.801005684339673,
phase6v2-r03-load-downstream-a01,D4-S,3,LOAD+DOWNSTREAM,4.956550703408153,
phase6v2-r03-load-downstream-a01,D4-S,4,INPUT+LOAD,4.7926805070466205,
phase6v2-r03-load-downstream-a01,D4-S,5,OUTPUT,-7.801005684339673,
phase6v2-r03-load-downstream-a01,D4-S,6,NONE,-8.35767112288073,
phase6v2-r03-load-downstream-a01,D4-S,7,OUTPUT+DOWNSTREAM,-10.645460665271193,
phase6v2-r03-load-downstream-a01,D4-S,8,INPUT+OUTPUT,-10.809330861632725,
phase6v2-r03-load-downstream-a01,D4-S,9,DOWNSTREAM,-11.20212610381225,
phase6v2-r03-load-downstream-a01,D4-S,10,INPUT,-11.365996300173782,
phase6v2-r03-load-downstream-a01,D4-S,11,INPUT+DOWNSTREAM,-14.210451281105302,
phase6v2-r03-output-downstream-control-a01,D4-S,1,NONE,0,0.35927045556784
phase6v2-r03-output-downstream-control-a01,D4-S,2,DOWNSTREAM,-0.35927045556784,
phase6v2-r03-output-downstream-control-a01,D4-S,3,INPUT,-0.4401913222807295,
phase6v2-r03-output-downstream-control-a01,D4-S,4,INPUT+DOWNSTREAM,-0.7994617778485695,
phase6v2-r03-output-downstream-control-a01,D4-S,5,LOAD,-1.07196800649941,
phase6v2-r03-output-downstream-control-a01,D4-S,6,OUTPUT,-1.168489527162176,
phase6v2-r03-output-downstream-control-a01,D4-S,7,LOAD+DOWNSTREAM,-1.4312384620672498,
phase6v2-r03-output-downstream-control-a01,D4-S,8,INPUT+LOAD,-1.5121593287801394,
phase6v2-r03-output-downstream-control-a01,D4-S,9,OUTPUT+DOWNSTREAM,-1.5277599827300161,
phase6v2-r03-output-downstream-control-a01,D4-S,10,INPUT+OUTPUT,-1.6086808494429055,
phase6v2-r03-output-downstream-control-a01,D4-S,11,OUTPUT+LOAD,-2.240457533661586,
phase6v2-r03-output-control-a01,D4-S,1,NONE,0,0.0017467690710182282
phase6v2-r03-output-control-a01,D4-S,2,DOWNSTREAM,-0.0017467690710182282,
phase6v2-r03-output-control-a01,D4-S,3,INPUT,-0.08678202073259156,
phase6v2-r03-output-control-a01,D4-S,4,INPUT+DOWNSTREAM,-0.08852878980360979,
phase6v2-r03-output-control-a01,D4-S,5,OUTPUT,-2.0751687084068435,
phase6v2-r03-output-control-a01,D4-S,6,OUTPUT+DOWNSTREAM,-2.0769154774778618,
phase6v2-r03-output-control-a01,D4-S,7,INPUT+OUTPUT,-2.161950729139435,
phase6v2-r03-output-control-a01,D4-S,8,LOAD,-3.262872792980176,
phase6v2-r03-output-control-a01,D4-S,9,LOAD+DOWNSTREAM,-3.264619562051194,
phase6v2-r03-output-control-a01,D4-S,10,INPUT+LOAD,-3.3496548137127675,
phase6v2-r03-output-control-a01,D4-S,11,OUTPUT+LOAD,-5.3380415013870195,
phase6v2-r03-load-medium-a01,D4-S,1,OUTPUT+LOAD,8.256372561727453,0.2848059722585532
phase6v2-r03-load-medium-a01,D4-S,2,LOAD,7.9715665894689,
phase6v2-r03-load-medium-a01,D4-S,3,LOAD+DOWNSTREAM,5.142021326888914,
phase6v2-r03-load-medium-a01,D4-S,4,INPUT+LOAD,4.891431870970996,
phase6v2-r03-load-medium-a01,D4-S,5,OUTPUT,-7.9715665894689,
phase6v2-r03-load-medium-a01,D4-S,6,NONE,-8.256372561727453,
phase6v2-r03-load-medium-a01,D4-S,7,OUTPUT+DOWNSTREAM,-10.801111852048887,
phase6v2-r03-load-medium-a01,D4-S,8,INPUT+OUTPUT,-11.051701307966804,
phase6v2-r03-load-medium-a01,D4-S,9,DOWNSTREAM,-11.08591782430744,
phase6v2-r03-load-medium-a01,D4-S,10,INPUT,-11.336507280225357,
phase6v2-r03-load-medium-a01,D4-S,11,INPUT+DOWNSTREAM,-14.166052542805343,
phase6v2-r03-output-downstream-a01,D4-SM,1,OUTPUT+DOWNSTREAM,12.027400057620184,2.9802572467220614
phase6v2-r03-output-downstream-a01,D4-SM,2,LOAD+DOWNSTREAM,9.047142810898123,
phase6v2-r03-output-downstream-a01,D4-SM,3,DOWNSTREAM,8.91027650861023,
phase6v2-r03-output-downstream-a01,D4-SM,4,INPUT+DOWNSTREAM,8.136403639390615,
phase6v2-r03-output-downstream-a01,D4-SM,5,OUTPUT+LOAD,-8.91027650861023,
phase6v2-r03-output-downstream-a01,D4-SM,6,OUTPUT,-9.047142810898123,
phase6v2-r03-output-downstream-a01,D4-SM,7,INPUT+OUTPUT,-9.821015680117737,
phase6v2-r03-output-downstream-a01,D4-SM,8,LOAD,-12.027400057620184,
phase6v2-r03-output-downstream-a01,D4-SM,9,NONE,-12.164266359908078,
phase6v2-r03-output-downstream-a01,D4-SM,10,INPUT+LOAD,-12.801272926839799,
phase6v2-r03-output-downstream-a01,D4-SM,11,INPUT,-12.938139229127692,
phase6v2-r03-input-medium-a01,D4-SM,1,INPUT,0.07365891197138752,0.14731782394277504
phase6v2-r03-input-medium-a01,D4-SM,2,NONE,-0.07365891197138752,
phase6v2-r03-input-medium-a01,D4-SM,3,INPUT+DOWNSTREAM,-0.2508510424188371,
phase6v2-r03-input-medium-a01,D4-SM,4,DOWNSTREAM,-0.39816886636161214,
phase6v2-r03-input-medium-a01,D4-SM,5,INPUT+LOAD,-0.477909991362646,
phase6v2-r03-input-medium-a01,D4-SM,6,LOAD,-0.625227815305421,
phase6v2-r03-input-medium-a01,D4-SM,7,LOAD+DOWNSTREAM,-0.9497377696956457,
phase6v2-r03-input-medium-a01,D4-SM,8,INPUT+OUTPUT,-3.016759069609291,
phase6v2-r03-input-medium-a01,D4-SM,9,OUTPUT,-3.164076893552066,
phase6v2-r03-input-medium-a01,D4-SM,10,OUTPUT+DOWNSTREAM,-3.4885868479422903,
phase6v2-r03-input-medium-a01,D4-SM,11,OUTPUT+LOAD,-3.7156457968860996,
phase6v2-r03-output-load-a01,D4-SM,1,OUTPUT+LOAD,11.380278369597708,8.904586940439689
phase6v2-r03-output-load-a01,D4-SM,2,LOAD,2.4756914291580197,
phase6v2-r03-output-load-a01,D4-SM,3,LOAD+DOWNSTREAM,-0.7846003322165984,
phase6v2-r03-output-load-a01,D4-SM,4,OUTPUT,-2.4756914291580197,
phase6v2-r03-output-load-a01,D4-SM,5,INPUT+LOAD,-3.1102946810949446,
phase6v2-r03-output-load-a01,D4-SM,6,OUTPUT+DOWNSTREAM,-5.735983190532638,
phase6v2-r03-output-load-a01,D4-SM,7,INPUT+OUTPUT,-8.061677539410983,
phase6v2-r03-output-load-a01,D4-SM,8,NONE,-11.380278369597708,
phase6v2-r03-output-load-a01,D4-SM,9,DOWNSTREAM,-14.640570130972325,
phase6v2-r03-output-load-a01,D4-SM,10,INPUT,-16.966264479850672,
phase6v2-r03-output-load-a01,D4-SM,11,INPUT+DOWNSTREAM,-20.22655624122529,
phase6v2-r03-input-downstream-a01,D4-SM,1,DOWNSTREAM,11.018776776515255,0.3828667443801983
phase6v2-r03-input-downstream-a01,D4-SM,2,INPUT+DOWNSTREAM,10.635910032135056,
phase6v2-r03-input-downstream-a01,D4-SM,3,LOAD+DOWNSTREAM,10.226596552444143,
phase6v2-r03-input-downstream-a01,D4-SM,4,OUTPUT+DOWNSTREAM,8.35555315249083,
phase6v2-r03-input-downstream-a01,D4-SM,5,NONE,-11.018776776515255,
phase6v2-r03-input-downstream-a01,D4-SM,6,INPUT,-11.401643520895453,
phase6v2-r03-input-downstream-a01,D4-SM,7,LOAD,-11.810957000586367,
phase6v2-r03-input-downstream-a01,D4-SM,8,INPUT+LOAD,-12.193823744966565,
phase6v2-r03-input-downstream-a01,D4-SM,9,OUTPUT,-13.68200040053968,
phase6v2-r03-input-downstream-a01,D4-SM,10,INPUT+OUTPUT,-14.064867144919878,
phase6v2-r03-input-downstream-a01,D4-SM,11,OUTPUT+LOAD,-14.474180624610792,
phase6v2-r03-input-load-a01,D4-SM,1,OUTPUT+LOAD,11.55339286416725,6.636790845984927
phase6v2-r03-input-load-a01,D4-SM,2,LOAD,4.916602018182323,
phase6v2-r03-input-load-a01,D4-SM,3,LOAD+DOWNSTREAM,1.8228361986600792,
phase6v2-r03-input-load-a01,D4-SM,4,INPUT+LOAD,-0.45643539364762997,
phase6v2-r03-input-load-a01,D4-SM,5,OUTPUT,-4.916602018182323,
phase6v2-r03-input-load-a01,D4-SM,6,OUTPUT+DOWNSTREAM,-8.010367837704568,
phase6v2-r03-input-load-a01,D4-SM,7,INPUT+OUTPUT,-10.289639430012276,
phase6v2-r03-input-load-a01,D4-SM,8,NONE,-11.55339286416725,
phase6v2-r03-input-load-a01,D4-SM,9,DOWNSTREAM,-14.647158683689494,
phase6v2-r03-input-load-a01,D4-SM,10,INPUT,-16.926430275997205,
phase6v2-r03-input-load-a01,D4-SM,11,INPUT+DOWNSTREAM,-20.02019609551945,
phase6v2-r03-baseline-a01,D4-SM,1,NONE,0,0.04550864871618088
phase6v2-r03-baseline-a01,D4-SM,2,INPUT,-0.04550864871618088,
phase6v2-r03-baseline-a01,D4-SM,3,DOWNSTREAM,-0.09346616507737071,
phase6v2-r03-baseline-a01,D4-SM,4,INPUT+DOWNSTREAM,-0.1389748137935516,
phase6v2-r03-baseline-a01,D4-SM,5,LOAD,-0.6747529190635883,
phase6v2-r03-baseline-a01,D4-SM,6,INPUT+LOAD,-0.7202615677797691,
phase6v2-r03-baseline-a01,D4-SM,7,LOAD+DOWNSTREAM,-0.768219084140959,
phase6v2-r03-baseline-a01,D4-SM,8,OUTPUT,-2.923524505659657,
phase6v2-r03-baseline-a01,D4-SM,9,INPUT+OUTPUT,-2.969033154375838,
phase6v2-r03-baseline-a01,D4-SM,10,OUTPUT+DOWNSTREAM,-3.0169906707370275,
phase6v2-r03-baseline-a01,D4-SM,11,OUTPUT+LOAD,-3.598277424723245,
phase6v2-r03-downstream-medium-a01,D4-SM,1,DOWNSTREAM,11.046033071144539,0.2583764063235865
phase6v2-r03-downstream-medium-a01,D4-SM,2,INPUT+DOWNSTREAM,10.787656664820952,
phase6v2-r03-downstream-medium-a01,D4-SM,3,LOAD+DOWNSTREAM,10.20458211519686,
phase6v2-r03-downstream-medium-a01,D4-SM,4,OUTPUT+DOWNSTREAM,8.273925374212377,
phase6v2-r03-downstream-medium-a01,D4-SM,5,NONE,-11.046033071144539,
phase6v2-r03-downstream-medium-a01,D4-SM,6,INPUT,-11.304409477468125,
phase6v2-r03-downstream-medium-a01,D4-SM,7,LOAD,-11.887484027092217,
phase6v2-r03-downstream-medium-a01,D4-SM,8,INPUT+LOAD,-12.145860433415804,
phase6v2-r03-downstream-medium-a01,D4-SM,9,OUTPUT,-13.8181407680767,
phase6v2-r03-downstream-medium-a01,D4-SM,10,INPUT+OUTPUT,-14.076517174400287,
phase6v2-r03-downstream-medium-a01,D4-SM,11,OUTPUT+LOAD,-14.65959172402438,
phase6v2-r03-output-load-control-a01,D4-SM,1,LOAD,7.8620175677706605,1.4360172949591803
phase6v2-r03-output-load-control-a01,D4-SM,2,OUTPUT+LOAD,6.42600027281148,
phase6v2-r03-output-load-control-a01,D4-SM,3,INPUT+LOAD,6.3201219034360046,
phase6v2-r03-output-load-control-a01,D4-SM,4,LOAD+DOWNSTREAM,6.305978283833138,
phase6v2-r03-output-load-control-a01,D4-SM,5,NONE,-7.8620175677706605,
phase6v2-r03-output-load-control-a01,D4-SM,6,OUTPUT,-9.29803486272984,
phase6v2-r03-output-load-control-a01,D4-SM,7,INPUT,-9.403913232105316,
phase6v2-r03-output-load-control-a01,D4-SM,8,DOWNSTREAM,-9.418056851708183,
phase6v2-r03-output-load-control-a01,D4-SM,9,INPUT+OUTPUT,-10.839930527064496,
phase6v2-r03-output-load-control-a01,D4-SM,10,OUTPUT+DOWNSTREAM,-10.854074146667363,
phase6v2-r03-output-load-control-a01,D4-SM,11,INPUT+DOWNSTREAM,-10.95995251604284,
phase6v2-r03-output-medium-a01,D4-SM,1,OUTPUT,1.3308302861536632,0.31894475988027393
phase6v2-r03-output-medium-a01,D4-SM,2,OUTPUT+LOAD,1.0118855262733892,
phase6v2-r03-output-medium-a01,D4-SM,3,INPUT+OUTPUT,0.808222696241194,
phase6v2-r03-output-medium-a01,D4-SM,4,OUTPUT+DOWNSTREAM,0.5663831471060657,
phase6v2-r03-output-medium-a01,D4-SM,5,NONE,-1.3308302861536632,
phase6v2-r03-output-medium-a01,D4-SM,6,LOAD,-1.649775046033937,
phase6v2-r03-output-medium-a01,D4-SM,7,INPUT,-1.8534378760661323,
phase6v2-r03-output-medium-a01,D4-SM,8,DOWNSTREAM,-2.0952774252012607,
phase6v2-r03-output-medium-a01,D4-SM,9,INPUT+LOAD,-2.1723826359464065,
phase6v2-r03-output-medium-a01,D4-SM,10,LOAD+DOWNSTREAM,-2.4142221850815346,
phase6v2-r03-output-medium-a01,D4-SM,11,INPUT+DOWNSTREAM,-2.6178850151137296,
phase6v2-r03-load-downstream-a01,D4-SM,1,LOAD+DOWNSTREAM,19.093733694724627,18.667359543820368
phase6v2-r03-load-downstream-a01,D4-SM,2,OUTPUT+DOWNSTREAM,0.4263741509042571,
phase6v2-r03-load-downstream-a01,D4-SM,3,DOWNSTREAM,0.18640016016729,
phase6v2-r03-load-downstream-a01,D4-SM,4,OUTPUT+LOAD,-0.18640016016729,
phase6v2-r03-load-downstream-a01,D4-SM,5,LOAD,-0.4263741509042571,
phase6v2-r03-load-downstream-a01,D4-SM,6,INPUT+DOWNSTREAM,-2.8193372435239565,
phase6v2-r03-load-downstream-a01,D4-SM,7,INPUT+LOAD,-3.4321115545955037,
phase6v2-r03-load-downstream-a01,D4-SM,8,OUTPUT,-19.093733694724627,
phase6v2-r03-load-downstream-a01,D4-SM,9,NONE,-19.33370768546159,
phase6v2-r03-load-downstream-a01,D4-SM,10,INPUT+OUTPUT,-22.099471098415872,
phase6v2-r03-load-downstream-a01,D4-SM,11,INPUT,-22.339445089152836,
phase6v2-r03-output-downstream-control-a01,D4-SM,1,DOWNSTREAM,11.00264618549628,0.33248948482390794
phase6v2-r03-output-downstream-control-a01,D4-SM,2,INPUT+DOWNSTREAM,10.670156700672372,
phase6v2-r03-output-downstream-control-a01,D4-SM,3,LOAD+DOWNSTREAM,9.8287576197819,
phase6v2-r03-output-downstream-control-a01,D4-SM,4,OUTPUT+DOWNSTREAM,9.606913457808561,
phase6v2-r03-output-downstream-control-a01,D4-SM,5,NONE,-11.00264618549628,
phase6v2-r03-output-downstream-control-a01,D4-SM,6,INPUT,-11.335135670320188,
phase6v2-r03-output-downstream-control-a01,D4-SM,7,LOAD,-12.17653475121066,
phase6v2-r03-output-downstream-control-a01,D4-SM,8,OUTPUT,-12.398378913183999,
phase6v2-r03-output-downstream-control-a01,D4-SM,9,INPUT+LOAD,-12.509024236034568,
phase6v2-r03-output-downstream-control-a01,D4-SM,10,INPUT+OUTPUT,-12.730868398007907,
phase6v2-r03-output-downstream-control-a01,D4-SM,11,OUTPUT+LOAD,-13.572267478898379,
phase6v2-r03-output-control-a01,D4-SM,1,NONE,0,0.019233706503972936
phase6v2-r03-output-control-a01,D4-SM,2,DOWNSTREAM,-0.019233706503972936,
phase6v2-r03-output-control-a01,D4-SM,3,INPUT,-0.0464187388488575,
phase6v2-r03-output-control-a01,D4-SM,4,INPUT+DOWNSTREAM,-0.06565244535283044,
phase6v2-r03-output-control-a01,D4-SM,5,LOAD,-1.8107206578204937,
phase6v2-r03-output-control-a01,D4-SM,6,LOAD+DOWNSTREAM,-1.8299543643244667,
phase6v2-r03-output-control-a01,D4-SM,7,INPUT+LOAD,-1.8571393966693512,
phase6v2-r03-output-control-a01,D4-SM,8,OUTPUT,-2.164871308574133,
phase6v2-r03-output-control-a01,D4-SM,9,OUTPUT+DOWNSTREAM,-2.184105015078106,
phase6v2-r03-output-control-a01,D4-SM,10,INPUT+OUTPUT,-2.211290047422991,
phase6v2-r03-output-control-a01,D4-SM,11,OUTPUT+LOAD,-3.975591966394627,
phase6v2-r03-load-medium-a01,D4-SM,1,OUTPUT+LOAD,9.226173710171096,0.23924551703509422
phase6v2-r03-load-medium-a01,D4-SM,2,LOAD,8.986928193136002,
phase6v2-r03-load-medium-a01,D4-SM,3,LOAD+DOWNSTREAM,7.114732130653665,
phase6v2-r03-load-medium-a01,D4-SM,4,INPUT+LOAD,5.958411862501215,
phase6v2-r03-load-medium-a01,D4-SM,5,OUTPUT,-8.986928193136002,
phase6v2-r03-load-medium-a01,D4-SM,6,NONE,-9.226173710171096,
phase6v2-r03-load-medium-a01,D4-SM,7,OUTPUT+DOWNSTREAM,-10.859124255618338,
phase6v2-r03-load-medium-a01,D4-SM,8,DOWNSTREAM,-11.098369772653433,
phase6v2-r03-load-medium-a01,D4-SM,9,INPUT+OUTPUT,-12.015444523770787,
phase6v2-r03-load-medium-a01,D4-SM,10,INPUT,-12.254690040805883,
phase6v2-r03-load-medium-a01,D4-SM,11,INPUT+DOWNSTREAM,-14.12688610328822,
phase6v2-r03-output-downstream-a01,D4-SMT,1,OUTPUT+DOWNSTREAM,8.061416452934997,1.5245628173611427
phase6v2-r03-output-downstream-a01,D4-SMT,2,DOWNSTREAM,6.536853635573855,
phase6v2-r03-output-downstream-a01,D4-SMT,3,INPUT+DOWNSTREAM,5.5951613350817215,
phase6v2-r03-output-downstream-a01,D4-SMT,4,LOAD+DOWNSTREAM,5.430164793755183,
phase6v2-r03-output-downstream-a01,D4-SMT,5,OUTPUT,-6.536853635573855,
phase6v2-r03-output-downstream-a01,D4-SMT,6,INPUT+OUTPUT,-7.478545936065988,
phase6v2-r03-output-downstream-a01,D4-SMT,7,OUTPUT+LOAD,-7.6435424773925265,
phase6v2-r03-output-downstream-a01,D4-SMT,8,NONE,-8.061416452934997,
phase6v2-r03-output-downstream-a01,D4-SMT,9,INPUT,-9.003108753427131,
phase6v2-r03-output-downstream-a01,D4-SMT,10,LOAD,-9.16810529475367,
phase6v2-r03-output-downstream-a01,D4-SMT,11,INPUT+LOAD,-10.109797595245803,
phase6v2-r03-input-medium-a01,D4-SMT,1,INPUT,0.09398172166727181,0.18796344333454362
phase6v2-r03-input-medium-a01,D4-SMT,2,NONE,-0.09398172166727181,
phase6v2-r03-input-medium-a01,D4-SMT,3,INPUT+DOWNSTREAM,-0.5099031240187801,
phase6v2-r03-input-medium-a01,D4-SMT,4,DOWNSTREAM,-0.6978665673533238,
phase6v2-r03-input-medium-a01,D4-SMT,5,INPUT+LOAD,-1.5687467575888376,
phase6v2-r03-input-medium-a01,D4-SMT,6,LOAD,-1.7567102009233813,
phase6v2-r03-input-medium-a01,D4-SMT,7,INPUT+OUTPUT,-1.846669125406996,
phase6v2-r03-input-medium-a01,D4-SMT,8,OUTPUT,-2.0346325687415394,
phase6v2-r03-input-medium-a01,D4-SMT,9,LOAD+DOWNSTREAM,-2.3605950466094336,
phase6v2-r03-input-medium-a01,D4-SMT,10,OUTPUT+DOWNSTREAM,-2.638517414427592,
phase6v2-r03-input-medium-a01,D4-SMT,11,OUTPUT+LOAD,-3.6973610479976493,
phase6v2-r03-output-load-a01,D4-SMT,1,OUTPUT+LOAD,18.43267497915967,10.369420002604206
phase6v2-r03-output-load-a01,D4-SMT,2,LOAD,8.063254976555465,
phase6v2-r03-output-load-a01,D4-SMT,3,LOAD+DOWNSTREAM,6.362437088599437,
phase6v2-r03-output-load-a01,D4-SMT,4,INPUT+LOAD,5.57973394925312,
phase6v2-r03-output-load-a01,D4-SMT,5,OUTPUT,-8.063254976555465,
phase6v2-r03-output-load-a01,D4-SMT,6,OUTPUT+DOWNSTREAM,-9.764072864511492,
phase6v2-r03-output-load-a01,D4-SMT,7,INPUT+OUTPUT,-10.54677600385781,
phase6v2-r03-output-load-a01,D4-SMT,8,NONE,-18.43267497915967,
phase6v2-r03-output-load-a01,D4-SMT,9,DOWNSTREAM,-20.1334928671157,
phase6v2-r03-output-load-a01,D4-SMT,10,INPUT,-20.916196006462016,
phase6v2-r03-output-load-a01,D4-SMT,11,INPUT+DOWNSTREAM,-22.617013894418044,
phase6v2-r03-input-downstream-a01,D4-SMT,1,DOWNSTREAM,7.309627589561867,0.8718343020367119
phase6v2-r03-input-downstream-a01,D4-SMT,2,INPUT+DOWNSTREAM,6.437793287525155,
phase6v2-r03-input-downstream-a01,D4-SMT,3,LOAD+DOWNSTREAM,5.765970695164011,
phase6v2-r03-input-downstream-a01,D4-SMT,4,OUTPUT+DOWNSTREAM,5.360161964183008,
phase6v2-r03-input-downstream-a01,D4-SMT,5,NONE,-7.309627589561867,
phase6v2-r03-input-downstream-a01,D4-SMT,6,INPUT,-8.181461891598579,
phase6v2-r03-input-downstream-a01,D4-SMT,7,LOAD,-8.853284483959722,
phase6v2-r03-input-downstream-a01,D4-SMT,8,OUTPUT,-9.259093214940727,
phase6v2-r03-input-downstream-a01,D4-SMT,9,INPUT+LOAD,-9.725118785996434,
phase6v2-r03-input-downstream-a01,D4-SMT,10,INPUT+OUTPUT,-10.130927516977438,
phase6v2-r03-input-downstream-a01,D4-SMT,11,OUTPUT+LOAD,-10.802750109338582,
phase6v2-r03-input-load-a01,D4-SMT,1,OUTPUT+LOAD,17.203911595811626,5.374190073087014
phase6v2-r03-input-load-a01,D4-SMT,2,LOAD,11.829721522724611,
phase6v2-r03-input-load-a01,D4-SMT,3,LOAD+DOWNSTREAM,10.096612397824158,
phase6v2-r03-input-load-a01,D4-SMT,4,INPUT+LOAD,9.346200495422266,
phase6v2-r03-input-load-a01,D4-SMT,5,OUTPUT,-11.829721522724611,
phase6v2-r03-input-load-a01,D4-SMT,6,OUTPUT+DOWNSTREAM,-13.562830647625065,
phase6v2-r03-input-load-a01,D4-SMT,7,INPUT+OUTPUT,-14.313242550026956,
phase6v2-r03-input-load-a01,D4-SMT,8,NONE,-17.203911595811626,
phase6v2-r03-input-load-a01,D4-SMT,9,DOWNSTREAM,-18.937020720712077,
phase6v2-r03-input-load-a01,D4-SMT,10,INPUT,-19.68743262311397,
phase6v2-r03-input-load-a01,D4-SMT,11,INPUT+DOWNSTREAM,-21.420541748014422,
phase6v2-r03-baseline-a01,D4-SMT,1,NONE,0,0.03780937640282811
phase6v2-r03-baseline-a01,D4-SMT,2,INPUT,-0.03780937640282811,
phase6v2-r03-baseline-a01,D4-SMT,3,LOAD,-0.11026376239082225,
phase6v2-r03-baseline-a01,D4-SMT,4,INPUT+LOAD,-0.14807313879365036,
phase6v2-r03-baseline-a01,D4-SMT,5,DOWNSTREAM,-0.6382769770380456,
phase6v2-r03-baseline-a01,D4-SMT,6,INPUT+DOWNSTREAM,-0.6760863534408738,
phase6v2-r03-baseline-a01,D4-SMT,7,LOAD+DOWNSTREAM,-0.7485407394288679,
phase6v2-r03-baseline-a01,D4-SMT,8,OUTPUT,-1.9210407719389013,
phase6v2-r03-baseline-a01,D4-SMT,9,INPUT+OUTPUT,-1.9588501483417295,
phase6v2-r03-baseline-a01,D4-SMT,10,OUTPUT+LOAD,-2.0313045343297236,
phase6v2-r03-baseline-a01,D4-SMT,11,OUTPUT+DOWNSTREAM,-2.559317748976947,
phase6v2-r03-downstream-medium-a01,D4-SMT,1,DOWNSTREAM,6.700833023554246,0.530219199099462
phase6v2-r03-downstream-medium-a01,D4-SMT,2,INPUT+DOWNSTREAM,6.170613824454784,
phase6v2-r03-downstream-medium-a01,D4-SMT,3,OUTPUT+DOWNSTREAM,4.970710637960627,
phase6v2-r03-downstream-medium-a01,D4-SMT,4,LOAD+DOWNSTREAM,4.912809229554118,
phase6v2-r03-downstream-medium-a01,D4-SMT,5,NONE,-6.700833023554246,
phase6v2-r03-downstream-medium-a01,D4-SMT,6,INPUT,-7.231052222653708,
phase6v2-r03-downstream-medium-a01,D4-SMT,7,OUTPUT,-8.430955409147865,
phase6v2-r03-downstream-medium-a01,D4-SMT,8,LOAD,-8.488856817554375,
phase6v2-r03-downstream-medium-a01,D4-SMT,9,INPUT+OUTPUT,-8.961174608247328,
phase6v2-r03-downstream-medium-a01,D4-SMT,10,INPUT+LOAD,-9.019076016653836,
phase6v2-r03-downstream-medium-a01,D4-SMT,11,OUTPUT+LOAD,-10.218979203147992,
phase6v2-r03-output-load-control-a01,D4-SMT,1,LOAD,14.824812762499914,1.332279316244902
phase6v2-r03-output-load-control-a01,D4-SMT,2,OUTPUT+LOAD,13.492533446255011,
phase6v2-r03-output-load-control-a01,D4-SMT,3,LOAD+DOWNSTREAM,13.09442652065276,
phase6v2-r03-output-load-control-a01,D4-SMT,4,INPUT+LOAD,12.862243004217682,
phase6v2-r03-output-load-control-a01,D4-SMT,5,NONE,-14.824812762499914,
phase6v2-r03-output-load-control-a01,D4-SMT,6,OUTPUT,-16.157092078744817,
phase6v2-r03-output-load-control-a01,D4-SMT,7,DOWNSTREAM,-16.555199004347067,
phase6v2-r03-output-load-control-a01,D4-SMT,8,INPUT,-16.787382520782145,
phase6v2-r03-output-load-control-a01,D4-SMT,9,OUTPUT+DOWNSTREAM,-17.88747832059197,
phase6v2-r03-output-load-control-a01,D4-SMT,10,INPUT+OUTPUT,-18.11966183702705,
phase6v2-r03-output-load-control-a01,D4-SMT,11,INPUT+DOWNSTREAM,-18.5177687626293,
phase6v2-r03-output-medium-a01,D4-SMT,1,OUTPUT+LOAD,0.9588877834761198,0.11704821140729704
phase6v2-r03-output-medium-a01,D4-SMT,2,OUTPUT,0.8418395720688228,
phase6v2-r03-output-medium-a01,D4-SMT,3,OUTPUT+DOWNSTREAM,0.6589855164009086,
phase6v2-r03-output-medium-a01,D4-SMT,4,INPUT+OUTPUT,0.27597494035784553,
phase6v2-r03-output-medium-a01,D4-SMT,5,LOAD,-0.8418395720688228,
phase6v2-r03-output-medium-a01,D4-SMT,6,NONE,-0.9588877834761198,
phase6v2-r03-output-medium-a01,D4-SMT,7,LOAD+DOWNSTREAM,-1.024693627736737,
phase6v2-r03-output-medium-a01,D4-SMT,8,DOWNSTREAM,-1.141741839144034,
phase6v2-r03-output-medium-a01,D4-SMT,9,INPUT+LOAD,-1.4077042037798,
phase6v2-r03-output-medium-a01,D4-SMT,10,INPUT,-1.524752415187097,
phase6v2-r03-output-medium-a01,D4-SMT,11,INPUT+DOWNSTREAM,-1.7076064708550112,
phase6v2-r03-load-downstream-a01,D4-SMT,1,LOAD+DOWNSTREAM,25.228867258639582,18.29850968717357
phase6v2-r03-load-downstream-a01,D4-SMT,2,OUTPUT+LOAD,6.930357571466013,
phase6v2-r03-load-downstream-a01,D4-SMT,3,LOAD,6.2039150183088285,
phase6v2-r03-load-downstream-a01,D4-SMT,4,INPUT+LOAD,3.7473763536402327,
phase6v2-r03-load-downstream-a01,D4-SMT,5,OUTPUT+DOWNSTREAM,-6.2039150183088285,
phase6v2-r03-load-downstream-a01,D4-SMT,6,DOWNSTREAM,-6.930357571466013,
phase6v2-r03-load-downstream-a01,D4-SMT,7,INPUT+DOWNSTREAM,-9.386896236134609,
phase6v2-r03-load-downstream-a01,D4-SMT,8,OUTPUT,-25.228867258639582,
phase6v2-r03-load-downstream-a01,D4-SMT,9,NONE,-25.955309811796766,
phase6v2-r03-load-downstream-a01,D4-SMT,10,INPUT+OUTPUT,-27.685405923308178,
phase6v2-r03-load-downstream-a01,D4-SMT,11,INPUT,-28.411848476465362,
phase6v2-r03-output-downstream-control-a01,D4-SMT,1,DOWNSTREAM,6.842921882127365,0.6925951961598775
phase6v2-r03-output-downstream-control-a01,D4-SMT,2,INPUT+DOWNSTREAM,6.150326685967488,
phase6v2-r03-output-downstream-control-a01,D4-SMT,3,OUTPUT+DOWNSTREAM,5.470015762458176,
phase6v2-r03-output-downstream-control-a01,D4-SMT,4,LOAD+DOWNSTREAM,4.759497512049853,
phase6v2-r03-output-downstream-control-a01,D4-SMT,5,NONE,-6.842921882127365,
phase6v2-r03-output-downstream-control-a01,D4-SMT,6,INPUT,-7.535517078287243,
phase6v2-r03-output-downstream-control-a01,D4-SMT,7,OUTPUT,-8.215828001796556,
phase6v2-r03-output-downstream-control-a01,D4-SMT,8,INPUT+OUTPUT,-8.908423197956433,
phase6v2-r03-output-downstream-control-a01,D4-SMT,9,LOAD,-8.926346252204878,
phase6v2-r03-output-downstream-control-a01,D4-SMT,10,INPUT+LOAD,-9.618941448364755,
phase6v2-r03-output-downstream-control-a01,D4-SMT,11,OUTPUT+LOAD,-10.299252371874067,
phase6v2-r03-output-control-a01,D4-SMT,1,NONE,0,0.036142331360881075
phase6v2-r03-output-control-a01,D4-SMT,2,INPUT,-0.036142331360881075,
phase6v2-r03-output-control-a01,D4-SMT,3,DOWNSTREAM,-0.38775748015644085,
phase6v2-r03-output-control-a01,D4-SMT,4,INPUT+DOWNSTREAM,-0.4238998115173219,
phase6v2-r03-output-control-a01,D4-SMT,5,LOAD,-1.0634791884817218,
phase6v2-r03-output-control-a01,D4-SMT,6,INPUT+LOAD,-1.099621519842603,
phase6v2-r03-output-control-a01,D4-SMT,7,LOAD+DOWNSTREAM,-1.4512366686381628,
phase6v2-r03-output-control-a01,D4-SMT,8,OUTPUT,-1.559768910848636,
phase6v2-r03-output-control-a01,D4-SMT,9,INPUT+OUTPUT,-1.595911242209517,
phase6v2-r03-output-control-a01,D4-SMT,10,OUTPUT+DOWNSTREAM,-1.9475263910050766,
phase6v2-r03-output-control-a01,D4-SMT,11,OUTPUT+LOAD,-2.6232480993303575,
phase6v2-r03-load-medium-a01,D4-SMT,1,LOAD,15.110546655825527,0.08047297932857056
phase6v2-r03-load-medium-a01,D4-SMT,2,OUTPUT+LOAD,15.030073676496956,
phase6v2-r03-load-medium-a01,D4-SMT,3,LOAD+DOWNSTREAM,13.43999617180366,
phase6v2-r03-load-medium-a01,D4-SMT,4,INPUT+LOAD,12.652181464047521,
phase6v2-r03-load-medium-a01,D4-SMT,5,NONE,-15.110546655825527,
phase6v2-r03-load-medium-a01,D4-SMT,6,OUTPUT,-15.191019635154097,
phase6v2-r03-load-medium-a01,D4-SMT,7,DOWNSTREAM,-16.781097139847393,
phase6v2-r03-load-medium-a01,D4-SMT,8,OUTPUT+DOWNSTREAM,-16.861570119175962,
phase6v2-r03-load-medium-a01,D4-SMT,9,INPUT,-17.56891184760353,
phase6v2-r03-load-medium-a01,D4-SMT,10,INPUT+OUTPUT,-17.649384826932103,
phase6v2-r03-load-medium-a01,D4-SMT,11,INPUT+DOWNSTREAM,-19.239462331625397,
phase6v2-r03-output-downstream-a01,D4-FULL,1,OUTPUT+DOWNSTREAM,8.476866773836711,2.8160562630963666
phase6v2-r03-output-downstream-a01,D4-FULL,2,DOWNSTREAM,5.660810510740345,
phase6v2-r03-output-downstream-a01,D4-FULL,3,INPUT+DOWNSTREAM,5.145309150361487,
phase6v2-r03-output-downstream-a01,D4-FULL,4,LOAD+DOWNSTREAM,3.877891864687113,
phase6v2-r03-output-downstream-a01,D4-FULL,5,OUTPUT,-5.660810510740345,
phase6v2-r03-output-downstream-a01,D4-FULL,6,INPUT+OUTPUT,-6.176311871119203,
phase6v2-r03-output-downstream-a01,D4-FULL,7,OUTPUT+LOAD,-7.443729156793577,
phase6v2-r03-output-downstream-a01,D4-FULL,8,NONE,-8.476866773836711,
phase6v2-r03-output-downstream-a01,D4-FULL,9,INPUT,-8.99236813421557,
phase6v2-r03-output-downstream-a01,D4-FULL,10,LOAD,-10.259785419889942,
phase6v2-r03-output-downstream-a01,D4-FULL,11,INPUT+LOAD,-10.7752867802688,
phase6v2-r03-input-medium-a01,D4-FULL,1,INPUT,0.049005664308404695,0.09801132861680939
phase6v2-r03-input-medium-a01,D4-FULL,2,NONE,-0.049005664308404695,
phase6v2-r03-input-medium-a01,D4-FULL,3,INPUT+DOWNSTREAM,-0.334658083977303,
phase6v2-r03-input-medium-a01,D4-FULL,4,DOWNSTREAM,-0.4326694125941124,
phase6v2-r03-input-medium-a01,D4-FULL,5,INPUT+LOAD,-0.7965671724195683,
phase6v2-r03-input-medium-a01,D4-FULL,6,LOAD,-0.8945785010363777,
phase6v2-r03-input-medium-a01,D4-FULL,7,LOAD+DOWNSTREAM,-1.2782422493220855,
phase6v2-r03-input-medium-a01,D4-FULL,8,INPUT+OUTPUT,-3.7898275963951713,
phase6v2-r03-input-medium-a01,D4-FULL,9,OUTPUT,-3.8878389250119803,
phase6v2-r03-input-medium-a01,D4-FULL,10,OUTPUT+DOWNSTREAM,-4.271502673297689,
phase6v2-r03-input-medium-a01,D4-FULL,11,OUTPUT+LOAD,-4.733411761739954,
phase6v2-r03-output-load-a01,D4-FULL,1,OUTPUT+LOAD,8.709375197890292,5.735582468980207
phase6v2-r03-output-load-a01,D4-FULL,2,LOAD,2.9737927289100856,
phase6v2-r03-output-load-a01,D4-FULL,3,LOAD+DOWNSTREAM,-2.4308521733484865,
phase6v2-r03-output-load-a01,D4-FULL,4,OUTPUT,-2.9737927289100856,
phase6v2-r03-output-load-a01,D4-FULL,5,OUTPUT+DOWNSTREAM,-8.378437631168659,
phase6v2-r03-output-load-a01,D4-FULL,6,NONE,-8.709375197890292,
phase6v2-r03-output-load-a01,D4-FULL,7,INPUT+LOAD,-9.174353442885382,
phase6v2-r03-output-load-a01,D4-FULL,8,DOWNSTREAM,-14.114020100148863,
phase6v2-r03-output-load-a01,D4-FULL,9,INPUT+OUTPUT,-15.121938900705555,
phase6v2-r03-output-load-a01,D4-FULL,10,INPUT,-20.85752136968576,
phase6v2-r03-output-load-a01,D4-FULL,11,INPUT+DOWNSTREAM,-26.26216627194433,
phase6v2-r03-input-downstream-a01,D4-FULL,1,DOWNSTREAM,7.268664237849625,0.2611129115620603
phase6v2-r03-input-downstream-a01,D4-FULL,2,INPUT+DOWNSTREAM,7.007551326287564,
phase6v2-r03-input-downstream-a01,D4-FULL,3,OUTPUT+DOWNSTREAM,3.721353791473507,
phase6v2-r03-input-downstream-a01,D4-FULL,4,LOAD+DOWNSTREAM,3.3109713034958395,
phase6v2-r03-input-downstream-a01,D4-FULL,5,NONE,-7.268664237849625,
phase6v2-r03-input-downstream-a01,D4-FULL,6,INPUT,-7.529777149411685,
phase6v2-r03-input-downstream-a01,D4-FULL,7,OUTPUT,-10.815974684225743,
phase6v2-r03-input-downstream-a01,D4-FULL,8,INPUT+OUTPUT,-11.077087595787802,
phase6v2-r03-input-downstream-a01,D4-FULL,9,LOAD,-11.22635717220341,
phase6v2-r03-input-downstream-a01,D4-FULL,10,INPUT+LOAD,-11.48747008376547,
phase6v2-r03-input-downstream-a01,D4-FULL,11,OUTPUT+LOAD,-14.773667618579527,
phase6v2-r03-input-load-a01,D4-FULL,1,OUTPUT+LOAD,10.85927100466106,2.897688862451667
phase6v2-r03-input-load-a01,D4-FULL,2,LOAD,7.9615821422093935,
phase6v2-r03-input-load-a01,D4-FULL,3,LOAD+DOWNSTREAM,2.5379777753007655,
phase6v2-r03-input-load-a01,D4-FULL,4,INPUT+LOAD,-3.8836960643577774,
phase6v2-r03-input-load-a01,D4-FULL,5,OUTPUT,-7.9615821422093935,
phase6v2-r03-input-load-a01,D4-FULL,6,NONE,-10.85927100466106,
phase6v2-r03-input-load-a01,D4-FULL,7,OUTPUT+DOWNSTREAM,-13.385186509118022,
phase6v2-r03-input-load-a01,D4-FULL,8,DOWNSTREAM,-16.282875371569688,
phase6v2-r03-input-load-a01,D4-FULL,9,INPUT+OUTPUT,-19.806860348776564,
phase6v2-r03-input-load-a01,D4-FULL,10,INPUT,-22.704549211228233,
phase6v2-r03-input-load-a01,D4-FULL,11,INPUT+DOWNSTREAM,-28.12815357813686,
phase6v2-r03-baseline-a01,D4-FULL,1,NONE,0,0.030448285378312567
phase6v2-r03-baseline-a01,D4-FULL,2,INPUT,-0.030448285378312567,
phase6v2-r03-baseline-a01,D4-FULL,3,LOAD,-0.06125144426358409,
phase6v2-r03-baseline-a01,D4-FULL,4,INPUT+LOAD,-0.09169972964189665,
phase6v2-r03-baseline-a01,D4-FULL,5,DOWNSTREAM,-0.3490041600295475,
phase6v2-r03-baseline-a01,D4-FULL,6,INPUT+DOWNSTREAM,-0.37945244540786005,
phase6v2-r03-baseline-a01,D4-FULL,7,LOAD+DOWNSTREAM,-0.41025560429313157,
phase6v2-r03-baseline-a01,D4-FULL,8,OUTPUT,-3.7450607447730797,
phase6v2-r03-baseline-a01,D4-FULL,9,INPUT+OUTPUT,-3.775509030151392,
phase6v2-r03-baseline-a01,D4-FULL,10,OUTPUT+LOAD,-3.806312189036664,
phase6v2-r03-baseline-a01,D4-FULL,11,OUTPUT+DOWNSTREAM,-4.094064904802627,
phase6v2-r03-downstream-medium-a01,D4-FULL,1,DOWNSTREAM,6.786886171451857,0.17250649338225443
phase6v2-r03-downstream-medium-a01,D4-FULL,2,INPUT+DOWNSTREAM,6.614379678069603,
phase6v2-r03-downstream-medium-a01,D4-FULL,3,LOAD+DOWNSTREAM,4.2815231368274915,
phase6v2-r03-downstream-medium-a01,D4-FULL,4,OUTPUT+DOWNSTREAM,3.3527619805981272,
phase6v2-r03-downstream-medium-a01,D4-FULL,5,NONE,-6.786886171451857,
phase6v2-r03-downstream-medium-a01,D4-FULL,6,INPUT,-6.959392664834112,
phase6v2-r03-downstream-medium-a01,D4-FULL,7,LOAD,-9.292249206076223,
phase6v2-r03-downstream-medium-a01,D4-FULL,8,INPUT+LOAD,-9.464755699458477,
phase6v2-r03-downstream-medium-a01,D4-FULL,9,OUTPUT,-10.221010362305588,
phase6v2-r03-downstream-medium-a01,D4-FULL,10,INPUT+OUTPUT,-10.393516855687842,
phase6v2-r03-downstream-medium-a01,D4-FULL,11,OUTPUT+LOAD,-12.72637339692995,
phase6v2-r03-output-load-control-a01,D4-FULL,1,LOAD,4.00787194624831,1.1096782702276684
phase6v2-r03-output-load-control-a01,D4-FULL,2,OUTPUT+LOAD,2.8981936760206413,
phase6v2-r03-output-load-control-a01,D4-FULL,3,INPUT+LOAD,1.1969943063503052,
phase6v2-r03-output-load-control-a01,D4-FULL,4,LOAD+DOWNSTREAM,0.22122449676803946,
phase6v2-r03-output-load-control-a01,D4-FULL,5,NONE,-4.00787194624831,
phase6v2-r03-output-load-control-a01,D4-FULL,6,OUTPUT,-5.117550216475978,
phase6v2-r03-output-load-control-a01,D4-FULL,7,INPUT,-6.818749586146314,
phase6v2-r03-output-load-control-a01,D4-FULL,8,DOWNSTREAM,-7.79451939572858,
phase6v2-r03-output-load-control-a01,D4-FULL,9,INPUT+OUTPUT,-7.9284278563739825,
phase6v2-r03-output-load-control-a01,D4-FULL,10,OUTPUT+DOWNSTREAM,-8.904197665956248,
phase6v2-r03-output-load-control-a01,D4-FULL,11,INPUT+DOWNSTREAM,-10.605397035626584,
phase6v2-r03-output-medium-a01,D4-FULL,1,OUTPUT,1.5632779339300535,0.3488267987768854
phase6v2-r03-output-medium-a01,D4-FULL,2,INPUT+OUTPUT,1.2144511351531682,
phase6v2-r03-output-medium-a01,D4-FULL,3,OUTPUT+LOAD,0.6328057781743185,
phase6v2-r03-output-medium-a01,D4-FULL,4,OUTPUT+DOWNSTREAM,0.5774347747026705,
phase6v2-r03-output-medium-a01,D4-FULL,5,NONE,-1.5632779339300535,
phase6v2-r03-output-medium-a01,D4-FULL,6,INPUT,-1.912104732706939,
phase6v2-r03-output-medium-a01,D4-FULL,7,LOAD,-2.4937500896857885,
phase6v2-r03-output-medium-a01,D4-FULL,8,DOWNSTREAM,-2.549121093157437,
phase6v2-r03-output-medium-a01,D4-FULL,9,INPUT+LOAD,-2.842576888462674,
phase6v2-r03-output-medium-a01,D4-FULL,10,INPUT+DOWNSTREAM,-2.8979478919343222,
phase6v2-r03-output-medium-a01,D4-FULL,11,LOAD+DOWNSTREAM,-3.479593248913172,
phase6v2-r03-load-downstream-a01,D4-FULL,1,LOAD+DOWNSTREAM,17.894896713722222,15.207453605920406
phase6v2-r03-load-downstream-a01,D4-FULL,2,OUTPUT+LOAD,2.6874431078018164,
phase6v2-r03-load-downstream-a01,D4-FULL,3,LOAD,2.2201105981095157,
phase6v2-r03-load-downstream-a01,D4-FULL,4,OUTPUT+DOWNSTREAM,-2.2201105981095157,
phase6v2-r03-load-downstream-a01,D4-FULL,5,DOWNSTREAM,-2.6874431078018164,
phase6v2-r03-load-downstream-a01,D4-FULL,6,INPUT+LOAD,-3.7719302674403963,
phase6v2-r03-load-downstream-a01,D4-FULL,7,INPUT+DOWNSTREAM,-8.67948397335173,
phase6v2-r03-load-downstream-a01,D4-FULL,8,OUTPUT,-17.894896713722222,
phase6v2-r03-load-downstream-a01,D4-FULL,9,NONE,-18.362229223414523,
phase6v2-r03-load-downstream-a01,D4-FULL,10,INPUT+OUTPUT,-23.886937579272132,
phase6v2-r03-load-downstream-a01,D4-FULL,11,INPUT,-24.354270088964434,
phase6v2-r03-output-downstream-control-a01,D4-FULL,1,DOWNSTREAM,7.187757953773146,0.22201572352307775
phase6v2-r03-output-downstream-control-a01,D4-FULL,2,INPUT+DOWNSTREAM,6.9657422302500684,
phase6v2-r03-output-downstream-control-a01,D4-FULL,3,OUTPUT+DOWNSTREAM,5.755362716675345,
phase6v2-r03-output-downstream-control-a01,D4-FULL,4,LOAD+DOWNSTREAM,4.846357070368223,
phase6v2-r03-output-downstream-control-a01,D4-FULL,5,NONE,-7.187757953773146,
phase6v2-r03-output-downstream-control-a01,D4-FULL,6,INPUT,-7.409773677296224,
phase6v2-r03-output-downstream-control-a01,D4-FULL,7,OUTPUT,-8.620153190870948,
phase6v2-r03-output-downstream-control-a01,D4-FULL,8,INPUT+OUTPUT,-8.842168914394026,
phase6v2-r03-output-downstream-control-a01,D4-FULL,9,LOAD,-9.52915883717807,
phase6v2-r03-output-downstream-control-a01,D4-FULL,10,INPUT+LOAD,-9.751174560701148,
phase6v2-r03-output-downstream-control-a01,D4-FULL,11,OUTPUT+LOAD,-10.96155407427587,
phase6v2-r03-output-control-a01,D4-FULL,1,NONE,0,0.03014765234191219
phase6v2-r03-output-control-a01,D4-FULL,2,INPUT,-0.03014765234191219,
phase6v2-r03-output-control-a01,D4-FULL,3,DOWNSTREAM,-0.1527423041614242,
phase6v2-r03-output-control-a01,D4-FULL,4,INPUT+DOWNSTREAM,-0.1828899565033364,
phase6v2-r03-output-control-a01,D4-FULL,5,LOAD,-2.2653878500429596,
phase6v2-r03-output-control-a01,D4-FULL,6,INPUT+LOAD,-2.2955355023848716,
phase6v2-r03-output-control-a01,D4-FULL,7,LOAD+DOWNSTREAM,-2.418130154204384,
phase6v2-r03-output-control-a01,D4-FULL,8,OUTPUT,-2.5470367872679693,
phase6v2-r03-output-control-a01,D4-FULL,9,INPUT+OUTPUT,-2.5771844396098817,
phase6v2-r03-output-control-a01,D4-FULL,10,OUTPUT+DOWNSTREAM,-2.6997790914293933,
phase6v2-r03-output-control-a01,D4-FULL,11,OUTPUT+LOAD,-4.812424637310929,
phase6v2-r03-load-medium-a01,D4-FULL,1,LOAD,9.516033217005067,0.004540166167556592
phase6v2-r03-load-medium-a01,D4-FULL,2,OUTPUT+LOAD,9.51149305083751,
phase6v2-r03-load-medium-a01,D4-FULL,3,LOAD+DOWNSTREAM,5.364294572430529,
phase6v2-r03-load-medium-a01,D4-FULL,4,INPUT+LOAD,3.509175598394931,
phase6v2-r03-load-medium-a01,D4-FULL,5,NONE,-9.516033217005067,
phase6v2-r03-load-medium-a01,D4-FULL,6,OUTPUT,-9.520573383172623,
phase6v2-r03-load-medium-a01,D4-FULL,7,DOWNSTREAM,-13.667771861579604,
phase6v2-r03-load-medium-a01,D4-FULL,8,OUTPUT+DOWNSTREAM,-13.67231202774716,
phase6v2-r03-load-medium-a01,D4-FULL,9,INPUT,-15.522890835615202,
phase6v2-r03-load-medium-a01,D4-FULL,10,INPUT+OUTPUT,-15.527431001782759,
phase6v2-r03-load-medium-a01,D4-FULL,11,INPUT+DOWNSTREAM,-19.67462948018974,
phase6v2-r03-output-downstream-a01,D4-FULL,1,OUTPUT+DOWNSTREAM,9.462338238573327,4.7869991925695965
phase6v2-r03-output-downstream-a01,D4-FULL,2,DOWNSTREAM,4.675339046003731,
phase6v2-r03-output-downstream-a01,D4-FULL,3,INPUT+DOWNSTREAM,3.2329006898366988,
phase6v2-r03-output-downstream-a01,D4-FULL,4,LOAD+DOWNSTREAM,2.892420399950499,
phase6v2-r03-output-downstream-a01,D4-FULL,5,OUTPUT,-4.675339046003731,
phase6v2-r03-output-downstream-a01,D4-FULL,6,INPUT+OUTPUT,-6.117777402170763,
phase6v2-r03-output-downstream-a01,D4-FULL,7,OUTPUT+LOAD,-6.4582576920569625,
phase6v2-r03-output-downstream-a01,D4-FULL,8,NONE,-9.462338238573327,
phase6v2-r03-output-downstream-a01,D4-FULL,9,INPUT,-10.904776594740358,
phase6v2-r03-output-downstream-a01,D4-FULL,10,LOAD,-11.245256884626558,
phase6v2-r03-output-downstream-a01,D4-FULL,11,INPUT+LOAD,-12.687695240793591,
phase6v2-r03-input-medium-a01,D4-FULL,1,INPUT,0.7320098129785801,0.3836637482857077
phase6v2-r03-input-medium-a01,D4-FULL,2,INPUT+DOWNSTREAM,0.34834606469287244,
phase6v2-r03-input-medium-a01,D4-FULL,3,INPUT+LOAD,-0.11356302374939287,
phase6v2-r03-input-medium-a01,D4-FULL,4,NONE,-0.7320098129785801,
phase6v2-r03-input-medium-a01,D4-FULL,5,DOWNSTREAM,-1.1156735612642878,
phase6v2-r03-input-medium-a01,D4-FULL,6,LOAD,-1.577582649706553,
phase6v2-r03-input-medium-a01,D4-FULL,7,LOAD+DOWNSTREAM,-1.961246397992261,
phase6v2-r03-input-medium-a01,D4-FULL,8,INPUT+OUTPUT,-3.106823447724995,
phase6v2-r03-input-medium-a01,D4-FULL,9,OUTPUT,-4.5708430736821555,
phase6v2-r03-input-medium-a01,D4-FULL,10,OUTPUT+DOWNSTREAM,-4.954506821967863,
phase6v2-r03-input-medium-a01,D4-FULL,11,OUTPUT+LOAD,-5.416415910410128,
phase6v2-r03-output-load-a01,D4-FULL,1,OUTPUT+LOAD,9.694846662626905,7.706525398453432
phase6v2-r03-output-load-a01,D4-FULL,2,LOAD,1.9883212641734724,
phase6v2-r03-output-load-a01,D4-FULL,3,OUTPUT,-1.9883212641734724,
phase6v2-r03-output-load-a01,D4-FULL,4,LOAD+DOWNSTREAM,-3.4163236380850996,
phase6v2-r03-output-load-a01,D4-FULL,5,OUTPUT+DOWNSTREAM,-7.3929661664320445,
phase6v2-r03-output-load-a01,D4-FULL,6,NONE,-9.694846662626905,
phase6v2-r03-output-load-a01,D4-FULL,7,INPUT+LOAD,-11.57570671981481,
phase6v2-r03-output-load-a01,D4-FULL,8,DOWNSTREAM,-15.099491564885476,
phase6v2-r03-output-load-a01,D4-FULL,9,INPUT+OUTPUT,-15.552349248161754,
phase6v2-r03-output-load-a01,D4-FULL,10,INPUT,-23.258874646615187,
phase6v2-r03-output-load-a01,D4-FULL,11,INPUT+DOWNSTREAM,-28.663519548873758,
phase6v2-r03-input-downstream-a01,D4-FULL,1,INPUT+DOWNSTREAM,7.688148062800492,0.8389676499017344
phase6v2-r03-input-downstream-a01,D4-FULL,2,DOWNSTREAM,6.8491804128987575,
phase6v2-r03-input-downstream-a01,D4-FULL,3,OUTPUT+DOWNSTREAM,3.3018699665226396,
phase6v2-r03-input-downstream-a01,D4-FULL,4,LOAD+DOWNSTREAM,2.8914874785449722,
phase6v2-r03-input-downstream-a01,D4-FULL,5,INPUT,-6.8491804128987575,
phase6v2-r03-input-downstream-a01,D4-FULL,6,NONE,-7.688148062800492,
phase6v2-r03-input-downstream-a01,D4-FULL,7,INPUT+OUTPUT,-10.396490859274875,
phase6v2-r03-input-downstream-a01,D4-FULL,8,INPUT+LOAD,-10.806873347252543,
phase6v2-r03-input-downstream-a01,D4-FULL,9,OUTPUT,-11.23545850917661,
phase6v2-r03-input-downstream-a01,D4-FULL,10,LOAD,-11.645840997154277,
phase6v2-r03-input-downstream-a01,D4-FULL,11,OUTPUT+LOAD,-15.193151443530395,
phase6v2-r03-input-load-a01,D4-FULL,1,OUTPUT+LOAD,10.85927100466106,2.897688862451667
phase6v2-r03-input-load-a01,D4-FULL,2,LOAD,7.9615821422093935,
phase6v2-r03-input-load-a01,D4-FULL,3,LOAD+DOWNSTREAM,2.5379777753007655,
phase6v2-r03-input-load-a01,D4-FULL,4,INPUT+LOAD,-3.6829475253087525,
phase6v2-r03-input-load-a01,D4-FULL,5,OUTPUT,-7.9615821422093935,
phase6v2-r03-input-load-a01,D4-FULL,6,NONE,-10.85927100466106,
phase6v2-r03-input-load-a01,D4-FULL,7,OUTPUT+DOWNSTREAM,-13.385186509118022,
phase6v2-r03-input-load-a01,D4-FULL,8,DOWNSTREAM,-16.282875371569688,
phase6v2-r03-input-load-a01,D4-FULL,9,INPUT+OUTPUT,-19.60611180972754,
phase6v2-r03-input-load-a01,D4-FULL,10,INPUT,-22.503800672179207,
phase6v2-r03-input-load-a01,D4-FULL,11,INPUT+DOWNSTREAM,-27.927405039087834,
phase6v2-r03-baseline-a01,D4-FULL,1,NONE,0,0.010732917304846712
phase6v2-r03-baseline-a01,D4-FULL,2,INPUT,-0.010732917304846712,
phase6v2-r03-baseline-a01,D4-FULL,3,LOAD,-0.06125144426358409,
phase6v2-r03-baseline-a01,D4-FULL,4,INPUT+LOAD,-0.0719843615684308,
phase6v2-r03-baseline-a01,D4-FULL,5,DOWNSTREAM,-0.3490041600295475,
phase6v2-r03-baseline-a01,D4-FULL,6,INPUT+DOWNSTREAM,-0.3597370773343942,
phase6v2-r03-baseline-a01,D4-FULL,7,LOAD+DOWNSTREAM,-0.41025560429313157,
phase6v2-r03-baseline-a01,D4-FULL,8,OUTPUT,-3.7450607447730793,
phase6v2-r03-baseline-a01,D4-FULL,9,INPUT+OUTPUT,-3.755793662077926,
phase6v2-r03-baseline-a01,D4-FULL,10,OUTPUT+LOAD,-3.8063121890366634,
phase6v2-r03-baseline-a01,D4-FULL,11,OUTPUT+DOWNSTREAM,-4.094064904802627,
phase6v2-r03-downstream-medium-a01,D4-FULL,1,DOWNSTREAM,6.786886171451857,0.1547456739941131
phase6v2-r03-downstream-medium-a01,D4-FULL,2,INPUT+DOWNSTREAM,6.632140497457744,
phase6v2-r03-downstream-medium-a01,D4-FULL,3,LOAD+DOWNSTREAM,4.2815231368274915,
phase6v2-r03-downstream-medium-a01,D4-FULL,4,OUTPUT+DOWNSTREAM,3.3527619805981272,
phase6v2-r03-downstream-medium-a01,D4-FULL,5,NONE,-6.786886171451857,
phase6v2-r03-downstream-medium-a01,D4-FULL,6,INPUT,-6.94163184544597,
phase6v2-r03-downstream-medium-a01,D4-FULL,7,LOAD,-9.292249206076223,
phase6v2-r03-downstream-medium-a01,D4-FULL,8,INPUT+LOAD,-9.446994880070335,
phase6v2-r03-downstream-medium-a01,D4-FULL,9,OUTPUT,-10.221010362305588,
phase6v2-r03-downstream-medium-a01,D4-FULL,10,INPUT+OUTPUT,-10.3757560362997,
phase6v2-r03-downstream-medium-a01,D4-FULL,11,OUTPUT+LOAD,-12.72637339692995,
phase6v2-r03-output-load-control-a01,D4-FULL,1,LOAD,4.00787194624831,1.1096782702276684
phase6v2-r03-output-load-control-a01,D4-FULL,2,OUTPUT+LOAD,2.8981936760206413,
phase6v2-r03-output-load-control-a01,D4-FULL,3,LOAD+DOWNSTREAM,0.22122449676803946,
phase6v2-r03-output-load-control-a01,D4-FULL,4,INPUT+LOAD,0.1688230640753039,
phase6v2-r03-output-load-control-a01,D4-FULL,5,NONE,-4.00787194624831,
phase6v2-r03-output-load-control-a01,D4-FULL,6,OUTPUT,-5.117550216475978,
phase6v2-r03-output-load-control-a01,D4-FULL,7,DOWNSTREAM,-7.79451939572858,
phase6v2-r03-output-load-control-a01,D4-FULL,8,INPUT,-7.846920828421315,
phase6v2-r03-output-load-control-a01,D4-FULL,9,OUTPUT+DOWNSTREAM,-8.904197665956248,
phase6v2-r03-output-load-control-a01,D4-FULL,10,INPUT+OUTPUT,-8.956599098648983,
phase6v2-r03-output-load-control-a01,D4-FULL,11,INPUT+DOWNSTREAM,-11.633568277901585,
phase6v2-r03-output-medium-a01,D4-FULL,1,OUTPUT,2.5487493986666676,0.9304721557557349
phase6v2-r03-output-medium-a01,D4-FULL,2,OUTPUT+LOAD,1.6182772429109327,
phase6v2-r03-output-medium-a01,D4-FULL,3,OUTPUT+DOWNSTREAM,1.5629062394392845,
phase6v2-r03-output-medium-a01,D4-FULL,4,INPUT+OUTPUT,1.27499116067541,
phase6v2-r03-output-medium-a01,D4-FULL,5,NONE,-2.5487493986666676,
phase6v2-r03-output-medium-a01,D4-FULL,6,LOAD,-3.4792215544224026,
phase6v2-r03-output-medium-a01,D4-FULL,7,DOWNSTREAM,-3.534592557894051,
phase6v2-r03-output-medium-a01,D4-FULL,8,INPUT,-3.8225076366579254,
phase6v2-r03-output-medium-a01,D4-FULL,9,LOAD+DOWNSTREAM,-4.465064713649786,
phase6v2-r03-output-medium-a01,D4-FULL,10,INPUT+LOAD,-4.75297979241366,
phase6v2-r03-output-medium-a01,D4-FULL,11,INPUT+DOWNSTREAM,-4.808350795885309,
phase6v2-r03-load-downstream-a01,D4-FULL,1,LOAD+DOWNSTREAM,17.894896713722222,15.207453605920406
phase6v2-r03-load-downstream-a01,D4-FULL,2,OUTPUT+LOAD,2.6874431078018164,
phase6v2-r03-load-downstream-a01,D4-FULL,3,LOAD,2.2201105981095157,
phase6v2-r03-load-downstream-a01,D4-FULL,4,OUTPUT+DOWNSTREAM,-2.2201105981095157,
phase6v2-r03-load-downstream-a01,D4-FULL,5,DOWNSTREAM,-2.6874431078018164,
phase6v2-r03-load-downstream-a01,D4-FULL,6,INPUT+LOAD,-3.9847027510910964,
phase6v2-r03-load-downstream-a01,D4-FULL,7,INPUT+DOWNSTREAM,-8.892256457002429,
phase6v2-r03-load-downstream-a01,D4-FULL,8,OUTPUT,-17.894896713722222,
phase6v2-r03-load-downstream-a01,D4-FULL,9,NONE,-18.362229223414523,
phase6v2-r03-load-downstream-a01,D4-FULL,10,INPUT+OUTPUT,-24.09971006292283,
phase6v2-r03-load-downstream-a01,D4-FULL,11,INPUT,-24.567042572615136,
phase6v2-r03-output-downstream-control-a01,D4-FULL,1,DOWNSTREAM,7.187757953773146,1.149174546645816
phase6v2-r03-output-downstream-control-a01,D4-FULL,2,INPUT+DOWNSTREAM,6.03858340712733,
phase6v2-r03-output-downstream-control-a01,D4-FULL,3,OUTPUT+DOWNSTREAM,5.755362716675345,
phase6v2-r03-output-downstream-control-a01,D4-FULL,4,LOAD+DOWNSTREAM,4.846357070368223,
phase6v2-r03-output-downstream-control-a01,D4-FULL,5,NONE,-7.187757953773146,
phase6v2-r03-output-downstream-control-a01,D4-FULL,6,INPUT,-8.336932500418962,
phase6v2-r03-output-downstream-control-a01,D4-FULL,7,OUTPUT,-8.620153190870948,
phase6v2-r03-output-downstream-control-a01,D4-FULL,8,LOAD,-9.52915883717807,
phase6v2-r03-output-downstream-control-a01,D4-FULL,9,INPUT+OUTPUT,-9.769327737516763,
phase6v2-r03-output-downstream-control-a01,D4-FULL,10,INPUT+LOAD,-10.678333383823887,
phase6v2-r03-output-downstream-control-a01,D4-FULL,11,OUTPUT+LOAD,-10.96155407427587,
phase6v2-r03-output-control-a01,D4-FULL,1,NONE,0,0.1527423041614242
phase6v2-r03-output-control-a01,D4-FULL,2,DOWNSTREAM,-0.1527423041614242,
phase6v2-r03-output-control-a01,D4-FULL,3,INPUT,-0.9551634890940899,
phase6v2-r03-output-control-a01,D4-FULL,4,INPUT+DOWNSTREAM,-1.107905793255514,
phase6v2-r03-output-control-a01,D4-FULL,5,LOAD,-2.2653878500429596,
phase6v2-r03-output-control-a01,D4-FULL,6,LOAD+DOWNSTREAM,-2.418130154204384,
phase6v2-r03-output-control-a01,D4-FULL,7,OUTPUT,-2.5470367872679693,
phase6v2-r03-output-control-a01,D4-FULL,8,OUTPUT+DOWNSTREAM,-2.6997790914293933,
phase6v2-r03-output-control-a01,D4-FULL,9,INPUT+LOAD,-3.2205513391370495,
phase6v2-r03-output-control-a01,D4-FULL,10,INPUT+OUTPUT,-3.502200276362059,
phase6v2-r03-output-control-a01,D4-FULL,11,OUTPUT+LOAD,-4.812424637310929,
phase6v2-r03-load-medium-a01,D4-FULL,1,LOAD,9.516033217005067,0.004540166167556592
phase6v2-r03-load-medium-a01,D4-FULL,2,OUTPUT+LOAD,9.51149305083751,
phase6v2-r03-load-medium-a01,D4-FULL,3,LOAD+DOWNSTREAM,5.364294572430529,
phase6v2-r03-load-medium-a01,D4-FULL,4,INPUT+LOAD,3.2989341922990336,
phase6v2-r03-load-medium-a01,D4-FULL,5,NONE,-9.516033217005067,
phase6v2-r03-load-medium-a01,D4-FULL,6,OUTPUT,-9.520573383172623,
phase6v2-r03-load-medium-a01,D4-FULL,7,DOWNSTREAM,-13.667771861579604,
phase6v2-r03-load-medium-a01,D4-FULL,8,OUTPUT+DOWNSTREAM,-13.67231202774716,
phase6v2-r03-load-medium-a01,D4-FULL,9,INPUT,-15.7331322417111,
phase6v2-r03-load-medium-a01,D4-FULL,10,INPUT+OUTPUT,-15.737672407878655,
phase6v2-r03-load-medium-a01,D4-FULL,11,INPUT+DOWNSTREAM,-19.884870886285636,
phase6v2-r04-input-load-a01,D4-S,1,OUTPUT+LOAD,10.989022198871478,7.213327295079505
phase6v2-r04-input-load-a01,D4-S,2,LOAD,3.775694903791972,
phase6v2-r04-input-load-a01,D4-S,3,INPUT+LOAD,-1.2737540192140968,
phase6v2-r04-input-load-a01,D4-S,4,LOAD+DOWNSTREAM,-1.3735904568154171,
phase6v2-r04-input-load-a01,D4-S,5,OUTPUT,-3.775694903791972,
phase6v2-r04-input-load-a01,D4-S,6,INPUT+OUTPUT,-8.82514382679804,
phase6v2-r04-input-load-a01,D4-S,7,OUTPUT+DOWNSTREAM,-8.92498026439936,
phase6v2-r04-input-load-a01,D4-S,8,NONE,-10.989022198871478,
phase6v2-r04-input-load-a01,D4-S,9,INPUT,-16.038471121877546,
phase6v2-r04-input-load-a01,D4-S,10,DOWNSTREAM,-16.138307559478868,
phase6v2-r04-input-load-a01,D4-S,11,INPUT+DOWNSTREAM,-21.187756482484936,
phase6v2-r04-output-load-a01,D4-S,1,OUTPUT+LOAD,11.704713063040593,9.707392395655909
phase6v2-r04-output-load-a01,D4-S,2,LOAD,1.9973206673846846,
phase6v2-r04-output-load-a01,D4-S,3,OUTPUT,-1.9973206673846846,
phase6v2-r04-output-load-a01,D4-S,4,LOAD+DOWNSTREAM,-3.363388379939746,
phase6v2-r04-output-load-a01,D4-S,5,INPUT+LOAD,-3.4743892059588335,
phase6v2-r04-output-load-a01,D4-S,6,OUTPUT+DOWNSTREAM,-7.358029714709115,
phase6v2-r04-output-load-a01,D4-S,7,INPUT+OUTPUT,-7.469030540728203,
phase6v2-r04-output-load-a01,D4-S,8,NONE,-11.704713063040593,
phase6v2-r04-output-load-a01,D4-S,9,DOWNSTREAM,-17.065422110365024,
phase6v2-r04-output-load-a01,D4-S,10,INPUT,-17.17642293638411,
phase6v2-r04-output-load-a01,D4-S,11,INPUT+DOWNSTREAM,-22.53713198370854,
phase6v2-r04-downstream-medium-a01,D4-S,1,NONE,0,0.18479103043678147
phase6v2-r04-downstream-medium-a01,D4-S,2,INPUT,-0.18479103043678147,
phase6v2-r04-downstream-medium-a01,D4-S,3,DOWNSTREAM,-0.2268916706971168,
phase6v2-r04-downstream-medium-a01,D4-S,4,INPUT+DOWNSTREAM,-0.41168270113389827,
phase6v2-r04-downstream-medium-a01,D4-S,5,LOAD,-1.0938256566225593,
phase6v2-r04-downstream-medium-a01,D4-S,6,INPUT+LOAD,-1.2786166870593407,
phase6v2-r04-downstream-medium-a01,D4-S,7,LOAD+DOWNSTREAM,-1.320717327319676,
phase6v2-r04-downstream-medium-a01,D4-S,8,OUTPUT,-2.6899239873119534,
phase6v2-r04-downstream-medium-a01,D4-S,9,INPUT+OUTPUT,-2.874715017748735,
phase6v2-r04-downstream-medium-a01,D4-S,10,OUTPUT+DOWNSTREAM,-2.91681565800907,
phase6v2-r04-downstream-medium-a01,D4-S,11,OUTPUT+LOAD,-3.7837496439345126,
phase6v2-r04-output-control-a01,D4-S,1,INPUT,0.22795710872778818,0.27248629700279825
phase6v2-r04-output-control-a01,D4-S,2,INPUT+DOWNSTREAM,-0.04452918827501007,
phase6v2-r04-output-control-a01,D4-S,3,NONE,-0.22795710872778818,
phase6v2-r04-output-control-a01,D4-S,4,DOWNSTREAM,-0.5004434057305864,
phase6v2-r04-output-control-a01,D4-S,5,INPUT+LOAD,-2.182799890627637,
phase6v2-r04-output-control-a01,D4-S,6,INPUT+OUTPUT,-2.3220447935696047,
phase6v2-r04-output-control-a01,D4-S,7,LOAD,-2.6387141080832133,
phase6v2-r04-output-control-a01,D4-S,8,OUTPUT,-2.777959011025181,
phase6v2-r04-output-control-a01,D4-S,9,LOAD+DOWNSTREAM,-2.9112004050860114,
phase6v2-r04-output-control-a01,D4-S,10,OUTPUT+DOWNSTREAM,-3.050445308027979,
phase6v2-r04-output-control-a01,D4-S,11,OUTPUT+LOAD,-5.188716010380607,
phase6v2-r04-output-load-control-a01,D4-S,1,LOAD,7.003028558450135,1.4675372058812606
phase6v2-r04-output-load-control-a01,D4-S,2,INPUT+LOAD,5.535491352568874,
phase6v2-r04-output-load-control-a01,D4-S,3,LOAD+DOWNSTREAM,5.111856602658223,
phase6v2-r04-output-load-control-a01,D4-S,4,OUTPUT+LOAD,4.539671301119396,
phase6v2-r04-output-load-control-a01,D4-S,5,NONE,-7.003028558450135,
phase6v2-r04-output-load-control-a01,D4-S,6,INPUT,-8.470565764331395,
phase6v2-r04-output-load-control-a01,D4-S,7,DOWNSTREAM,-8.894200514242046,
phase6v2-r04-output-load-control-a01,D4-S,8,OUTPUT,-9.466385815780873,
phase6v2-r04-output-load-control-a01,D4-S,9,INPUT+DOWNSTREAM,-10.361737720123307,
phase6v2-r04-output-load-control-a01,D4-S,10,INPUT+OUTPUT,-10.933923021662133,
phase6v2-r04-output-load-control-a01,D4-S,11,OUTPUT+DOWNSTREAM,-11.357557771572784,
phase6v2-r04-output-downstream-control-a01,D4-S,1,NONE,0,0.23297244376248905
phase6v2-r04-output-downstream-control-a01,D4-S,2,DOWNSTREAM,-0.23297244376248905,
phase6v2-r04-output-downstream-control-a01,D4-S,3,INPUT,-0.26401786915130554,
phase6v2-r04-output-downstream-control-a01,D4-S,4,INPUT+DOWNSTREAM,-0.4969903129137946,
phase6v2-r04-output-downstream-control-a01,D4-S,5,LOAD,-1.4864907367790352,
phase6v2-r04-output-downstream-control-a01,D4-S,6,LOAD+DOWNSTREAM,-1.7194631805415241,
phase6v2-r04-output-downstream-control-a01,D4-S,7,INPUT+LOAD,-1.7505086059303407,
phase6v2-r04-output-downstream-control-a01,D4-S,8,OUTPUT,-1.822794865868582,
phase6v2-r04-output-downstream-control-a01,D4-S,9,OUTPUT+DOWNSTREAM,-2.055767309631071,
phase6v2-r04-output-downstream-control-a01,D4-S,10,INPUT+OUTPUT,-2.0868127350198877,
phase6v2-r04-output-downstream-control-a01,D4-S,11,OUTPUT+LOAD,-3.309285602647617,
phase6v2-r04-baseline-a01,D4-S,1,INPUT+DOWNSTREAM,0.11148672618003685,0.09468555467033268
phase6v2-r04-baseline-a01,D4-S,2,DOWNSTREAM,0.01680117150970417,
phase6v2-r04-baseline-a01,D4-S,3,INPUT,-0.01680117150970417,
phase6v2-r04-baseline-a01,D4-S,4,NONE,-0.11148672618003685,
phase6v2-r04-baseline-a01,D4-S,5,OUTPUT+DOWNSTREAM,-2.8005156032558416,
phase6v2-r04-baseline-a01,D4-S,6,INPUT+OUTPUT,-2.8341179462752493,
phase6v2-r04-baseline-a01,D4-S,7,LOAD+DOWNSTREAM,-2.9259811608621487,
phase6v2-r04-baseline-a01,D4-S,8,OUTPUT,-2.928803500945582,
phase6v2-r04-baseline-a01,D4-S,9,INPUT+LOAD,-2.959583503881557,
phase6v2-r04-baseline-a01,D4-S,10,LOAD,-3.0542690585518897,
phase6v2-r04-baseline-a01,D4-S,11,OUTPUT+LOAD,-5.871585833317435,
phase6v2-r04-input-medium-a01,D4-S,1,NONE,0,0.11040468101972323
phase6v2-r04-input-medium-a01,D4-S,2,INPUT,-0.11040468101972323,
phase6v2-r04-input-medium-a01,D4-S,3,DOWNSTREAM,-0.2260720000948423,
phase6v2-r04-input-medium-a01,D4-S,4,INPUT+DOWNSTREAM,-0.3364766811145655,
phase6v2-r04-input-medium-a01,D4-S,5,LOAD,-1.5874166008065662,
phase6v2-r04-input-medium-a01,D4-S,6,INPUT+LOAD,-1.6978212818262894,
phase6v2-r04-input-medium-a01,D4-S,7,LOAD+DOWNSTREAM,-1.8134886009014086,
phase6v2-r04-input-medium-a01,D4-S,8,OUTPUT,-2.9877141541464556,
phase6v2-r04-input-medium-a01,D4-S,9,INPUT+OUTPUT,-3.098118835166179,
phase6v2-r04-input-medium-a01,D4-S,10,OUTPUT+DOWNSTREAM,-3.2137861542412978,
phase6v2-r04-input-medium-a01,D4-S,11,OUTPUT+LOAD,-4.575130754953022,
phase6v2-r04-input-downstream-a01,D4-S,1,NONE,0,0.11987568144927341
phase6v2-r04-input-downstream-a01,D4-S,2,LOAD,-0.11987568144927341,
phase6v2-r04-input-downstream-a01,D4-S,3,DOWNSTREAM,-0.380313535423885,
phase6v2-r04-input-downstream-a01,D4-S,4,INPUT,-0.4133501649300686,
phase6v2-r04-input-downstream-a01,D4-S,5,LOAD+DOWNSTREAM,-0.5001892168731584,
phase6v2-r04-input-downstream-a01,D4-S,6,INPUT+LOAD,-0.533225846379342,
phase6v2-r04-input-downstream-a01,D4-S,7,INPUT+DOWNSTREAM,-0.7936637003539536,
phase6v2-r04-input-downstream-a01,D4-S,8,OUTPUT,-2.574119760397601,
phase6v2-r04-input-downstream-a01,D4-S,9,OUTPUT+LOAD,-2.6939954418468743,
phase6v2-r04-input-downstream-a01,D4-S,10,OUTPUT+DOWNSTREAM,-2.954433295821486,
phase6v2-r04-input-downstream-a01,D4-S,11,INPUT+OUTPUT,-2.9874699253276695,
phase6v2-r04-output-downstream-a01,D4-S,1,OUTPUT+LOAD,3.1899799588503814,2.4901610432665384
phase6v2-r04-output-downstream-a01,D4-S,2,OUTPUT,0.699818915583843,
phase6v2-r04-output-downstream-a01,D4-S,3,OUTPUT+DOWNSTREAM,-0.4835133397300615,
phase6v2-r04-output-downstream-a01,D4-S,4,INPUT+OUTPUT,-0.5989714674182591,
phase6v2-r04-output-downstream-a01,D4-S,5,LOAD,-0.699818915583843,
phase6v2-r04-output-downstream-a01,D4-S,6,LOAD+DOWNSTREAM,-1.8831511708977475,
phase6v2-r04-output-downstream-a01,D4-S,7,INPUT+LOAD,-1.9986092985859452,
phase6v2-r04-output-downstream-a01,D4-S,8,NONE,-3.1899799588503814,
phase6v2-r04-output-downstream-a01,D4-S,9,DOWNSTREAM,-4.373312214164286,
phase6v2-r04-output-downstream-a01,D4-S,10,INPUT,-4.488770341852484,
phase6v2-r04-output-downstream-a01,D4-S,11,INPUT+DOWNSTREAM,-5.672102597166388,
phase6v2-r04-load-medium-a01,D4-S,1,OUTPUT+LOAD,7.947933501952331,0.2969001117825414
phase6v2-r04-load-medium-a01,D4-S,2,LOAD,7.65103339016979,
phase6v2-r04-load-medium-a01,D4-S,3,LOAD+DOWNSTREAM,4.903215918014652,
phase6v2-r04-load-medium-a01,D4-S,4,INPUT+LOAD,4.632392588936016,
phase6v2-r04-load-medium-a01,D4-S,5,OUTPUT,-7.65103339016979,
phase6v2-r04-load-medium-a01,D4-S,6,NONE,-7.947933501952331,
phase6v2-r04-load-medium-a01,D4-S,7,OUTPUT+DOWNSTREAM,-10.398850862324927,
phase6v2-r04-load-medium-a01,D4-S,8,INPUT+OUTPUT,-10.669674191403562,
phase6v2-r04-load-medium-a01,D4-S,9,DOWNSTREAM,-10.695750974107469,
phase6v2-r04-load-medium-a01,D4-S,10,INPUT,-10.966574303186103,
phase6v2-r04-load-medium-a01,D4-S,11,INPUT+DOWNSTREAM,-13.714391775341243,
phase6v2-r04-load-downstream-a01,D4-S,1,OUTPUT+LOAD,8.091362814120856,0.4839432223676594
phase6v2-r04-load-downstream-a01,D4-S,2,LOAD,7.607419591753197,
phase6v2-r04-load-downstream-a01,D4-S,3,LOAD+DOWNSTREAM,4.7773184380715366,
phase6v2-r04-load-downstream-a01,D4-S,4,INPUT+LOAD,4.649697147162203,
phase6v2-r04-load-downstream-a01,D4-S,5,OUTPUT,-7.607419591753197,
phase6v2-r04-load-downstream-a01,D4-S,6,NONE,-8.091362814120856,
phase6v2-r04-load-downstream-a01,D4-S,7,OUTPUT+DOWNSTREAM,-10.437520745434856,
phase6v2-r04-load-downstream-a01,D4-S,8,INPUT+OUTPUT,-10.56514203634419,
phase6v2-r04-load-downstream-a01,D4-S,9,DOWNSTREAM,-10.921463967802516,
phase6v2-r04-load-downstream-a01,D4-S,10,INPUT,-11.04908525871185,
phase6v2-r04-load-downstream-a01,D4-S,11,INPUT+DOWNSTREAM,-13.87918641239351,
phase6v2-r04-output-medium-a01,D4-S,1,OUTPUT,1.8083072837574612,0.1813690432224897
phase6v2-r04-output-medium-a01,D4-S,2,OUTPUT+LOAD,1.6269382405349715,
phase6v2-r04-output-medium-a01,D4-S,3,OUTPUT+DOWNSTREAM,0.7669883027896098,
phase6v2-r04-output-medium-a01,D4-S,4,INPUT+OUTPUT,0.5927323389472339,
phase6v2-r04-output-medium-a01,D4-S,5,NONE,-1.8083072837574612,
phase6v2-r04-output-medium-a01,D4-S,6,LOAD,-1.989676326979951,
phase6v2-r04-output-medium-a01,D4-S,7,DOWNSTREAM,-2.8496262647253126,
phase6v2-r04-output-medium-a01,D4-S,8,INPUT,-3.0238822285676887,
phase6v2-r04-output-medium-a01,D4-S,9,LOAD+DOWNSTREAM,-3.0309953079478023,
phase6v2-r04-output-medium-a01,D4-S,10,INPUT+LOAD,-3.2052512717901784,
phase6v2-r04-output-medium-a01,D4-S,11,INPUT+DOWNSTREAM,-4.06520120953554,
phase6v2-r04-input-load-a01,D4-SM,1,OUTPUT+LOAD,11.2894518439197,6.341678224829732
phase6v2-r04-input-load-a01,D4-SM,2,LOAD,4.947773619089968,
phase6v2-r04-input-load-a01,D4-SM,3,LOAD+DOWNSTREAM,1.8241184142532676,
phase6v2-r04-input-load-a01,D4-SM,4,INPUT+LOAD,-0.38212238239952523,
phase6v2-r04-input-load-a01,D4-SM,5,OUTPUT,-4.947773619089968,
phase6v2-r04-input-load-a01,D4-SM,6,OUTPUT+DOWNSTREAM,-8.07142882392667,
phase6v2-r04-input-load-a01,D4-SM,7,INPUT+OUTPUT,-10.277669620579463,
phase6v2-r04-input-load-a01,D4-SM,8,NONE,-11.2894518439197,
phase6v2-r04-input-load-a01,D4-SM,9,DOWNSTREAM,-14.413107048756402,
phase6v2-r04-input-load-a01,D4-SM,10,INPUT,-16.619347845409195,
phase6v2-r04-input-load-a01,D4-SM,11,INPUT+DOWNSTREAM,-19.743003050245896,
phase6v2-r04-output-load-a01,D4-SM,1,OUTPUT+LOAD,12.330577206792567,8.792010423295794
phase6v2-r04-output-load-a01,D4-SM,2,LOAD,3.5385667834967727,
phase6v2-r04-output-load-a01,D4-SM,3,LOAD+DOWNSTREAM,0.30771907011124,
phase6v2-r04-output-load-a01,D4-SM,4,INPUT+LOAD,-2.0386471616866393,
phase6v2-r04-output-load-a01,D4-SM,5,OUTPUT,-3.5385667834967727,
phase6v2-r04-output-load-a01,D4-SM,6,OUTPUT+DOWNSTREAM,-6.769414496882305,
phase6v2-r04-output-load-a01,D4-SM,7,INPUT+OUTPUT,-9.115780728680186,
phase6v2-r04-output-load-a01,D4-SM,8,NONE,-12.330577206792567,
phase6v2-r04-output-load-a01,D4-SM,9,DOWNSTREAM,-15.5614249201781,
phase6v2-r04-output-load-a01,D4-SM,10,INPUT,-17.907791151975978,
phase6v2-r04-output-load-a01,D4-SM,11,INPUT+DOWNSTREAM,-21.138638865361514,
phase6v2-r04-downstream-medium-a01,D4-SM,1,DOWNSTREAM,11.084102728052697,0.18907288749698736
phase6v2-r04-downstream-medium-a01,D4-SM,2,INPUT+DOWNSTREAM,10.89502984055571,
phase6v2-r04-downstream-medium-a01,D4-SM,3,LOAD+DOWNSTREAM,10.589549531276282,
phase6v2-r04-downstream-medium-a01,D4-SM,4,OUTPUT+DOWNSTREAM,8.278184633315707,
phase6v2-r04-downstream-medium-a01,D4-SM,5,NONE,-11.084102728052697,
phase6v2-r04-downstream-medium-a01,D4-SM,6,INPUT,-11.273175615549684,
phase6v2-r04-downstream-medium-a01,D4-SM,7,LOAD,-11.578655924829112,
phase6v2-r04-downstream-medium-a01,D4-SM,8,INPUT+LOAD,-11.7677288123261,
phase6v2-r04-downstream-medium-a01,D4-SM,9,OUTPUT,-13.890020822789687,
phase6v2-r04-downstream-medium-a01,D4-SM,10,INPUT+OUTPUT,-14.079093710286674,
phase6v2-r04-downstream-medium-a01,D4-SM,11,OUTPUT+LOAD,-14.384574019566102,
phase6v2-r04-output-control-a01,D4-SM,1,INPUT,0.1088843261418393,0.15384504056856263
phase6v2-r04-output-control-a01,D4-SM,2,INPUT+DOWNSTREAM,-0.044960714426723336,
phase6v2-r04-output-control-a01,D4-SM,3,NONE,-0.1088843261418393,
phase6v2-r04-output-control-a01,D4-SM,4,DOWNSTREAM,-0.2627293667104019,
phase6v2-r04-output-control-a01,D4-SM,5,INPUT+LOAD,-1.7250648534126376,
phase6v2-r04-output-control-a01,D4-SM,6,LOAD,-1.9428335056963162,
phase6v2-r04-output-control-a01,D4-SM,7,LOAD+DOWNSTREAM,-2.0966785462648785,
phase6v2-r04-output-control-a01,D4-SM,8,INPUT+OUTPUT,-2.2226185057444,
phase6v2-r04-output-control-a01,D4-SM,9,OUTPUT,-2.440387158028079,
phase6v2-r04-output-control-a01,D4-SM,10,OUTPUT+DOWNSTREAM,-2.5942321985966412,
phase6v2-r04-output-control-a01,D4-SM,11,OUTPUT+LOAD,-4.274336337582556,
phase6v2-r04-output-load-control-a01,D4-SM,1,LOAD,8.694517185637698,1.394061263817238
phase6v2-r04-output-load-control-a01,D4-SM,2,LOAD+DOWNSTREAM,7.30045592182046,
phase6v2-r04-output-load-control-a01,D4-SM,3,INPUT+LOAD,7.275508459740914,
phase6v2-r04-output-load-control-a01,D4-SM,4,OUTPUT+LOAD,6.8948058568057675,
phase6v2-r04-output-load-control-a01,D4-SM,5,NONE,-8.694517185637698,
phase6v2-r04-output-load-control-a01,D4-SM,6,DOWNSTREAM,-10.088578449454936,
phase6v2-r04-output-load-control-a01,D4-SM,7,INPUT,-10.113525911534483,
phase6v2-r04-output-load-control-a01,D4-SM,8,OUTPUT,-10.49422851446963,
phase6v2-r04-output-load-control-a01,D4-SM,9,INPUT+DOWNSTREAM,-11.507587175351722,
phase6v2-r04-output-load-control-a01,D4-SM,10,OUTPUT+DOWNSTREAM,-11.888289778286868,
phase6v2-r04-output-load-control-a01,D4-SM,11,INPUT+OUTPUT,-11.913237240366414,
phase6v2-r04-output-downstream-control-a01,D4-SM,1,DOWNSTREAM,11.081062341520012,0.2357954374862672
phase6v2-r04-output-downstream-control-a01,D4-SM,2,INPUT+DOWNSTREAM,10.845266904033744,
phase6v2-r04-output-downstream-control-a01,D4-SM,3,LOAD+DOWNSTREAM,9.465502979848225,
phase6v2-r04-output-downstream-control-a01,D4-SM,4,OUTPUT+DOWNSTREAM,9.047163979981073,
phase6v2-r04-output-downstream-control-a01,D4-SM,5,NONE,-11.081062341520012,
phase6v2-r04-output-downstream-control-a01,D4-SM,6,INPUT,-11.316857779006279,
phase6v2-r04-output-downstream-control-a01,D4-SM,7,LOAD,-12.696621703191799,
phase6v2-r04-output-downstream-control-a01,D4-SM,8,INPUT+LOAD,-12.932417140678066,
phase6v2-r04-output-downstream-control-a01,D4-SM,9,OUTPUT,-13.11496070305895,
phase6v2-r04-output-downstream-control-a01,D4-SM,10,INPUT+OUTPUT,-13.350756140545215,
phase6v2-r04-output-downstream-control-a01,D4-SM,11,OUTPUT+LOAD,-14.730520064730737,
phase6v2-r04-baseline-a01,D4-SM,1,INPUT+DOWNSTREAM,0.165501269641268,0.05550626688074156
phase6v2-r04-baseline-a01,D4-SM,2,DOWNSTREAM,0.10999500276052643,
phase6v2-r04-baseline-a01,D4-SM,3,INPUT,-0.10999500276052643,
phase6v2-r04-baseline-a01,D4-SM,4,NONE,-0.165501269641268,
phase6v2-r04-baseline-a01,D4-SM,5,LOAD+DOWNSTREAM,-1.1156145937050086,
phase6v2-r04-baseline-a01,D4-SM,6,INPUT+LOAD,-1.3356045992260615,
phase6v2-r04-baseline-a01,D4-SM,7,LOAD,-1.391110866106803,
phase6v2-r04-baseline-a01,D4-SM,8,OUTPUT+DOWNSTREAM,-2.7766979015544515,
phase6v2-r04-baseline-a01,D4-SM,9,INPUT+OUTPUT,-2.996687907075504,
phase6v2-r04-baseline-a01,D4-SM,10,OUTPUT,-3.052194173956246,
phase6v2-r04-baseline-a01,D4-SM,11,OUTPUT+LOAD,-4.277803770421782,
phase6v2-r04-input-medium-a01,D4-SM,1,NONE,0,0.14667593233186138
phase6v2-r04-input-medium-a01,D4-SM,2,INPUT,-0.14667593233186138,
phase6v2-r04-input-medium-a01,D4-SM,3,DOWNSTREAM,-0.23410832376516955,
phase6v2-r04-input-medium-a01,D4-SM,4,INPUT+DOWNSTREAM,-0.3807842560970309,
phase6v2-r04-input-medium-a01,D4-SM,5,LOAD,-0.6065757824595275,
phase6v2-r04-input-medium-a01,D4-SM,6,INPUT+LOAD,-0.7532517147913889,
phase6v2-r04-input-medium-a01,D4-SM,7,LOAD+DOWNSTREAM,-0.840684106224697,
phase6v2-r04-input-medium-a01,D4-SM,8,OUTPUT,-2.9275950898728893,
phase6v2-r04-input-medium-a01,D4-SM,9,INPUT+OUTPUT,-3.0742710222047505,
phase6v2-r04-input-medium-a01,D4-SM,10,OUTPUT+DOWNSTREAM,-3.161703413638059,
phase6v2-r04-input-medium-a01,D4-SM,11,OUTPUT+LOAD,-3.5341708723324166,
phase6v2-r04-input-downstream-a01,D4-SM,1,DOWNSTREAM,11.007391795689314,0.3127951482561695
phase6v2-r04-input-downstream-a01,D4-SM,2,LOAD+DOWNSTREAM,10.694596647433144,
phase6v2-r04-input-downstream-a01,D4-SM,3,INPUT+DOWNSTREAM,10.60885890712584,
phase6v2-r04-input-downstream-a01,D4-SM,4,OUTPUT+DOWNSTREAM,8.283785420330897,
phase6v2-r04-input-downstream-a01,D4-SM,5,NONE,-11.007391795689314,
phase6v2-r04-input-downstream-a01,D4-SM,6,LOAD,-11.320186943945483,
phase6v2-r04-input-downstream-a01,D4-SM,7,INPUT,-11.405924684252787,
phase6v2-r04-input-downstream-a01,D4-SM,8,INPUT+LOAD,-11.718719832508956,
phase6v2-r04-input-downstream-a01,D4-SM,9,OUTPUT,-13.73099817104773,
phase6v2-r04-input-downstream-a01,D4-SM,10,OUTPUT+LOAD,-14.0437933193039,
phase6v2-r04-input-downstream-a01,D4-SM,11,INPUT+OUTPUT,-14.129531059611203,
phase6v2-r04-output-downstream-a01,D4-SM,1,OUTPUT+DOWNSTREAM,12.102647423505339,2.993529975522069
phase6v2-r04-output-downstream-a01,D4-SM,2,LOAD+DOWNSTREAM,9.10911744798327,
phase6v2-r04-output-downstream-a01,D4-SM,3,DOWNSTREAM,9.029954109864438,
phase6v2-r04-output-downstream-a01,D4-SM,4,INPUT+DOWNSTREAM,8.285039269049719,
phase6v2-r04-output-downstream-a01,D4-SM,5,OUTPUT+LOAD,-9.029954109864438,
phase6v2-r04-output-downstream-a01,D4-SM,6,OUTPUT,-9.10911744798327,
phase6v2-r04-output-downstream-a01,D4-SM,7,INPUT+OUTPUT,-9.854032288797988,
phase6v2-r04-output-downstream-a01,D4-SM,8,LOAD,-12.102647423505339,
phase6v2-r04-output-downstream-a01,D4-SM,9,NONE,-12.18181076162417,
phase6v2-r04-output-downstream-a01,D4-SM,10,INPUT+LOAD,-12.847562264320057,
phase6v2-r04-output-downstream-a01,D4-SM,11,INPUT,-12.92672560243889,
phase6v2-r04-load-medium-a01,D4-SM,1,OUTPUT+LOAD,9.37837097232319,0.21354473261571272
phase6v2-r04-load-medium-a01,D4-SM,2,LOAD,9.164826239707477,
phase6v2-r04-load-medium-a01,D4-SM,3,LOAD+DOWNSTREAM,7.269586375361002,
phase6v2-r04-load-medium-a01,D4-SM,4,INPUT+LOAD,6.19544666155607,
phase6v2-r04-load-medium-a01,D4-SM,5,OUTPUT,-9.164826239707477,
phase6v2-r04-load-medium-a01,D4-SM,6,NONE,-9.37837097232319,
phase6v2-r04-load-medium-a01,D4-SM,7,OUTPUT+DOWNSTREAM,-11.060066104053954,
phase6v2-r04-load-medium-a01,D4-SM,8,DOWNSTREAM,-11.273610836669665,
phase6v2-r04-load-medium-a01,D4-SM,9,INPUT+OUTPUT,-12.134205817858884,
phase6v2-r04-load-medium-a01,D4-SM,10,INPUT,-12.347750550474597,
phase6v2-r04-load-medium-a01,D4-SM,11,INPUT+DOWNSTREAM,-14.242990414821072,
phase6v2-r04-load-downstream-a01,D4-SM,1,LOAD+DOWNSTREAM,18.655623583249323,17.746251193377798
phase6v2-r04-load-downstream-a01,D4-SM,2,OUTPUT+DOWNSTREAM,0.9093723898715247,
phase6v2-r04-load-downstream-a01,D4-SM,3,DOWNSTREAM,0.7491686504354576,
phase6v2-r04-load-downstream-a01,D4-SM,4,OUTPUT+LOAD,-0.7491686504354576,
phase6v2-r04-load-downstream-a01,D4-SM,5,LOAD,-0.9093723898715247,
phase6v2-r04-load-downstream-a01,D4-SM,6,INPUT+DOWNSTREAM,-2.2242080650632374,
phase6v2-r04-load-downstream-a01,D4-SM,7,INPUT+LOAD,-3.8827491053702197,
phase6v2-r04-load-downstream-a01,D4-SM,8,OUTPUT,-18.655623583249323,
phase6v2-r04-load-downstream-a01,D4-SM,9,NONE,-18.815827322685394,
phase6v2-r04-load-downstream-a01,D4-SM,10,INPUT+OUTPUT,-21.629000298748018,
phase6v2-r04-load-downstream-a01,D4-SM,11,INPUT,-21.78920403818409,
phase6v2-r04-output-medium-a01,D4-SM,1,OUTPUT,1.4882806610912223,0.6072328666975793
phase6v2-r04-output-medium-a01,D4-SM,2,OUTPUT+LOAD,0.881047794393643,
phase6v2-r04-output-medium-a01,D4-SM,3,INPUT+OUTPUT,0.8807962467080119,
phase6v2-r04-output-medium-a01,D4-SM,4,OUTPUT+DOWNSTREAM,0.6477630392191402,
phase6v2-r04-output-medium-a01,D4-SM,5,NONE,-1.4882806610912223,
phase6v2-r04-output-medium-a01,D4-SM,6,LOAD,-2.0955135277888015,
phase6v2-r04-output-medium-a01,D4-SM,7,INPUT,-2.0957650754744326,
phase6v2-r04-output-medium-a01,D4-SM,8,DOWNSTREAM,-2.3287982829633043,
phase6v2-r04-output-medium-a01,D4-SM,9,INPUT+LOAD,-2.702997942172012,
phase6v2-r04-output-medium-a01,D4-SM,10,LOAD+DOWNSTREAM,-2.9360311496608835,
phase6v2-r04-output-medium-a01,D4-SM,11,INPUT+DOWNSTREAM,-2.9362826973465146,
phase6v2-r04-input-load-a01,D4-SMT,1,OUTPUT+LOAD,16.588908354560374,5.143050216180741
phase6v2-r04-input-load-a01,D4-SMT,2,LOAD,11.445858138379633,
phase6v2-r04-input-load-a01,D4-SMT,3,LOAD+DOWNSTREAM,9.717947048236395,
phase6v2-r04-input-load-a01,D4-SMT,4,INPUT+LOAD,9.000904710109905,
phase6v2-r04-input-load-a01,D4-SMT,5,OUTPUT,-11.445858138379633,
phase6v2-r04-input-load-a01,D4-SMT,6,OUTPUT+DOWNSTREAM,-13.17376922852287,
phase6v2-r04-input-load-a01,D4-SMT,7,INPUT+OUTPUT,-13.89081156664936,
phase6v2-r04-input-load-a01,D4-SMT,8,NONE,-16.588908354560374,
phase6v2-r04-input-load-a01,D4-SMT,9,DOWNSTREAM,-18.31681944470361,
phase6v2-r04-input-load-a01,D4-SMT,10,INPUT,-19.0338617828301,
phase6v2-r04-input-load-a01,D4-SMT,11,INPUT+DOWNSTREAM,-20.76177287297334,
phase6v2-r04-output-load-a01,D4-SMT,1,OUTPUT+LOAD,17.522846688536156,7.087428551099755
phase6v2-r04-output-load-a01,D4-SMT,2,LOAD,10.4354181374364,
phase6v2-r04-output-load-a01,D4-SMT,3,LOAD+DOWNSTREAM,8.777286427970505,
phase6v2-r04-output-load-a01,D4-SMT,4,INPUT+LOAD,7.926118594695709,
phase6v2-r04-output-load-a01,D4-SMT,5,OUTPUT,-10.4354181374364,
phase6v2-r04-output-load-a01,D4-SMT,6,OUTPUT+DOWNSTREAM,-12.093549846902295,
phase6v2-r04-output-load-a01,D4-SMT,7,INPUT+OUTPUT,-12.944717680177092,
phase6v2-r04-output-load-a01,D4-SMT,8,NONE,-17.522846688536156,
phase6v2-r04-output-load-a01,D4-SMT,9,DOWNSTREAM,-19.18097839800205,
phase6v2-r04-output-load-a01,D4-SMT,10,INPUT,-20.032146231276847,
phase6v2-r04-output-load-a01,D4-SMT,11,INPUT+DOWNSTREAM,-21.690277940742742,
phase6v2-r04-downstream-medium-a01,D4-SMT,1,DOWNSTREAM,6.733312004479226,0.45437611561783164
phase6v2-r04-downstream-medium-a01,D4-SMT,2,INPUT+DOWNSTREAM,6.278935888861394,
phase6v2-r04-downstream-medium-a01,D4-SMT,3,LOAD+DOWNSTREAM,5.01616228037627,
phase6v2-r04-downstream-medium-a01,D4-SMT,4,OUTPUT+DOWNSTREAM,4.881948993851391,
phase6v2-r04-downstream-medium-a01,D4-SMT,5,NONE,-6.733312004479226,
phase6v2-r04-downstream-medium-a01,D4-SMT,6,INPUT,-7.187688120097057,
phase6v2-r04-downstream-medium-a01,D4-SMT,7,LOAD,-8.45046172858218,
phase6v2-r04-downstream-medium-a01,D4-SMT,8,OUTPUT,-8.58467501510706,
phase6v2-r04-downstream-medium-a01,D4-SMT,9,INPUT+LOAD,-8.904837844200012,
phase6v2-r04-downstream-medium-a01,D4-SMT,10,INPUT+OUTPUT,-9.039051130724891,
phase6v2-r04-downstream-medium-a01,D4-SMT,11,OUTPUT+LOAD,-10.301824739210016,
phase6v2-r04-output-control-a01,D4-SMT,1,INPUT,0.204711677721387,0.409423355442774
phase6v2-r04-output-control-a01,D4-SMT,2,NONE,-0.204711677721387,
phase6v2-r04-output-control-a01,D4-SMT,3,INPUT+DOWNSTREAM,-0.5653180232853515,
phase6v2-r04-output-control-a01,D4-SMT,4,DOWNSTREAM,-0.9747413787281255,
phase6v2-r04-output-control-a01,D4-SMT,5,INPUT+OUTPUT,-0.9991938275735665,
phase6v2-r04-output-control-a01,D4-SMT,6,OUTPUT,-1.4086171830163403,
phase6v2-r04-output-control-a01,D4-SMT,7,INPUT+LOAD,-2.131180599986281,
phase6v2-r04-output-control-a01,D4-SMT,8,OUTPUT+DOWNSTREAM,-2.178646884023079,
phase6v2-r04-output-control-a01,D4-SMT,9,LOAD,-2.5406039554290554,
phase6v2-r04-output-control-a01,D4-SMT,10,LOAD+DOWNSTREAM,-3.310633656435794,
phase6v2-r04-output-control-a01,D4-SMT,11,OUTPUT+LOAD,-3.744509460724009,
phase6v2-r04-output-load-control-a01,D4-SMT,1,LOAD,14.848570681081094,1.2709474847740854
phase6v2-r04-output-load-control-a01,D4-SMT,2,LOAD+DOWNSTREAM,13.577623196307009,
phase6v2-r04-output-load-control-a01,D4-SMT,3,OUTPUT+LOAD,13.20302243165581,
phase6v2-r04-output-load-control-a01,D4-SMT,4,INPUT+LOAD,12.654132918944224,
phase6v2-r04-output-load-control-a01,D4-SMT,5,NONE,-14.848570681081094,
phase6v2-r04-output-load-control-a01,D4-SMT,6,DOWNSTREAM,-16.11951816585518,
phase6v2-r04-output-load-control-a01,D4-SMT,7,OUTPUT,-16.494118930506378,
phase6v2-r04-output-load-control-a01,D4-SMT,8,INPUT,-17.043008443217964,
phase6v2-r04-output-load-control-a01,D4-SMT,9,OUTPUT+DOWNSTREAM,-17.765066415280465,
phase6v2-r04-output-load-control-a01,D4-SMT,10,INPUT+DOWNSTREAM,-18.313955927992048,
phase6v2-r04-output-load-control-a01,D4-SMT,11,INPUT+OUTPUT,-18.688556692643246,
phase6v2-r04-output-downstream-control-a01,D4-SMT,1,DOWNSTREAM,9.511270523621368,0.5146558158674885
phase6v2-r04-output-downstream-control-a01,D4-SMT,2,INPUT+DOWNSTREAM,8.99661470775388,
phase6v2-r04-output-downstream-control-a01,D4-SMT,3,OUTPUT+DOWNSTREAM,7.910961624671962,
phase6v2-r04-output-downstream-control-a01,D4-SMT,4,LOAD+DOWNSTREAM,7.135233484390526,
phase6v2-r04-output-downstream-control-a01,D4-SMT,5,NONE,-9.511270523621368,
phase6v2-r04-output-downstream-control-a01,D4-SMT,6,INPUT,-10.025926339488857,
phase6v2-r04-output-downstream-control-a01,D4-SMT,7,OUTPUT,-11.111579422570774,
phase6v2-r04-output-downstream-control-a01,D4-SMT,8,INPUT+OUTPUT,-11.626235238438264,
phase6v2-r04-output-downstream-control-a01,D4-SMT,9,LOAD,-11.887307562852211,
phase6v2-r04-output-downstream-control-a01,D4-SMT,10,INPUT+LOAD,-12.4019633787197,
phase6v2-r04-output-downstream-control-a01,D4-SMT,11,OUTPUT+LOAD,-13.487616461801617,
phase6v2-r04-baseline-a01,D4-SMT,1,INPUT,0.0784902090263665,0.156980418052733
phase6v2-r04-baseline-a01,D4-SMT,2,NONE,-0.0784902090263665,
phase6v2-r04-baseline-a01,D4-SMT,3,INPUT+DOWNSTREAM,-0.11066752735435381,
phase6v2-r04-baseline-a01,D4-SMT,4,DOWNSTREAM,-0.2676479454070868,
phase6v2-r04-baseline-a01,D4-SMT,5,INPUT+OUTPUT,-1.469807613477872,
phase6v2-r04-baseline-a01,D4-SMT,6,OUTPUT,-1.6267880315306047,
phase6v2-r04-baseline-a01,D4-SMT,7,INPUT+LOAD,-1.7535930063265353,
phase6v2-r04-baseline-a01,D4-SMT,8,OUTPUT+DOWNSTREAM,-1.815945767911325,
phase6v2-r04-baseline-a01,D4-SMT,9,LOAD,-1.9105734243792685,
phase6v2-r04-baseline-a01,D4-SMT,10,LOAD+DOWNSTREAM,-2.0997311607599887,
phase6v2-r04-baseline-a01,D4-SMT,11,OUTPUT+LOAD,-3.458871246883507,
phase6v2-r04-input-medium-a01,D4-SMT,1,NONE,0,0.35999659516136007
phase6v2-r04-input-medium-a01,D4-SMT,2,INPUT,-0.35999659516136007,
phase6v2-r04-input-medium-a01,D4-SMT,3,DOWNSTREAM,-0.49567996522333574,
phase6v2-r04-input-medium-a01,D4-SMT,4,INPUT+DOWNSTREAM,-0.8556765603846959,
phase6v2-r04-input-medium-a01,D4-SMT,5,LOAD,-1.6236088967542794,
phase6v2-r04-input-medium-a01,D4-SMT,6,OUTPUT,-1.9588083590889198,
phase6v2-r04-input-medium-a01,D4-SMT,7,INPUT+LOAD,-1.9836054919156396,
phase6v2-r04-input-medium-a01,D4-SMT,8,LOAD+DOWNSTREAM,-2.119288861977615,
phase6v2-r04-input-medium-a01,D4-SMT,9,INPUT+OUTPUT,-2.3188049542502798,
phase6v2-r04-input-medium-a01,D4-SMT,10,OUTPUT+DOWNSTREAM,-2.4544883243122557,
phase6v2-r04-input-medium-a01,D4-SMT,11,OUTPUT+LOAD,-3.5824172558431995,
phase6v2-r04-input-downstream-a01,D4-SMT,1,DOWNSTREAM,6.5126728144071535,0.8870258720555597
phase6v2-r04-input-downstream-a01,D4-SMT,2,INPUT+DOWNSTREAM,5.625646942351594,
phase6v2-r04-input-downstream-a01,D4-SMT,3,LOAD+DOWNSTREAM,4.9860894785563215,
phase6v2-r04-input-downstream-a01,D4-SMT,4,OUTPUT+DOWNSTREAM,4.647285575038081,
phase6v2-r04-input-downstream-a01,D4-SMT,5,NONE,-6.5126728144071535,
phase6v2-r04-input-downstream-a01,D4-SMT,6,INPUT,-7.399698686462713,
phase6v2-r04-input-downstream-a01,D4-SMT,7,LOAD,-8.039256150257986,
phase6v2-r04-input-downstream-a01,D4-SMT,8,OUTPUT,-8.378060053776226,
phase6v2-r04-input-downstream-a01,D4-SMT,9,INPUT+LOAD,-8.926282022313545,
phase6v2-r04-input-downstream-a01,D4-SMT,10,INPUT+OUTPUT,-9.265085925831785,
phase6v2-r04-input-downstream-a01,D4-SMT,11,OUTPUT+LOAD,-9.904643389627058,
phase6v2-r04-output-downstream-a01,D4-SMT,1,OUTPUT+DOWNSTREAM,7.5219254789518,2.435823783633939
phase6v2-r04-output-downstream-a01,D4-SMT,2,DOWNSTREAM,5.086101695317861,
phase6v2-r04-output-downstream-a01,D4-SMT,3,INPUT+DOWNSTREAM,4.180276038939163,
phase6v2-r04-output-downstream-a01,D4-SMT,4,LOAD+DOWNSTREAM,4.0676024828497,
phase6v2-r04-output-downstream-a01,D4-SMT,5,OUTPUT,-5.086101695317861,
phase6v2-r04-output-downstream-a01,D4-SMT,6,INPUT+OUTPUT,-5.991927351696559,
phase6v2-r04-output-downstream-a01,D4-SMT,7,OUTPUT+LOAD,-6.104600907786023,
phase6v2-r04-output-downstream-a01,D4-SMT,8,NONE,-7.5219254789518,
phase6v2-r04-output-downstream-a01,D4-SMT,9,INPUT,-8.427751135330498,
phase6v2-r04-output-downstream-a01,D4-SMT,10,LOAD,-8.540424691419961,
phase6v2-r04-output-downstream-a01,D4-SMT,11,INPUT+LOAD,-9.44625034779866,
phase6v2-r04-load-medium-a01,D4-SMT,1,LOAD,15.241245056186246,0.07748933214783627
phase6v2-r04-load-medium-a01,D4-SMT,2,OUTPUT+LOAD,15.16375572403841,
phase6v2-r04-load-medium-a01,D4-SMT,3,LOAD+DOWNSTREAM,13.7392634946158,
phase6v2-r04-load-medium-a01,D4-SMT,4,INPUT+LOAD,12.75801803177367,
phase6v2-r04-load-medium-a01,D4-SMT,5,NONE,-15.241245056186246,
phase6v2-r04-load-medium-a01,D4-SMT,6,OUTPUT,-15.318734388334082,
phase6v2-r04-load-medium-a01,D4-SMT,7,DOWNSTREAM,-16.74322661775669,
phase6v2-r04-load-medium-a01,D4-SMT,8,OUTPUT+DOWNSTREAM,-16.82071594990453,
phase6v2-r04-load-medium-a01,D4-SMT,9,INPUT,-17.724472080598822,
phase6v2-r04-load-medium-a01,D4-SMT,10,INPUT+OUTPUT,-17.80196141274666,
phase6v2-r04-load-medium-a01,D4-SMT,11,INPUT+DOWNSTREAM,-19.226453642169268,
phase6v2-r04-load-downstream-a01,D4-SMT,1,LOAD+DOWNSTREAM,21.501339857144693,12.545444326413149
phase6v2-r04-load-downstream-a01,D4-SMT,2,LOAD,8.955895530731544,
phase6v2-r04-load-downstream-a01,D4-SMT,3,OUTPUT+LOAD,8.843935080537031,
phase6v2-r04-load-downstream-a01,D4-SMT,4,INPUT+LOAD,6.558055776073596,
phase6v2-r04-load-downstream-a01,D4-SMT,5,DOWNSTREAM,-8.955895530731544,
phase6v2-r04-load-downstream-a01,D4-SMT,6,OUTPUT+DOWNSTREAM,-9.067855980926055,
phase6v2-r04-load-downstream-a01,D4-SMT,7,INPUT+DOWNSTREAM,-11.353735285389492,
phase6v2-r04-load-downstream-a01,D4-SMT,8,NONE,-21.501339857144693,
phase6v2-r04-load-downstream-a01,D4-SMT,9,OUTPUT,-21.613300307339205,
phase6v2-r04-load-downstream-a01,D4-SMT,10,INPUT,-23.89917961180264,
phase6v2-r04-load-downstream-a01,D4-SMT,11,INPUT+OUTPUT,-24.011140061997153,
phase6v2-r04-output-medium-a01,D4-SMT,1,OUTPUT,0.954822274826856,0.6146477158308827
phase6v2-r04-output-medium-a01,D4-SMT,2,INPUT+OUTPUT,0.34017455899597326,
phase6v2-r04-output-medium-a01,D4-SMT,3,OUTPUT+DOWNSTREAM,-0.05578822113491522,
phase6v2-r04-output-medium-a01,D4-SMT,4,OUTPUT+LOAD,-0.3097844421725342,
phase6v2-r04-output-medium-a01,D4-SMT,5,NONE,-0.954822274826856,
phase6v2-r04-output-medium-a01,D4-SMT,6,INPUT,-1.5694699906577387,
phase6v2-r04-output-medium-a01,D4-SMT,7,DOWNSTREAM,-1.9654327707886272,
phase6v2-r04-output-medium-a01,D4-SMT,8,LOAD,-2.219428991826246,
phase6v2-r04-output-medium-a01,D4-SMT,9,INPUT+DOWNSTREAM,-2.5800804866195097,
phase6v2-r04-output-medium-a01,D4-SMT,10,INPUT+LOAD,-2.834076707657129,
phase6v2-r04-output-medium-a01,D4-SMT,11,LOAD+DOWNSTREAM,-3.230039487788017,
phase6v2-r04-input-load-a01,D4-FULL,1,OUTPUT+LOAD,9.387148220374819,2.35073483208339
phase6v2-r04-input-load-a01,D4-FULL,2,LOAD,7.036413388291429,
phase6v2-r04-input-load-a01,D4-FULL,3,LOAD+DOWNSTREAM,1.6673566265742639,
phase6v2-r04-input-load-a01,D4-FULL,4,INPUT+LOAD,-4.786420984908403,
phase6v2-r04-input-load-a01,D4-FULL,5,OUTPUT,-7.036413388291429,
phase6v2-r04-input-load-a01,D4-FULL,6,NONE,-9.387148220374819,
phase6v2-r04-input-load-a01,D4-FULL,7,OUTPUT+DOWNSTREAM,-12.405470150008593,
phase6v2-r04-input-load-a01,D4-FULL,8,DOWNSTREAM,-14.756204982091983,
phase6v2-r04-input-load-a01,D4-FULL,9,INPUT+OUTPUT,-18.85924776149126,
phase6v2-r04-input-load-a01,D4-FULL,10,INPUT,-21.20998259357465,
phase6v2-r04-input-load-a01,D4-FULL,11,INPUT+DOWNSTREAM,-26.579039355291815,
phase6v2-r04-output-load-a01,D4-FULL,1,OUTPUT+LOAD,10.615934123833112,3.1045331476899776
phase6v2-r04-output-load-a01,D4-FULL,2,LOAD,7.511400976143134,
phase6v2-r04-output-load-a01,D4-FULL,3,LOAD+DOWNSTREAM,1.803105656027626,
phase6v2-r04-output-load-a01,D4-FULL,4,INPUT+LOAD,-4.651301484777223,
phase6v2-r04-output-load-a01,D4-FULL,5,OUTPUT,-7.511400976143134,
phase6v2-r04-output-load-a01,D4-FULL,6,NONE,-10.615934123833112,
phase6v2-r04-output-load-a01,D4-FULL,7,OUTPUT+DOWNSTREAM,-13.219696296258642,
phase6v2-r04-output-load-a01,D4-FULL,8,DOWNSTREAM,-16.32422944394862,
phase6v2-r04-output-load-a01,D4-FULL,9,INPUT+OUTPUT,-19.674103437063494,
phase6v2-r04-output-load-a01,D4-FULL,10,INPUT,-22.77863658475347,
phase6v2-r04-output-load-a01,D4-FULL,11,INPUT+DOWNSTREAM,-28.486931904868975,
phase6v2-r04-downstream-medium-a01,D4-FULL,1,DOWNSTREAM,7.059838805139792,0.1266748049691344
phase6v2-r04-downstream-medium-a01,D4-FULL,2,INPUT+DOWNSTREAM,6.933164000170658,
phase6v2-r04-downstream-medium-a01,D4-FULL,3,LOAD+DOWNSTREAM,6.20172520117686,
phase6v2-r04-downstream-medium-a01,D4-FULL,4,OUTPUT+DOWNSTREAM,3.302495719502869,
phase6v2-r04-downstream-medium-a01,D4-FULL,5,NONE,-7.059838805139792,
phase6v2-r04-downstream-medium-a01,D4-FULL,6,INPUT,-7.186513610108927,
phase6v2-r04-downstream-medium-a01,D4-FULL,7,LOAD,-7.917952409102725,
phase6v2-r04-downstream-medium-a01,D4-FULL,8,INPUT+LOAD,-8.044627214071859,
phase6v2-r04-downstream-medium-a01,D4-FULL,9,OUTPUT,-10.817181890776716,
phase6v2-r04-downstream-medium-a01,D4-FULL,10,INPUT+OUTPUT,-10.94385669574585,
phase6v2-r04-downstream-medium-a01,D4-FULL,11,OUTPUT+LOAD,-11.675295494739647,
phase6v2-r04-output-control-a01,D4-FULL,1,INPUT,0.07077434454341835,0.1415486890868367
phase6v2-r04-output-control-a01,D4-FULL,2,NONE,-0.07077434454341835,
phase6v2-r04-output-control-a01,D4-FULL,3,INPUT+DOWNSTREAM,-0.7517872076240307,
phase6v2-r04-output-control-a01,D4-FULL,4,DOWNSTREAM,-0.8933358967108674,
phase6v2-r04-output-control-a01,D4-FULL,5,INPUT+OUTPUT,-2.1749597404777408,
phase6v2-r04-output-control-a01,D4-FULL,6,OUTPUT,-2.3165084295645775,
phase6v2-r04-output-control-a01,D4-FULL,7,INPUT+LOAD,-2.7010894711878826,
phase6v2-r04-output-control-a01,D4-FULL,8,LOAD,-2.8426381602747193,
phase6v2-r04-output-control-a01,D4-FULL,9,OUTPUT+DOWNSTREAM,-3.1390699817320264,
phase6v2-r04-output-control-a01,D4-FULL,10,LOAD+DOWNSTREAM,-3.6651997124421682,
phase6v2-r04-output-control-a01,D4-FULL,11,OUTPUT+LOAD,-5.0883722452958775,
phase6v2-r04-output-load-control-a01,D4-FULL,1,LOAD,8.55996149916329,1.140262005633212
phase6v2-r04-output-load-control-a01,D4-FULL,2,OUTPUT+LOAD,7.419699493530078,
phase6v2-r04-output-load-control-a01,D4-FULL,3,INPUT+LOAD,6.217258269170448,
phase6v2-r04-output-load-control-a01,D4-FULL,4,LOAD+DOWNSTREAM,5.837920141343114,
phase6v2-r04-output-load-control-a01,D4-FULL,5,NONE,-8.55996149916329,
phase6v2-r04-output-load-control-a01,D4-FULL,6,OUTPUT,-9.7002235047965,
phase6v2-r04-output-load-control-a01,D4-FULL,7,INPUT,-10.902664729156132,
phase6v2-r04-output-load-control-a01,D4-FULL,8,DOWNSTREAM,-11.282002856983466,
phase6v2-r04-output-load-control-a01,D4-FULL,9,INPUT+OUTPUT,-12.042926734789344,
phase6v2-r04-output-load-control-a01,D4-FULL,10,OUTPUT+DOWNSTREAM,-12.422264862616677,
phase6v2-r04-output-load-control-a01,D4-FULL,11,INPUT+DOWNSTREAM,-13.624706086976307,
phase6v2-r04-output-downstream-control-a01,D4-FULL,1,DOWNSTREAM,8.570688148390516,0.15642030578869992
phase6v2-r04-output-downstream-control-a01,D4-FULL,2,INPUT+DOWNSTREAM,8.414267842601816,
phase6v2-r04-output-downstream-control-a01,D4-FULL,3,OUTPUT+DOWNSTREAM,5.867632130455991,
phase6v2-r04-output-downstream-control-a01,D4-FULL,4,LOAD+DOWNSTREAM,5.039303612688978,
phase6v2-r04-output-downstream-control-a01,D4-FULL,5,NONE,-8.570688148390516,
phase6v2-r04-output-downstream-control-a01,D4-FULL,6,INPUT,-8.727108454179216,
phase6v2-r04-output-downstream-control-a01,D4-FULL,7,OUTPUT,-11.273744166325042,
phase6v2-r04-output-downstream-control-a01,D4-FULL,8,INPUT+OUTPUT,-11.430164472113741,
phase6v2-r04-output-downstream-control-a01,D4-FULL,9,LOAD,-12.102072684092054,
phase6v2-r04-output-downstream-control-a01,D4-FULL,10,INPUT+LOAD,-12.258492989880754,
phase6v2-r04-output-downstream-control-a01,D4-FULL,11,OUTPUT+LOAD,-14.805128702026579,
phase6v2-r04-baseline-a01,D4-FULL,1,INPUT+DOWNSTREAM,0.09085821662861804,0.03445685506106866
phase6v2-r04-baseline-a01,D4-FULL,2,DOWNSTREAM,0.05640136156754938,
phase6v2-r04-baseline-a01,D4-FULL,3,INPUT,-0.05640136156754938,
phase6v2-r04-baseline-a01,D4-FULL,4,NONE,-0.09085821662861804,
phase6v2-r04-baseline-a01,D4-FULL,5,LOAD+DOWNSTREAM,-0.6045990685889752,
phase6v2-r04-baseline-a01,D4-FULL,6,INPUT+LOAD,-0.7174017917240739,
phase6v2-r04-baseline-a01,D4-FULL,7,LOAD,-0.7518586467851426,
phase6v2-r04-baseline-a01,D4-FULL,8,OUTPUT+DOWNSTREAM,-3.756901846857642,
phase6v2-r04-baseline-a01,D4-FULL,9,INPUT+OUTPUT,-3.8697045699927406,
phase6v2-r04-baseline-a01,D4-FULL,10,OUTPUT,-3.9041614250538093,
phase6v2-r04-baseline-a01,D4-FULL,11,OUTPUT+LOAD,-4.5651618552103335,
phase6v2-r04-input-medium-a01,D4-FULL,1,NONE,0,0.0975378535929936
phase6v2-r04-input-medium-a01,D4-FULL,2,INPUT,-0.0975378535929936,
phase6v2-r04-input-medium-a01,D4-FULL,3,DOWNSTREAM,-0.14162325289197097,
phase6v2-r04-input-medium-a01,D4-FULL,4,INPUT+DOWNSTREAM,-0.23916110648496458,
phase6v2-r04-input-medium-a01,D4-FULL,5,LOAD,-0.6283091109092387,
phase6v2-r04-input-medium-a01,D4-FULL,6,INPUT+LOAD,-0.7258469645022323,
phase6v2-r04-input-medium-a01,D4-FULL,7,LOAD+DOWNSTREAM,-0.7699323638012097,
phase6v2-r04-input-medium-a01,D4-FULL,8,OUTPUT,-3.8804078916186024,
phase6v2-r04-input-medium-a01,D4-FULL,9,INPUT+OUTPUT,-3.977945745211596,
phase6v2-r04-input-medium-a01,D4-FULL,10,OUTPUT+DOWNSTREAM,-4.022031144510573,
phase6v2-r04-input-medium-a01,D4-FULL,11,OUTPUT+LOAD,-4.508717002527841,
phase6v2-r04-input-downstream-a01,D4-FULL,1,DOWNSTREAM,6.447757609220835,0.2689621311920023
phase6v2-r04-input-downstream-a01,D4-FULL,2,INPUT+DOWNSTREAM,6.1787954780288326,
phase6v2-r04-input-downstream-a01,D4-FULL,3,LOAD+DOWNSTREAM,4.535249417789455,
phase6v2-r04-input-downstream-a01,D4-FULL,4,OUTPUT+DOWNSTREAM,2.8991514510242578,
phase6v2-r04-input-downstream-a01,D4-FULL,5,NONE,-6.447757609220835,
phase6v2-r04-input-downstream-a01,D4-FULL,6,INPUT,-6.716719740412837,
phase6v2-r04-input-downstream-a01,D4-FULL,7,LOAD,-8.360265800652215,
phase6v2-r04-input-downstream-a01,D4-FULL,8,INPUT+LOAD,-8.629227931844216,
phase6v2-r04-input-downstream-a01,D4-FULL,9,OUTPUT,-9.996363767417412,
phase6v2-r04-input-downstream-a01,D4-FULL,10,INPUT+OUTPUT,-10.265325898609415,
phase6v2-r04-input-downstream-a01,D4-FULL,11,OUTPUT+LOAD,-11.908871958848792,
phase6v2-r04-output-downstream-a01,D4-FULL,1,OUTPUT+DOWNSTREAM,8.184143713557347,3.190898056465219
phase6v2-r04-output-downstream-a01,D4-FULL,2,DOWNSTREAM,4.993245657092128,
phase6v2-r04-output-downstream-a01,D4-FULL,3,INPUT+DOWNSTREAM,4.496126151222565,
phase6v2-r04-output-downstream-a01,D4-FULL,4,LOAD+DOWNSTREAM,3.575677439519375,
phase6v2-r04-output-downstream-a01,D4-FULL,5,OUTPUT,-4.993245657092128,
phase6v2-r04-output-downstream-a01,D4-FULL,6,INPUT+OUTPUT,-5.490365162961692,
phase6v2-r04-output-downstream-a01,D4-FULL,7,OUTPUT+LOAD,-6.410813874664882,
phase6v2-r04-output-downstream-a01,D4-FULL,8,NONE,-8.184143713557347,
phase6v2-r04-output-downstream-a01,D4-FULL,9,INPUT,-8.68126321942691,
phase6v2-r04-output-downstream-a01,D4-FULL,10,LOAD,-9.601711931130101,
phase6v2-r04-output-downstream-a01,D4-FULL,11,INPUT+LOAD,-10.098831436999664,
phase6v2-r04-load-medium-a01,D4-FULL,1,OUTPUT+LOAD,9.73842863699831,0.07943560440829955
phase6v2-r04-load-medium-a01,D4-FULL,2,LOAD,9.658993032590011,
phase6v2-r04-load-medium-a01,D4-FULL,3,LOAD+DOWNSTREAM,5.797702269233618,
phase6v2-r04-load-medium-a01,D4-FULL,4,INPUT+LOAD,3.7649167148306435,
phase6v2-r04-load-medium-a01,D4-FULL,5,OUTPUT,-9.658993032590011,
phase6v2-r04-load-medium-a01,D4-FULL,6,NONE,-9.73842863699831,
phase6v2-r04-load-medium-a01,D4-FULL,7,OUTPUT+DOWNSTREAM,-13.520283795946405,
phase6v2-r04-load-medium-a01,D4-FULL,8,DOWNSTREAM,-13.599719400354704,
phase6v2-r04-load-medium-a01,D4-FULL,9,INPUT+OUTPUT,-15.553069350349379,
phase6v2-r04-load-medium-a01,D4-FULL,10,INPUT,-15.632504954757678,
phase6v2-r04-load-medium-a01,D4-FULL,11,INPUT+DOWNSTREAM,-19.49379571811407,
phase6v2-r04-load-downstream-a01,D4-FULL,1,LOAD+DOWNSTREAM,14.427000136317883,12.775913314873161
phase6v2-r04-load-downstream-a01,D4-FULL,2,OUTPUT+LOAD,1.6510868214447214,
phase6v2-r04-load-downstream-a01,D4-FULL,3,LOAD,1.6020836581825968,
phase6v2-r04-load-downstream-a01,D4-FULL,4,OUTPUT+DOWNSTREAM,-1.6020836581825968,
phase6v2-r04-load-downstream-a01,D4-FULL,5,DOWNSTREAM,-1.6510868214447214,
phase6v2-r04-load-downstream-a01,D4-FULL,6,INPUT+LOAD,-4.342236814753578,
phase6v2-r04-load-downstream-a01,D4-FULL,7,INPUT+DOWNSTREAM,-7.595407294380896,
phase6v2-r04-load-downstream-a01,D4-FULL,8,OUTPUT,-14.427000136317883,
phase6v2-r04-load-downstream-a01,D4-FULL,9,NONE,-14.476003299580007,
phase6v2-r04-load-downstream-a01,D4-FULL,10,INPUT+OUTPUT,-20.371320609254056,
phase6v2-r04-load-downstream-a01,D4-FULL,11,INPUT,-20.420323772516184,
phase6v2-r04-output-medium-a01,D4-FULL,1,OUTPUT,1.491358935973436,0.40722305087976385
phase6v2-r04-output-medium-a01,D4-FULL,2,INPUT+OUTPUT,1.0841358850936722,
phase6v2-r04-output-medium-a01,D4-FULL,3,OUTPUT+DOWNSTREAM,-0.016627179096800893,
phase6v2-r04-output-medium-a01,D4-FULL,4,OUTPUT+LOAD,-0.22773837714074618,
phase6v2-r04-output-medium-a01,D4-FULL,5,NONE,-1.491358935973436,
phase6v2-r04-output-medium-a01,D4-FULL,6,INPUT,-1.8985819868532,
phase6v2-r04-output-medium-a01,D4-FULL,7,DOWNSTREAM,-2.999345051043673,
phase6v2-r04-output-medium-a01,D4-FULL,8,LOAD,-3.2104562490876183,
phase6v2-r04-output-medium-a01,D4-FULL,9,INPUT+DOWNSTREAM,-3.406568101923437,
phase6v2-r04-output-medium-a01,D4-FULL,10,INPUT+LOAD,-3.617679299967382,
phase6v2-r04-output-medium-a01,D4-FULL,11,LOAD+DOWNSTREAM,-4.7184423641578555,
phase6v2-r04-input-load-a01,D4-FULL,1,OUTPUT+LOAD,9.387148220374819,2.35073483208339
phase6v2-r04-input-load-a01,D4-FULL,2,LOAD,7.036413388291429,
phase6v2-r04-input-load-a01,D4-FULL,3,LOAD+DOWNSTREAM,1.6673566265742639,
phase6v2-r04-input-load-a01,D4-FULL,4,INPUT+LOAD,-4.580729089031339,
phase6v2-r04-input-load-a01,D4-FULL,5,OUTPUT,-7.036413388291429,
phase6v2-r04-input-load-a01,D4-FULL,6,NONE,-9.387148220374819,
phase6v2-r04-input-load-a01,D4-FULL,7,OUTPUT+DOWNSTREAM,-12.405470150008593,
phase6v2-r04-input-load-a01,D4-FULL,8,DOWNSTREAM,-14.756204982091983,
phase6v2-r04-input-load-a01,D4-FULL,9,INPUT+OUTPUT,-18.653555865614194,
phase6v2-r04-input-load-a01,D4-FULL,10,INPUT,-21.004290697697584,
phase6v2-r04-input-load-a01,D4-FULL,11,INPUT+DOWNSTREAM,-26.373347459414752,
phase6v2-r04-output-load-a01,D4-FULL,1,OUTPUT+LOAD,11.598905870766176,5.070476641556105
phase6v2-r04-output-load-a01,D4-FULL,2,LOAD,6.5284292292100705,
phase6v2-r04-output-load-a01,D4-FULL,3,LOAD+DOWNSTREAM,0.820133909094563,
phase6v2-r04-output-load-a01,D4-FULL,4,OUTPUT,-6.5284292292100705,
phase6v2-r04-output-load-a01,D4-FULL,5,INPUT+LOAD,-7.042567572667693,
phase6v2-r04-output-load-a01,D4-FULL,6,NONE,-11.598905870766176,
phase6v2-r04-output-load-a01,D4-FULL,7,OUTPUT+DOWNSTREAM,-12.23672454932558,
phase6v2-r04-output-load-a01,D4-FULL,8,DOWNSTREAM,-17.307201190881685,
phase6v2-r04-output-load-a01,D4-FULL,9,INPUT+OUTPUT,-20.099426031087834,
phase6v2-r04-output-load-a01,D4-FULL,10,INPUT,-25.16990267264394,
phase6v2-r04-output-load-a01,D4-FULL,11,INPUT+DOWNSTREAM,-30.878197992759446,
phase6v2-r04-downstream-medium-a01,D4-FULL,1,DOWNSTREAM,7.059838805139792,0.1210565017404015
phase6v2-r04-downstream-medium-a01,D4-FULL,2,INPUT+DOWNSTREAM,6.938782303399391,
phase6v2-r04-downstream-medium-a01,D4-FULL,3,LOAD+DOWNSTREAM,6.20172520117686,
phase6v2-r04-downstream-medium-a01,D4-FULL,4,OUTPUT+DOWNSTREAM,3.3024957195028684,
phase6v2-r04-downstream-medium-a01,D4-FULL,5,NONE,-7.059838805139792,
phase6v2-r04-downstream-medium-a01,D4-FULL,6,INPUT,-7.180895306880194,
phase6v2-r04-downstream-medium-a01,D4-FULL,7,LOAD,-7.917952409102725,
phase6v2-r04-downstream-medium-a01,D4-FULL,8,INPUT+LOAD,-8.039008910843126,
phase6v2-r04-downstream-medium-a01,D4-FULL,9,OUTPUT,-10.817181890776716,
phase6v2-r04-downstream-medium-a01,D4-FULL,10,INPUT+OUTPUT,-10.938238392517118,
phase6v2-r04-downstream-medium-a01,D4-FULL,11,OUTPUT+LOAD,-11.675295494739649,
phase6v2-r04-output-control-a01,D4-FULL,1,NONE,0,0.8225615521674491
phase6v2-r04-output-control-a01,D4-FULL,2,DOWNSTREAM,-0.8225615521674491,
phase6v2-r04-output-control-a01,D4-FULL,3,INPUT,-0.8662416374033604,
phase6v2-r04-output-control-a01,D4-FULL,4,INPUT+DOWNSTREAM,-1.6888031895708093,
phase6v2-r04-output-control-a01,D4-FULL,5,OUTPUT,-2.245734085021159,
phase6v2-r04-output-control-a01,D4-FULL,6,LOAD,-2.771863815731301,
phase6v2-r04-output-control-a01,D4-FULL,7,OUTPUT+DOWNSTREAM,-3.068295637188608,
phase6v2-r04-output-control-a01,D4-FULL,8,INPUT+OUTPUT,-3.1119757224245195,
phase6v2-r04-output-control-a01,D4-FULL,9,LOAD+DOWNSTREAM,-3.59442536789875,
phase6v2-r04-output-control-a01,D4-FULL,10,INPUT+LOAD,-3.6381054531346613,
phase6v2-r04-output-control-a01,D4-FULL,11,OUTPUT+LOAD,-5.01759790075246,
phase6v2-r04-output-load-control-a01,D4-FULL,1,LOAD,8.55996149916329,1.140262005633212
phase6v2-r04-output-load-control-a01,D4-FULL,2,OUTPUT+LOAD,7.419699493530078,
phase6v2-r04-output-load-control-a01,D4-FULL,3,LOAD+DOWNSTREAM,5.837920141343114,
phase6v2-r04-output-load-control-a01,D4-FULL,4,INPUT+LOAD,5.208543122900519,
phase6v2-r04-output-load-control-a01,D4-FULL,5,NONE,-8.55996149916329,
phase6v2-r04-output-load-control-a01,D4-FULL,6,OUTPUT,-9.7002235047965,
phase6v2-r04-output-load-control-a01,D4-FULL,7,DOWNSTREAM,-11.282002856983466,
phase6v2-r04-output-load-control-a01,D4-FULL,8,INPUT,-11.91137987542606,
phase6v2-r04-output-load-control-a01,D4-FULL,9,OUTPUT+DOWNSTREAM,-12.422264862616677,
phase6v2-r04-output-load-control-a01,D4-FULL,10,INPUT+OUTPUT,-13.051641881059272,
phase6v2-r04-output-load-control-a01,D4-FULL,11,INPUT+DOWNSTREAM,-14.633421233246237,
phase6v2-r04-output-downstream-control-a01,D4-FULL,1,DOWNSTREAM,8.570688148390516,1.0951690709507442
phase6v2-r04-output-downstream-control-a01,D4-FULL,2,INPUT+DOWNSTREAM,7.475519077439772,
phase6v2-r04-output-downstream-control-a01,D4-FULL,3,OUTPUT+DOWNSTREAM,5.867632130455991,
phase6v2-r04-output-downstream-control-a01,D4-FULL,4,LOAD+DOWNSTREAM,5.039303612688978,
phase6v2-r04-output-downstream-control-a01,D4-FULL,5,NONE,-8.570688148390516,
phase6v2-r04-output-downstream-control-a01,D4-FULL,6,INPUT,-9.66585721934126,
phase6v2-r04-output-downstream-control-a01,D4-FULL,7,OUTPUT,-11.273744166325042,
phase6v2-r04-output-downstream-control-a01,D4-FULL,8,LOAD,-12.102072684092054,
phase6v2-r04-output-downstream-control-a01,D4-FULL,9,INPUT+OUTPUT,-12.368913237275786,
phase6v2-r04-output-downstream-control-a01,D4-FULL,10,INPUT+LOAD,-13.1972417550428,
phase6v2-r04-output-downstream-control-a01,D4-FULL,11,OUTPUT+LOAD,-14.805128702026579,
phase6v2-r04-baseline-a01,D4-FULL,1,INPUT+DOWNSTREAM,0.09824559152342305,0.04923160485067868
phase6v2-r04-baseline-a01,D4-FULL,2,DOWNSTREAM,0.04901398667274437,
phase6v2-r04-baseline-a01,D4-FULL,3,INPUT,-0.04901398667274437,
phase6v2-r04-baseline-a01,D4-FULL,4,NONE,-0.09824559152342305,
phase6v2-r04-baseline-a01,D4-FULL,5,LOAD+DOWNSTREAM,-0.6119864434837802,
phase6v2-r04-baseline-a01,D4-FULL,6,INPUT+LOAD,-0.7100144168292689,
phase6v2-r04-baseline-a01,D4-FULL,7,LOAD,-0.7592460216799476,
phase6v2-r04-baseline-a01,D4-FULL,8,OUTPUT+DOWNSTREAM,-3.764289221752447,
phase6v2-r04-baseline-a01,D4-FULL,9,INPUT+OUTPUT,-3.8623171950979356,
phase6v2-r04-baseline-a01,D4-FULL,10,OUTPUT,-3.9115487999486143,
phase6v2-r04-baseline-a01,D4-FULL,11,OUTPUT+LOAD,-4.572549230105139,
phase6v2-r04-input-medium-a01,D4-FULL,1,INPUT,0.5712094179899776,0.14162325289197097
phase6v2-r04-input-medium-a01,D4-FULL,2,INPUT+DOWNSTREAM,0.4295861650980066,
phase6v2-r04-input-medium-a01,D4-FULL,3,INPUT+LOAD,-0.05709969291926109,
phase6v2-r04-input-medium-a01,D4-FULL,4,NONE,-0.5712094179899776,
phase6v2-r04-input-medium-a01,D4-FULL,5,DOWNSTREAM,-0.7128326708819486,
phase6v2-r04-input-medium-a01,D4-FULL,6,LOAD,-1.1995185288992163,
phase6v2-r04-input-medium-a01,D4-FULL,7,LOAD+DOWNSTREAM,-1.3411417817911873,
phase6v2-r04-input-medium-a01,D4-FULL,8,INPUT+OUTPUT,-3.3091984736286255,
phase6v2-r04-input-medium-a01,D4-FULL,9,OUTPUT,-4.45161730960858,
phase6v2-r04-input-medium-a01,D4-FULL,10,OUTPUT+DOWNSTREAM,-4.593240562500552,
phase6v2-r04-input-medium-a01,D4-FULL,11,OUTPUT+LOAD,-5.079926420517819,
phase6v2-r04-input-downstream-a01,D4-FULL,1,INPUT+DOWNSTREAM,6.845603507762328,0.795691797082986
phase6v2-r04-input-downstream-a01,D4-FULL,2,DOWNSTREAM,6.049911710679342,
phase6v2-r04-input-downstream-a01,D4-FULL,3,LOAD+DOWNSTREAM,4.137403519247962,
phase6v2-r04-input-downstream-a01,D4-FULL,4,OUTPUT+DOWNSTREAM,2.5013055524827648,
phase6v2-r04-input-downstream-a01,D4-FULL,5,INPUT,-6.049911710679342,
phase6v2-r04-input-downstream-a01,D4-FULL,6,NONE,-6.845603507762328,
phase6v2-r04-input-downstream-a01,D4-FULL,7,INPUT+LOAD,-7.962419902110723,
phase6v2-r04-input-downstream-a01,D4-FULL,8,LOAD,-8.758111699193709,
phase6v2-r04-input-downstream-a01,D4-FULL,9,INPUT+OUTPUT,-9.59851786887592,
phase6v2-r04-input-downstream-a01,D4-FULL,10,OUTPUT,-10.394209665958904,
phase6v2-r04-input-downstream-a01,D4-FULL,11,OUTPUT+LOAD,-12.306717857390286,
phase6v2-r04-output-downstream-a01,D4-FULL,1,OUTPUT+DOWNSTREAM,9.167115460490411,5.156841550331347
phase6v2-r04-output-downstream-a01,D4-FULL,2,DOWNSTREAM,4.010273910159064,
phase6v2-r04-output-downstream-a01,D4-FULL,3,LOAD+DOWNSTREAM,2.592705692586311,
phase6v2-r04-output-downstream-a01,D4-FULL,4,INPUT+DOWNSTREAM,2.574550783873599,
phase6v2-r04-output-downstream-a01,D4-FULL,5,OUTPUT,-4.010273910159064,
phase6v2-r04-output-downstream-a01,D4-FULL,6,OUTPUT+LOAD,-5.427842127731818,
phase6v2-r04-output-downstream-a01,D4-FULL,7,INPUT+OUTPUT,-5.445997036444531,
phase6v2-r04-output-downstream-a01,D4-FULL,8,NONE,-9.167115460490411,
phase6v2-r04-output-downstream-a01,D4-FULL,9,LOAD,-10.584683678063165,
phase6v2-r04-output-downstream-a01,D4-FULL,10,INPUT,-10.602838586775878,
phase6v2-r04-output-downstream-a01,D4-FULL,11,INPUT+LOAD,-12.02040680434863,
phase6v2-r04-load-medium-a01,D4-FULL,1,OUTPUT+LOAD,9.73842863699831,0.07943560440829955
phase6v2-r04-load-medium-a01,D4-FULL,2,LOAD,9.658993032590011,
phase6v2-r04-load-medium-a01,D4-FULL,3,LOAD+DOWNSTREAM,5.797702269233618,
phase6v2-r04-load-medium-a01,D4-FULL,4,INPUT+LOAD,3.5568517488911806,
phase6v2-r04-load-medium-a01,D4-FULL,5,OUTPUT,-9.658993032590011,
phase6v2-r04-load-medium-a01,D4-FULL,6,NONE,-9.73842863699831,
phase6v2-r04-load-medium-a01,D4-FULL,7,OUTPUT+DOWNSTREAM,-13.520283795946405,
phase6v2-r04-load-medium-a01,D4-FULL,8,DOWNSTREAM,-13.599719400354704,
phase6v2-r04-load-medium-a01,D4-FULL,9,INPUT+OUTPUT,-15.76113431628884,
phase6v2-r04-load-medium-a01,D4-FULL,10,INPUT,-15.840569920697142,
phase6v2-r04-load-medium-a01,D4-FULL,11,INPUT+DOWNSTREAM,-19.701860684053536,
phase6v2-r04-load-downstream-a01,D4-FULL,1,LOAD+DOWNSTREAM,14.427000136317883,12.775913314873161
phase6v2-r04-load-downstream-a01,D4-FULL,2,OUTPUT+LOAD,1.6510868214447214,
phase6v2-r04-load-downstream-a01,D4-FULL,3,LOAD,1.6020836581825968,
phase6v2-r04-load-downstream-a01,D4-FULL,4,OUTPUT+DOWNSTREAM,-1.6020836581825968,
phase6v2-r04-load-downstream-a01,D4-FULL,5,DOWNSTREAM,-1.6510868214447214,
phase6v2-r04-load-downstream-a01,D4-FULL,6,INPUT+LOAD,-4.556687340858127,
phase6v2-r04-load-downstream-a01,D4-FULL,7,INPUT+DOWNSTREAM,-7.809857820485445,
phase6v2-r04-load-downstream-a01,D4-FULL,8,OUTPUT,-14.427000136317883,
phase6v2-r04-load-downstream-a01,D4-FULL,9,NONE,-14.476003299580007,
phase6v2-r04-load-downstream-a01,D4-FULL,10,INPUT+OUTPUT,-20.585771135358605,
phase6v2-r04-load-downstream-a01,D4-FULL,11,INPUT,-20.63477429862073,
phase6v2-r04-output-medium-a01,D4-FULL,1,OUTPUT,2.474330682906499,1.3441442703231852
phase6v2-r04-output-medium-a01,D4-FULL,2,INPUT+OUTPUT,1.1301864125833139,
phase6v2-r04-output-medium-a01,D4-FULL,3,OUTPUT+DOWNSTREAM,0.9663445678362621,
phase6v2-r04-output-medium-a01,D4-FULL,4,OUTPUT+LOAD,0.7552333697923168,
phase6v2-r04-output-medium-a01,D4-FULL,5,NONE,-2.474330682906499,
phase6v2-r04-output-medium-a01,D4-FULL,6,INPUT,-3.818474953229684,
phase6v2-r04-output-medium-a01,D4-FULL,7,DOWNSTREAM,-3.982316797976736,
phase6v2-r04-output-medium-a01,D4-FULL,8,LOAD,-4.193427996020681,
phase6v2-r04-output-medium-a01,D4-FULL,9,INPUT+DOWNSTREAM,-5.3264610682999205,
phase6v2-r04-output-medium-a01,D4-FULL,10,INPUT+LOAD,-5.537572266343867,
phase6v2-r04-output-medium-a01,D4-FULL,11,LOAD+DOWNSTREAM,-5.701414111090918,
phase6v2-r05-output-downstream-a01,D4-S,1,OUTPUT+LOAD,3.0990700216966807,2.3593619200116587
phase6v2-r05-output-downstream-a01,D4-S,2,LOAD,0.739708101685022,
phase6v2-r05-output-downstream-a01,D4-S,3,INPUT+LOAD,-0.29003769999811535,
phase6v2-r05-output-downstream-a01,D4-S,4,LOAD+DOWNSTREAM,-0.7298638702132678,
phase6v2-r05-output-downstream-a01,D4-S,5,OUTPUT,-0.739708101685022,
phase6v2-r05-output-downstream-a01,D4-S,6,INPUT+OUTPUT,-1.7694539033681593,
phase6v2-r05-output-downstream-a01,D4-S,7,OUTPUT+DOWNSTREAM,-2.2092800735833116,
phase6v2-r05-output-downstream-a01,D4-S,8,NONE,-3.0990700216966807,
phase6v2-r05-output-downstream-a01,D4-S,9,INPUT,-4.128815823379818,
phase6v2-r05-output-downstream-a01,D4-S,10,DOWNSTREAM,-4.56864199359497,
phase6v2-r05-output-downstream-a01,D4-S,11,INPUT+DOWNSTREAM,-5.598387795278107,
phase6v2-r05-input-downstream-a01,D4-S,1,NONE,0,0.06453471320435922
phase6v2-r05-input-downstream-a01,D4-S,2,LOAD,-0.06453471320435922,
phase6v2-r05-input-downstream-a01,D4-S,3,DOWNSTREAM,-0.3587551958521663,
phase6v2-r05-input-downstream-a01,D4-S,4,INPUT,-0.41619783565771473,
phase6v2-r05-input-downstream-a01,D4-S,5,LOAD+DOWNSTREAM,-0.4232899090565255,
phase6v2-r05-input-downstream-a01,D4-S,6,INPUT+LOAD,-0.48073254886207395,
phase6v2-r05-input-downstream-a01,D4-S,7,INPUT+DOWNSTREAM,-0.774953031509881,
phase6v2-r05-input-downstream-a01,D4-S,8,OUTPUT,-2.4835352730088283,
phase6v2-r05-input-downstream-a01,D4-S,9,OUTPUT+LOAD,-2.5480699862131875,
phase6v2-r05-input-downstream-a01,D4-S,10,OUTPUT+DOWNSTREAM,-2.8422904688609947,
phase6v2-r05-input-downstream-a01,D4-S,11,INPUT+OUTPUT,-2.8997331086665428,
phase6v2-r05-load-downstream-a01,D4-S,1,OUTPUT+LOAD,8.410549518783462,0.7453608538838665
phase6v2-r05-load-downstream-a01,D4-S,2,LOAD,7.6651886648995955,
phase6v2-r05-load-downstream-a01,D4-S,3,LOAD+DOWNSTREAM,4.720385035916664,
phase6v2-r05-load-downstream-a01,D4-S,4,INPUT+LOAD,4.420782869555984,
phase6v2-r05-load-downstream-a01,D4-S,5,OUTPUT,-7.6651886648995955,
phase6v2-r05-load-downstream-a01,D4-S,6,NONE,-8.410549518783462,
phase6v2-r05-load-downstream-a01,D4-S,7,OUTPUT+DOWNSTREAM,-10.609992293882526,
phase6v2-r05-load-downstream-a01,D4-S,8,INPUT+OUTPUT,-10.909594460243206,
phase6v2-r05-load-downstream-a01,D4-S,9,DOWNSTREAM,-11.355353147766394,
phase6v2-r05-load-downstream-a01,D4-S,10,INPUT,-11.654955314127072,
phase6v2-r05-load-downstream-a01,D4-S,11,INPUT+DOWNSTREAM,-14.599758943110004,
phase6v2-r05-output-downstream-control-a01,D4-S,1,NONE,0,0.3121480915686139
phase6v2-r05-output-downstream-control-a01,D4-S,2,DOWNSTREAM,-0.3121480915686139,
phase6v2-r05-output-downstream-control-a01,D4-S,3,INPUT,-0.3134078756241706,
phase6v2-r05-output-downstream-control-a01,D4-S,4,INPUT+DOWNSTREAM,-0.6255559671927845,
phase6v2-r05-output-downstream-control-a01,D4-S,5,LOAD,-1.2611574220659625,
phase6v2-r05-output-downstream-control-a01,D4-S,6,LOAD+DOWNSTREAM,-1.5733055136345764,
phase6v2-r05-output-downstream-control-a01,D4-S,7,INPUT+LOAD,-1.5745652976901332,
phase6v2-r05-output-downstream-control-a01,D4-S,8,OUTPUT,-1.7360242361026472,
phase6v2-r05-output-downstream-control-a01,D4-S,9,OUTPUT+DOWNSTREAM,-2.048172327671261,
phase6v2-r05-output-downstream-control-a01,D4-S,10,INPUT+OUTPUT,-2.049432111726818,
phase6v2-r05-output-downstream-control-a01,D4-S,11,OUTPUT+LOAD,-2.9971816581686097,
phase6v2-r05-output-load-control-a01,D4-S,1,LOAD,6.465152369515374,1.5250897338588967
phase6v2-r05-output-load-control-a01,D4-S,2,INPUT+LOAD,4.940062635656477,
phase6v2-r05-output-load-control-a01,D4-S,3,LOAD+DOWNSTREAM,4.7559220867614584,
phase6v2-r05-output-load-control-a01,D4-S,4,OUTPUT+LOAD,4.256958205009749,
phase6v2-r05-output-load-control-a01,D4-S,5,NONE,-6.465152369515374,
phase6v2-r05-output-load-control-a01,D4-S,6,INPUT,-7.99024210337427,
phase6v2-r05-output-load-control-a01,D4-S,7,DOWNSTREAM,-8.174382652269289,
phase6v2-r05-output-load-control-a01,D4-S,8,OUTPUT,-8.673346534020999,
phase6v2-r05-output-load-control-a01,D4-S,9,INPUT+DOWNSTREAM,-9.699472386128186,
phase6v2-r05-output-load-control-a01,D4-S,10,INPUT+OUTPUT,-10.198436267879895,
phase6v2-r05-output-load-control-a01,D4-S,11,OUTPUT+DOWNSTREAM,-10.382576816774915,
phase6v2-r05-input-medium-a01,D4-S,1,INPUT,0.012964620411668348,0.025929240823336697
phase6v2-r05-input-medium-a01,D4-S,2,NONE,-0.012964620411668348,
phase6v2-r05-input-medium-a01,D4-S,3,INPUT+DOWNSTREAM,-0.3003478361827827,
phase6v2-r05-input-medium-a01,D4-S,4,DOWNSTREAM,-0.3262770770061194,
phase6v2-r05-input-medium-a01,D4-S,5,INPUT+LOAD,-1.1402156358682825,
phase6v2-r05-input-medium-a01,D4-S,6,LOAD,-1.1661448766916194,
phase6v2-r05-input-medium-a01,D4-S,7,LOAD+DOWNSTREAM,-1.4794573332860703,
phase6v2-r05-input-medium-a01,D4-S,8,INPUT+OUTPUT,-3.172268901280479,
phase6v2-r05-input-medium-a01,D4-S,9,OUTPUT,-3.198198142103816,
phase6v2-r05-input-medium-a01,D4-S,10,OUTPUT+DOWNSTREAM,-3.511510598698267,
phase6v2-r05-input-medium-a01,D4-S,11,OUTPUT+LOAD,-4.351378398383766,
phase6v2-r05-output-control-a01,D4-S,1,NONE,0,0.050070483823045464
phase6v2-r05-output-control-a01,D4-S,2,INPUT,-0.050070483823045464,
phase6v2-r05-output-control-a01,D4-S,3,DOWNSTREAM,-0.1439479346673146,
phase6v2-r05-output-control-a01,D4-S,4,INPUT+DOWNSTREAM,-0.19401841849036006,
phase6v2-r05-output-control-a01,D4-S,5,OUTPUT,-2.035682996181037,
phase6v2-r05-output-control-a01,D4-S,6,INPUT+OUTPUT,-2.0857534800040827,
phase6v2-r05-output-control-a01,D4-S,7,OUTPUT+DOWNSTREAM,-2.1796309308483517,
phase6v2-r05-output-control-a01,D4-S,8,LOAD,-2.8044838017392864,
phase6v2-r05-output-control-a01,D4-S,9,INPUT+LOAD,-2.854554285562332,
phase6v2-r05-output-control-a01,D4-S,10,LOAD+DOWNSTREAM,-2.948431736406601,
phase6v2-r05-output-control-a01,D4-S,11,OUTPUT+LOAD,-4.840166797920324,
phase6v2-r05-baseline-a01,D4-S,1,NONE,0,0.008057238707381398
phase6v2-r05-baseline-a01,D4-S,2,DOWNSTREAM,-0.008057238707381398,
phase6v2-r05-baseline-a01,D4-S,3,INPUT,-0.060608601485973024,
phase6v2-r05-baseline-a01,D4-S,4,INPUT+DOWNSTREAM,-0.06866584019335442,
phase6v2-r05-baseline-a01,D4-S,5,LOAD,-2.7021019944237876,
phase6v2-r05-baseline-a01,D4-S,6,LOAD+DOWNSTREAM,-2.710159233131169,
phase6v2-r05-baseline-a01,D4-S,7,INPUT+LOAD,-2.762710595909761,
phase6v2-r05-baseline-a01,D4-S,8,OUTPUT,-2.8681116137201257,
phase6v2-r05-baseline-a01,D4-S,9,OUTPUT+DOWNSTREAM,-2.876168852427507,
phase6v2-r05-baseline-a01,D4-S,10,INPUT+OUTPUT,-2.9287202152060985,
phase6v2-r05-baseline-a01,D4-S,11,OUTPUT+LOAD,-5.570213608143913,
phase6v2-r05-input-load-a01,D4-S,1,OUTPUT+LOAD,11.041957375923147,7.795629982155775
phase6v2-r05-input-load-a01,D4-S,2,LOAD,3.246327393767372,
phase6v2-r05-input-load-a01,D4-S,3,LOAD+DOWNSTREAM,-1.7357039923013367,
phase6v2-r05-input-load-a01,D4-S,4,INPUT+LOAD,-2.017369724632602,
phase6v2-r05-input-load-a01,D4-S,5,OUTPUT,-3.246327393767372,
phase6v2-r05-input-load-a01,D4-S,6,OUTPUT+DOWNSTREAM,-8.22835877983608,
phase6v2-r05-input-load-a01,D4-S,7,INPUT+OUTPUT,-8.510024512167346,
phase6v2-r05-input-load-a01,D4-S,8,NONE,-11.041957375923147,
phase6v2-r05-input-load-a01,D4-S,9,DOWNSTREAM,-16.023988761991856,
phase6v2-r05-input-load-a01,D4-S,10,INPUT,-16.30565449432312,
phase6v2-r05-input-load-a01,D4-S,11,INPUT+DOWNSTREAM,-21.28768588039183,
phase6v2-r05-downstream-medium-a01,D4-S,1,NONE,0,0.2377775348055502
phase6v2-r05-downstream-medium-a01,D4-S,2,DOWNSTREAM,-0.2377775348055502,
phase6v2-r05-downstream-medium-a01,D4-S,3,INPUT,-0.31643054321752717,
phase6v2-r05-downstream-medium-a01,D4-S,4,INPUT+DOWNSTREAM,-0.5542080780230774,
phase6v2-r05-downstream-medium-a01,D4-S,5,LOAD,-0.9814519813486101,
phase6v2-r05-downstream-medium-a01,D4-S,6,LOAD+DOWNSTREAM,-1.2192295161541602,
phase6v2-r05-downstream-medium-a01,D4-S,7,INPUT+LOAD,-1.2978825245661372,
phase6v2-r05-downstream-medium-a01,D4-S,8,OUTPUT,-2.5263333322530337,
phase6v2-r05-downstream-medium-a01,D4-S,9,OUTPUT+DOWNSTREAM,-2.7641108670585837,
phase6v2-r05-downstream-medium-a01,D4-S,10,INPUT+OUTPUT,-2.8427638754705606,
phase6v2-r05-downstream-medium-a01,D4-S,11,OUTPUT+LOAD,-3.507785313601644,
phase6v2-r05-load-medium-a01,D4-S,1,LOAD,8.1207346727292,0.25062938958730907
phase6v2-r05-load-medium-a01,D4-S,2,OUTPUT+LOAD,7.87010528314189,
phase6v2-r05-load-medium-a01,D4-S,3,LOAD+DOWNSTREAM,5.423663239731676,
phase6v2-r05-load-medium-a01,D4-S,4,INPUT+LOAD,5.3077114846410005,
phase6v2-r05-load-medium-a01,D4-S,5,NONE,-8.1207346727292,
phase6v2-r05-load-medium-a01,D4-S,6,OUTPUT,-8.371364062316509,
phase6v2-r05-load-medium-a01,D4-S,7,DOWNSTREAM,-10.817806105726723,
phase6v2-r05-load-medium-a01,D4-S,8,INPUT,-10.933757860817398,
phase6v2-r05-load-medium-a01,D4-S,9,OUTPUT+DOWNSTREAM,-11.06843549531403,
phase6v2-r05-load-medium-a01,D4-S,10,INPUT+OUTPUT,-11.184387250404708,
phase6v2-r05-load-medium-a01,D4-S,11,INPUT+DOWNSTREAM,-13.630829293814921,
phase6v2-r05-output-medium-a01,D4-S,1,OUTPUT+LOAD,1.8749190562230238,0.20326189058986532
phase6v2-r05-output-medium-a01,D4-S,2,OUTPUT,1.6716571656331585,
phase6v2-r05-output-medium-a01,D4-S,3,OUTPUT+DOWNSTREAM,0.5548413123848097,
phase6v2-r05-output-medium-a01,D4-S,4,INPUT+OUTPUT,0.3930835987640151,
phase6v2-r05-output-medium-a01,D4-S,5,LOAD,-1.6716571656331585,
phase6v2-r05-output-medium-a01,D4-S,6,NONE,-1.8749190562230238,
phase6v2-r05-output-medium-a01,D4-S,7,LOAD+DOWNSTREAM,-2.7884730188815072,
phase6v2-r05-output-medium-a01,D4-S,8,INPUT+LOAD,-2.950230732502302,
phase6v2-r05-output-medium-a01,D4-S,9,DOWNSTREAM,-2.9917349094713725,
phase6v2-r05-output-medium-a01,D4-S,10,INPUT,-3.153492623092167,
phase6v2-r05-output-medium-a01,D4-S,11,INPUT+DOWNSTREAM,-4.2703084763405155,
phase6v2-r05-output-load-a01,D4-S,1,OUTPUT+LOAD,11.72001016539166,9.854856195301007
phase6v2-r05-output-load-a01,D4-S,2,LOAD,1.8651539700906534,
phase6v2-r05-output-load-a01,D4-S,3,OUTPUT,-1.8651539700906534,
phase6v2-r05-output-load-a01,D4-S,4,LOAD+DOWNSTREAM,-3.496150336760568,
phase6v2-r05-output-load-a01,D4-S,5,INPUT+LOAD,-3.659976643362355,
phase6v2-r05-output-load-a01,D4-S,6,OUTPUT+DOWNSTREAM,-7.226458276941875,
phase6v2-r05-output-load-a01,D4-S,7,INPUT+OUTPUT,-7.390284583543662,
phase6v2-r05-output-load-a01,D4-S,8,NONE,-11.72001016539166,
phase6v2-r05-output-load-a01,D4-S,9,DOWNSTREAM,-17.08131447224288,
phase6v2-r05-output-load-a01,D4-S,10,INPUT,-17.245140778844668,
phase6v2-r05-output-load-a01,D4-S,11,INPUT+DOWNSTREAM,-22.60644508569589,
phase6v2-r05-output-downstream-a01,D4-SM,1,OUTPUT+DOWNSTREAM,10.927092487921751,0.9597259767426749
phase6v2-r05-output-downstream-a01,D4-SM,2,LOAD+DOWNSTREAM,9.967366511179076,
phase6v2-r05-output-downstream-a01,D4-SM,3,DOWNSTREAM,8.665519228319493,
phase6v2-r05-output-downstream-a01,D4-SM,4,INPUT+DOWNSTREAM,8.055955176993415,
phase6v2-r05-output-downstream-a01,D4-SM,5,OUTPUT+LOAD,-8.665519228319493,
phase6v2-r05-output-downstream-a01,D4-SM,6,OUTPUT,-9.967366511179076,
phase6v2-r05-output-downstream-a01,D4-SM,7,INPUT+OUTPUT,-10.576930562505153,
phase6v2-r05-output-downstream-a01,D4-SM,8,LOAD,-10.927092487921751,
phase6v2-r05-output-downstream-a01,D4-SM,9,INPUT+LOAD,-11.536656539247828,
phase6v2-r05-output-downstream-a01,D4-SM,10,NONE,-12.228939770781334,
phase6v2-r05-output-downstream-a01,D4-SM,11,INPUT,-12.83850382210741,
phase6v2-r05-input-downstream-a01,D4-SM,1,LOAD+DOWNSTREAM,11.061264138385027,0.11725250162310275
phase6v2-r05-input-downstream-a01,D4-SM,2,DOWNSTREAM,10.944011636761925,
phase6v2-r05-input-downstream-a01,D4-SM,3,INPUT+DOWNSTREAM,10.546086180478056,
phase6v2-r05-input-downstream-a01,D4-SM,4,OUTPUT+DOWNSTREAM,8.285099330335598,
phase6v2-r05-input-downstream-a01,D4-SM,5,LOAD,-10.944011636761925,
phase6v2-r05-input-downstream-a01,D4-SM,6,NONE,-11.061264138385027,
phase6v2-r05-input-downstream-a01,D4-SM,7,INPUT+LOAD,-11.341937093045793,
phase6v2-r05-input-downstream-a01,D4-SM,8,INPUT,-11.459189594668896,
phase6v2-r05-input-downstream-a01,D4-SM,9,OUTPUT+LOAD,-13.602923943188252,
phase6v2-r05-input-downstream-a01,D4-SM,10,OUTPUT,-13.720176444811354,
phase6v2-r05-input-downstream-a01,D4-SM,11,INPUT+OUTPUT,-14.118101901095223,
phase6v2-r05-load-downstream-a01,D4-SM,1,LOAD+DOWNSTREAM,18.593108021906882,17.76698870179758
phase6v2-r05-load-downstream-a01,D4-SM,2,OUTPUT+DOWNSTREAM,0.8261193201093047,
phase6v2-r05-load-downstream-a01,D4-SM,3,DOWNSTREAM,0.42966452196493776,
phase6v2-r05-load-downstream-a01,D4-SM,4,OUTPUT+LOAD,-0.42966452196493776,
phase6v2-r05-load-downstream-a01,D4-SM,5,LOAD,-0.8261193201093047,
phase6v2-r05-load-downstream-a01,D4-SM,6,INPUT+DOWNSTREAM,-2.7512603977978536,
phase6v2-r05-load-downstream-a01,D4-SM,7,INPUT+LOAD,-4.007044239872096,
phase6v2-r05-load-downstream-a01,D4-SM,8,OUTPUT,-18.593108021906882,
phase6v2-r05-load-downstream-a01,D4-SM,9,NONE,-18.989562820051248,
phase6v2-r05-load-downstream-a01,D4-SM,10,INPUT+OUTPUT,-21.774032941669674,
phase6v2-r05-load-downstream-a01,D4-SM,11,INPUT,-22.17048773981404,
phase6v2-r05-output-downstream-control-a01,D4-SM,1,DOWNSTREAM,11.025941439715252,0.25737314684838
phase6v2-r05-output-downstream-control-a01,D4-SM,2,INPUT+DOWNSTREAM,10.768568292866872,
phase6v2-r05-output-downstream-control-a01,D4-SM,3,LOAD+DOWNSTREAM,9.612016119564645,
phase6v2-r05-output-downstream-control-a01,D4-SM,4,OUTPUT+DOWNSTREAM,9.14761502755006,
phase6v2-r05-output-downstream-control-a01,D4-SM,5,NONE,-11.025941439715252,
phase6v2-r05-output-downstream-control-a01,D4-SM,6,INPUT,-11.283314586563632,
phase6v2-r05-output-downstream-control-a01,D4-SM,7,LOAD,-12.43986675986586,
phase6v2-r05-output-downstream-control-a01,D4-SM,8,INPUT+LOAD,-12.69723990671424,
phase6v2-r05-output-downstream-control-a01,D4-SM,9,OUTPUT,-12.904267851880444,
phase6v2-r05-output-downstream-control-a01,D4-SM,10,INPUT+OUTPUT,-13.161640998728824,
phase6v2-r05-output-downstream-control-a01,D4-SM,11,OUTPUT+LOAD,-14.318193172031052,
phase6v2-r05-output-load-control-a01,D4-SM,1,LOAD,8.05689755231356,1.367425520873347
phase6v2-r05-output-load-control-a01,D4-SM,2,LOAD+DOWNSTREAM,6.6894720314402125,
phase6v2-r05-output-load-control-a01,D4-SM,3,INPUT+LOAD,6.651643148613851,
phase6v2-r05-output-load-control-a01,D4-SM,4,OUTPUT+LOAD,6.339630157238946,
phase6v2-r05-output-load-control-a01,D4-SM,5,NONE,-8.05689755231356,
phase6v2-r05-output-load-control-a01,D4-SM,6,DOWNSTREAM,-9.424323073186907,
phase6v2-r05-output-load-control-a01,D4-SM,7,INPUT,-9.462151956013267,
phase6v2-r05-output-load-control-a01,D4-SM,8,OUTPUT,-9.774164947388172,
phase6v2-r05-output-load-control-a01,D4-SM,9,INPUT+DOWNSTREAM,-10.829577476886614,
phase6v2-r05-output-load-control-a01,D4-SM,10,OUTPUT+DOWNSTREAM,-11.14159046826152,
phase6v2-r05-output-load-control-a01,D4-SM,11,INPUT+OUTPUT,-11.179419351087882,
phase6v2-r05-input-medium-a01,D4-SM,1,NONE,0,0.08487365771733368
phase6v2-r05-input-medium-a01,D4-SM,2,INPUT,-0.08487365771733368,
phase6v2-r05-input-medium-a01,D4-SM,3,DOWNSTREAM,-0.32429555137935867,
phase6v2-r05-input-medium-a01,D4-SM,4,LOAD,-0.397265828425562,
phase6v2-r05-input-medium-a01,D4-SM,5,INPUT+DOWNSTREAM,-0.40916920909669235,
phase6v2-r05-input-medium-a01,D4-SM,6,INPUT+LOAD,-0.4821394861428957,
phase6v2-r05-input-medium-a01,D4-SM,7,LOAD+DOWNSTREAM,-0.7215613798049207,
phase6v2-r05-input-medium-a01,D4-SM,8,OUTPUT,-3.0157786140152023,
phase6v2-r05-input-medium-a01,D4-SM,9,INPUT+OUTPUT,-3.100652271732536,
phase6v2-r05-input-medium-a01,D4-SM,10,OUTPUT+DOWNSTREAM,-3.340074165394561,
phase6v2-r05-input-medium-a01,D4-SM,11,OUTPUT+LOAD,-3.413044442440764,
phase6v2-r05-output-control-a01,D4-SM,1,NONE,0,0.02912831038719954
phase6v2-r05-output-control-a01,D4-SM,2,INPUT,-0.02912831038719954,
phase6v2-r05-output-control-a01,D4-SM,3,DOWNSTREAM,-0.08511083882416526,
phase6v2-r05-output-control-a01,D4-SM,4,INPUT+DOWNSTREAM,-0.1142391492113648,
phase6v2-r05-output-control-a01,D4-SM,5,LOAD,-1.7069488419384755,
phase6v2-r05-output-control-a01,D4-SM,6,INPUT+LOAD,-1.736077152325675,
phase6v2-r05-output-control-a01,D4-SM,7,LOAD+DOWNSTREAM,-1.7920596807626408,
phase6v2-r05-output-control-a01,D4-SM,8,OUTPUT,-2.0002374034802886,
phase6v2-r05-output-control-a01,D4-SM,9,INPUT+OUTPUT,-2.029365713867488,
phase6v2-r05-output-control-a01,D4-SM,10,OUTPUT+DOWNSTREAM,-2.0853482423044536,
phase6v2-r05-output-control-a01,D4-SM,11,OUTPUT+LOAD,-3.707186245418764,
phase6v2-r05-baseline-a01,D4-SM,1,NONE,0,0.03126904749954129
phase6v2-r05-baseline-a01,D4-SM,2,INPUT,-0.03126904749954129,
phase6v2-r05-baseline-a01,D4-SM,3,DOWNSTREAM,-0.08919211955543804,
phase6v2-r05-baseline-a01,D4-SM,4,INPUT+DOWNSTREAM,-0.12046116705497933,
phase6v2-r05-baseline-a01,D4-SM,5,LOAD,-1.192330441705642,
phase6v2-r05-baseline-a01,D4-SM,6,INPUT+LOAD,-1.2235994892051831,
phase6v2-r05-baseline-a01,D4-SM,7,LOAD+DOWNSTREAM,-1.28152256126108,
phase6v2-r05-baseline-a01,D4-SM,8,OUTPUT,-2.881588824298297,
phase6v2-r05-baseline-a01,D4-SM,9,INPUT+OUTPUT,-2.912857871797838,
phase6v2-r05-baseline-a01,D4-SM,10,OUTPUT+DOWNSTREAM,-2.970780943853735,
phase6v2-r05-baseline-a01,D4-SM,11,OUTPUT+LOAD,-4.073919266003939,
phase6v2-r05-input-load-a01,D4-SM,1,OUTPUT+LOAD,11.501209538426703,6.530940238851269
phase6v2-r05-input-load-a01,D4-SM,2,LOAD,4.970269299575435,
phase6v2-r05-input-load-a01,D4-SM,3,LOAD+DOWNSTREAM,1.926079892555589,
phase6v2-r05-input-load-a01,D4-SM,4,INPUT+LOAD,-0.4543790796550766,
phase6v2-r05-input-load-a01,D4-SM,5,OUTPUT,-4.970269299575435,
phase6v2-r05-input-load-a01,D4-SM,6,OUTPUT+DOWNSTREAM,-8.014458706595281,
phase6v2-r05-input-load-a01,D4-SM,7,INPUT+OUTPUT,-10.394917678805946,
phase6v2-r05-input-load-a01,D4-SM,8,NONE,-11.501209538426703,
phase6v2-r05-input-load-a01,D4-SM,9,DOWNSTREAM,-14.54539894544655,
phase6v2-r05-input-load-a01,D4-SM,10,INPUT,-16.925857917657215,
phase6v2-r05-input-load-a01,D4-SM,11,INPUT+DOWNSTREAM,-19.97004732467706,
phase6v2-r05-downstream-medium-a01,D4-SM,1,DOWNSTREAM,11.063126718096784,0.26126549746419236
phase6v2-r05-downstream-medium-a01,D4-SM,2,INPUT+DOWNSTREAM,10.801861220632592,
phase6v2-r05-downstream-medium-a01,D4-SM,3,LOAD+DOWNSTREAM,10.50655149864499,
phase6v2-r05-downstream-medium-a01,D4-SM,4,OUTPUT+DOWNSTREAM,8.39555589224419,
phase6v2-r05-downstream-medium-a01,D4-SM,5,NONE,-11.063126718096784,
phase6v2-r05-downstream-medium-a01,D4-SM,6,INPUT,-11.324392215560977,
phase6v2-r05-downstream-medium-a01,D4-SM,7,LOAD,-11.619701937548578,
phase6v2-r05-downstream-medium-a01,D4-SM,8,INPUT+LOAD,-11.88096743501277,
phase6v2-r05-downstream-medium-a01,D4-SM,9,OUTPUT,-13.730697543949379,
phase6v2-r05-downstream-medium-a01,D4-SM,10,INPUT+OUTPUT,-13.991963041413571,
phase6v2-r05-downstream-medium-a01,D4-SM,11,OUTPUT+LOAD,-14.287272763401173,
phase6v2-r05-load-medium-a01,D4-SM,1,LOAD,9.748546430752706,0.1753071788269569
phase6v2-r05-load-medium-a01,D4-SM,2,OUTPUT+LOAD,9.573239251925749,
phase6v2-r05-load-medium-a01,D4-SM,3,LOAD+DOWNSTREAM,7.864480744734866,
phase6v2-r05-load-medium-a01,D4-SM,4,INPUT+LOAD,6.950601960607444,
phase6v2-r05-load-medium-a01,D4-SM,5,NONE,-9.748546430752706,
phase6v2-r05-load-medium-a01,D4-SM,6,OUTPUT,-9.923853609579663,
phase6v2-r05-load-medium-a01,D4-SM,7,DOWNSTREAM,-11.632612116770545,
phase6v2-r05-load-medium-a01,D4-SM,8,OUTPUT+DOWNSTREAM,-11.807919295597502,
phase6v2-r05-load-medium-a01,D4-SM,9,INPUT,-12.546490900897968,
phase6v2-r05-load-medium-a01,D4-SM,10,INPUT+OUTPUT,-12.721798079724923,
phase6v2-r05-load-medium-a01,D4-SM,11,INPUT+DOWNSTREAM,-14.430556586915806,
phase6v2-r05-output-medium-a01,D4-SM,1,OUTPUT,1.462768488348789,0.0067077068885383895
phase6v2-r05-output-medium-a01,D4-SM,2,OUTPUT+LOAD,1.4560607814602506,
phase6v2-r05-output-medium-a01,D4-SM,3,INPUT+OUTPUT,0.8208339000690833,
phase6v2-r05-output-medium-a01,D4-SM,4,OUTPUT+DOWNSTREAM,0.5620778863429591,
phase6v2-r05-output-medium-a01,D4-SM,5,NONE,-1.462768488348789,
phase6v2-r05-output-medium-a01,D4-SM,6,LOAD,-1.4694761952373274,
phase6v2-r05-output-medium-a01,D4-SM,7,INPUT,-2.104703076628495,
phase6v2-r05-output-medium-a01,D4-SM,8,INPUT+LOAD,-2.111410783517033,
phase6v2-r05-output-medium-a01,D4-SM,9,DOWNSTREAM,-2.363459090354619,
phase6v2-r05-output-medium-a01,D4-SM,10,LOAD+DOWNSTREAM,-2.370166797243157,
phase6v2-r05-output-medium-a01,D4-SM,11,INPUT+DOWNSTREAM,-3.0053936786343245,
phase6v2-r05-output-load-a01,D4-SM,1,OUTPUT+LOAD,11.992960525015063,8.803766729780508
phase6v2-r05-output-load-a01,D4-SM,2,LOAD,3.189193795234555,
phase6v2-r05-output-load-a01,D4-SM,3,LOAD+DOWNSTREAM,-0.0723553828180945,
phase6v2-r05-output-load-a01,D4-SM,4,INPUT+LOAD,-2.4145260566898603,
phase6v2-r05-output-load-a01,D4-SM,5,OUTPUT,-3.189193795234555,
phase6v2-r05-output-load-a01,D4-SM,6,OUTPUT+DOWNSTREAM,-6.450742973287205,
phase6v2-r05-output-load-a01,D4-SM,7,INPUT+OUTPUT,-8.79291364715897,
phase6v2-r05-output-load-a01,D4-SM,8,NONE,-11.992960525015063,
phase6v2-r05-output-load-a01,D4-SM,9,DOWNSTREAM,-15.254509703067711,
phase6v2-r05-output-load-a01,D4-SM,10,INPUT,-17.596680376939478,
phase6v2-r05-output-load-a01,D4-SM,11,INPUT+DOWNSTREAM,-20.85822955499213,
phase6v2-r05-output-downstream-a01,D4-SMT,1,OUTPUT+DOWNSTREAM,9.325994080798916,6.021343385460539
phase6v2-r05-output-downstream-a01,D4-SMT,2,LOAD+DOWNSTREAM,3.3046506953383767,
phase6v2-r05-output-downstream-a01,D4-SMT,3,DOWNSTREAM,1.7723169943561325,
phase6v2-r05-output-downstream-a01,D4-SMT,4,INPUT+DOWNSTREAM,1.1002038507436014,
phase6v2-r05-output-downstream-a01,D4-SMT,5,OUTPUT+LOAD,-1.7723169943561325,
phase6v2-r05-output-downstream-a01,D4-SMT,6,OUTPUT,-3.3046506953383767,
phase6v2-r05-output-downstream-a01,D4-SMT,7,INPUT+OUTPUT,-3.9767638389509083,
phase6v2-r05-output-downstream-a01,D4-SMT,8,LOAD,-9.325994080798916,
phase6v2-r05-output-downstream-a01,D4-SMT,9,INPUT+LOAD,-9.998107224411447,
phase6v2-r05-output-downstream-a01,D4-SMT,10,NONE,-10.85832778178116,
phase6v2-r05-output-downstream-a01,D4-SMT,11,INPUT,-11.530440925393691,
phase6v2-r05-input-downstream-a01,D4-SMT,1,DOWNSTREAM,6.6345538771794175,0.8723612395443086
phase6v2-r05-input-downstream-a01,D4-SMT,2,INPUT+DOWNSTREAM,5.762192637635109,
phase6v2-r05-input-downstream-a01,D4-SMT,3,LOAD+DOWNSTREAM,5.305862805036572,
phase6v2-r05-input-downstream-a01,D4-SMT,4,OUTPUT+DOWNSTREAM,4.75866783488655,
phase6v2-r05-input-downstream-a01,D4-SMT,5,NONE,-6.6345538771794175,
phase6v2-r05-input-downstream-a01,D4-SMT,6,INPUT,-7.506915116723726,
phase6v2-r05-input-downstream-a01,D4-SMT,7,LOAD,-7.963244949322263,
phase6v2-r05-input-downstream-a01,D4-SMT,8,OUTPUT,-8.510439919472285,
phase6v2-r05-input-downstream-a01,D4-SMT,9,INPUT+LOAD,-8.83560618886657,
phase6v2-r05-input-downstream-a01,D4-SMT,10,INPUT+OUTPUT,-9.382801159016594,
phase6v2-r05-input-downstream-a01,D4-SMT,11,OUTPUT+LOAD,-9.83913099161513,
phase6v2-r05-load-downstream-a01,D4-SMT,1,LOAD+DOWNSTREAM,23.498445977960884,17.31430091418028
phase6v2-r05-load-downstream-a01,D4-SMT,2,OUTPUT+LOAD,6.184145063780605,
phase6v2-r05-load-downstream-a01,D4-SMT,3,LOAD,5.8981106880846745,
phase6v2-r05-load-downstream-a01,D4-SMT,4,INPUT+LOAD,3.4346711141742183,
phase6v2-r05-load-downstream-a01,D4-SMT,5,OUTPUT+DOWNSTREAM,-5.8981106880846745,
phase6v2-r05-load-downstream-a01,D4-SMT,6,DOWNSTREAM,-6.184145063780605,
phase6v2-r05-load-downstream-a01,D4-SMT,7,INPUT+DOWNSTREAM,-8.647584637691061,
phase6v2-r05-load-downstream-a01,D4-SMT,8,OUTPUT,-23.498445977960884,
phase6v2-r05-load-downstream-a01,D4-SMT,9,NONE,-23.784480353656818,
phase6v2-r05-load-downstream-a01,D4-SMT,10,INPUT+OUTPUT,-25.96188555187134,
phase6v2-r05-load-downstream-a01,D4-SMT,11,INPUT,-26.247919927567274,
phase6v2-r05-output-downstream-control-a01,D4-SMT,1,DOWNSTREAM,9.327888270617564,0.5678696639163086
phase6v2-r05-output-downstream-control-a01,D4-SMT,2,INPUT+DOWNSTREAM,8.760018606701255,
phase6v2-r05-output-downstream-control-a01,D4-SMT,3,OUTPUT+DOWNSTREAM,8.444998488946567,
phase6v2-r05-output-downstream-control-a01,D4-SMT,4,LOAD+DOWNSTREAM,7.396764087252626,
phase6v2-r05-output-downstream-control-a01,D4-SMT,5,NONE,-9.327888270617564,
phase6v2-r05-output-downstream-control-a01,D4-SMT,6,INPUT,-9.895757934533872,
phase6v2-r05-output-downstream-control-a01,D4-SMT,7,OUTPUT,-10.21077805228856,
phase6v2-r05-output-downstream-control-a01,D4-SMT,8,INPUT+OUTPUT,-10.778647716204869,
phase6v2-r05-output-downstream-control-a01,D4-SMT,9,LOAD,-11.259012453982502,
phase6v2-r05-output-downstream-control-a01,D4-SMT,10,INPUT+LOAD,-11.826882117898812,
phase6v2-r05-output-downstream-control-a01,D4-SMT,11,OUTPUT+LOAD,-12.141902235653498,
phase6v2-r05-output-load-control-a01,D4-SMT,1,LOAD,14.185146585193158,1.3048868263270013
phase6v2-r05-output-load-control-a01,D4-SMT,2,LOAD+DOWNSTREAM,12.880259758866156,
phase6v2-r05-output-load-control-a01,D4-SMT,3,OUTPUT+LOAD,12.608290520115364,
phase6v2-r05-output-load-control-a01,D4-SMT,4,INPUT+LOAD,11.876917313132143,
phase6v2-r05-output-load-control-a01,D4-SMT,5,NONE,-14.185146585193158,
phase6v2-r05-output-load-control-a01,D4-SMT,6,DOWNSTREAM,-15.490033411520159,
phase6v2-r05-output-load-control-a01,D4-SMT,7,OUTPUT,-15.76200265027095,
phase6v2-r05-output-load-control-a01,D4-SMT,8,INPUT,-16.493375857254172,
phase6v2-r05-output-load-control-a01,D4-SMT,9,OUTPUT+DOWNSTREAM,-17.06688947659795,
phase6v2-r05-output-load-control-a01,D4-SMT,10,INPUT+DOWNSTREAM,-17.79826268358117,
phase6v2-r05-output-load-control-a01,D4-SMT,11,INPUT+OUTPUT,-18.070231922331967,
phase6v2-r05-input-medium-a01,D4-SMT,1,NONE,0,0.16673460026910858
phase6v2-r05-input-medium-a01,D4-SMT,2,INPUT,-0.16673460026910858,
phase6v2-r05-input-medium-a01,D4-SMT,3,DOWNSTREAM,-0.8285556076388078,
phase6v2-r05-input-medium-a01,D4-SMT,4,INPUT+DOWNSTREAM,-0.9952902079079163,
phase6v2-r05-input-medium-a01,D4-SMT,5,LOAD,-1.3471092728746763,
phase6v2-r05-input-medium-a01,D4-SMT,6,INPUT+LOAD,-1.5138438731437849,
phase6v2-r05-input-medium-a01,D4-SMT,7,OUTPUT,-1.9188642768213073,
phase6v2-r05-input-medium-a01,D4-SMT,8,INPUT+OUTPUT,-2.085598877090416,
phase6v2-r05-input-medium-a01,D4-SMT,9,LOAD+DOWNSTREAM,-2.175664880513484,
phase6v2-r05-input-medium-a01,D4-SMT,10,OUTPUT+DOWNSTREAM,-2.747419884460115,
phase6v2-r05-input-medium-a01,D4-SMT,11,OUTPUT+LOAD,-3.2659735496959836,
phase6v2-r05-output-control-a01,D4-SMT,1,DOWNSTREAM,0.1502574591421343,0.08387488941301746
phase6v2-r05-output-control-a01,D4-SMT,2,INPUT+DOWNSTREAM,0.06638256972911682,
phase6v2-r05-output-control-a01,D4-SMT,3,NONE,-0.1502574591421343,
phase6v2-r05-output-control-a01,D4-SMT,4,INPUT,-0.23413234855515175,
phase6v2-r05-output-control-a01,D4-SMT,5,OUTPUT+DOWNSTREAM,-0.6924143115175827,
phase6v2-r05-output-control-a01,D4-SMT,6,OUTPUT,-0.9929292298018513,
phase6v2-r05-output-control-a01,D4-SMT,7,INPUT+OUTPUT,-1.0768041192148687,
phase6v2-r05-output-control-a01,D4-SMT,8,LOAD+DOWNSTREAM,-1.5689142305862207,
phase6v2-r05-output-control-a01,D4-SMT,9,LOAD,-1.8694291488704895,
phase6v2-r05-output-control-a01,D4-SMT,10,INPUT+LOAD,-1.9533040382835067,
phase6v2-r05-output-control-a01,D4-SMT,11,OUTPUT+LOAD,-2.7121009195302066,
phase6v2-r05-baseline-a01,D4-SMT,1,NONE,0,0.035855279868903134
phase6v2-r05-baseline-a01,D4-SMT,2,INPUT,-0.035855279868903134,
phase6v2-r05-baseline-a01,D4-SMT,3,DOWNSTREAM,-0.6632526577191744,
phase6v2-r05-baseline-a01,D4-SMT,4,INPUT+DOWNSTREAM,-0.6991079375880775,
phase6v2-r05-baseline-a01,D4-SMT,5,OUTPUT,-1.7290046369940897,
phase6v2-r05-baseline-a01,D4-SMT,6,LOAD,-1.7583332823088846,
phase6v2-r05-baseline-a01,D4-SMT,7,INPUT+OUTPUT,-1.7648599168629928,
phase6v2-r05-baseline-a01,D4-SMT,8,INPUT+LOAD,-1.7941885621777878,
phase6v2-r05-baseline-a01,D4-SMT,9,OUTPUT+DOWNSTREAM,-2.3922572947132643,
phase6v2-r05-baseline-a01,D4-SMT,10,LOAD+DOWNSTREAM,-2.4215859400280593,
phase6v2-r05-baseline-a01,D4-SMT,11,OUTPUT+LOAD,-3.4873379193029743,
phase6v2-r05-input-load-a01,D4-SMT,1,OUTPUT+LOAD,17.17059040057509,5.857415014227506
phase6v2-r05-input-load-a01,D4-SMT,2,LOAD,11.313175386347584,
phase6v2-r05-input-load-a01,D4-SMT,3,LOAD+DOWNSTREAM,10.305650417267906,
phase6v2-r05-input-load-a01,D4-SMT,4,INPUT+LOAD,8.82397294863047,
phase6v2-r05-input-load-a01,D4-SMT,5,OUTPUT,-11.313175386347584,
phase6v2-r05-input-load-a01,D4-SMT,6,OUTPUT+DOWNSTREAM,-12.32070035542726,
phase6v2-r05-input-load-a01,D4-SMT,7,INPUT+OUTPUT,-13.802377824064697,
phase6v2-r05-input-load-a01,D4-SMT,8,NONE,-17.17059040057509,
phase6v2-r05-input-load-a01,D4-SMT,9,DOWNSTREAM,-18.178115369654765,
phase6v2-r05-input-load-a01,D4-SMT,10,INPUT,-19.659792838292205,
phase6v2-r05-input-load-a01,D4-SMT,11,INPUT+DOWNSTREAM,-20.66731780737188,
phase6v2-r05-downstream-medium-a01,D4-SMT,1,DOWNSTREAM,7.455745551073906,0.5490203799538609
phase6v2-r05-downstream-medium-a01,D4-SMT,2,INPUT+DOWNSTREAM,6.906725171120045,
phase6v2-r05-downstream-medium-a01,D4-SMT,3,LOAD+DOWNSTREAM,5.8678085732327245,
phase6v2-r05-downstream-medium-a01,D4-SMT,4,OUTPUT+DOWNSTREAM,5.498494384420476,
phase6v2-r05-downstream-medium-a01,D4-SMT,5,NONE,-7.455745551073906,
phase6v2-r05-downstream-medium-a01,D4-SMT,6,INPUT,-8.004765931027768,
phase6v2-r05-downstream-medium-a01,D4-SMT,7,LOAD,-9.043682528915088,
phase6v2-r05-downstream-medium-a01,D4-SMT,8,OUTPUT,-9.412996717727335,
phase6v2-r05-downstream-medium-a01,D4-SMT,9,INPUT+LOAD,-9.592702908868949,
phase6v2-r05-downstream-medium-a01,D4-SMT,10,INPUT+OUTPUT,-9.962017097681198,
phase6v2-r05-downstream-medium-a01,D4-SMT,11,OUTPUT+LOAD,-11.000933695568516,
phase6v2-r05-load-medium-a01,D4-SMT,1,LOAD,16.403851970381176,0.2002375416164348
phase6v2-r05-load-medium-a01,D4-SMT,2,LOAD+DOWNSTREAM,16.20361442876474,
phase6v2-r05-load-medium-a01,D4-SMT,3,OUTPUT+LOAD,15.979462740963791,
phase6v2-r05-load-medium-a01,D4-SMT,4,INPUT+LOAD,13.994898210516693,
phase6v2-r05-load-medium-a01,D4-SMT,5,NONE,-16.403851970381176,
phase6v2-r05-load-medium-a01,D4-SMT,6,DOWNSTREAM,-16.60408951199761,
phase6v2-r05-load-medium-a01,D4-SMT,7,OUTPUT,-16.82824119979856,
phase6v2-r05-load-medium-a01,D4-SMT,8,OUTPUT+DOWNSTREAM,-17.028478741414997,
phase6v2-r05-load-medium-a01,D4-SMT,9,INPUT,-18.812805730245657,
phase6v2-r05-load-medium-a01,D4-SMT,10,INPUT+DOWNSTREAM,-19.013043271862095,
phase6v2-r05-load-medium-a01,D4-SMT,11,INPUT+OUTPUT,-19.237194959663043,
phase6v2-r05-output-medium-a01,D4-SMT,1,OUTPUT+LOAD,1.433099647576329,0.6814982513675774
phase6v2-r05-output-medium-a01,D4-SMT,2,OUTPUT,0.7516013962087515,
phase6v2-r05-output-medium-a01,D4-SMT,3,OUTPUT+DOWNSTREAM,0.26460708248874587,
phase6v2-r05-output-medium-a01,D4-SMT,4,INPUT+OUTPUT,0.13051535361240818,
phase6v2-r05-output-medium-a01,D4-SMT,5,LOAD,-0.7516013962087515,
phase6v2-r05-output-medium-a01,D4-SMT,6,LOAD+DOWNSTREAM,-1.2385957099287572,
phase6v2-r05-output-medium-a01,D4-SMT,7,INPUT+LOAD,-1.372687438805095,
phase6v2-r05-output-medium-a01,D4-SMT,8,NONE,-1.433099647576329,
phase6v2-r05-output-medium-a01,D4-SMT,9,DOWNSTREAM,-1.9200939612963346,
phase6v2-r05-output-medium-a01,D4-SMT,10,INPUT,-2.0541856901726723,
phase6v2-r05-output-medium-a01,D4-SMT,11,INPUT+DOWNSTREAM,-2.541180003892678,
phase6v2-r05-output-load-a01,D4-SMT,1,OUTPUT+LOAD,16.796303129684098,6.950655333673527
phase6v2-r05-output-load-a01,D4-SMT,2,LOAD,9.84564779601057,
phase6v2-r05-output-load-a01,D4-SMT,3,LOAD+DOWNSTREAM,8.286435710041841,
phase6v2-r05-output-load-a01,D4-SMT,4,INPUT+LOAD,7.406035494659367,
phase6v2-r05-output-load-a01,D4-SMT,5,OUTPUT,-9.84564779601057,
phase6v2-r05-output-load-a01,D4-SMT,6,OUTPUT+DOWNSTREAM,-11.4048598819793,
phase6v2-r05-output-load-a01,D4-SMT,7,INPUT+OUTPUT,-12.285260097361775,
phase6v2-r05-output-load-a01,D4-SMT,8,NONE,-16.796303129684098,
phase6v2-r05-output-load-a01,D4-SMT,9,DOWNSTREAM,-18.35551521565283,
phase6v2-r05-output-load-a01,D4-SMT,10,INPUT,-19.235915431035302,
phase6v2-r05-output-load-a01,D4-SMT,11,INPUT+DOWNSTREAM,-20.795127517004033,
phase6v2-r05-output-downstream-a01,D4-FULL,1,OUTPUT+DOWNSTREAM,8.1880406308045,5.326719905219836
phase6v2-r05-output-downstream-a01,D4-FULL,2,DOWNSTREAM,2.861320725584664,
phase6v2-r05-output-downstream-a01,D4-FULL,3,INPUT+DOWNSTREAM,2.4532571858891514,
phase6v2-r05-output-downstream-a01,D4-FULL,4,LOAD+DOWNSTREAM,1.4949915869357882,
phase6v2-r05-output-downstream-a01,D4-FULL,5,OUTPUT,-2.861320725584664,
phase6v2-r05-output-downstream-a01,D4-FULL,6,INPUT+OUTPUT,-3.269384265280177,
phase6v2-r05-output-downstream-a01,D4-FULL,7,OUTPUT+LOAD,-4.227649864233539,
phase6v2-r05-output-downstream-a01,D4-FULL,8,NONE,-8.1880406308045,
phase6v2-r05-output-downstream-a01,D4-FULL,9,INPUT,-8.596104170500013,
phase6v2-r05-output-downstream-a01,D4-FULL,10,LOAD,-9.554369769453375,
phase6v2-r05-output-downstream-a01,D4-FULL,11,INPUT+LOAD,-9.962433309148889,
phase6v2-r05-input-downstream-a01,D4-FULL,1,DOWNSTREAM,5.866527394695055,0.21127301972445434
phase6v2-r05-input-downstream-a01,D4-FULL,2,LOAD+DOWNSTREAM,5.655254374970601,
phase6v2-r05-input-downstream-a01,D4-FULL,3,INPUT+DOWNSTREAM,5.601587532885585,
phase6v2-r05-input-downstream-a01,D4-FULL,4,OUTPUT+DOWNSTREAM,2.481259187327608,
phase6v2-r05-input-downstream-a01,D4-FULL,5,NONE,-5.866527394695055,
phase6v2-r05-input-downstream-a01,D4-FULL,6,LOAD,-6.077800414419509,
phase6v2-r05-input-downstream-a01,D4-FULL,7,INPUT,-6.131467256504525,
phase6v2-r05-input-downstream-a01,D4-FULL,8,INPUT+LOAD,-6.342740276228979,
phase6v2-r05-input-downstream-a01,D4-FULL,9,OUTPUT,-9.2517956020625,
phase6v2-r05-input-downstream-a01,D4-FULL,10,OUTPUT+LOAD,-9.463068621786956,
phase6v2-r05-input-downstream-a01,D4-FULL,11,INPUT+OUTPUT,-9.51673546387197,
phase6v2-r05-load-downstream-a01,D4-FULL,1,LOAD+DOWNSTREAM,15.364558811382242,12.272113708230314
phase6v2-r05-load-downstream-a01,D4-FULL,2,OUTPUT+LOAD,3.0924451031519284,
phase6v2-r05-load-downstream-a01,D4-FULL,3,LOAD,2.836439187704965,
phase6v2-r05-load-downstream-a01,D4-FULL,4,OUTPUT+DOWNSTREAM,-2.836439187704965,
phase6v2-r05-load-downstream-a01,D4-FULL,5,DOWNSTREAM,-3.0924451031519284,
phase6v2-r05-load-downstream-a01,D4-FULL,6,INPUT+LOAD,-3.456540205636843,
phase6v2-r05-load-downstream-a01,D4-FULL,7,INPUT+DOWNSTREAM,-9.385424496493737,
phase6v2-r05-load-downstream-a01,D4-FULL,8,OUTPUT,-15.364558811382242,
phase6v2-r05-load-downstream-a01,D4-FULL,9,NONE,-15.620564726829205,
phase6v2-r05-load-downstream-a01,D4-FULL,10,INPUT+OUTPUT,-21.657538204724048,
phase6v2-r05-load-downstream-a01,D4-FULL,11,INPUT,-21.91354412017101,
phase6v2-r05-output-downstream-control-a01,D4-FULL,1,DOWNSTREAM,7.002833626689623,0.1733096228286497
phase6v2-r05-output-downstream-control-a01,D4-FULL,2,INPUT+DOWNSTREAM,6.829524003860973,
phase6v2-r05-output-downstream-control-a01,D4-FULL,3,OUTPUT+DOWNSTREAM,5.159930152916461,
phase6v2-r05-output-downstream-control-a01,D4-FULL,4,LOAD+DOWNSTREAM,3.688378342786245,
phase6v2-r05-output-downstream-control-a01,D4-FULL,5,NONE,-7.002833626689623,
phase6v2-r05-output-downstream-control-a01,D4-FULL,6,INPUT,-7.176143249518272,
phase6v2-r05-output-downstream-control-a01,D4-FULL,7,OUTPUT,-8.845737100462784,
phase6v2-r05-output-downstream-control-a01,D4-FULL,8,INPUT+OUTPUT,-9.019046723291435,
phase6v2-r05-output-downstream-control-a01,D4-FULL,9,LOAD,-10.317288910593,
phase6v2-r05-output-downstream-control-a01,D4-FULL,10,INPUT+LOAD,-10.49059853342165,
phase6v2-r05-output-downstream-control-a01,D4-FULL,11,OUTPUT+LOAD,-12.160192384366162,
phase6v2-r05-output-load-control-a01,D4-FULL,1,LOAD,7.516107905612491,0.7826394272306967
phase6v2-r05-output-load-control-a01,D4-FULL,2,OUTPUT+LOAD,6.733468478381794,
phase6v2-r05-output-load-control-a01,D4-FULL,3,INPUT+LOAD,5.326678807251485,
phase6v2-r05-output-load-control-a01,D4-FULL,4,LOAD+DOWNSTREAM,4.250110485493491,
phase6v2-r05-output-load-control-a01,D4-FULL,5,NONE,-7.516107905612491,
phase6v2-r05-output-load-control-a01,D4-FULL,6,OUTPUT,-8.298747332843188,
phase6v2-r05-output-load-control-a01,D4-FULL,7,INPUT,-9.705537003973497,
phase6v2-r05-output-load-control-a01,D4-FULL,8,INPUT+OUTPUT,-10.488176431204193,
phase6v2-r05-output-load-control-a01,D4-FULL,9,DOWNSTREAM,-10.78210532573149,
phase6v2-r05-output-load-control-a01,D4-FULL,10,OUTPUT+DOWNSTREAM,-11.564744752962188,
phase6v2-r05-output-load-control-a01,D4-FULL,11,INPUT+DOWNSTREAM,-12.971534424092496,
phase6v2-r05-input-medium-a01,D4-FULL,1,NONE,0,0.05621321888175035
phase6v2-r05-input-medium-a01,D4-FULL,2,INPUT,-0.05621321888175035,
phase6v2-r05-input-medium-a01,D4-FULL,3,LOAD,-0.392139623287155,
phase6v2-r05-input-medium-a01,D4-FULL,4,INPUT+LOAD,-0.44835284216890536,
phase6v2-r05-input-medium-a01,D4-FULL,5,DOWNSTREAM,-0.8734384284122799,
phase6v2-r05-input-medium-a01,D4-FULL,6,INPUT+DOWNSTREAM,-0.9296516472940303,
phase6v2-r05-input-medium-a01,D4-FULL,7,LOAD+DOWNSTREAM,-1.265578051699435,
phase6v2-r05-input-medium-a01,D4-FULL,8,OUTPUT,-3.7560238309838194,
phase6v2-r05-input-medium-a01,D4-FULL,9,INPUT+OUTPUT,-3.81223704986557,
phase6v2-r05-input-medium-a01,D4-FULL,10,OUTPUT+LOAD,-4.148163454270975,
phase6v2-r05-input-medium-a01,D4-FULL,11,OUTPUT+DOWNSTREAM,-4.6294622593960995,
phase6v2-r05-output-control-a01,D4-FULL,1,NONE,0,0.020679059162109326
phase6v2-r05-output-control-a01,D4-FULL,2,INPUT,-0.020679059162109326,
phase6v2-r05-output-control-a01,D4-FULL,3,DOWNSTREAM,-0.5448734200477041,
phase6v2-r05-output-control-a01,D4-FULL,4,INPUT+DOWNSTREAM,-0.5655524792098134,
phase6v2-r05-output-control-a01,D4-FULL,5,OUTPUT,-1.873310420057641,
phase6v2-r05-output-control-a01,D4-FULL,6,INPUT+OUTPUT,-1.8939894792197502,
phase6v2-r05-output-control-a01,D4-FULL,7,LOAD,-2.0153866793424937,
phase6v2-r05-output-control-a01,D4-FULL,8,INPUT+LOAD,-2.036065738504603,
phase6v2-r05-output-control-a01,D4-FULL,9,OUTPUT+DOWNSTREAM,-2.4181838401053453,
phase6v2-r05-output-control-a01,D4-FULL,10,LOAD+DOWNSTREAM,-2.560260099390198,
phase6v2-r05-output-control-a01,D4-FULL,11,OUTPUT+LOAD,-3.888697099400135,
phase6v2-r05-baseline-a01,D4-FULL,1,NONE,0,0.02154802046846993
phase6v2-r05-baseline-a01,D4-FULL,2,INPUT,-0.02154802046846993,
phase6v2-r05-baseline-a01,D4-FULL,3,DOWNSTREAM,-0.8195852425442477,
phase6v2-r05-baseline-a01,D4-FULL,4,INPUT+DOWNSTREAM,-0.8411332630127176,
phase6v2-r05-baseline-a01,D4-FULL,5,LOAD,-0.8642971961950597,
phase6v2-r05-baseline-a01,D4-FULL,6,INPUT+LOAD,-0.8858452166635297,
phase6v2-r05-baseline-a01,D4-FULL,7,LOAD+DOWNSTREAM,-1.6838824387393074,
phase6v2-r05-baseline-a01,D4-FULL,8,OUTPUT,-3.6753646361078047,
phase6v2-r05-baseline-a01,D4-FULL,9,INPUT+OUTPUT,-3.6969126565762744,
phase6v2-r05-baseline-a01,D4-FULL,10,OUTPUT+DOWNSTREAM,-4.4949498786520525,
phase6v2-r05-baseline-a01,D4-FULL,11,OUTPUT+LOAD,-4.539661832302865,
phase6v2-r05-input-load-a01,D4-FULL,1,OUTPUT+LOAD,11.079665506989835,3.205615345226555
phase6v2-r05-input-load-a01,D4-FULL,2,LOAD,7.8740501617632805,
phase6v2-r05-input-load-a01,D4-FULL,3,LOAD+DOWNSTREAM,3.287799402249163,
phase6v2-r05-input-load-a01,D4-FULL,4,INPUT+LOAD,-3.9821227630915588,
phase6v2-r05-input-load-a01,D4-FULL,5,OUTPUT,-7.8740501617632805,
phase6v2-r05-input-load-a01,D4-FULL,6,NONE,-11.079665506989835,
phase6v2-r05-input-load-a01,D4-FULL,7,OUTPUT+DOWNSTREAM,-12.460300921277398,
phase6v2-r05-input-load-a01,D4-FULL,8,DOWNSTREAM,-15.665916266503952,
phase6v2-r05-input-load-a01,D4-FULL,9,INPUT+OUTPUT,-19.730223086618118,
phase6v2-r05-input-load-a01,D4-FULL,10,INPUT,-22.935838431844672,
phase6v2-r05-input-load-a01,D4-FULL,11,INPUT+DOWNSTREAM,-27.522089191358788,
phase6v2-r05-downstream-medium-a01,D4-FULL,1,DOWNSTREAM,6.731851626059426,0.17562112436199495
phase6v2-r05-downstream-medium-a01,D4-FULL,2,INPUT+DOWNSTREAM,6.556230501697431,
phase6v2-r05-downstream-medium-a01,D4-FULL,3,LOAD+DOWNSTREAM,5.410775957622266,
phase6v2-r05-downstream-medium-a01,D4-FULL,4,OUTPUT+DOWNSTREAM,3.3591820850539555,
phase6v2-r05-downstream-medium-a01,D4-FULL,5,NONE,-6.731851626059426,
phase6v2-r05-downstream-medium-a01,D4-FULL,6,INPUT,-6.907472750421421,
phase6v2-r05-downstream-medium-a01,D4-FULL,7,LOAD,-8.052927294496588,
phase6v2-r05-downstream-medium-a01,D4-FULL,8,INPUT+LOAD,-8.228548418858582,
phase6v2-r05-downstream-medium-a01,D4-FULL,9,OUTPUT,-10.104521167064897,
phase6v2-r05-downstream-medium-a01,D4-FULL,10,INPUT+OUTPUT,-10.280142291426891,
phase6v2-r05-downstream-medium-a01,D4-FULL,11,OUTPUT+LOAD,-11.425596835502057,
phase6v2-r05-load-medium-a01,D4-FULL,1,LOAD,10.749811573124417,0.25687775373337907
phase6v2-r05-load-medium-a01,D4-FULL,2,OUTPUT+LOAD,10.492933819391038,
phase6v2-r05-load-medium-a01,D4-FULL,3,LOAD+DOWNSTREAM,7.0505548780802005,
phase6v2-r05-load-medium-a01,D4-FULL,4,INPUT+LOAD,5.238255811191754,
phase6v2-r05-load-medium-a01,D4-FULL,5,NONE,-10.749811573124417,
phase6v2-r05-load-medium-a01,D4-FULL,6,OUTPUT,-11.006689326857796,
phase6v2-r05-load-medium-a01,D4-FULL,7,DOWNSTREAM,-14.449068268168633,
phase6v2-r05-load-medium-a01,D4-FULL,8,OUTPUT+DOWNSTREAM,-14.705946021902012,
phase6v2-r05-load-medium-a01,D4-FULL,9,INPUT,-16.26136733505708,
phase6v2-r05-load-medium-a01,D4-FULL,10,INPUT+OUTPUT,-16.518245088790458,
phase6v2-r05-load-medium-a01,D4-FULL,11,INPUT+DOWNSTREAM,-19.960624030101293,
phase6v2-r05-output-medium-a01,D4-FULL,1,OUTPUT,1.7231980810677263,0.4263051733928189
phase6v2-r05-output-medium-a01,D4-FULL,2,INPUT+OUTPUT,1.2968929076749074,
phase6v2-r05-output-medium-a01,D4-FULL,3,OUTPUT+LOAD,0.9423550519831321,
phase6v2-r05-output-medium-a01,D4-FULL,4,OUTPUT+DOWNSTREAM,0.15614414629197526,
phase6v2-r05-output-medium-a01,D4-FULL,5,NONE,-1.7231980810677263,
phase6v2-r05-output-medium-a01,D4-FULL,6,INPUT,-2.1495032544605452,
phase6v2-r05-output-medium-a01,D4-FULL,7,LOAD,-2.5040411101523206,
phase6v2-r05-output-medium-a01,D4-FULL,8,INPUT+LOAD,-2.9303462835451395,
phase6v2-r05-output-medium-a01,D4-FULL,9,DOWNSTREAM,-3.2902520158434774,
phase6v2-r05-output-medium-a01,D4-FULL,10,INPUT+DOWNSTREAM,-3.7165571892362963,
phase6v2-r05-output-medium-a01,D4-FULL,11,LOAD+DOWNSTREAM,-4.071095044928072,
phase6v2-r05-output-load-a01,D4-FULL,1,OUTPUT+LOAD,10.686025311003707,3.618140085076103
phase6v2-r05-output-load-a01,D4-FULL,2,LOAD,7.067885225927604,
phase6v2-r05-output-load-a01,D4-FULL,3,LOAD+DOWNSTREAM,1.1757559871310712,
phase6v2-r05-output-load-a01,D4-FULL,4,INPUT+LOAD,-5.113391075257763,
phase6v2-r05-output-load-a01,D4-FULL,5,OUTPUT,-7.067885225927604,
phase6v2-r05-output-load-a01,D4-FULL,6,NONE,-10.686025311003707,
phase6v2-r05-output-load-a01,D4-FULL,7,OUTPUT+DOWNSTREAM,-12.960014464724136,
phase6v2-r05-output-load-a01,D4-FULL,8,DOWNSTREAM,-16.57815454980024,
phase6v2-r05-output-load-a01,D4-FULL,9,INPUT+OUTPUT,-19.24916152711297,
phase6v2-r05-output-load-a01,D4-FULL,10,INPUT,-22.867301612189074,
phase6v2-r05-output-load-a01,D4-FULL,11,INPUT+DOWNSTREAM,-28.759430850985606,
phase6v2-r05-output-downstream-a01,D4-FULL,1,OUTPUT+DOWNSTREAM,9.162986184662275,7.276611012935387
phase6v2-r05-output-downstream-a01,D4-FULL,2,DOWNSTREAM,1.886375171726888,
phase6v2-r05-output-downstream-a01,D4-FULL,3,INPUT+DOWNSTREAM,0.5445862580542089,
phase6v2-r05-output-downstream-a01,D4-FULL,4,LOAD+DOWNSTREAM,0.5200460330780121,
phase6v2-r05-output-downstream-a01,D4-FULL,5,OUTPUT,-1.886375171726888,
phase6v2-r05-output-downstream-a01,D4-FULL,6,INPUT+OUTPUT,-3.228164085399567,
phase6v2-r05-output-downstream-a01,D4-FULL,7,OUTPUT+LOAD,-3.252704310375764,
phase6v2-r05-output-downstream-a01,D4-FULL,8,NONE,-9.162986184662275,
phase6v2-r05-output-downstream-a01,D4-FULL,9,INPUT,-10.504775098334953,
phase6v2-r05-output-downstream-a01,D4-FULL,10,LOAD,-10.52931532331115,
phase6v2-r05-output-downstream-a01,D4-FULL,11,INPUT+LOAD,-11.871104236983829,
phase6v2-r05-input-downstream-a01,D4-FULL,1,INPUT+DOWNSTREAM,6.272813064943871,0.812571340497632
phase6v2-r05-input-downstream-a01,D4-FULL,2,DOWNSTREAM,5.460241724446239,
phase6v2-r05-input-downstream-a01,D4-FULL,3,LOAD+DOWNSTREAM,5.248968704721785,
phase6v2-r05-input-downstream-a01,D4-FULL,4,OUTPUT+DOWNSTREAM,2.0749735170787913,
phase6v2-r05-input-downstream-a01,D4-FULL,5,INPUT,-5.460241724446239,
phase6v2-r05-input-downstream-a01,D4-FULL,6,INPUT+LOAD,-5.671514744170693,
phase6v2-r05-input-downstream-a01,D4-FULL,7,NONE,-6.272813064943871,
phase6v2-r05-input-downstream-a01,D4-FULL,8,LOAD,-6.484086084668325,
phase6v2-r05-input-downstream-a01,D4-FULL,9,INPUT+OUTPUT,-8.845509931813687,
phase6v2-r05-input-downstream-a01,D4-FULL,10,OUTPUT,-9.658081272311318,
phase6v2-r05-input-downstream-a01,D4-FULL,11,OUTPUT+LOAD,-9.869354292035773,
phase6v2-r05-load-downstream-a01,D4-FULL,1,LOAD+DOWNSTREAM,15.364558811382242,12.272113708230314
phase6v2-r05-load-downstream-a01,D4-FULL,2,OUTPUT+LOAD,3.0924451031519284,
phase6v2-r05-load-downstream-a01,D4-FULL,3,LOAD,2.836439187704965,
phase6v2-r05-load-downstream-a01,D4-FULL,4,OUTPUT+DOWNSTREAM,-2.836439187704965,
phase6v2-r05-load-downstream-a01,D4-FULL,5,DOWNSTREAM,-3.0924451031519284,
phase6v2-r05-load-downstream-a01,D4-FULL,6,INPUT+LOAD,-3.677120213212942,
phase6v2-r05-load-downstream-a01,D4-FULL,7,INPUT+DOWNSTREAM,-9.606004504069835,
phase6v2-r05-load-downstream-a01,D4-FULL,8,OUTPUT,-15.364558811382242,
phase6v2-r05-load-downstream-a01,D4-FULL,9,NONE,-15.620564726829205,
phase6v2-r05-load-downstream-a01,D4-FULL,10,INPUT+OUTPUT,-21.878118212300148,
phase6v2-r05-load-downstream-a01,D4-FULL,11,INPUT,-22.13412412774711,
phase6v2-r05-output-downstream-control-a01,D4-FULL,1,DOWNSTREAM,7.002833626689623,1.1071375013413487
phase6v2-r05-output-downstream-control-a01,D4-FULL,2,INPUT+DOWNSTREAM,5.895696125348274,
phase6v2-r05-output-downstream-control-a01,D4-FULL,3,OUTPUT+DOWNSTREAM,5.159930152916461,
phase6v2-r05-output-downstream-control-a01,D4-FULL,4,LOAD+DOWNSTREAM,3.688378342786245,
phase6v2-r05-output-downstream-control-a01,D4-FULL,5,NONE,-7.002833626689623,
phase6v2-r05-output-downstream-control-a01,D4-FULL,6,INPUT,-8.10997112803097,
phase6v2-r05-output-downstream-control-a01,D4-FULL,7,OUTPUT,-8.845737100462784,
phase6v2-r05-output-downstream-control-a01,D4-FULL,8,INPUT+OUTPUT,-9.952874601804133,
phase6v2-r05-output-downstream-control-a01,D4-FULL,9,LOAD,-10.317288910593,
phase6v2-r05-output-downstream-control-a01,D4-FULL,10,INPUT+LOAD,-11.424426411934348,
phase6v2-r05-output-downstream-control-a01,D4-FULL,11,OUTPUT+LOAD,-12.160192384366162,
phase6v2-r05-output-load-control-a01,D4-FULL,1,LOAD,7.516107905612491,0.7826394272306967
phase6v2-r05-output-load-control-a01,D4-FULL,2,OUTPUT+LOAD,6.733468478381794,
phase6v2-r05-output-load-control-a01,D4-FULL,3,INPUT+LOAD,4.3310779982741305,
phase6v2-r05-output-load-control-a01,D4-FULL,4,LOAD+DOWNSTREAM,4.250110485493491,
phase6v2-r05-output-load-control-a01,D4-FULL,5,NONE,-7.516107905612491,
phase6v2-r05-output-load-control-a01,D4-FULL,6,OUTPUT,-8.298747332843188,
phase6v2-r05-output-load-control-a01,D4-FULL,7,INPUT,-10.70113781295085,
phase6v2-r05-output-load-control-a01,D4-FULL,8,DOWNSTREAM,-10.78210532573149,
phase6v2-r05-output-load-control-a01,D4-FULL,9,INPUT+OUTPUT,-11.483777240181547,
phase6v2-r05-output-load-control-a01,D4-FULL,10,OUTPUT+DOWNSTREAM,-11.564744752962188,
phase6v2-r05-output-load-control-a01,D4-FULL,11,INPUT+DOWNSTREAM,-13.96713523306985,
phase6v2-r05-input-medium-a01,D4-FULL,1,INPUT,0.6167007677155096,0.392139623287155
phase6v2-r05-input-medium-a01,D4-FULL,2,INPUT+LOAD,0.22456114442835462,
phase6v2-r05-input-medium-a01,D4-FULL,3,INPUT+DOWNSTREAM,-0.2567376606967703,
phase6v2-r05-input-medium-a01,D4-FULL,4,NONE,-0.6167007677155096,
phase6v2-r05-input-medium-a01,D4-FULL,5,LOAD,-1.0088403910026646,
phase6v2-r05-input-medium-a01,D4-FULL,6,DOWNSTREAM,-1.4901391961277897,
phase6v2-r05-input-medium-a01,D4-FULL,7,LOAD+DOWNSTREAM,-1.8822788194149447,
phase6v2-r05-input-medium-a01,D4-FULL,8,INPUT+OUTPUT,-3.1393230632683102,
phase6v2-r05-input-medium-a01,D4-FULL,9,OUTPUT,-4.37272459869933,
phase6v2-r05-input-medium-a01,D4-FULL,10,OUTPUT+LOAD,-4.7648642219864845,
phase6v2-r05-input-medium-a01,D4-FULL,11,OUTPUT+DOWNSTREAM,-5.246163027111609,
phase6v2-r05-output-control-a01,D4-FULL,1,NONE,0,0.5448734200477041
phase6v2-r05-output-control-a01,D4-FULL,2,DOWNSTREAM,-0.5448734200477041,
phase6v2-r05-output-control-a01,D4-FULL,3,INPUT,-0.9528509665353554,
phase6v2-r05-output-control-a01,D4-FULL,4,INPUT+DOWNSTREAM,-1.4977243865830596,
phase6v2-r05-output-control-a01,D4-FULL,5,OUTPUT,-1.8733104200576411,
phase6v2-r05-output-control-a01,D4-FULL,6,LOAD,-2.0153866793424937,
phase6v2-r05-output-control-a01,D4-FULL,7,OUTPUT+DOWNSTREAM,-2.4181838401053453,
phase6v2-r05-output-control-a01,D4-FULL,8,LOAD+DOWNSTREAM,-2.560260099390198,
phase6v2-r05-output-control-a01,D4-FULL,9,INPUT+OUTPUT,-2.8261613865929966,
phase6v2-r05-output-control-a01,D4-FULL,10,INPUT+LOAD,-2.968237645877849,
phase6v2-r05-output-control-a01,D4-FULL,11,OUTPUT+LOAD,-3.888697099400135,
phase6v2-r05-baseline-a01,D4-FULL,1,NONE,0,0.009654757965771754
phase6v2-r05-baseline-a01,D4-FULL,2,INPUT,-0.009654757965771754,
phase6v2-r05-baseline-a01,D4-FULL,3,DOWNSTREAM,-0.8195852425442477,
phase6v2-r05-baseline-a01,D4-FULL,4,INPUT+DOWNSTREAM,-0.8292400005100194,
phase6v2-r05-baseline-a01,D4-FULL,5,LOAD,-0.8642971961950597,
phase6v2-r05-baseline-a01,D4-FULL,6,INPUT+LOAD,-0.8739519541608315,
phase6v2-r05-baseline-a01,D4-FULL,7,LOAD+DOWNSTREAM,-1.6838824387393074,
phase6v2-r05-baseline-a01,D4-FULL,8,OUTPUT,-3.6753646361078056,
phase6v2-r05-baseline-a01,D4-FULL,9,INPUT+OUTPUT,-3.6850193940735774,
phase6v2-r05-baseline-a01,D4-FULL,10,OUTPUT+DOWNSTREAM,-4.494949878652053,
phase6v2-r05-baseline-a01,D4-FULL,11,OUTPUT+LOAD,-4.5396618323028655,
phase6v2-r05-input-load-a01,D4-FULL,1,OUTPUT+LOAD,11.079665506989837,3.2056153452265574
phase6v2-r05-input-load-a01,D4-FULL,2,LOAD,7.87405016176328,
phase6v2-r05-input-load-a01,D4-FULL,3,LOAD+DOWNSTREAM,3.2877994022491626,
phase6v2-r05-input-load-a01,D4-FULL,4,INPUT+LOAD,-3.7678011910519933,
phase6v2-r05-input-load-a01,D4-FULL,5,OUTPUT,-7.87405016176328,
phase6v2-r05-input-load-a01,D4-FULL,6,NONE,-11.079665506989837,
phase6v2-r05-input-load-a01,D4-FULL,7,OUTPUT+DOWNSTREAM,-12.460300921277398,
phase6v2-r05-input-load-a01,D4-FULL,8,DOWNSTREAM,-15.665916266503954,
phase6v2-r05-input-load-a01,D4-FULL,9,INPUT+OUTPUT,-19.51590151457855,
phase6v2-r05-input-load-a01,D4-FULL,10,INPUT,-22.72151685980511,
phase6v2-r05-input-load-a01,D4-FULL,11,INPUT+DOWNSTREAM,-27.307767619319225,
phase6v2-r05-downstream-medium-a01,D4-FULL,1,DOWNSTREAM,6.731851626059426,0.16547830048900014
phase6v2-r05-downstream-medium-a01,D4-FULL,2,INPUT+DOWNSTREAM,6.566373325570426,
phase6v2-r05-downstream-medium-a01,D4-FULL,3,LOAD+DOWNSTREAM,5.410775957622266,
phase6v2-r05-downstream-medium-a01,D4-FULL,4,OUTPUT+DOWNSTREAM,3.359182085053955,
phase6v2-r05-downstream-medium-a01,D4-FULL,5,NONE,-6.731851626059426,
phase6v2-r05-downstream-medium-a01,D4-FULL,6,INPUT,-6.8973299265484265,
phase6v2-r05-downstream-medium-a01,D4-FULL,7,LOAD,-8.052927294496588,
phase6v2-r05-downstream-medium-a01,D4-FULL,8,INPUT+LOAD,-8.218405594985587,
phase6v2-r05-downstream-medium-a01,D4-FULL,9,OUTPUT,-10.104521167064897,
phase6v2-r05-downstream-medium-a01,D4-FULL,10,INPUT+OUTPUT,-10.269999467553898,
phase6v2-r05-downstream-medium-a01,D4-FULL,11,OUTPUT+LOAD,-11.42559683550206,
phase6v2-r05-load-medium-a01,D4-FULL,1,LOAD,10.749811573124417,0.25687775373337907
phase6v2-r05-load-medium-a01,D4-FULL,2,OUTPUT+LOAD,10.492933819391038,
phase6v2-r05-load-medium-a01,D4-FULL,3,LOAD+DOWNSTREAM,7.0505548780802005,
phase6v2-r05-load-medium-a01,D4-FULL,4,INPUT+LOAD,5.048538171743731,
phase6v2-r05-load-medium-a01,D4-FULL,5,NONE,-10.749811573124417,
phase6v2-r05-load-medium-a01,D4-FULL,6,OUTPUT,-11.006689326857796,
phase6v2-r05-load-medium-a01,D4-FULL,7,DOWNSTREAM,-14.449068268168633,
phase6v2-r05-load-medium-a01,D4-FULL,8,OUTPUT+DOWNSTREAM,-14.705946021902012,
phase6v2-r05-load-medium-a01,D4-FULL,9,INPUT,-16.4510849745051,
phase6v2-r05-load-medium-a01,D4-FULL,10,INPUT+OUTPUT,-16.70796272823848,
phase6v2-r05-load-medium-a01,D4-FULL,11,INPUT+DOWNSTREAM,-20.15034166954932,
phase6v2-r05-output-medium-a01,D4-FULL,1,OUTPUT,2.6981436349255024,0.7808430290845942
phase6v2-r05-output-medium-a01,D4-FULL,2,OUTPUT+LOAD,1.9173006058409081,
phase6v2-r05-output-medium-a01,D4-FULL,3,INPUT+OUTPUT,1.3396913357964668,
phase6v2-r05-output-medium-a01,D4-FULL,4,OUTPUT+DOWNSTREAM,1.1310897001497513,
phase6v2-r05-output-medium-a01,D4-FULL,5,NONE,-2.6981436349255024,
phase6v2-r05-output-medium-a01,D4-FULL,6,LOAD,-3.4789866640100966,
phase6v2-r05-output-medium-a01,D4-FULL,7,INPUT,-4.056595934054538,
phase6v2-r05-output-medium-a01,D4-FULL,8,DOWNSTREAM,-4.265197569701254,
phase6v2-r05-output-medium-a01,D4-FULL,9,INPUT+LOAD,-4.837438963139132,
phase6v2-r05-output-medium-a01,D4-FULL,10,LOAD+DOWNSTREAM,-5.046040598785847,
phase6v2-r05-output-medium-a01,D4-FULL,11,INPUT+DOWNSTREAM,-5.623649868830289,
phase6v2-r05-output-load-a01,D4-FULL,1,OUTPUT+LOAD,11.660970864861484,5.568031192791658
phase6v2-r05-output-load-a01,D4-FULL,2,LOAD,6.092939672069827,
phase6v2-r05-output-load-a01,D4-FULL,3,LOAD+DOWNSTREAM,0.2008104332732943,
phase6v2-r05-output-load-a01,D4-FULL,4,OUTPUT,-6.092939672069827,
phase6v2-r05-output-load-a01,D4-FULL,5,INPUT+LOAD,-7.489517960116411,
phase6v2-r05-output-load-a01,D4-FULL,6,NONE,-11.660970864861484,
phase6v2-r05-output-load-a01,D4-FULL,7,OUTPUT+DOWNSTREAM,-11.98506891086636,
phase6v2-r05-output-load-a01,D4-FULL,8,DOWNSTREAM,-17.553100103658018,
phase6v2-r05-output-load-a01,D4-FULL,9,INPUT+OUTPUT,-19.675397304256066,
phase6v2-r05-output-load-a01,D4-FULL,10,INPUT,-25.243428497047724,
phase6v2-r05-output-load-a01,D4-FULL,11,INPUT+DOWNSTREAM,-31.13555773584425,
phase6v2-r06-baseline-a01,D4-S,1,NONE,0,0.03534232124284764
phase6v2-r06-baseline-a01,D4-S,2,DOWNSTREAM,-0.03534232124284764,
phase6v2-r06-baseline-a01,D4-S,3,INPUT,-0.04149157899317413,
phase6v2-r06-baseline-a01,D4-S,4,INPUT+DOWNSTREAM,-0.07683390023602177,
phase6v2-r06-baseline-a01,D4-S,5,LOAD,-2.7013589496027173,
phase6v2-r06-baseline-a01,D4-S,6,LOAD+DOWNSTREAM,-2.7367012708455647,
phase6v2-r06-baseline-a01,D4-S,7,INPUT+LOAD,-2.7428505285958913,
phase6v2-r06-baseline-a01,D4-S,8,OUTPUT,-2.8244205003948917,
phase6v2-r06-baseline-a01,D4-S,9,OUTPUT+DOWNSTREAM,-2.859762821637739,
phase6v2-r06-baseline-a01,D4-S,10,INPUT+OUTPUT,-2.8659120793880657,
phase6v2-r06-baseline-a01,D4-S,11,OUTPUT+LOAD,-5.525779449997609,
phase6v2-r06-input-load-a01,D4-S,1,OUTPUT+LOAD,11.050335807911736,7.929886438852984
phase6v2-r06-input-load-a01,D4-S,2,LOAD,3.1204493690587527,
phase6v2-r06-input-load-a01,D4-S,3,LOAD+DOWNSTREAM,-1.8666018298212497,
phase6v2-r06-input-load-a01,D4-S,4,INPUT+LOAD,-1.9932373132255807,
phase6v2-r06-input-load-a01,D4-S,5,OUTPUT,-3.1204493690587527,
phase6v2-r06-input-load-a01,D4-S,6,OUTPUT+DOWNSTREAM,-8.107500567938756,
phase6v2-r06-input-load-a01,D4-S,7,INPUT+OUTPUT,-8.234136051343086,
phase6v2-r06-input-load-a01,D4-S,8,NONE,-11.050335807911736,
phase6v2-r06-input-load-a01,D4-S,9,DOWNSTREAM,-16.03738700679174,
phase6v2-r06-input-load-a01,D4-S,10,INPUT,-16.164022490196068,
phase6v2-r06-input-load-a01,D4-S,11,INPUT+DOWNSTREAM,-21.15107368907607,
phase6v2-r06-output-downstream-control-a01,D4-S,1,NONE,0,0.31844709902510515
phase6v2-r06-output-downstream-control-a01,D4-S,2,DOWNSTREAM,-0.31844709902510515,
phase6v2-r06-output-downstream-control-a01,D4-S,3,INPUT,-0.40177553573218217,
phase6v2-r06-output-downstream-control-a01,D4-S,4,INPUT+DOWNSTREAM,-0.7202226347572873,
phase6v2-r06-output-downstream-control-a01,D4-S,5,OUTPUT,-1.204182241089669,
phase6v2-r06-output-downstream-control-a01,D4-S,6,LOAD,-1.2364302091850938,
phase6v2-r06-output-downstream-control-a01,D4-S,7,OUTPUT+DOWNSTREAM,-1.5226293401147741,
phase6v2-r06-output-downstream-control-a01,D4-S,8,LOAD+DOWNSTREAM,-1.554877308210199,
phase6v2-r06-output-downstream-control-a01,D4-S,9,INPUT+OUTPUT,-1.6059577768218511,
phase6v2-r06-output-downstream-control-a01,D4-S,10,INPUT+LOAD,-1.638205744917276,
phase6v2-r06-output-downstream-control-a01,D4-S,11,OUTPUT+LOAD,-2.440612450274763,
phase6v2-r06-input-medium-a01,D4-S,1,NONE,0,0.13323367907323636
phase6v2-r06-input-medium-a01,D4-S,2,INPUT,-0.13323367907323636,
phase6v2-r06-input-medium-a01,D4-S,3,DOWNSTREAM,-0.16386858151983374,
phase6v2-r06-input-medium-a01,D4-S,4,INPUT+DOWNSTREAM,-0.2971022605930701,
phase6v2-r06-input-medium-a01,D4-S,5,LOAD,-1.7654721797359858,
phase6v2-r06-input-medium-a01,D4-S,6,INPUT+LOAD,-1.898705858809222,
phase6v2-r06-input-medium-a01,D4-S,7,LOAD+DOWNSTREAM,-1.9293407612558195,
phase6v2-r06-input-medium-a01,D4-S,8,OUTPUT,-2.7821686064348468,
phase6v2-r06-input-medium-a01,D4-S,9,INPUT+OUTPUT,-2.9154022855080832,
phase6v2-r06-input-medium-a01,D4-S,10,OUTPUT+DOWNSTREAM,-2.9460371879546807,
phase6v2-r06-input-medium-a01,D4-S,11,OUTPUT+LOAD,-4.547640786170833,
phase6v2-r06-output-load-control-a01,D4-S,1,LOAD,6.585716808830102,1.1012869752883345
phase6v2-r06-output-load-control-a01,D4-S,2,INPUT+LOAD,5.484429833541768,
phase6v2-r06-output-load-control-a01,D4-S,3,LOAD+DOWNSTREAM,4.7956091179452525,
phase6v2-r06-output-load-control-a01,D4-S,4,OUTPUT+LOAD,4.016042287205913,
phase6v2-r06-output-load-control-a01,D4-S,5,NONE,-6.585716808830102,
phase6v2-r06-output-load-control-a01,D4-S,6,INPUT,-7.687003784118437,
phase6v2-r06-output-load-control-a01,D4-S,7,DOWNSTREAM,-8.375824499714952,
phase6v2-r06-output-load-control-a01,D4-S,8,OUTPUT,-9.155391330454291,
phase6v2-r06-output-load-control-a01,D4-S,9,INPUT+DOWNSTREAM,-9.477111475003287,
phase6v2-r06-output-load-control-a01,D4-S,10,INPUT+OUTPUT,-10.256678305742625,
phase6v2-r06-output-load-control-a01,D4-S,11,OUTPUT+DOWNSTREAM,-10.94549902133914,
phase6v2-r06-load-downstream-a01,D4-S,1,OUTPUT+LOAD,8.382599547962748,0.8321859093996702
phase6v2-r06-load-downstream-a01,D4-S,2,LOAD,7.550413638563078,
phase6v2-r06-load-downstream-a01,D4-S,3,LOAD+DOWNSTREAM,4.592868771728806,
phase6v2-r06-load-downstream-a01,D4-S,4,INPUT+LOAD,4.455782113902178,
phase6v2-r06-load-downstream-a01,D4-S,5,OUTPUT,-7.550413638563078,
phase6v2-r06-load-downstream-a01,D4-S,6,NONE,-8.382599547962748,
phase6v2-r06-load-downstream-a01,D4-S,7,OUTPUT+DOWNSTREAM,-10.50795850539735,
phase6v2-r06-load-downstream-a01,D4-S,8,INPUT+OUTPUT,-10.645045163223978,
phase6v2-r06-load-downstream-a01,D4-S,9,DOWNSTREAM,-11.340144414797019,
phase6v2-r06-load-downstream-a01,D4-S,10,INPUT,-11.477231072623649,
phase6v2-r06-load-downstream-a01,D4-S,11,INPUT+DOWNSTREAM,-14.43477593945792,
phase6v2-r06-output-load-a01,D4-S,1,OUTPUT+LOAD,11.80838711839365,9.796439776798742
phase6v2-r06-output-load-a01,D4-S,2,LOAD,2.011947341594907,
phase6v2-r06-output-load-a01,D4-S,3,OUTPUT,-2.011947341594907,
phase6v2-r06-output-load-a01,D4-S,4,INPUT+LOAD,-3.3598510692367674,
phase6v2-r06-output-load-a01,D4-S,5,LOAD+DOWNSTREAM,-3.3994806102610555,
phase6v2-r06-output-load-a01,D4-S,6,INPUT+OUTPUT,-7.383745752426582,
phase6v2-r06-output-load-a01,D4-S,7,OUTPUT+DOWNSTREAM,-7.42337529345087,
phase6v2-r06-output-load-a01,D4-S,8,NONE,-11.80838711839365,
phase6v2-r06-output-load-a01,D4-S,9,INPUT,-17.180185529225326,
phase6v2-r06-output-load-a01,D4-S,10,DOWNSTREAM,-17.219815070249613,
phase6v2-r06-output-load-a01,D4-S,11,INPUT+DOWNSTREAM,-22.59161348108129,
phase6v2-r06-downstream-medium-a01,D4-S,1,NONE,0,0.21963257490304722
phase6v2-r06-downstream-medium-a01,D4-S,2,DOWNSTREAM,-0.21963257490304722,
phase6v2-r06-downstream-medium-a01,D4-S,3,INPUT,-0.22192573305861962,
phase6v2-r06-downstream-medium-a01,D4-S,4,INPUT+DOWNSTREAM,-0.44155830796166684,
phase6v2-r06-downstream-medium-a01,D4-S,5,LOAD,-1.1002763826892585,
phase6v2-r06-downstream-medium-a01,D4-S,6,LOAD+DOWNSTREAM,-1.3199089575923058,
phase6v2-r06-downstream-medium-a01,D4-S,7,INPUT+LOAD,-1.3222021157478783,
phase6v2-r06-downstream-medium-a01,D4-S,8,OUTPUT,-2.6057881926054987,
phase6v2-r06-downstream-medium-a01,D4-S,9,OUTPUT+DOWNSTREAM,-2.825420767508546,
phase6v2-r06-downstream-medium-a01,D4-S,10,INPUT+OUTPUT,-2.8277139256641184,
phase6v2-r06-downstream-medium-a01,D4-S,11,OUTPUT+LOAD,-3.706064575294757,
phase6v2-r06-input-downstream-a01,D4-S,1,NONE,0,0.15896676467144255
phase6v2-r06-input-downstream-a01,D4-S,2,LOAD,-0.15896676467144255,
phase6v2-r06-input-downstream-a01,D4-S,3,DOWNSTREAM,-0.35428517517477676,
phase6v2-r06-input-downstream-a01,D4-S,4,INPUT,-0.40960961015892633,
phase6v2-r06-input-downstream-a01,D4-S,5,LOAD+DOWNSTREAM,-0.5132519398462193,
phase6v2-r06-input-downstream-a01,D4-S,6,INPUT+LOAD,-0.5685763748303689,
phase6v2-r06-input-downstream-a01,D4-S,7,INPUT+DOWNSTREAM,-0.763894785333703,
phase6v2-r06-input-downstream-a01,D4-S,8,OUTPUT,-2.4530147534544486,
phase6v2-r06-input-downstream-a01,D4-S,9,OUTPUT+LOAD,-2.611981518125891,
phase6v2-r06-input-downstream-a01,D4-S,10,OUTPUT+DOWNSTREAM,-2.8072999286292255,
phase6v2-r06-input-downstream-a01,D4-S,11,INPUT+OUTPUT,-2.862624363613375,
phase6v2-r06-load-medium-a01,D4-S,1,LOAD,8.062130732465121,0.4607931254935824
phase6v2-r06-load-medium-a01,D4-S,2,OUTPUT+LOAD,7.601337606971539,
phase6v2-r06-load-medium-a01,D4-S,3,LOAD+DOWNSTREAM,5.534299904992446,
phase6v2-r06-load-medium-a01,D4-S,4,INPUT+LOAD,5.464992745951465,
phase6v2-r06-load-medium-a01,D4-S,5,NONE,-8.062130732465121,
phase6v2-r06-load-medium-a01,D4-S,6,OUTPUT,-8.522923857958704,
phase6v2-r06-load-medium-a01,D4-S,7,DOWNSTREAM,-10.589961559937796,
phase6v2-r06-load-medium-a01,D4-S,8,INPUT,-10.659268718978778,
phase6v2-r06-load-medium-a01,D4-S,9,OUTPUT+DOWNSTREAM,-11.050754685431379,
phase6v2-r06-load-medium-a01,D4-S,10,INPUT+OUTPUT,-11.12006184447236,
phase6v2-r06-load-medium-a01,D4-S,11,INPUT+DOWNSTREAM,-13.187099546451453,
phase6v2-r06-output-medium-a01,D4-S,1,OUTPUT,1.738422782626746,0.09159269023517957
phase6v2-r06-output-medium-a01,D4-S,2,OUTPUT+LOAD,1.6468300923915664,
phase6v2-r06-output-medium-a01,D4-S,3,OUTPUT+DOWNSTREAM,0.6641241732927241,
phase6v2-r06-output-medium-a01,D4-S,4,INPUT+OUTPUT,0.4749233146555445,
phase6v2-r06-output-medium-a01,D4-S,5,NONE,-1.738422782626746,
phase6v2-r06-output-medium-a01,D4-S,6,LOAD,-1.8300154728619256,
phase6v2-r06-output-medium-a01,D4-S,7,DOWNSTREAM,-2.8127213919607676,
phase6v2-r06-output-medium-a01,D4-S,8,LOAD+DOWNSTREAM,-2.904314082195947,
phase6v2-r06-output-medium-a01,D4-S,9,INPUT,-3.0019222505979473,
phase6v2-r06-output-medium-a01,D4-S,10,INPUT+LOAD,-3.093514940833127,
phase6v2-r06-output-medium-a01,D4-S,11,INPUT+DOWNSTREAM,-4.076220859931969,
phase6v2-r06-output-control-a01,D4-S,1,NONE,0,0.0920602029505585
phase6v2-r06-output-control-a01,D4-S,2,INPUT,-0.0920602029505585,
phase6v2-r06-output-control-a01,D4-S,3,DOWNSTREAM,-0.11424201821196489,
phase6v2-r06-output-control-a01,D4-S,4,INPUT+DOWNSTREAM,-0.2063022211625234,
phase6v2-r06-output-control-a01,D4-S,5,OUTPUT,-1.917278914604948,
phase6v2-r06-output-control-a01,D4-S,6,INPUT+OUTPUT,-2.0093391175555064,
phase6v2-r06-output-control-a01,D4-S,7,OUTPUT+DOWNSTREAM,-2.031520932816913,
phase6v2-r06-output-control-a01,D4-S,8,LOAD,-2.9083482020347136,
phase6v2-r06-output-control-a01,D4-S,9,INPUT+LOAD,-3.000408404985272,
phase6v2-r06-output-control-a01,D4-S,10,LOAD+DOWNSTREAM,-3.0225902202466783,
phase6v2-r06-output-control-a01,D4-S,11,OUTPUT+LOAD,-4.825627116639661,
phase6v2-r06-output-downstream-a01,D4-S,1,OUTPUT+LOAD,3.6221579240683393,3.2556196501375503
phase6v2-r06-output-downstream-a01,D4-S,2,OUTPUT,0.36653827393078897,
phase6v2-r06-output-downstream-a01,D4-S,3,LOAD,-0.36653827393078897,
phase6v2-r06-output-downstream-a01,D4-S,4,OUTPUT+DOWNSTREAM,-0.9307738821850267,
phase6v2-r06-output-downstream-a01,D4-S,5,INPUT+OUTPUT,-0.9742473614321043,
phase6v2-r06-output-downstream-a01,D4-S,6,LOAD+DOWNSTREAM,-1.6638504300466046,
phase6v2-r06-output-downstream-a01,D4-S,7,INPUT+LOAD,-1.7073239092936823,
phase6v2-r06-output-downstream-a01,D4-S,8,NONE,-3.6221579240683393,
phase6v2-r06-output-downstream-a01,D4-S,9,DOWNSTREAM,-4.919470080184155,
phase6v2-r06-output-downstream-a01,D4-S,10,INPUT,-4.962943559431233,
phase6v2-r06-output-downstream-a01,D4-S,11,INPUT+DOWNSTREAM,-6.260255715547048,
phase6v2-r06-baseline-a01,D4-SM,1,NONE,0,0.025119984721215904
phase6v2-r06-baseline-a01,D4-SM,2,INPUT,-0.025119984721215904,
phase6v2-r06-baseline-a01,D4-SM,3,DOWNSTREAM,-0.11439373286734233,
phase6v2-r06-baseline-a01,D4-SM,4,INPUT+DOWNSTREAM,-0.13951371758855824,
phase6v2-r06-baseline-a01,D4-SM,5,LOAD,-0.8037897786393219,
phase6v2-r06-baseline-a01,D4-SM,6,INPUT+LOAD,-0.8289097633605378,
phase6v2-r06-baseline-a01,D4-SM,7,LOAD+DOWNSTREAM,-0.9181835115066642,
phase6v2-r06-baseline-a01,D4-SM,8,OUTPUT,-2.8214760361924824,
phase6v2-r06-baseline-a01,D4-SM,9,INPUT+OUTPUT,-2.8465960209136982,
phase6v2-r06-baseline-a01,D4-SM,10,OUTPUT+DOWNSTREAM,-2.935869769059825,
phase6v2-r06-baseline-a01,D4-SM,11,OUTPUT+LOAD,-3.6252658148318044,
phase6v2-r06-input-load-a01,D4-SM,1,OUTPUT+LOAD,10.730982756506485,6.588759052681311
phase6v2-r06-input-load-a01,D4-SM,2,LOAD,4.142223703825174,
phase6v2-r06-input-load-a01,D4-SM,3,LOAD+DOWNSTREAM,1.0796246234043374,
phase6v2-r06-input-load-a01,D4-SM,4,INPUT+LOAD,-1.2059589902353491,
phase6v2-r06-input-load-a01,D4-SM,5,OUTPUT,-4.142223703825174,
phase6v2-r06-input-load-a01,D4-SM,6,OUTPUT+DOWNSTREAM,-7.20482278424601,
phase6v2-r06-input-load-a01,D4-SM,7,INPUT+OUTPUT,-9.490406397885698,
phase6v2-r06-input-load-a01,D4-SM,8,NONE,-10.730982756506485,
phase6v2-r06-input-load-a01,D4-SM,9,DOWNSTREAM,-13.793581836927322,
phase6v2-r06-input-load-a01,D4-SM,10,INPUT,-16.079165450567007,
phase6v2-r06-input-load-a01,D4-SM,11,INPUT+DOWNSTREAM,-19.141764530987842,
phase6v2-r06-output-downstream-control-a01,D4-SM,1,DOWNSTREAM,11.021402835767017,0.3044087361377983
phase6v2-r06-output-downstream-control-a01,D4-SM,2,INPUT+DOWNSTREAM,10.716994099629218,
phase6v2-r06-output-downstream-control-a01,D4-SM,3,LOAD+DOWNSTREAM,10.620285494503932,
phase6v2-r06-output-downstream-control-a01,D4-SM,4,OUTPUT+DOWNSTREAM,9.556394469619592,
phase6v2-r06-output-downstream-control-a01,D4-SM,5,NONE,-11.021402835767017,
phase6v2-r06-output-downstream-control-a01,D4-SM,6,INPUT,-11.325811571904815,
phase6v2-r06-output-downstream-control-a01,D4-SM,7,LOAD,-11.422520177030101,
phase6v2-r06-output-downstream-control-a01,D4-SM,8,INPUT+LOAD,-11.7269289131679,
phase6v2-r06-output-downstream-control-a01,D4-SM,9,OUTPUT,-12.486411201914441,
phase6v2-r06-output-downstream-control-a01,D4-SM,10,INPUT+OUTPUT,-12.79081993805224,
phase6v2-r06-output-downstream-control-a01,D4-SM,11,OUTPUT+LOAD,-12.887528543177527,
phase6v2-r06-input-medium-a01,D4-SM,1,NONE,0,0.15274910325316948
phase6v2-r06-input-medium-a01,D4-SM,2,DOWNSTREAM,-0.15274910325316948,
phase6v2-r06-input-medium-a01,D4-SM,3,INPUT,-0.15829701999580936,
phase6v2-r06-input-medium-a01,D4-SM,4,LOAD,-0.2896167725042259,
phase6v2-r06-input-medium-a01,D4-SM,5,INPUT+DOWNSTREAM,-0.31104612324897885,
phase6v2-r06-input-medium-a01,D4-SM,6,LOAD+DOWNSTREAM,-0.4423658757573954,
phase6v2-r06-input-medium-a01,D4-SM,7,INPUT+LOAD,-0.44791379250003527,
phase6v2-r06-input-medium-a01,D4-SM,8,OUTPUT,-2.8107897343258323,
phase6v2-r06-input-medium-a01,D4-SM,9,OUTPUT+DOWNSTREAM,-2.963538837579002,
phase6v2-r06-input-medium-a01,D4-SM,10,INPUT+OUTPUT,-2.9690867543216415,
phase6v2-r06-input-medium-a01,D4-SM,11,OUTPUT+LOAD,-3.1004065068300584,
phase6v2-r06-output-load-control-a01,D4-SM,1,LOAD,7.6829766436078,1.1785894566093376
phase6v2-r06-output-load-control-a01,D4-SM,2,INPUT+LOAD,6.504387186998462,
phase6v2-r06-output-load-control-a01,D4-SM,3,LOAD+DOWNSTREAM,6.284087117932395,
phase6v2-r06-output-load-control-a01,D4-SM,4,OUTPUT+LOAD,5.768849973246686,
phase6v2-r06-output-load-control-a01,D4-SM,5,NONE,-7.6829766436078,
phase6v2-r06-output-load-control-a01,D4-SM,6,INPUT,-8.861566100217138,
phase6v2-r06-output-load-control-a01,D4-SM,7,DOWNSTREAM,-9.081866169283206,
phase6v2-r06-output-load-control-a01,D4-SM,8,OUTPUT,-9.597103313968914,
phase6v2-r06-output-load-control-a01,D4-SM,9,INPUT+DOWNSTREAM,-10.260455625892543,
phase6v2-r06-output-load-control-a01,D4-SM,10,INPUT+OUTPUT,-10.775692770578251,
phase6v2-r06-output-load-control-a01,D4-SM,11,OUTPUT+DOWNSTREAM,-10.995992839644318,
phase6v2-r06-load-downstream-a01,D4-SM,1,LOAD+DOWNSTREAM,18.45675491307882,17.50980192243278
phase6v2-r06-load-downstream-a01,D4-SM,2,OUTPUT+DOWNSTREAM,0.9469529906460448,
phase6v2-r06-load-downstream-a01,D4-SM,3,DOWNSTREAM,0.4611566308143953,
phase6v2-r06-load-downstream-a01,D4-SM,4,OUTPUT+LOAD,-0.4611566308143953,
phase6v2-r06-load-downstream-a01,D4-SM,5,LOAD,-0.9469529906460448,
phase6v2-r06-load-downstream-a01,D4-SM,6,INPUT+DOWNSTREAM,-2.643846283113671,
phase6v2-r06-load-downstream-a01,D4-SM,7,INPUT+LOAD,-4.051955904574111,
phase6v2-r06-load-downstream-a01,D4-SM,8,OUTPUT,-18.45675491307882,
phase6v2-r06-load-downstream-a01,D4-SM,9,NONE,-18.94255127291047,
phase6v2-r06-load-downstream-a01,D4-SM,10,INPUT+OUTPUT,-21.56175782700689,
phase6v2-r06-load-downstream-a01,D4-SM,11,INPUT,-22.04755418683854,
phase6v2-r06-output-load-a01,D4-SM,1,OUTPUT+LOAD,11.77472901221638,8.828480712055562
phase6v2-r06-output-load-a01,D4-SM,2,LOAD,2.9462483001608177,
phase6v2-r06-output-load-a01,D4-SM,3,LOAD+DOWNSTREAM,-0.379287710875162,
phase6v2-r06-output-load-a01,D4-SM,4,INPUT+LOAD,-2.580527236578285,
phase6v2-r06-output-load-a01,D4-SM,5,OUTPUT,-2.9462483001608177,
phase6v2-r06-output-load-a01,D4-SM,6,OUTPUT+DOWNSTREAM,-6.2717843111967975,
phase6v2-r06-output-load-a01,D4-SM,7,INPUT+OUTPUT,-8.47302383689992,
phase6v2-r06-output-load-a01,D4-SM,8,NONE,-11.77472901221638,
phase6v2-r06-output-load-a01,D4-SM,9,DOWNSTREAM,-15.100265023252359,
phase6v2-r06-output-load-a01,D4-SM,10,INPUT,-17.30150454895548,
phase6v2-r06-output-load-a01,D4-SM,11,INPUT+DOWNSTREAM,-20.627040559991464,
phase6v2-r06-downstream-medium-a01,D4-SM,1,DOWNSTREAM,11.070810097828046,0.21100598165254425
phase6v2-r06-downstream-medium-a01,D4-SM,2,INPUT+DOWNSTREAM,10.859804116175502,
phase6v2-r06-downstream-medium-a01,D4-SM,3,LOAD+DOWNSTREAM,10.57946134536315,
phase6v2-r06-downstream-medium-a01,D4-SM,4,OUTPUT+DOWNSTREAM,8.324090817048436,
phase6v2-r06-downstream-medium-a01,D4-SM,5,NONE,-11.070810097828046,
phase6v2-r06-downstream-medium-a01,D4-SM,6,INPUT,-11.28181607948059,
phase6v2-r06-downstream-medium-a01,D4-SM,7,LOAD,-11.562158850292942,
phase6v2-r06-downstream-medium-a01,D4-SM,8,INPUT+LOAD,-11.773164831945488,
phase6v2-r06-downstream-medium-a01,D4-SM,9,OUTPUT,-13.817529378607656,
phase6v2-r06-downstream-medium-a01,D4-SM,10,INPUT+OUTPUT,-14.0285353602602,
phase6v2-r06-downstream-medium-a01,D4-SM,11,OUTPUT+LOAD,-14.308878131072552,
phase6v2-r06-input-downstream-a01,D4-SM,1,LOAD+DOWNSTREAM,11.468159356320351,0.929351117256342
phase6v2-r06-input-downstream-a01,D4-SM,2,DOWNSTREAM,10.538808239064009,
phase6v2-r06-input-downstream-a01,D4-SM,3,INPUT+DOWNSTREAM,10.144196909791484,
phase6v2-r06-input-downstream-a01,D4-SM,4,OUTPUT+DOWNSTREAM,7.896098353437926,
phase6v2-r06-input-downstream-a01,D4-SM,5,LOAD,-10.538808239064009,
phase6v2-r06-input-downstream-a01,D4-SM,6,INPUT+LOAD,-10.933419568336534,
phase6v2-r06-input-downstream-a01,D4-SM,7,NONE,-11.468159356320351,
phase6v2-r06-input-downstream-a01,D4-SM,8,INPUT,-11.862770685592876,
phase6v2-r06-input-downstream-a01,D4-SM,9,OUTPUT+LOAD,-13.18151812469009,
phase6v2-r06-input-downstream-a01,D4-SM,10,OUTPUT,-14.110869241946434,
phase6v2-r06-input-downstream-a01,D4-SM,11,INPUT+OUTPUT,-14.505480571218959,
phase6v2-r06-load-medium-a01,D4-SM,1,LOAD,8.826441882187368,0.3505351441947333
phase6v2-r06-load-medium-a01,D4-SM,2,OUTPUT+LOAD,8.475906737992634,
phase6v2-r06-load-medium-a01,D4-SM,3,LOAD+DOWNSTREAM,7.020873722878198,
phase6v2-r06-load-medium-a01,D4-SM,4,INPUT+LOAD,6.252495013881907,
phase6v2-r06-load-medium-a01,D4-SM,5,NONE,-8.826441882187368,
phase6v2-r06-load-medium-a01,D4-SM,6,OUTPUT,-9.176977026382101,
phase6v2-r06-load-medium-a01,D4-SM,7,DOWNSTREAM,-10.632010041496537,
phase6v2-r06-load-medium-a01,D4-SM,8,OUTPUT+DOWNSTREAM,-10.98254518569127,
phase6v2-r06-load-medium-a01,D4-SM,9,INPUT,-11.400388750492828,
phase6v2-r06-load-medium-a01,D4-SM,10,INPUT+OUTPUT,-11.750923894687562,
phase6v2-r06-load-medium-a01,D4-SM,11,INPUT+DOWNSTREAM,-13.205956909801998,
phase6v2-r06-output-medium-a01,D4-SM,1,OUTPUT+LOAD,1.50851060229447,0.12387103540757316
phase6v2-r06-output-medium-a01,D4-SM,2,OUTPUT,1.384639566886897,
phase6v2-r06-output-medium-a01,D4-SM,3,INPUT+OUTPUT,0.7502455710857273,
phase6v2-r06-output-medium-a01,D4-SM,4,OUTPUT+DOWNSTREAM,0.5509664988270271,
phase6v2-r06-output-medium-a01,D4-SM,5,LOAD,-1.384639566886897,
phase6v2-r06-output-medium-a01,D4-SM,6,NONE,-1.50851060229447,
phase6v2-r06-output-medium-a01,D4-SM,7,INPUT+LOAD,-2.0190335626880667,
phase6v2-r06-output-medium-a01,D4-SM,8,INPUT,-2.14290459809564,
phase6v2-r06-output-medium-a01,D4-SM,9,LOAD+DOWNSTREAM,-2.218312634946767,
phase6v2-r06-output-medium-a01,D4-SM,10,DOWNSTREAM,-2.34218367035434,
phase6v2-r06-output-medium-a01,D4-SM,11,INPUT+DOWNSTREAM,-2.9765776661555097,
phase6v2-r06-output-control-a01,D4-SM,1,NONE,0,0.053700288818186004
phase6v2-r06-output-control-a01,D4-SM,2,INPUT,-0.053700288818186004,
phase6v2-r06-output-control-a01,D4-SM,3,DOWNSTREAM,-0.07815932155229721,
phase6v2-r06-output-control-a01,D4-SM,4,INPUT+DOWNSTREAM,-0.13185961037048322,
phase6v2-r06-output-control-a01,D4-SM,5,LOAD,-1.8487903088232729,
phase6v2-r06-output-control-a01,D4-SM,6,INPUT+LOAD,-1.9024905976414588,
phase6v2-r06-output-control-a01,D4-SM,7,LOAD+DOWNSTREAM,-1.92694963037557,
phase6v2-r06-output-control-a01,D4-SM,8,OUTPUT,-1.993562783701598,
phase6v2-r06-output-control-a01,D4-SM,9,INPUT+OUTPUT,-2.047263072519784,
phase6v2-r06-output-control-a01,D4-SM,10,OUTPUT+DOWNSTREAM,-2.071722105253895,
phase6v2-r06-output-control-a01,D4-SM,11,OUTPUT+LOAD,-3.8423530925248706,
phase6v2-r06-output-downstream-a01,D4-SM,1,OUTPUT+DOWNSTREAM,11.518579930061618,1.9732192456799158
phase6v2-r06-output-downstream-a01,D4-SM,2,LOAD+DOWNSTREAM,9.545360684381702,
phase6v2-r06-output-downstream-a01,D4-SM,3,DOWNSTREAM,8.368295680260516,
phase6v2-r06-output-downstream-a01,D4-SM,4,INPUT+DOWNSTREAM,7.600740903582862,
phase6v2-r06-output-downstream-a01,D4-SM,5,OUTPUT+LOAD,-8.368295680260516,
phase6v2-r06-output-downstream-a01,D4-SM,6,OUTPUT,-9.545360684381702,
phase6v2-r06-output-downstream-a01,D4-SM,7,INPUT+OUTPUT,-10.312915461059358,
phase6v2-r06-output-downstream-a01,D4-SM,8,LOAD,-11.518579930061618,
phase6v2-r06-output-downstream-a01,D4-SM,9,INPUT+LOAD,-12.286134706739272,
phase6v2-r06-output-downstream-a01,D4-SM,10,NONE,-12.695644934182805,
phase6v2-r06-output-downstream-a01,D4-SM,11,INPUT,-13.46319971086046,
phase6v2-r06-baseline-a01,D4-SMT,1,NONE,0,0.04924409249207329
phase6v2-r06-baseline-a01,D4-SMT,2,INPUT,-0.04924409249207329,
phase6v2-r06-baseline-a01,D4-SMT,3,DOWNSTREAM,-0.3210117116947025,
phase6v2-r06-baseline-a01,D4-SMT,4,INPUT+DOWNSTREAM,-0.3702558041867758,
phase6v2-r06-baseline-a01,D4-SMT,5,LOAD,-0.741703112683176,
phase6v2-r06-baseline-a01,D4-SMT,6,INPUT+LOAD,-0.7909472051752493,
phase6v2-r06-baseline-a01,D4-SMT,7,LOAD+DOWNSTREAM,-1.0627148243778786,
phase6v2-r06-baseline-a01,D4-SMT,8,OUTPUT,-1.6726331114284587,
phase6v2-r06-baseline-a01,D4-SMT,9,INPUT+OUTPUT,-1.7218772039205321,
phase6v2-r06-baseline-a01,D4-SMT,10,OUTPUT+DOWNSTREAM,-1.9936448231231612,
phase6v2-r06-baseline-a01,D4-SMT,11,OUTPUT+LOAD,-2.4143362241116346,
phase6v2-r06-input-load-a01,D4-SMT,1,OUTPUT+LOAD,14.647152002354703,5.752256125551504
phase6v2-r06-input-load-a01,D4-SMT,2,LOAD,8.894895876803199,
phase6v2-r06-input-load-a01,D4-SMT,3,LOAD+DOWNSTREAM,7.392228737034429,
phase6v2-r06-input-load-a01,D4-SMT,4,INPUT+LOAD,6.415059416049385,
phase6v2-r06-input-load-a01,D4-SMT,5,OUTPUT,-8.894895876803199,
phase6v2-r06-input-load-a01,D4-SMT,6,OUTPUT+DOWNSTREAM,-10.397563016571969,
phase6v2-r06-input-load-a01,D4-SMT,7,INPUT+OUTPUT,-11.374732337557013,
phase6v2-r06-input-load-a01,D4-SMT,8,NONE,-14.647152002354703,
phase6v2-r06-input-load-a01,D4-SMT,9,DOWNSTREAM,-16.149819142123473,
phase6v2-r06-input-load-a01,D4-SMT,10,INPUT,-17.126988463108518,
phase6v2-r06-input-load-a01,D4-SMT,11,INPUT+DOWNSTREAM,-18.629655602877286,
phase6v2-r06-output-downstream-control-a01,D4-SMT,1,DOWNSTREAM,7.625821367301575,0.04409643079947667
phase6v2-r06-output-downstream-control-a01,D4-SMT,2,LOAD+DOWNSTREAM,7.5817249365020984,
phase6v2-r06-output-downstream-control-a01,D4-SMT,3,INPUT+DOWNSTREAM,6.982525665585511,
phase6v2-r06-output-downstream-control-a01,D4-SMT,4,OUTPUT+DOWNSTREAM,6.748720731071427,
phase6v2-r06-output-downstream-control-a01,D4-SMT,5,NONE,-7.625821367301575,
phase6v2-r06-output-downstream-control-a01,D4-SMT,6,LOAD,-7.669917798101052,
phase6v2-r06-output-downstream-control-a01,D4-SMT,7,INPUT,-8.26911706901764,
phase6v2-r06-output-downstream-control-a01,D4-SMT,8,INPUT+LOAD,-8.313213499817117,
phase6v2-r06-output-downstream-control-a01,D4-SMT,9,OUTPUT,-8.502922003531722,
phase6v2-r06-output-downstream-control-a01,D4-SMT,10,OUTPUT+LOAD,-8.5470184343312,
phase6v2-r06-output-downstream-control-a01,D4-SMT,11,INPUT+OUTPUT,-9.146217705247787,
phase6v2-r06-input-medium-a01,D4-SMT,1,DOWNSTREAM,0.20652811882424738,0.3810835803040069
phase6v2-r06-input-medium-a01,D4-SMT,2,INPUT+DOWNSTREAM,-0.17455546147975953,
phase6v2-r06-input-medium-a01,D4-SMT,3,NONE,-0.20652811882424738,
phase6v2-r06-input-medium-a01,D4-SMT,4,LOAD+DOWNSTREAM,-0.3768966127051572,
phase6v2-r06-input-medium-a01,D4-SMT,5,INPUT,-0.5876116991282543,
phase6v2-r06-input-medium-a01,D4-SMT,6,LOAD,-0.7899528503536519,
phase6v2-r06-input-medium-a01,D4-SMT,7,INPUT+LOAD,-1.1710364306576588,
phase6v2-r06-input-medium-a01,D4-SMT,8,OUTPUT+DOWNSTREAM,-1.6166792220307766,
phase6v2-r06-input-medium-a01,D4-SMT,9,OUTPUT,-2.029735459679271,
phase6v2-r06-input-medium-a01,D4-SMT,10,INPUT+OUTPUT,-2.4108190399832785,
phase6v2-r06-input-medium-a01,D4-SMT,11,OUTPUT+LOAD,-2.6131601912086757,
phase6v2-r06-output-load-control-a01,D4-SMT,1,LOAD,12.404229354887363,0.7839971703012729
phase6v2-r06-output-load-control-a01,D4-SMT,2,LOAD+DOWNSTREAM,11.62023218458609,
phase6v2-r06-output-load-control-a01,D4-SMT,3,OUTPUT+LOAD,10.788555816793114,
phase6v2-r06-output-load-control-a01,D4-SMT,4,INPUT+LOAD,10.469612039257619,
phase6v2-r06-output-load-control-a01,D4-SMT,5,NONE,-12.404229354887363,
phase6v2-r06-output-load-control-a01,D4-SMT,6,DOWNSTREAM,-13.188226525188636,
phase6v2-r06-output-load-control-a01,D4-SMT,7,OUTPUT,-14.019902892981612,
phase6v2-r06-output-load-control-a01,D4-SMT,8,INPUT,-14.338846670517107,
phase6v2-r06-output-load-control-a01,D4-SMT,9,OUTPUT+DOWNSTREAM,-14.803900063282885,
phase6v2-r06-output-load-control-a01,D4-SMT,10,INPUT+DOWNSTREAM,-15.12284384081838,
phase6v2-r06-output-load-control-a01,D4-SMT,11,INPUT+OUTPUT,-15.954520208611356,
phase6v2-r06-load-downstream-a01,D4-SMT,1,LOAD+DOWNSTREAM,19.012053193221416,11.74710330373038
phase6v2-r06-load-downstream-a01,D4-SMT,2,OUTPUT+LOAD,7.264949889491036,
phase6v2-r06-load-downstream-a01,D4-SMT,3,LOAD,6.588511188137478,
phase6v2-r06-load-downstream-a01,D4-SMT,4,INPUT+LOAD,4.133866288297124,
phase6v2-r06-load-downstream-a01,D4-SMT,5,OUTPUT+DOWNSTREAM,-6.588511188137478,
phase6v2-r06-load-downstream-a01,D4-SMT,6,DOWNSTREAM,-7.264949889491036,
phase6v2-r06-load-downstream-a01,D4-SMT,7,INPUT+DOWNSTREAM,-9.71959478933139,
phase6v2-r06-load-downstream-a01,D4-SMT,8,OUTPUT,-19.012053193221416,
phase6v2-r06-load-downstream-a01,D4-SMT,9,NONE,-19.688491894574977,
phase6v2-r06-load-downstream-a01,D4-SMT,10,INPUT+OUTPUT,-21.466698093061773,
phase6v2-r06-load-downstream-a01,D4-SMT,11,INPUT,-22.14313679441533,
phase6v2-r06-output-load-a01,D4-SMT,1,OUTPUT+LOAD,15.907667631303497,8.989887362004541
phase6v2-r06-output-load-a01,D4-SMT,2,LOAD,6.917780269298954,
phase6v2-r06-output-load-a01,D4-SMT,3,LOAD+DOWNSTREAM,5.492899577370852,
phase6v2-r06-output-load-a01,D4-SMT,4,INPUT+LOAD,4.43794380854514,
phase6v2-r06-output-load-a01,D4-SMT,5,OUTPUT,-6.917780269298954,
phase6v2-r06-output-load-a01,D4-SMT,6,OUTPUT+DOWNSTREAM,-8.342660961227057,
phase6v2-r06-output-load-a01,D4-SMT,7,INPUT+OUTPUT,-9.397616730052768,
phase6v2-r06-output-load-a01,D4-SMT,8,NONE,-15.907667631303497,
phase6v2-r06-output-load-a01,D4-SMT,9,DOWNSTREAM,-17.3325483232316,
phase6v2-r06-output-load-a01,D4-SMT,10,INPUT,-18.38750409205731,
phase6v2-r06-output-load-a01,D4-SMT,11,INPUT+DOWNSTREAM,-19.812384783985415,
phase6v2-r06-downstream-medium-a01,D4-SMT,1,DOWNSTREAM,6.796076508688399,0.5036902218361128
phase6v2-r06-downstream-medium-a01,D4-SMT,2,INPUT+DOWNSTREAM,6.292386286852286,
phase6v2-r06-downstream-medium-a01,D4-SMT,3,LOAD+DOWNSTREAM,5.005396232800514,
phase6v2-r06-downstream-medium-a01,D4-SMT,4,OUTPUT+DOWNSTREAM,4.926781420868348,
phase6v2-r06-downstream-medium-a01,D4-SMT,5,NONE,-6.796076508688399,
phase6v2-r06-downstream-medium-a01,D4-SMT,6,INPUT,-7.299766730524512,
phase6v2-r06-downstream-medium-a01,D4-SMT,7,LOAD,-8.586756784576284,
phase6v2-r06-downstream-medium-a01,D4-SMT,8,OUTPUT,-8.66537159650845,
phase6v2-r06-downstream-medium-a01,D4-SMT,9,INPUT+LOAD,-9.090447006412397,
phase6v2-r06-downstream-medium-a01,D4-SMT,10,INPUT+OUTPUT,-9.169061818344563,
phase6v2-r06-downstream-medium-a01,D4-SMT,11,OUTPUT+LOAD,-10.456051872396337,
phase6v2-r06-input-downstream-a01,D4-SMT,1,DOWNSTREAM,9.271193721187505,0.01439348985202571
phase6v2-r06-input-downstream-a01,D4-SMT,2,LOAD+DOWNSTREAM,9.256800231335479,
phase6v2-r06-input-downstream-a01,D4-SMT,3,INPUT+DOWNSTREAM,8.417232093339805,
phase6v2-r06-input-downstream-a01,D4-SMT,4,OUTPUT+DOWNSTREAM,7.289944050463564,
phase6v2-r06-input-downstream-a01,D4-SMT,5,NONE,-9.271193721187505,
phase6v2-r06-input-downstream-a01,D4-SMT,6,LOAD,-9.28558721103953,
phase6v2-r06-input-downstream-a01,D4-SMT,7,INPUT,-10.125155349035204,
phase6v2-r06-input-downstream-a01,D4-SMT,8,INPUT+LOAD,-10.139548838887228,
phase6v2-r06-input-downstream-a01,D4-SMT,9,OUTPUT,-11.252443391911445,
phase6v2-r06-input-downstream-a01,D4-SMT,10,OUTPUT+LOAD,-11.266836881763469,
phase6v2-r06-input-downstream-a01,D4-SMT,11,INPUT+OUTPUT,-12.106405019759144,
phase6v2-r06-load-medium-a01,D4-SMT,1,LOAD,13.000394702110162,0.2930829740536325
phase6v2-r06-load-medium-a01,D4-SMT,2,OUTPUT+LOAD,12.70731172805653,
phase6v2-r06-load-medium-a01,D4-SMT,3,LOAD+DOWNSTREAM,12.112856959949244,
phase6v2-r06-load-medium-a01,D4-SMT,4,INPUT+LOAD,10.552824157380392,
phase6v2-r06-load-medium-a01,D4-SMT,5,NONE,-13.000394702110162,
phase6v2-r06-load-medium-a01,D4-SMT,6,OUTPUT,-13.293477676163794,
phase6v2-r06-load-medium-a01,D4-SMT,7,DOWNSTREAM,-13.88793244427108,
phase6v2-r06-load-medium-a01,D4-SMT,8,OUTPUT+DOWNSTREAM,-14.181015418324712,
phase6v2-r06-load-medium-a01,D4-SMT,9,INPUT,-15.447965246839932,
phase6v2-r06-load-medium-a01,D4-SMT,10,INPUT+OUTPUT,-15.741048220893564,
phase6v2-r06-load-medium-a01,D4-SMT,11,INPUT+DOWNSTREAM,-16.33550298900085,
phase6v2-r06-output-medium-a01,D4-SMT,1,OUTPUT+LOAD,4.011775186495785,0.8417375841020718
phase6v2-r06-output-medium-a01,D4-SMT,2,OUTPUT,3.1700376023937133,
phase6v2-r06-output-medium-a01,D4-SMT,3,OUTPUT+DOWNSTREAM,2.5934995271512236,
phase6v2-r06-output-medium-a01,D4-SMT,4,INPUT+OUTPUT,2.5524350896271066,
phase6v2-r06-output-medium-a01,D4-SMT,5,LOAD,-3.1700376023937133,
phase6v2-r06-output-medium-a01,D4-SMT,6,LOAD+DOWNSTREAM,-3.7465756776362023,
phase6v2-r06-output-medium-a01,D4-SMT,7,INPUT+LOAD,-3.7876401151603196,
phase6v2-r06-output-medium-a01,D4-SMT,8,NONE,-4.011775186495785,
phase6v2-r06-output-medium-a01,D4-SMT,9,DOWNSTREAM,-4.588313261738274,
phase6v2-r06-output-medium-a01,D4-SMT,10,INPUT,-4.629377699262392,
phase6v2-r06-output-medium-a01,D4-SMT,11,INPUT+DOWNSTREAM,-5.205915774504881,
phase6v2-r06-output-control-a01,D4-SMT,1,NONE,0,0.07960724919872986
phase6v2-r06-output-control-a01,D4-SMT,2,INPUT,-0.07960724919872986,
phase6v2-r06-output-control-a01,D4-SMT,3,DOWNSTREAM,-0.4536012929822132,
phase6v2-r06-output-control-a01,D4-SMT,4,INPUT+DOWNSTREAM,-0.533208542180943,
phase6v2-r06-output-control-a01,D4-SMT,5,OUTPUT,-1.648577565160552,
phase6v2-r06-output-control-a01,D4-SMT,6,LOAD,-1.6571600457108653,
phase6v2-r06-output-control-a01,D4-SMT,7,INPUT+OUTPUT,-1.728184814359282,
phase6v2-r06-output-control-a01,D4-SMT,8,INPUT+LOAD,-1.7367672949095951,
phase6v2-r06-output-control-a01,D4-SMT,9,OUTPUT+DOWNSTREAM,-2.102178858142765,
phase6v2-r06-output-control-a01,D4-SMT,10,LOAD+DOWNSTREAM,-2.1107613386930786,
phase6v2-r06-output-control-a01,D4-SMT,11,OUTPUT+LOAD,-3.305737610871417,
phase6v2-r06-output-downstream-a01,D4-SMT,1,OUTPUT+DOWNSTREAM,10.393500227522438,4.1487439616988695
phase6v2-r06-output-downstream-a01,D4-SMT,2,LOAD+DOWNSTREAM,6.244756265823568,
phase6v2-r06-output-downstream-a01,D4-SMT,3,DOWNSTREAM,6.224717262171289,
phase6v2-r06-output-downstream-a01,D4-SMT,4,INPUT+DOWNSTREAM,5.296493128360913,
phase6v2-r06-output-downstream-a01,D4-SMT,5,OUTPUT+LOAD,-6.224717262171289,
phase6v2-r06-output-downstream-a01,D4-SMT,6,OUTPUT,-6.244756265823568,
phase6v2-r06-output-downstream-a01,D4-SMT,7,INPUT+OUTPUT,-7.1729803996339445,
phase6v2-r06-output-downstream-a01,D4-SMT,8,LOAD,-10.393500227522438,
phase6v2-r06-output-downstream-a01,D4-SMT,9,NONE,-10.413539231174717,
phase6v2-r06-output-downstream-a01,D4-SMT,10,INPUT+LOAD,-11.321724361332814,
phase6v2-r06-output-downstream-a01,D4-SMT,11,INPUT,-11.341763364985093,
phase6v2-r06-baseline-a01,D4-FULL,1,NONE,0,0.01799568506076188
phase6v2-r06-baseline-a01,D4-FULL,2,INPUT,-0.01799568506076188,
phase6v2-r06-baseline-a01,D4-FULL,3,DOWNSTREAM,-0.13845965340438027,
phase6v2-r06-baseline-a01,D4-FULL,4,INPUT+DOWNSTREAM,-0.15645533846514215,
phase6v2-r06-baseline-a01,D4-FULL,5,LOAD,-0.29505192360784616,
phase6v2-r06-baseline-a01,D4-FULL,6,INPUT+LOAD,-0.31304760866860804,
phase6v2-r06-baseline-a01,D4-FULL,7,LOAD+DOWNSTREAM,-0.4335115770122264,
phase6v2-r06-baseline-a01,D4-FULL,8,OUTPUT,-3.480878200946367,
phase6v2-r06-baseline-a01,D4-FULL,9,INPUT+OUTPUT,-3.4988738860071287,
phase6v2-r06-baseline-a01,D4-FULL,10,OUTPUT+DOWNSTREAM,-3.6193378543507473,
phase6v2-r06-baseline-a01,D4-FULL,11,OUTPUT+LOAD,-3.775930124554213,
phase6v2-r06-input-load-a01,D4-FULL,1,OUTPUT+LOAD,8.003549938068122,3.254493650430594
phase6v2-r06-input-load-a01,D4-FULL,2,LOAD,4.749056287637528,
phase6v2-r06-input-load-a01,D4-FULL,3,LOAD+DOWNSTREAM,-1.0698022222497308,
phase6v2-r06-input-load-a01,D4-FULL,4,OUTPUT,-4.749056287637528,
phase6v2-r06-input-load-a01,D4-FULL,5,INPUT+LOAD,-7.039566909490749,
phase6v2-r06-input-load-a01,D4-FULL,6,NONE,-8.003549938068122,
phase6v2-r06-input-load-a01,D4-FULL,7,OUTPUT+DOWNSTREAM,-10.567914797524788,
phase6v2-r06-input-load-a01,D4-FULL,8,DOWNSTREAM,-13.822408447955382,
phase6v2-r06-input-load-a01,D4-FULL,9,INPUT+OUTPUT,-16.537679484765803,
phase6v2-r06-input-load-a01,D4-FULL,10,INPUT,-19.7921731351964,
phase6v2-r06-input-load-a01,D4-FULL,11,INPUT+DOWNSTREAM,-25.61103164508366,
phase6v2-r06-output-downstream-control-a01,D4-FULL,1,DOWNSTREAM,7.48348363811519,0.20469697903807393
phase6v2-r06-output-downstream-control-a01,D4-FULL,2,INPUT+DOWNSTREAM,7.278786659077116,
phase6v2-r06-output-downstream-control-a01,D4-FULL,3,LOAD+DOWNSTREAM,6.640108430117144,
phase6v2-r06-output-downstream-control-a01,D4-FULL,4,OUTPUT+DOWNSTREAM,6.594051201892896,
phase6v2-r06-output-downstream-control-a01,D4-FULL,5,NONE,-7.48348363811519,
phase6v2-r06-output-downstream-control-a01,D4-FULL,6,INPUT,-7.688180617153264,
phase6v2-r06-output-downstream-control-a01,D4-FULL,7,LOAD,-8.326858846113236,
phase6v2-r06-output-downstream-control-a01,D4-FULL,8,OUTPUT,-8.372916074337484,
phase6v2-r06-output-downstream-control-a01,D4-FULL,9,INPUT+LOAD,-8.53155582515131,
phase6v2-r06-output-downstream-control-a01,D4-FULL,10,INPUT+OUTPUT,-8.577613053375558,
phase6v2-r06-output-downstream-control-a01,D4-FULL,11,OUTPUT+LOAD,-9.21629128233553,
phase6v2-r06-input-medium-a01,D4-FULL,1,LOAD+DOWNSTREAM,0.23793668304868754,0.1810792412249791
phase6v2-r06-input-medium-a01,D4-FULL,2,DOWNSTREAM,0.05685744182370844,
phase6v2-r06-input-medium-a01,D4-FULL,3,INPUT+DOWNSTREAM,-0.04910425335896407,
phase6v2-r06-input-medium-a01,D4-FULL,4,LOAD,-0.05685744182370844,
phase6v2-r06-input-medium-a01,D4-FULL,5,INPUT+LOAD,-0.16281913700638095,
phase6v2-r06-input-medium-a01,D4-FULL,6,NONE,-0.23793668304868754,
phase6v2-r06-input-medium-a01,D4-FULL,7,INPUT,-0.34389837823136005,
phase6v2-r06-input-medium-a01,D4-FULL,8,OUTPUT+DOWNSTREAM,-3.5197842090361706,
phase6v2-r06-input-medium-a01,D4-FULL,9,OUTPUT+LOAD,-3.6334990926835875,
phase6v2-r06-input-medium-a01,D4-FULL,10,OUTPUT,-3.8145783339085666,
phase6v2-r06-input-medium-a01,D4-FULL,11,INPUT+OUTPUT,-3.9205400290912387,
phase6v2-r06-output-load-control-a01,D4-FULL,1,LOAD,5.57356650494787,0.9235776390581663
phase6v2-r06-output-load-control-a01,D4-FULL,2,OUTPUT+LOAD,4.6499888658897035,
phase6v2-r06-output-load-control-a01,D4-FULL,3,INPUT+LOAD,3.584020004809024,
phase6v2-r06-output-load-control-a01,D4-FULL,4,LOAD+DOWNSTREAM,2.6586567519972024,
phase6v2-r06-output-load-control-a01,D4-FULL,5,NONE,-5.57356650494787,
phase6v2-r06-output-load-control-a01,D4-FULL,6,OUTPUT,-6.497144144006036,
phase6v2-r06-output-load-control-a01,D4-FULL,7,INPUT,-7.5631130050867155,
phase6v2-r06-output-load-control-a01,D4-FULL,8,INPUT+OUTPUT,-8.486690644144883,
phase6v2-r06-output-load-control-a01,D4-FULL,9,DOWNSTREAM,-8.488476257898537,
phase6v2-r06-output-load-control-a01,D4-FULL,10,OUTPUT+DOWNSTREAM,-9.412053896956703,
phase6v2-r06-output-load-control-a01,D4-FULL,11,INPUT+DOWNSTREAM,-10.478022758037383,
phase6v2-r06-load-downstream-a01,D4-FULL,1,LOAD+DOWNSTREAM,14.939740940170948,12.035688256862464
phase6v2-r06-load-downstream-a01,D4-FULL,2,OUTPUT+LOAD,2.9040526833084828,
phase6v2-r06-load-downstream-a01,D4-FULL,3,LOAD,2.4678631022907496,
phase6v2-r06-load-downstream-a01,D4-FULL,4,OUTPUT+DOWNSTREAM,-2.4678631022907496,
phase6v2-r06-load-downstream-a01,D4-FULL,5,DOWNSTREAM,-2.9040526833084828,
phase6v2-r06-load-downstream-a01,D4-FULL,6,INPUT+LOAD,-3.7779027779397474,
phase6v2-r06-load-downstream-a01,D4-FULL,7,INPUT+DOWNSTREAM,-9.149818563538979,
phase6v2-r06-load-downstream-a01,D4-FULL,8,OUTPUT,-14.939740940170948,
phase6v2-r06-load-downstream-a01,D4-FULL,9,NONE,-15.375930521188682,
phase6v2-r06-load-downstream-a01,D4-FULL,10,INPUT+OUTPUT,-21.185506820401443,
phase6v2-r06-load-downstream-a01,D4-FULL,11,INPUT,-21.62169640141918,
phase6v2-r06-output-load-a01,D4-FULL,1,OUTPUT+LOAD,10.19547539939602,5.22944037781582
phase6v2-r06-output-load-a01,D4-FULL,2,LOAD,4.9660350215802005,
phase6v2-r06-output-load-a01,D4-FULL,3,LOAD+DOWNSTREAM,-0.5357463354539891,
phase6v2-r06-output-load-a01,D4-FULL,4,OUTPUT,-4.9660350215802005,
phase6v2-r06-output-load-a01,D4-FULL,5,INPUT+LOAD,-7.1249540216527,
phase6v2-r06-output-load-a01,D4-FULL,6,NONE,-10.19547539939602,
phase6v2-r06-output-load-a01,D4-FULL,7,OUTPUT+DOWNSTREAM,-10.46781637861439,
phase6v2-r06-output-load-a01,D4-FULL,8,DOWNSTREAM,-15.69725675643021,
phase6v2-r06-output-load-a01,D4-FULL,9,INPUT+OUTPUT,-17.0570240648131,
phase6v2-r06-output-load-a01,D4-FULL,10,INPUT,-22.28646444262892,
phase6v2-r06-output-load-a01,D4-FULL,11,INPUT+DOWNSTREAM,-27.788245799663112,
phase6v2-r06-downstream-medium-a01,D4-FULL,1,DOWNSTREAM,6.764925080587655,0.1408945223516902
phase6v2-r06-downstream-medium-a01,D4-FULL,2,INPUT+DOWNSTREAM,6.624030558235964,
phase6v2-r06-downstream-medium-a01,D4-FULL,3,LOAD+DOWNSTREAM,6.197377512547053,
phase6v2-r06-downstream-medium-a01,D4-FULL,4,OUTPUT+DOWNSTREAM,3.082542286056948,
phase6v2-r06-downstream-medium-a01,D4-FULL,5,NONE,-6.764925080587655,
phase6v2-r06-downstream-medium-a01,D4-FULL,6,INPUT,-6.905819602939345,
phase6v2-r06-downstream-medium-a01,D4-FULL,7,LOAD,-7.332472648628256,
phase6v2-r06-downstream-medium-a01,D4-FULL,8,INPUT+LOAD,-7.473367170979946,
phase6v2-r06-downstream-medium-a01,D4-FULL,9,OUTPUT,-10.447307875118362,
phase6v2-r06-downstream-medium-a01,D4-FULL,10,INPUT+OUTPUT,-10.588202397470052,
phase6v2-r06-downstream-medium-a01,D4-FULL,11,OUTPUT+LOAD,-11.014855443158963,
phase6v2-r06-input-downstream-a01,D4-FULL,1,LOAD+DOWNSTREAM,8.67794581239938,0.5985045415370536
phase6v2-r06-input-downstream-a01,D4-FULL,2,DOWNSTREAM,8.079441270862326,
phase6v2-r06-input-downstream-a01,D4-FULL,3,INPUT+DOWNSTREAM,7.8186990748415734,
phase6v2-r06-input-downstream-a01,D4-FULL,4,OUTPUT+DOWNSTREAM,4.55611714317612,
phase6v2-r06-input-downstream-a01,D4-FULL,5,LOAD,-8.079441270862326,
phase6v2-r06-input-downstream-a01,D4-FULL,6,INPUT+LOAD,-8.340183466883078,
phase6v2-r06-input-downstream-a01,D4-FULL,7,NONE,-8.67794581239938,
phase6v2-r06-input-downstream-a01,D4-FULL,8,INPUT,-8.938688008420131,
phase6v2-r06-input-downstream-a01,D4-FULL,9,OUTPUT+LOAD,-11.60276539854853,
phase6v2-r06-input-downstream-a01,D4-FULL,10,OUTPUT,-12.201269940085584,
phase6v2-r06-input-downstream-a01,D4-FULL,11,INPUT+OUTPUT,-12.462012136106337,
phase6v2-r06-load-medium-a01,D4-FULL,1,LOAD,8.058786678336983,0.13138084809537176
phase6v2-r06-load-medium-a01,D4-FULL,2,OUTPUT+LOAD,7.927405830241611,
phase6v2-r06-load-medium-a01,D4-FULL,3,LOAD+DOWNSTREAM,4.495921839746552,
phase6v2-r06-load-medium-a01,D4-FULL,4,INPUT+LOAD,3.0224443624637187,
phase6v2-r06-load-medium-a01,D4-FULL,5,NONE,-8.058786678336983,
phase6v2-r06-load-medium-a01,D4-FULL,6,OUTPUT,-8.190167526432354,
phase6v2-r06-load-medium-a01,D4-FULL,7,DOWNSTREAM,-11.621651516927413,
phase6v2-r06-load-medium-a01,D4-FULL,8,OUTPUT+DOWNSTREAM,-11.753032365022785,
phase6v2-r06-load-medium-a01,D4-FULL,9,INPUT,-13.095128994210246,
phase6v2-r06-load-medium-a01,D4-FULL,10,INPUT+OUTPUT,-13.226509842305617,
phase6v2-r06-load-medium-a01,D4-FULL,11,INPUT+DOWNSTREAM,-16.657993832800678,
phase6v2-r06-output-medium-a01,D4-FULL,1,OUTPUT,2.805772516811985,0.427160203599144
phase6v2-r06-output-medium-a01,D4-FULL,2,INPUT+OUTPUT,2.378612313212841,
phase6v2-r06-output-medium-a01,D4-FULL,3,OUTPUT+LOAD,2.1614638059251314,
phase6v2-r06-output-medium-a01,D4-FULL,4,OUTPUT+DOWNSTREAM,1.4331603448159307,
phase6v2-r06-output-medium-a01,D4-FULL,5,NONE,-2.805772516811985,
phase6v2-r06-output-medium-a01,D4-FULL,6,INPUT,-3.232932720411129,
phase6v2-r06-output-medium-a01,D4-FULL,7,LOAD,-3.4500812276988384,
phase6v2-r06-output-medium-a01,D4-FULL,8,INPUT+LOAD,-3.8772414312979824,
phase6v2-r06-output-medium-a01,D4-FULL,9,DOWNSTREAM,-4.178384688808039,
phase6v2-r06-output-medium-a01,D4-FULL,10,INPUT+DOWNSTREAM,-4.605544892407183,
phase6v2-r06-output-medium-a01,D4-FULL,11,LOAD+DOWNSTREAM,-4.822693399694893,
phase6v2-r06-output-control-a01,D4-FULL,1,NONE,0,0.03529869740590774
phase6v2-r06-output-control-a01,D4-FULL,2,INPUT,-0.03529869740590774,
phase6v2-r06-output-control-a01,D4-FULL,3,DOWNSTREAM,-0.16431601425325204,
phase6v2-r06-output-control-a01,D4-FULL,4,INPUT+DOWNSTREAM,-0.19961471165915978,
phase6v2-r06-output-control-a01,D4-FULL,5,OUTPUT,-2.0628935804753725,
phase6v2-r06-output-control-a01,D4-FULL,6,INPUT+OUTPUT,-2.0981922778812803,
phase6v2-r06-output-control-a01,D4-FULL,7,OUTPUT+DOWNSTREAM,-2.227209594728625,
phase6v2-r06-output-control-a01,D4-FULL,8,LOAD,-2.826057546648959,
phase6v2-r06-output-control-a01,D4-FULL,9,INPUT+LOAD,-2.8613562440548668,
phase6v2-r06-output-control-a01,D4-FULL,10,LOAD+DOWNSTREAM,-2.990373560902211,
phase6v2-r06-output-control-a01,D4-FULL,11,OUTPUT+LOAD,-4.888951127124331,
phase6v2-r06-output-downstream-a01,D4-FULL,1,OUTPUT+DOWNSTREAM,9.959704345189337,4.4546438406659075
phase6v2-r06-output-downstream-a01,D4-FULL,2,DOWNSTREAM,5.5050605045234295,
phase6v2-r06-output-downstream-a01,D4-FULL,3,INPUT+DOWNSTREAM,4.992837168801099,
phase6v2-r06-output-downstream-a01,D4-FULL,4,LOAD+DOWNSTREAM,4.918943884316231,
phase6v2-r06-output-downstream-a01,D4-FULL,5,OUTPUT,-5.5050605045234295,
phase6v2-r06-output-downstream-a01,D4-FULL,6,INPUT+OUTPUT,-6.017283840245762,
phase6v2-r06-output-downstream-a01,D4-FULL,7,OUTPUT+LOAD,-6.091177124730629,
phase6v2-r06-output-downstream-a01,D4-FULL,8,NONE,-9.959704345189337,
phase6v2-r06-output-downstream-a01,D4-FULL,9,INPUT,-10.47192768091167,
phase6v2-r06-output-downstream-a01,D4-FULL,10,LOAD,-10.545820965396535,
phase6v2-r06-output-downstream-a01,D4-FULL,11,INPUT+LOAD,-11.058044301118867,
phase6v2-r06-baseline-a01,D4-FULL,1,INPUT,0.00549759014675355,0.0109951802935071
phase6v2-r06-baseline-a01,D4-FULL,2,NONE,-0.00549759014675355,
phase6v2-r06-baseline-a01,D4-FULL,3,INPUT+DOWNSTREAM,-0.13296206325762672,
phase6v2-r06-baseline-a01,D4-FULL,4,DOWNSTREAM,-0.14395724355113382,
phase6v2-r06-baseline-a01,D4-FULL,5,INPUT+LOAD,-0.2895543334610926,
phase6v2-r06-baseline-a01,D4-FULL,6,LOAD,-0.3005495137545997,
phase6v2-r06-baseline-a01,D4-FULL,7,LOAD+DOWNSTREAM,-0.43900916715898,
phase6v2-r06-baseline-a01,D4-FULL,8,INPUT+OUTPUT,-3.475380610799613,
phase6v2-r06-baseline-a01,D4-FULL,9,OUTPUT,-3.4863757910931206,
phase6v2-r06-baseline-a01,D4-FULL,10,OUTPUT+DOWNSTREAM,-3.624835444497501,
phase6v2-r06-baseline-a01,D4-FULL,11,OUTPUT+LOAD,-3.7814277147009667,
phase6v2-r06-input-load-a01,D4-FULL,1,OUTPUT+LOAD,8.003549938068122,3.254493650430594
phase6v2-r06-input-load-a01,D4-FULL,2,LOAD,4.749056287637528,
phase6v2-r06-input-load-a01,D4-FULL,3,LOAD+DOWNSTREAM,-1.0698022222497308,
phase6v2-r06-input-load-a01,D4-FULL,4,OUTPUT,-4.749056287637528,
phase6v2-r06-input-load-a01,D4-FULL,5,INPUT+LOAD,-6.819662706397277,
phase6v2-r06-input-load-a01,D4-FULL,6,NONE,-8.003549938068122,
phase6v2-r06-input-load-a01,D4-FULL,7,OUTPUT+DOWNSTREAM,-10.567914797524788,
phase6v2-r06-input-load-a01,D4-FULL,8,DOWNSTREAM,-13.822408447955382,
phase6v2-r06-input-load-a01,D4-FULL,9,INPUT+OUTPUT,-16.317775281672333,
phase6v2-r06-input-load-a01,D4-FULL,10,INPUT,-19.57226893210293,
phase6v2-r06-input-load-a01,D4-FULL,11,INPUT+DOWNSTREAM,-25.391127441990186,
phase6v2-r06-output-downstream-control-a01,D4-FULL,1,DOWNSTREAM,7.48348363811519,0.8433752079980454
phase6v2-r06-output-downstream-control-a01,D4-FULL,2,LOAD+DOWNSTREAM,6.640108430117144,
phase6v2-r06-output-downstream-control-a01,D4-FULL,3,OUTPUT+DOWNSTREAM,6.594051201892896,
phase6v2-r06-output-downstream-control-a01,D4-FULL,4,INPUT+DOWNSTREAM,6.356175126417385,
phase6v2-r06-output-downstream-control-a01,D4-FULL,5,NONE,-7.48348363811519,
phase6v2-r06-output-downstream-control-a01,D4-FULL,6,LOAD,-8.326858846113236,
phase6v2-r06-output-downstream-control-a01,D4-FULL,7,OUTPUT,-8.372916074337484,
phase6v2-r06-output-downstream-control-a01,D4-FULL,8,INPUT,-8.610792149812994,
phase6v2-r06-output-downstream-control-a01,D4-FULL,9,OUTPUT+LOAD,-9.21629128233553,
phase6v2-r06-output-downstream-control-a01,D4-FULL,10,INPUT+LOAD,-9.45416735781104,
phase6v2-r06-output-downstream-control-a01,D4-FULL,11,INPUT+OUTPUT,-9.500224586035287,
phase6v2-r06-input-medium-a01,D4-FULL,1,INPUT+DOWNSTREAM,0.6360599109721123,0.11371488364741689
phase6v2-r06-input-medium-a01,D4-FULL,2,INPUT+LOAD,0.5223450273246955,
phase6v2-r06-input-medium-a01,D4-FULL,3,INPUT,0.34126578609971636,
phase6v2-r06-input-medium-a01,D4-FULL,4,LOAD+DOWNSTREAM,-0.34126578609971636,
phase6v2-r06-input-medium-a01,D4-FULL,5,DOWNSTREAM,-0.5223450273246955,
phase6v2-r06-input-medium-a01,D4-FULL,6,LOAD,-0.6360599109721123,
phase6v2-r06-input-medium-a01,D4-FULL,7,NONE,-0.8171391521970914,
phase6v2-r06-input-medium-a01,D4-FULL,8,INPUT+OUTPUT,-3.2353758647601616,
phase6v2-r06-input-medium-a01,D4-FULL,9,OUTPUT+DOWNSTREAM,-4.098986678184573,
phase6v2-r06-input-medium-a01,D4-FULL,10,OUTPUT+LOAD,-4.212701561831991,
phase6v2-r06-input-medium-a01,D4-FULL,11,OUTPUT,-4.39378080305697,
phase6v2-r06-output-load-control-a01,D4-FULL,1,LOAD,5.57356650494787,0.9235776390581663
phase6v2-r06-output-load-control-a01,D4-FULL,2,OUTPUT+LOAD,4.6499888658897035,
phase6v2-r06-output-load-control-a01,D4-FULL,3,LOAD+DOWNSTREAM,2.6586567519972024,
phase6v2-r06-output-load-control-a01,D4-FULL,4,INPUT+LOAD,2.6014125470100478,
phase6v2-r06-output-load-control-a01,D4-FULL,5,NONE,-5.57356650494787,
phase6v2-r06-output-load-control-a01,D4-FULL,6,OUTPUT,-6.497144144006036,
phase6v2-r06-output-load-control-a01,D4-FULL,7,DOWNSTREAM,-8.488476257898537,
phase6v2-r06-output-load-control-a01,D4-FULL,8,INPUT,-8.545720462885692,
phase6v2-r06-output-load-control-a01,D4-FULL,9,OUTPUT+DOWNSTREAM,-9.412053896956703,
phase6v2-r06-output-load-control-a01,D4-FULL,10,INPUT+OUTPUT,-9.469298101943858,
phase6v2-r06-output-load-control-a01,D4-FULL,11,INPUT+DOWNSTREAM,-11.460630215836359,
phase6v2-r06-load-downstream-a01,D4-FULL,1,LOAD+DOWNSTREAM,14.939740940170948,12.035688256862464
phase6v2-r06-load-downstream-a01,D4-FULL,2,OUTPUT+LOAD,2.9040526833084828,
phase6v2-r06-load-downstream-a01,D4-FULL,3,LOAD,2.4678631022907505,
phase6v2-r06-load-downstream-a01,D4-FULL,4,OUTPUT+DOWNSTREAM,-2.4678631022907505,
phase6v2-r06-load-downstream-a01,D4-FULL,5,DOWNSTREAM,-2.9040526833084828,
phase6v2-r06-load-downstream-a01,D4-FULL,6,INPUT+LOAD,-3.9902552701904854,
phase6v2-r06-load-downstream-a01,D4-FULL,7,INPUT+DOWNSTREAM,-9.36217105578972,
phase6v2-r06-load-downstream-a01,D4-FULL,8,OUTPUT,-14.939740940170948,
phase6v2-r06-load-downstream-a01,D4-FULL,9,NONE,-15.375930521188682,
phase6v2-r06-load-downstream-a01,D4-FULL,10,INPUT+OUTPUT,-21.397859312652184,
phase6v2-r06-load-downstream-a01,D4-FULL,11,INPUT,-21.834048893669916,
phase6v2-r06-output-load-a01,D4-FULL,1,OUTPUT+LOAD,11.178994197886206,7.196477974796192
phase6v2-r06-output-load-a01,D4-FULL,2,LOAD,3.9825162230900144,
phase6v2-r06-output-load-a01,D4-FULL,3,LOAD+DOWNSTREAM,-1.5192651339441756,
phase6v2-r06-output-load-a01,D4-FULL,4,OUTPUT,-3.9825162230900144,
phase6v2-r06-output-load-a01,D4-FULL,5,OUTPUT+DOWNSTREAM,-9.484297580124204,
phase6v2-r06-output-load-a01,D4-FULL,6,INPUT+LOAD,-9.505407209972672,
phase6v2-r06-output-load-a01,D4-FULL,7,NONE,-11.178994197886206,
phase6v2-r06-output-load-a01,D4-FULL,8,DOWNSTREAM,-16.680775554920395,
phase6v2-r06-output-load-a01,D4-FULL,9,INPUT+OUTPUT,-17.4704396561527,
phase6v2-r06-output-load-a01,D4-FULL,10,INPUT,-24.666917630948895,
phase6v2-r06-output-load-a01,D4-FULL,11,INPUT+DOWNSTREAM,-30.168698987983085,
phase6v2-r06-downstream-medium-a01,D4-FULL,1,DOWNSTREAM,6.764925080587655,0.11911341371386719
phase6v2-r06-downstream-medium-a01,D4-FULL,2,INPUT+DOWNSTREAM,6.645811666873787,
phase6v2-r06-downstream-medium-a01,D4-FULL,3,LOAD+DOWNSTREAM,6.197377512547053,
phase6v2-r06-downstream-medium-a01,D4-FULL,4,OUTPUT+DOWNSTREAM,3.0825422860569485,
phase6v2-r06-downstream-medium-a01,D4-FULL,5,NONE,-6.764925080587655,
phase6v2-r06-downstream-medium-a01,D4-FULL,6,INPUT,-6.884038494301522,
phase6v2-r06-downstream-medium-a01,D4-FULL,7,LOAD,-7.332472648628256,
phase6v2-r06-downstream-medium-a01,D4-FULL,8,INPUT+LOAD,-7.451586062342123,
phase6v2-r06-downstream-medium-a01,D4-FULL,9,OUTPUT,-10.44730787511836,
phase6v2-r06-downstream-medium-a01,D4-FULL,10,INPUT+OUTPUT,-10.566421288832228,
phase6v2-r06-downstream-medium-a01,D4-FULL,11,OUTPUT+LOAD,-11.014855443158963,
phase6v2-r06-input-downstream-a01,D4-FULL,1,INPUT+DOWNSTREAM,8.502107092604618,0.246827101947531
phase6v2-r06-input-downstream-a01,D4-FULL,2,LOAD+DOWNSTREAM,8.255279990657087,
phase6v2-r06-input-downstream-a01,D4-FULL,3,DOWNSTREAM,7.656775449120033,
phase6v2-r06-input-downstream-a01,D4-FULL,4,OUTPUT+DOWNSTREAM,4.13345132143383,
phase6v2-r06-input-downstream-a01,D4-FULL,5,INPUT+LOAD,-7.656775449120033,
phase6v2-r06-input-downstream-a01,D4-FULL,6,INPUT,-8.255279990657087,
phase6v2-r06-input-downstream-a01,D4-FULL,7,LOAD,-8.502107092604618,
phase6v2-r06-input-downstream-a01,D4-FULL,8,NONE,-9.100611634141671,
phase6v2-r06-input-downstream-a01,D4-FULL,9,INPUT+OUTPUT,-11.778604118343292,
phase6v2-r06-input-downstream-a01,D4-FULL,10,OUTPUT+LOAD,-12.025431220290821,
phase6v2-r06-input-downstream-a01,D4-FULL,11,OUTPUT,-12.623935761827875,
phase6v2-r06-load-medium-a01,D4-FULL,1,LOAD,8.058786678336983,0.13138084809537176
phase6v2-r06-load-medium-a01,D4-FULL,2,OUTPUT+LOAD,7.927405830241611,
phase6v2-r06-load-medium-a01,D4-FULL,3,LOAD+DOWNSTREAM,4.495921839746552,
phase6v2-r06-load-medium-a01,D4-FULL,4,INPUT+LOAD,2.8629486335463445,
phase6v2-r06-load-medium-a01,D4-FULL,5,NONE,-8.058786678336983,
phase6v2-r06-load-medium-a01,D4-FULL,6,OUTPUT,-8.190167526432354,
phase6v2-r06-load-medium-a01,D4-FULL,7,DOWNSTREAM,-11.621651516927413,
phase6v2-r06-load-medium-a01,D4-FULL,8,OUTPUT+DOWNSTREAM,-11.753032365022785,
phase6v2-r06-load-medium-a01,D4-FULL,9,INPUT,-13.25462472312762,
phase6v2-r06-load-medium-a01,D4-FULL,10,INPUT+OUTPUT,-13.386005571222992,
phase6v2-r06-load-medium-a01,D4-FULL,11,INPUT+DOWNSTREAM,-16.81748956171805,
phase6v2-r06-output-medium-a01,D4-FULL,1,OUTPUT,3.7892913153021706,0.6443087108868535
phase6v2-r06-output-medium-a01,D4-FULL,2,OUTPUT+LOAD,3.144982604415317,
phase6v2-r06-output-medium-a01,D4-FULL,3,INPUT+OUTPUT,2.4413249482754145,
phase6v2-r06-output-medium-a01,D4-FULL,4,OUTPUT+DOWNSTREAM,2.4166791433061166,
phase6v2-r06-output-medium-a01,D4-FULL,5,NONE,-3.7892913153021706,
phase6v2-r06-output-medium-a01,D4-FULL,6,LOAD,-4.4336000261890245,
phase6v2-r06-output-medium-a01,D4-FULL,7,INPUT,-5.137257682328927,
phase6v2-r06-output-medium-a01,D4-FULL,8,DOWNSTREAM,-5.161903487298225,
phase6v2-r06-output-medium-a01,D4-FULL,9,INPUT+LOAD,-5.781566393215781,
phase6v2-r06-output-medium-a01,D4-FULL,10,LOAD+DOWNSTREAM,-5.8062121981850785,
phase6v2-r06-output-medium-a01,D4-FULL,11,INPUT+DOWNSTREAM,-6.509869854324981,
phase6v2-r06-output-control-a01,D4-FULL,1,NONE,0,0.16431601425325204
phase6v2-r06-output-control-a01,D4-FULL,2,DOWNSTREAM,-0.16431601425325204,
phase6v2-r06-output-control-a01,D4-FULL,3,INPUT,-0.9561948087672774,
phase6v2-r06-output-control-a01,D4-FULL,4,INPUT+DOWNSTREAM,-1.1205108230205294,
phase6v2-r06-output-control-a01,D4-FULL,5,OUTPUT,-2.062893580475372,
phase6v2-r06-output-control-a01,D4-FULL,6,OUTPUT+DOWNSTREAM,-2.227209594728624,
phase6v2-r06-output-control-a01,D4-FULL,7,LOAD,-2.826057546648959,
phase6v2-r06-output-control-a01,D4-FULL,8,LOAD+DOWNSTREAM,-2.990373560902211,
phase6v2-r06-output-control-a01,D4-FULL,9,INPUT+OUTPUT,-3.0190883892426497,
phase6v2-r06-output-control-a01,D4-FULL,10,INPUT+LOAD,-3.7822523554162366,
phase6v2-r06-output-control-a01,D4-FULL,11,OUTPUT+LOAD,-4.888951127124331,
phase6v2-r06-output-downstream-a01,D4-FULL,1,OUTPUT+DOWNSTREAM,10.943223143679521,6.421681437646277
phase6v2-r06-output-downstream-a01,D4-FULL,2,DOWNSTREAM,4.521541706033244,
phase6v2-r06-output-downstream-a01,D4-FULL,3,LOAD+DOWNSTREAM,3.9354250858260453,
phase6v2-r06-output-downstream-a01,D4-FULL,4,INPUT+DOWNSTREAM,3.0868206435048435,
phase6v2-r06-output-downstream-a01,D4-FULL,5,OUTPUT,-4.521541706033244,
phase6v2-r06-output-downstream-a01,D4-FULL,6,OUTPUT+LOAD,-5.107658326240443,
phase6v2-r06-output-downstream-a01,D4-FULL,7,INPUT+OUTPUT,-5.956262768561645,
phase6v2-r06-output-downstream-a01,D4-FULL,8,NONE,-10.943223143679521,
phase6v2-r06-output-downstream-a01,D4-FULL,9,LOAD,-11.52933976388672,
phase6v2-r06-output-downstream-a01,D4-FULL,10,INPUT,-12.377944206207921,
phase6v2-r06-output-downstream-a01,D4-FULL,11,INPUT+LOAD,-12.964060826415121,
phase6v2-r07-output-load-a01,D4-S,1,OUTPUT+LOAD,11.927738447435475,10.035731387120407
phase6v2-r07-output-load-a01,D4-S,2,LOAD,1.892007060315068,
phase6v2-r07-output-load-a01,D4-S,3,OUTPUT,-1.892007060315068,
phase6v2-r07-output-load-a01,D4-S,4,LOAD+DOWNSTREAM,-3.4419848149436074,
phase6v2-r07-output-load-a01,D4-S,5,INPUT+LOAD,-3.6684178238112857,
phase6v2-r07-output-load-a01,D4-S,6,OUTPUT+DOWNSTREAM,-7.2259989355737435,
phase6v2-r07-output-load-a01,D4-S,7,INPUT+OUTPUT,-7.452431944441422,
phase6v2-r07-output-load-a01,D4-S,8,NONE,-11.927738447435475,
phase6v2-r07-output-load-a01,D4-S,9,DOWNSTREAM,-17.26173032269415,
phase6v2-r07-output-load-a01,D4-S,10,INPUT,-17.48816333156183,
phase6v2-r07-output-load-a01,D4-S,11,INPUT+DOWNSTREAM,-22.822155206820504,
phase6v2-r07-load-downstream-a01,D4-S,1,OUTPUT+LOAD,8.291610637521295,0.5129894982068457
phase6v2-r07-load-downstream-a01,D4-S,2,LOAD,7.778621139314449,
phase6v2-r07-load-downstream-a01,D4-S,3,LOAD+DOWNSTREAM,5.0180893757180725,
phase6v2-r07-load-downstream-a01,D4-S,4,INPUT+LOAD,4.844360119591824,
phase6v2-r07-load-downstream-a01,D4-S,5,OUTPUT,-7.778621139314449,
phase6v2-r07-load-downstream-a01,D4-S,6,NONE,-8.291610637521295,
phase6v2-r07-load-downstream-a01,D4-S,7,OUTPUT+DOWNSTREAM,-10.539152902910825,
phase6v2-r07-load-downstream-a01,D4-S,8,INPUT+OUTPUT,-10.712882159037074,
phase6v2-r07-load-downstream-a01,D4-S,9,DOWNSTREAM,-11.05214240111767,
phase6v2-r07-load-downstream-a01,D4-S,10,INPUT,-11.22587165724392,
phase6v2-r07-load-downstream-a01,D4-S,11,INPUT+DOWNSTREAM,-13.986403420840297,
phase6v2-r07-baseline-a01,D4-S,1,DOWNSTREAM,0.001357212238632055,0.00271442447726411
phase6v2-r07-baseline-a01,D4-S,2,NONE,-0.001357212238632055,
phase6v2-r07-baseline-a01,D4-S,3,INPUT+DOWNSTREAM,-0.06457519811140489,
phase6v2-r07-baseline-a01,D4-S,4,INPUT,-0.067289622588669,
phase6v2-r07-baseline-a01,D4-S,5,LOAD+DOWNSTREAM,-2.815481785382875,
phase6v2-r07-baseline-a01,D4-S,6,LOAD,-2.818196209860139,
phase6v2-r07-baseline-a01,D4-S,7,INPUT+LOAD,-2.8841286202101757,
phase6v2-r07-baseline-a01,D4-S,8,OUTPUT+DOWNSTREAM,-2.8942508125824196,
phase6v2-r07-baseline-a01,D4-S,9,OUTPUT,-2.8969652370596837,
phase6v2-r07-baseline-a01,D4-S,10,INPUT+OUTPUT,-2.962897647409721,
phase6v2-r07-baseline-a01,D4-S,11,OUTPUT+LOAD,-5.7138042346811915,
phase6v2-r07-input-downstream-a01,D4-S,1,NONE,0,0.15479322085957126
phase6v2-r07-input-downstream-a01,D4-S,2,LOAD,-0.15479322085957126,
phase6v2-r07-input-downstream-a01,D4-S,3,DOWNSTREAM,-0.3419179088038554,
phase6v2-r07-input-downstream-a01,D4-S,4,INPUT,-0.4186047803624874,
phase6v2-r07-input-downstream-a01,D4-S,5,LOAD+DOWNSTREAM,-0.4967111296634267,
phase6v2-r07-input-downstream-a01,D4-S,6,INPUT+LOAD,-0.5733980012220586,
phase6v2-r07-input-downstream-a01,D4-S,7,INPUT+DOWNSTREAM,-0.7605226891663428,
phase6v2-r07-input-downstream-a01,D4-S,8,OUTPUT,-2.459992326141328,
phase6v2-r07-input-downstream-a01,D4-S,9,OUTPUT+LOAD,-2.614785547000899,
phase6v2-r07-input-downstream-a01,D4-S,10,OUTPUT+DOWNSTREAM,-2.801910234945183,
phase6v2-r07-input-downstream-a01,D4-S,11,INPUT+OUTPUT,-2.878597106503815,
phase6v2-r07-output-downstream-control-a01,D4-S,1,NONE,0,0.26310946144454206
phase6v2-r07-output-downstream-control-a01,D4-S,2,INPUT,-0.26310946144454206,
phase6v2-r07-output-downstream-control-a01,D4-S,3,DOWNSTREAM,-0.2857138372497985,
phase6v2-r07-output-downstream-control-a01,D4-S,4,INPUT+DOWNSTREAM,-0.5488232986943405,
phase6v2-r07-output-downstream-control-a01,D4-S,5,LOAD,-1.378721885324568,
phase6v2-r07-output-downstream-control-a01,D4-S,6,INPUT+LOAD,-1.6418313467691101,
phase6v2-r07-output-downstream-control-a01,D4-S,7,LOAD+DOWNSTREAM,-1.6644357225743664,
phase6v2-r07-output-downstream-control-a01,D4-S,8,OUTPUT,-1.8237982134008524,
phase6v2-r07-output-downstream-control-a01,D4-S,9,INPUT+OUTPUT,-2.0869076748453943,
phase6v2-r07-output-downstream-control-a01,D4-S,10,OUTPUT+DOWNSTREAM,-2.109512050650651,
phase6v2-r07-output-downstream-control-a01,D4-S,11,OUTPUT+LOAD,-3.2025200987254205,
phase6v2-r07-output-load-control-a01,D4-S,1,LOAD,6.336481751152001,1.0647098754104327
phase6v2-r07-output-load-control-a01,D4-S,2,INPUT+LOAD,5.271771875741568,
phase6v2-r07-output-load-control-a01,D4-S,3,LOAD+DOWNSTREAM,4.591368262584089,
phase6v2-r07-output-load-control-a01,D4-S,4,OUTPUT+LOAD,3.659782017450182,
phase6v2-r07-output-load-control-a01,D4-S,5,NONE,-6.336481751152001,
phase6v2-r07-output-load-control-a01,D4-S,6,INPUT,-7.401191626562434,
phase6v2-r07-output-load-control-a01,D4-S,7,DOWNSTREAM,-8.081595239719913,
phase6v2-r07-output-load-control-a01,D4-S,8,OUTPUT,-9.01318148485382,
phase6v2-r07-output-load-control-a01,D4-S,9,INPUT+DOWNSTREAM,-9.146305115130346,
phase6v2-r07-output-load-control-a01,D4-S,10,INPUT+OUTPUT,-10.077891360264253,
phase6v2-r07-output-load-control-a01,D4-S,11,OUTPUT+DOWNSTREAM,-10.758294973421732,
phase6v2-r07-downstream-medium-a01,D4-S,1,NONE,0,0.2620374048560561
phase6v2-r07-downstream-medium-a01,D4-S,2,DOWNSTREAM,-0.2620374048560561,
phase6v2-r07-downstream-medium-a01,D4-S,3,INPUT,-0.2705376042420329,
phase6v2-r07-downstream-medium-a01,D4-S,4,INPUT+DOWNSTREAM,-0.532575009098089,
phase6v2-r07-downstream-medium-a01,D4-S,5,LOAD,-0.9127521951573471,
phase6v2-r07-downstream-medium-a01,D4-S,6,LOAD+DOWNSTREAM,-1.174789600013403,
phase6v2-r07-downstream-medium-a01,D4-S,7,INPUT+LOAD,-1.1832897993993798,
phase6v2-r07-downstream-medium-a01,D4-S,8,OUTPUT,-2.4272005000116184,
phase6v2-r07-downstream-medium-a01,D4-S,9,OUTPUT+DOWNSTREAM,-2.6892379048676744,
phase6v2-r07-downstream-medium-a01,D4-S,10,INPUT+OUTPUT,-2.6977381042536512,
phase6v2-r07-downstream-medium-a01,D4-S,11,OUTPUT+LOAD,-3.3399526951689653,
phase6v2-r07-output-control-a01,D4-S,1,NONE,0,0.013152609875763166
phase6v2-r07-output-control-a01,D4-S,2,INPUT,-0.013152609875763166,
phase6v2-r07-output-control-a01,D4-S,3,DOWNSTREAM,-0.044698294799478844,
phase6v2-r07-output-control-a01,D4-S,4,INPUT+DOWNSTREAM,-0.05785090467524201,
phase6v2-r07-output-control-a01,D4-S,5,OUTPUT,-2.1689892743486143,
phase6v2-r07-output-control-a01,D4-S,6,INPUT+OUTPUT,-2.1821418842243774,
phase6v2-r07-output-control-a01,D4-S,7,OUTPUT+DOWNSTREAM,-2.2136875691480933,
phase6v2-r07-output-control-a01,D4-S,8,LOAD,-3.1358717384256116,
phase6v2-r07-output-control-a01,D4-S,9,INPUT+LOAD,-3.1490243483013747,
phase6v2-r07-output-control-a01,D4-S,10,LOAD+DOWNSTREAM,-3.1805700332250906,
phase6v2-r07-output-control-a01,D4-S,11,OUTPUT+LOAD,-5.304861012774226,
phase6v2-r07-input-load-a01,D4-S,1,OUTPUT+LOAD,11.222029690196301,7.79700905539812
phase6v2-r07-input-load-a01,D4-S,2,LOAD,3.425020634798181,
phase6v2-r07-input-load-a01,D4-S,3,LOAD+DOWNSTREAM,-1.6321579906067507,
phase6v2-r07-input-load-a01,D4-S,4,INPUT+LOAD,-1.6619446768009016,
phase6v2-r07-input-load-a01,D4-S,5,OUTPUT,-3.425020634798181,
phase6v2-r07-input-load-a01,D4-S,6,OUTPUT+DOWNSTREAM,-8.482199260203114,
phase6v2-r07-input-load-a01,D4-S,7,INPUT+OUTPUT,-8.511985946397264,
phase6v2-r07-input-load-a01,D4-S,8,NONE,-11.222029690196301,
phase6v2-r07-input-load-a01,D4-S,9,DOWNSTREAM,-16.27920831560123,
phase6v2-r07-input-load-a01,D4-S,10,INPUT,-16.308995001795385,
phase6v2-r07-input-load-a01,D4-S,11,INPUT+DOWNSTREAM,-21.366173627200315,
phase6v2-r07-output-medium-a01,D4-S,1,OUTPUT,1.567637375253121,0.5932414760231128
phase6v2-r07-output-medium-a01,D4-S,2,OUTPUT+LOAD,0.9743958992300081,
phase6v2-r07-output-medium-a01,D4-S,3,OUTPUT+DOWNSTREAM,0.6569418561801129,
phase6v2-r07-output-medium-a01,D4-S,4,INPUT+OUTPUT,0.5297521859802636,
phase6v2-r07-output-medium-a01,D4-S,5,NONE,-1.567637375253121,
phase6v2-r07-output-medium-a01,D4-S,6,LOAD,-2.160878851276234,
phase6v2-r07-output-medium-a01,D4-S,7,DOWNSTREAM,-2.478332894326129,
phase6v2-r07-output-medium-a01,D4-S,8,INPUT,-2.6055225645259785,
phase6v2-r07-output-medium-a01,D4-S,9,LOAD+DOWNSTREAM,-3.071574370349242,
phase6v2-r07-output-medium-a01,D4-S,10,INPUT+LOAD,-3.198764040549091,
phase6v2-r07-output-medium-a01,D4-S,11,INPUT+DOWNSTREAM,-3.5162180835989862,
phase6v2-r07-load-medium-a01,D4-S,1,LOAD,7.975785043618314,0.17379971325100385
phase6v2-r07-load-medium-a01,D4-S,2,OUTPUT+LOAD,7.801985330367311,
phase6v2-r07-load-medium-a01,D4-S,3,LOAD+DOWNSTREAM,5.464144833536973,
phase6v2-r07-load-medium-a01,D4-S,4,INPUT+LOAD,5.096849644569466,
phase6v2-r07-load-medium-a01,D4-S,5,NONE,-7.975785043618314,
phase6v2-r07-load-medium-a01,D4-S,6,OUTPUT,-8.149584756869318,
phase6v2-r07-load-medium-a01,D4-S,7,DOWNSTREAM,-10.487425253699655,
phase6v2-r07-load-medium-a01,D4-S,8,OUTPUT+DOWNSTREAM,-10.661224966950659,
phase6v2-r07-load-medium-a01,D4-S,9,INPUT,-10.854720442667162,
phase6v2-r07-load-medium-a01,D4-S,10,INPUT+OUTPUT,-11.028520155918166,
phase6v2-r07-load-medium-a01,D4-S,11,INPUT+DOWNSTREAM,-13.366360652748504,
phase6v2-r07-input-medium-a01,D4-S,1,NONE,0,0.04489802920722252
phase6v2-r07-input-medium-a01,D4-S,2,INPUT,-0.04489802920722252,
phase6v2-r07-input-medium-a01,D4-S,3,DOWNSTREAM,-0.18019166534235398,
phase6v2-r07-input-medium-a01,D4-S,4,INPUT+DOWNSTREAM,-0.2250896945495765,
phase6v2-r07-input-medium-a01,D4-S,5,LOAD,-1.6823987508481493,
phase6v2-r07-input-medium-a01,D4-S,6,INPUT+LOAD,-1.7272967800553718,
phase6v2-r07-input-medium-a01,D4-S,7,LOAD+DOWNSTREAM,-1.8625904161905034,
phase6v2-r07-input-medium-a01,D4-S,8,OUTPUT,-2.8693237000649665,
phase6v2-r07-input-medium-a01,D4-S,9,INPUT+OUTPUT,-2.914221729272189,
phase6v2-r07-input-medium-a01,D4-S,10,OUTPUT+DOWNSTREAM,-3.0495153654073204,
phase6v2-r07-input-medium-a01,D4-S,11,OUTPUT+LOAD,-4.551722450913116,
phase6v2-r07-output-downstream-a01,D4-S,1,OUTPUT+LOAD,3.1900618750093184,2.804956449539488
phase6v2-r07-output-downstream-a01,D4-S,2,OUTPUT,0.38510542546983006,
phase6v2-r07-output-downstream-a01,D4-S,3,LOAD,-0.38510542546983006,
phase6v2-r07-output-downstream-a01,D4-S,4,OUTPUT+DOWNSTREAM,-0.828653371863342,
phase6v2-r07-output-downstream-a01,D4-S,5,INPUT+OUTPUT,-0.8661083332292165,
phase6v2-r07-output-downstream-a01,D4-S,6,LOAD+DOWNSTREAM,-1.598864222803002,
phase6v2-r07-output-downstream-a01,D4-S,7,INPUT+LOAD,-1.6363191841688767,
phase6v2-r07-output-downstream-a01,D4-S,8,NONE,-3.1900618750093184,
phase6v2-r07-output-downstream-a01,D4-S,9,DOWNSTREAM,-4.403820672342491,
phase6v2-r07-output-downstream-a01,D4-S,10,INPUT,-4.441275633708365,
phase6v2-r07-output-downstream-a01,D4-S,11,INPUT+DOWNSTREAM,-5.655034431041537,
phase6v2-r07-output-load-a01,D4-SM,1,OUTPUT+LOAD,12.768503602776468,8.941994941076405
phase6v2-r07-output-load-a01,D4-SM,2,LOAD,3.8265086617000623,
phase6v2-r07-output-load-a01,D4-SM,3,LOAD+DOWNSTREAM,0.6220293567103923,
phase6v2-r07-output-load-a01,D4-SM,4,INPUT+LOAD,-1.7952522241491682,
phase6v2-r07-output-load-a01,D4-SM,5,OUTPUT,-3.8265086617000623,
phase6v2-r07-output-load-a01,D4-SM,6,OUTPUT+DOWNSTREAM,-7.030987966689732,
phase6v2-r07-output-load-a01,D4-SM,7,INPUT+OUTPUT,-9.448269547549293,
phase6v2-r07-output-load-a01,D4-SM,8,NONE,-12.768503602776468,
phase6v2-r07-output-load-a01,D4-SM,9,DOWNSTREAM,-15.972982907766138,
phase6v2-r07-output-load-a01,D4-SM,10,INPUT,-18.390264488625697,
phase6v2-r07-output-load-a01,D4-SM,11,INPUT+DOWNSTREAM,-21.59474379361537,
phase6v2-r07-load-downstream-a01,D4-SM,1,LOAD+DOWNSTREAM,19.093758432471144,18.55063788637449
phase6v2-r07-load-downstream-a01,D4-SM,2,OUTPUT+DOWNSTREAM,0.5431205460966559,
phase6v2-r07-load-downstream-a01,D4-SM,3,DOWNSTREAM,0.42983855272626315,
phase6v2-r07-load-downstream-a01,D4-SM,4,OUTPUT+LOAD,-0.42983855272626315,
phase6v2-r07-load-downstream-a01,D4-SM,5,LOAD,-0.5431205460966559,
phase6v2-r07-load-downstream-a01,D4-SM,6,INPUT+DOWNSTREAM,-2.4888796825390704,
phase6v2-r07-load-downstream-a01,D4-SM,7,INPUT+LOAD,-3.4618387813619895,
phase6v2-r07-load-downstream-a01,D4-SM,8,OUTPUT,-19.093758432471144,
phase6v2-r07-load-downstream-a01,D4-SM,9,NONE,-19.207040425841537,
phase6v2-r07-load-downstream-a01,D4-SM,10,INPUT+OUTPUT,-22.01247666773648,
phase6v2-r07-load-downstream-a01,D4-SM,11,INPUT,-22.12575866110687,
phase6v2-r07-baseline-a01,D4-SM,1,NONE,0,0.03322086214020736
phase6v2-r07-baseline-a01,D4-SM,2,INPUT,-0.03322086214020736,
phase6v2-r07-baseline-a01,D4-SM,3,DOWNSTREAM,-0.04732522377096526,
phase6v2-r07-baseline-a01,D4-SM,4,INPUT+DOWNSTREAM,-0.08054608591117263,
phase6v2-r07-baseline-a01,D4-SM,5,LOAD,-0.8978083269350439,
phase6v2-r07-baseline-a01,D4-SM,6,INPUT+LOAD,-0.9310291890752512,
phase6v2-r07-baseline-a01,D4-SM,7,LOAD+DOWNSTREAM,-0.9451335507060091,
phase6v2-r07-baseline-a01,D4-SM,8,OUTPUT,-2.9060345726287276,
phase6v2-r07-baseline-a01,D4-SM,9,INPUT+OUTPUT,-2.939255434768935,
phase6v2-r07-baseline-a01,D4-SM,10,OUTPUT+DOWNSTREAM,-2.9533597963996927,
phase6v2-r07-baseline-a01,D4-SM,11,OUTPUT+LOAD,-3.8038428995637714,
phase6v2-r07-input-downstream-a01,D4-SM,1,LOAD+DOWNSTREAM,11.315457274490123,0.5754217156199246
phase6v2-r07-input-downstream-a01,D4-SM,2,DOWNSTREAM,10.740035558870199,
phase6v2-r07-input-downstream-a01,D4-SM,3,INPUT+DOWNSTREAM,10.339837520397106,
phase6v2-r07-input-downstream-a01,D4-SM,4,OUTPUT+DOWNSTREAM,8.083899028976415,
phase6v2-r07-input-downstream-a01,D4-SM,5,LOAD,-10.740035558870199,
phase6v2-r07-input-downstream-a01,D4-SM,6,INPUT+LOAD,-11.140233597343292,
phase6v2-r07-input-downstream-a01,D4-SM,7,NONE,-11.315457274490123,
phase6v2-r07-input-downstream-a01,D4-SM,8,INPUT,-11.715655312963216,
phase6v2-r07-input-downstream-a01,D4-SM,9,OUTPUT+LOAD,-13.396172088763983,
phase6v2-r07-input-downstream-a01,D4-SM,10,OUTPUT,-13.971593804383907,
phase6v2-r07-input-downstream-a01,D4-SM,11,INPUT+OUTPUT,-14.371791842857,
phase6v2-r07-output-downstream-control-a01,D4-SM,1,DOWNSTREAM,11.05584845245719,0.23331633450801093
phase6v2-r07-output-downstream-control-a01,D4-SM,2,INPUT+DOWNSTREAM,10.822532117949178,
phase6v2-r07-output-downstream-control-a01,D4-SM,3,LOAD+DOWNSTREAM,9.671991346329161,
phase6v2-r07-output-downstream-control-a01,D4-SM,4,OUTPUT+DOWNSTREAM,9.071213717457828,
phase6v2-r07-output-downstream-control-a01,D4-SM,5,NONE,-11.05584845245719,
phase6v2-r07-output-downstream-control-a01,D4-SM,6,INPUT,-11.2891647869652,
phase6v2-r07-output-downstream-control-a01,D4-SM,7,LOAD,-12.439705558585217,
phase6v2-r07-output-downstream-control-a01,D4-SM,8,INPUT+LOAD,-12.673021893093228,
phase6v2-r07-output-downstream-control-a01,D4-SM,9,OUTPUT,-13.04048318745655,
phase6v2-r07-output-downstream-control-a01,D4-SM,10,INPUT+OUTPUT,-13.27379952196456,
phase6v2-r07-output-downstream-control-a01,D4-SM,11,OUTPUT+LOAD,-14.424340293584578,
phase6v2-r07-output-load-control-a01,D4-SM,1,LOAD,8.512961741144593,1.1372550655597697
phase6v2-r07-output-load-control-a01,D4-SM,2,INPUT+LOAD,7.375706675584824,
phase6v2-r07-output-load-control-a01,D4-SM,3,LOAD+DOWNSTREAM,7.188942681480281,
phase6v2-r07-output-load-control-a01,D4-SM,4,OUTPUT+LOAD,6.543489379692034,
phase6v2-r07-output-load-control-a01,D4-SM,5,NONE,-8.512961741144593,
phase6v2-r07-output-load-control-a01,D4-SM,6,INPUT,-9.650216806704364,
phase6v2-r07-output-load-control-a01,D4-SM,7,DOWNSTREAM,-9.836980800808906,
phase6v2-r07-output-load-control-a01,D4-SM,8,OUTPUT,-10.482434102597153,
phase6v2-r07-output-load-control-a01,D4-SM,9,INPUT+DOWNSTREAM,-10.974235866368677,
phase6v2-r07-output-load-control-a01,D4-SM,10,INPUT+OUTPUT,-11.619689168156922,
phase6v2-r07-output-load-control-a01,D4-SM,11,OUTPUT+DOWNSTREAM,-11.806453162261466,
phase6v2-r07-downstream-medium-a01,D4-SM,1,LOAD+DOWNSTREAM,11.19251509739338,0.24965685747864086
phase6v2-r07-downstream-medium-a01,D4-SM,2,DOWNSTREAM,10.94285823991474,
phase6v2-r07-downstream-medium-a01,D4-SM,3,INPUT+DOWNSTREAM,10.69953992481392,
phase6v2-r07-downstream-medium-a01,D4-SM,4,OUTPUT+DOWNSTREAM,8.373070400411887,
phase6v2-r07-downstream-medium-a01,D4-SM,5,LOAD,-10.94285823991474,
phase6v2-r07-downstream-medium-a01,D4-SM,6,INPUT+LOAD,-11.186176555015559,
phase6v2-r07-downstream-medium-a01,D4-SM,7,NONE,-11.19251509739338,
phase6v2-r07-downstream-medium-a01,D4-SM,8,INPUT,-11.435833412494201,
phase6v2-r07-downstream-medium-a01,D4-SM,9,OUTPUT+LOAD,-13.512646079417593,
phase6v2-r07-downstream-medium-a01,D4-SM,10,OUTPUT,-13.762302936896234,
phase6v2-r07-downstream-medium-a01,D4-SM,11,INPUT+OUTPUT,-14.005621251997052,
phase6v2-r07-output-control-a01,D4-SM,1,DOWNSTREAM,0.023212878490184163,0.008776353438105011
phase6v2-r07-output-control-a01,D4-SM,2,INPUT+DOWNSTREAM,0.014436525052079152,
phase6v2-r07-output-control-a01,D4-SM,3,NONE,-0.023212878490184163,
phase6v2-r07-output-control-a01,D4-SM,4,INPUT,-0.031989231928289175,
phase6v2-r07-output-control-a01,D4-SM,5,OUTPUT+DOWNSTREAM,-2.195260563832169,
phase6v2-r07-output-control-a01,D4-SM,6,OUTPUT,-2.2416863208125375,
phase6v2-r07-output-control-a01,D4-SM,7,INPUT+OUTPUT,-2.2504626742506426,
phase6v2-r07-output-control-a01,D4-SM,8,LOAD+DOWNSTREAM,-2.375986101858733,
phase6v2-r07-output-control-a01,D4-SM,9,LOAD,-2.4224118588391015,
phase6v2-r07-output-control-a01,D4-SM,10,INPUT+LOAD,-2.4311882122772066,
phase6v2-r07-output-control-a01,D4-SM,11,OUTPUT+LOAD,-4.640885301161456,
phase6v2-r07-input-load-a01,D4-SM,1,OUTPUT+LOAD,11.788389378786842,6.62298406477521
phase6v2-r07-input-load-a01,D4-SM,2,LOAD,5.1654053140116325,
phase6v2-r07-input-load-a01,D4-SM,3,LOAD+DOWNSTREAM,2.095096717600782,
phase6v2-r07-input-load-a01,D4-SM,4,INPUT+LOAD,-0.1786798541581156,
phase6v2-r07-input-load-a01,D4-SM,5,OUTPUT,-5.1654053140116325,
phase6v2-r07-input-load-a01,D4-SM,6,OUTPUT+DOWNSTREAM,-8.235713910422483,
phase6v2-r07-input-load-a01,D4-SM,7,INPUT+OUTPUT,-10.50949048218138,
phase6v2-r07-input-load-a01,D4-SM,8,NONE,-11.788389378786842,
phase6v2-r07-input-load-a01,D4-SM,9,DOWNSTREAM,-14.858697975197693,
phase6v2-r07-input-load-a01,D4-SM,10,INPUT,-17.13247454695659,
phase6v2-r07-input-load-a01,D4-SM,11,INPUT+DOWNSTREAM,-20.20278314336744,
phase6v2-r07-output-medium-a01,D4-SM,1,OUTPUT,1.3247721738825797,0.4052711296125463
phase6v2-r07-output-medium-a01,D4-SM,2,OUTPUT+LOAD,0.9195010442700334,
phase6v2-r07-output-medium-a01,D4-SM,3,INPUT+OUTPUT,0.8078372008124025,
phase6v2-r07-output-medium-a01,D4-SM,4,OUTPUT+DOWNSTREAM,0.579397654304703,
phase6v2-r07-output-medium-a01,D4-SM,5,NONE,-1.3247721738825797,
phase6v2-r07-output-medium-a01,D4-SM,6,LOAD,-1.7300433034951261,
phase6v2-r07-output-medium-a01,D4-SM,7,INPUT,-1.841707146952757,
phase6v2-r07-output-medium-a01,D4-SM,8,DOWNSTREAM,-2.0701466934604564,
phase6v2-r07-output-medium-a01,D4-SM,9,INPUT+LOAD,-2.2469782765653035,
phase6v2-r07-output-medium-a01,D4-SM,10,LOAD+DOWNSTREAM,-2.475417823073003,
phase6v2-r07-output-medium-a01,D4-SM,11,INPUT+DOWNSTREAM,-2.5870816665306338,
phase6v2-r07-load-medium-a01,D4-SM,1,LOAD,10.044726814081404,0.1734774468817175
phase6v2-r07-load-medium-a01,D4-SM,2,OUTPUT+LOAD,9.871249367199686,
phase6v2-r07-load-medium-a01,D4-SM,3,LOAD+DOWNSTREAM,8.249444233895638,
phase6v2-r07-load-medium-a01,D4-SM,4,INPUT+LOAD,7.288723915100499,
phase6v2-r07-load-medium-a01,D4-SM,5,NONE,-10.044726814081404,
phase6v2-r07-load-medium-a01,D4-SM,6,OUTPUT,-10.218204260963121,
phase6v2-r07-load-medium-a01,D4-SM,7,DOWNSTREAM,-11.84000939426717,
phase6v2-r07-load-medium-a01,D4-SM,8,OUTPUT+DOWNSTREAM,-12.013486841148888,
phase6v2-r07-load-medium-a01,D4-SM,9,INPUT,-12.800729713062308,
phase6v2-r07-load-medium-a01,D4-SM,10,INPUT+OUTPUT,-12.974207159944026,
phase6v2-r07-load-medium-a01,D4-SM,11,INPUT+DOWNSTREAM,-14.596012293248073,
phase6v2-r07-input-medium-a01,D4-SM,1,NONE,0,0.1146350778010492
phase6v2-r07-input-medium-a01,D4-SM,2,INPUT,-0.1146350778010492,
phase6v2-r07-input-medium-a01,D4-SM,3,DOWNSTREAM,-0.1388991989448498,
phase6v2-r07-input-medium-a01,D4-SM,4,INPUT+DOWNSTREAM,-0.253534276745899,
phase6v2-r07-input-medium-a01,D4-SM,5,LOAD,-0.8522143320042144,
phase6v2-r07-input-medium-a01,D4-SM,6,INPUT+LOAD,-0.9668494098052636,
phase6v2-r07-input-medium-a01,D4-SM,7,LOAD+DOWNSTREAM,-0.9911135309490642,
phase6v2-r07-input-medium-a01,D4-SM,8,OUTPUT,-2.865992217778895,
phase6v2-r07-input-medium-a01,D4-SM,9,INPUT+OUTPUT,-2.9806272955799438,
phase6v2-r07-input-medium-a01,D4-SM,10,OUTPUT+DOWNSTREAM,-3.0048914167237446,
phase6v2-r07-input-medium-a01,D4-SM,11,OUTPUT+LOAD,-3.718206549783109,
phase6v2-r07-output-downstream-a01,D4-SM,1,OUTPUT+DOWNSTREAM,12.039991103931733,2.8963302630324606
phase6v2-r07-output-downstream-a01,D4-SM,2,DOWNSTREAM,9.143660840899273,
phase6v2-r07-output-downstream-a01,D4-SM,3,LOAD+DOWNSTREAM,9.110086305476951,
phase6v2-r07-output-downstream-a01,D4-SM,4,INPUT+DOWNSTREAM,8.418818484555256,
phase6v2-r07-output-downstream-a01,D4-SM,5,OUTPUT,-9.143660840899273,
phase6v2-r07-output-downstream-a01,D4-SM,6,OUTPUT+LOAD,-9.177235376321594,
phase6v2-r07-output-downstream-a01,D4-SM,7,INPUT+OUTPUT,-9.868503197243289,
phase6v2-r07-output-downstream-a01,D4-SM,8,NONE,-12.039991103931733,
phase6v2-r07-output-downstream-a01,D4-SM,9,LOAD,-12.073565639354054,
phase6v2-r07-output-downstream-a01,D4-SM,10,INPUT,-12.76483346027575,
phase6v2-r07-output-downstream-a01,D4-SM,11,INPUT+LOAD,-12.798407995698069,
phase6v2-r07-output-load-a01,D4-SMT,1,OUTPUT+LOAD,18.445730094400307,7.206981980569381
phase6v2-r07-output-load-a01,D4-SMT,2,LOAD,11.238748113830926,
phase6v2-r07-output-load-a01,D4-SMT,3,LOAD+DOWNSTREAM,9.600099267033448,
phase6v2-r07-output-load-a01,D4-SMT,4,INPUT+LOAD,8.759855592287018,
phase6v2-r07-output-load-a01,D4-SMT,5,OUTPUT,-11.238748113830926,
phase6v2-r07-output-load-a01,D4-SMT,6,OUTPUT+DOWNSTREAM,-12.877396960628404,
phase6v2-r07-output-load-a01,D4-SMT,7,INPUT+OUTPUT,-13.717640635374835,
phase6v2-r07-output-load-a01,D4-SMT,8,NONE,-18.445730094400307,
phase6v2-r07-output-load-a01,D4-SMT,9,DOWNSTREAM,-20.084378941197787,
phase6v2-r07-output-load-a01,D4-SMT,10,INPUT,-20.924622615944216,
phase6v2-r07-output-load-a01,D4-SMT,11,INPUT+DOWNSTREAM,-22.563271462741696,
phase6v2-r07-load-downstream-a01,D4-SMT,1,LOAD+DOWNSTREAM,21.551312291330113,12.168583410942306
phase6v2-r07-load-downstream-a01,D4-SMT,2,LOAD,9.382728880387807,
phase6v2-r07-load-downstream-a01,D4-SMT,3,OUTPUT+LOAD,9.152461722800041,
phase6v2-r07-load-downstream-a01,D4-SMT,4,INPUT+LOAD,6.933835125560682,
phase6v2-r07-load-downstream-a01,D4-SMT,5,DOWNSTREAM,-9.382728880387807,
phase6v2-r07-load-downstream-a01,D4-SMT,6,OUTPUT+DOWNSTREAM,-9.612996037975574,
phase6v2-r07-load-downstream-a01,D4-SMT,7,INPUT+DOWNSTREAM,-11.831622635214934,
phase6v2-r07-load-downstream-a01,D4-SMT,8,NONE,-21.551312291330113,
phase6v2-r07-load-downstream-a01,D4-SMT,9,OUTPUT,-21.78157944891788,
phase6v2-r07-load-downstream-a01,D4-SMT,10,INPUT,-24.00020604615724,
phase6v2-r07-load-downstream-a01,D4-SMT,11,INPUT+OUTPUT,-24.230473203745007,
phase6v2-r07-baseline-a01,D4-SMT,1,NONE,0,0.005256976776344735
phase6v2-r07-baseline-a01,D4-SMT,2,INPUT,-0.005256976776344735,
phase6v2-r07-baseline-a01,D4-SMT,3,DOWNSTREAM,-0.21567079587741533,
phase6v2-r07-baseline-a01,D4-SMT,4,INPUT+DOWNSTREAM,-0.22092777265376007,
phase6v2-r07-baseline-a01,D4-SMT,5,LOAD,-1.0650517354939169,
phase6v2-r07-baseline-a01,D4-SMT,6,INPUT+LOAD,-1.0703087122702617,
phase6v2-r07-baseline-a01,D4-SMT,7,LOAD+DOWNSTREAM,-1.2807225313713322,
phase6v2-r07-baseline-a01,D4-SMT,8,OUTPUT,-1.8109802058179068,
phase6v2-r07-baseline-a01,D4-SMT,9,INPUT+OUTPUT,-1.8162371825942514,
phase6v2-r07-baseline-a01,D4-SMT,10,OUTPUT+DOWNSTREAM,-2.0266510016953223,
phase6v2-r07-baseline-a01,D4-SMT,11,OUTPUT+LOAD,-2.8760319413118234,
phase6v2-r07-input-downstream-a01,D4-SMT,1,DOWNSTREAM,6.530839053048448,0.7823657064194958
phase6v2-r07-input-downstream-a01,D4-SMT,2,LOAD+DOWNSTREAM,5.748473346628952,
phase6v2-r07-input-downstream-a01,D4-SMT,3,INPUT+DOWNSTREAM,5.677386973877755,
phase6v2-r07-input-downstream-a01,D4-SMT,4,OUTPUT+DOWNSTREAM,4.570572589167758,
phase6v2-r07-input-downstream-a01,D4-SMT,5,NONE,-6.530839053048448,
phase6v2-r07-input-downstream-a01,D4-SMT,6,LOAD,-7.3132047594679435,
phase6v2-r07-input-downstream-a01,D4-SMT,7,INPUT,-7.384291132219141,
phase6v2-r07-input-downstream-a01,D4-SMT,8,INPUT+LOAD,-8.166656838638637,
phase6v2-r07-input-downstream-a01,D4-SMT,9,OUTPUT,-8.491105516929137,
phase6v2-r07-input-downstream-a01,D4-SMT,10,OUTPUT+LOAD,-9.273471223348633,
phase6v2-r07-input-downstream-a01,D4-SMT,11,INPUT+OUTPUT,-9.344557596099829,
phase6v2-r07-output-downstream-control-a01,D4-SMT,1,DOWNSTREAM,6.584006274565912,0.5432446292440636
phase6v2-r07-output-downstream-control-a01,D4-SMT,2,INPUT+DOWNSTREAM,6.040761645321848,
phase6v2-r07-output-downstream-control-a01,D4-SMT,3,OUTPUT+DOWNSTREAM,5.178998675898004,
phase6v2-r07-output-downstream-control-a01,D4-SMT,4,LOAD+DOWNSTREAM,4.2330606036881555,
phase6v2-r07-output-downstream-control-a01,D4-SMT,5,NONE,-6.584006274565912,
phase6v2-r07-output-downstream-control-a01,D4-SMT,6,INPUT,-7.127250903809975,
phase6v2-r07-output-downstream-control-a01,D4-SMT,7,OUTPUT,-7.989013873233819,
phase6v2-r07-output-downstream-control-a01,D4-SMT,8,INPUT+OUTPUT,-8.532258502477884,
phase6v2-r07-output-downstream-control-a01,D4-SMT,9,LOAD,-8.934951945443668,
phase6v2-r07-output-downstream-control-a01,D4-SMT,10,INPUT+LOAD,-9.478196574687733,
phase6v2-r07-output-downstream-control-a01,D4-SMT,11,OUTPUT+LOAD,-10.339959544111576,
phase6v2-r07-output-load-control-a01,D4-SMT,1,LOAD,14.736104711678472,1.3006609633152788
phase6v2-r07-output-load-control-a01,D4-SMT,2,OUTPUT+LOAD,13.435443748363193,
phase6v2-r07-output-load-control-a01,D4-SMT,3,LOAD+DOWNSTREAM,13.043208591802777,
phase6v2-r07-output-load-control-a01,D4-SMT,4,INPUT+LOAD,12.798317311571045,
phase6v2-r07-output-load-control-a01,D4-SMT,5,NONE,-14.736104711678472,
phase6v2-r07-output-load-control-a01,D4-SMT,6,OUTPUT,-16.036765674993752,
phase6v2-r07-output-load-control-a01,D4-SMT,7,DOWNSTREAM,-16.429000831554166,
phase6v2-r07-output-load-control-a01,D4-SMT,8,INPUT,-16.673892111785896,
phase6v2-r07-output-load-control-a01,D4-SMT,9,OUTPUT+DOWNSTREAM,-17.729661794869447,
phase6v2-r07-output-load-control-a01,D4-SMT,10,INPUT+OUTPUT,-17.974553075101177,
phase6v2-r07-output-load-control-a01,D4-SMT,11,INPUT+DOWNSTREAM,-18.366788231661594,
phase6v2-r07-downstream-medium-a01,D4-SMT,1,DOWNSTREAM,6.599530605436135,0.5683848561167766
phase6v2-r07-downstream-medium-a01,D4-SMT,2,INPUT+DOWNSTREAM,6.031145749319358,
phase6v2-r07-downstream-medium-a01,D4-SMT,3,LOAD+DOWNSTREAM,5.898881981648101,
phase6v2-r07-downstream-medium-a01,D4-SMT,4,OUTPUT+DOWNSTREAM,5.277495266584122,
phase6v2-r07-downstream-medium-a01,D4-SMT,5,NONE,-6.599530605436135,
phase6v2-r07-downstream-medium-a01,D4-SMT,6,INPUT,-7.167915461552911,
phase6v2-r07-downstream-medium-a01,D4-SMT,7,LOAD,-7.3001792292241685,
phase6v2-r07-downstream-medium-a01,D4-SMT,8,INPUT+LOAD,-7.868564085340944,
phase6v2-r07-downstream-medium-a01,D4-SMT,9,OUTPUT,-7.921565944288147,
phase6v2-r07-downstream-medium-a01,D4-SMT,10,INPUT+OUTPUT,-8.489950800404923,
phase6v2-r07-downstream-medium-a01,D4-SMT,11,OUTPUT+LOAD,-8.622214568076181,
phase6v2-r07-output-control-a01,D4-SMT,1,NONE,0,0.027034586417219564
phase6v2-r07-output-control-a01,D4-SMT,2,INPUT,-0.027034586417219564,
phase6v2-r07-output-control-a01,D4-SMT,3,DOWNSTREAM,-0.432509778463292,
phase6v2-r07-output-control-a01,D4-SMT,4,INPUT+DOWNSTREAM,-0.4595443648805116,
phase6v2-r07-output-control-a01,D4-SMT,5,OUTPUT,-1.5763788829779213,
phase6v2-r07-output-control-a01,D4-SMT,6,INPUT+OUTPUT,-1.6034134693951407,
phase6v2-r07-output-control-a01,D4-SMT,7,OUTPUT+DOWNSTREAM,-2.008888661441213,
phase6v2-r07-output-control-a01,D4-SMT,8,LOAD,-2.62832660112964,
phase6v2-r07-output-control-a01,D4-SMT,9,INPUT+LOAD,-2.6553611875468595,
phase6v2-r07-output-control-a01,D4-SMT,10,LOAD+DOWNSTREAM,-3.060836379592932,
phase6v2-r07-output-control-a01,D4-SMT,11,OUTPUT+LOAD,-4.204705484107561,
phase6v2-r07-input-load-a01,D4-SMT,1,OUTPUT+LOAD,17.030697328002603,5.479787372845232
phase6v2-r07-input-load-a01,D4-SMT,2,LOAD,11.55090995515737,
phase6v2-r07-input-load-a01,D4-SMT,3,LOAD+DOWNSTREAM,9.859455983110566,
phase6v2-r07-input-load-a01,D4-SMT,4,INPUT+LOAD,9.072017433613464,
phase6v2-r07-input-load-a01,D4-SMT,5,OUTPUT,-11.55090995515737,
phase6v2-r07-input-load-a01,D4-SMT,6,OUTPUT+DOWNSTREAM,-13.242363927204176,
phase6v2-r07-input-load-a01,D4-SMT,7,INPUT+OUTPUT,-14.029802476701278,
phase6v2-r07-input-load-a01,D4-SMT,8,NONE,-17.030697328002603,
phase6v2-r07-input-load-a01,D4-SMT,9,DOWNSTREAM,-18.722151300049408,
phase6v2-r07-input-load-a01,D4-SMT,10,INPUT,-19.50958984954651,
phase6v2-r07-input-load-a01,D4-SMT,11,INPUT+DOWNSTREAM,-21.201043821593316,
phase6v2-r07-output-medium-a01,D4-SMT,1,OUTPUT,3.5280649795682315,0.11000779544614847
phase6v2-r07-output-medium-a01,D4-SMT,2,OUTPUT+LOAD,3.418057184122083,
phase6v2-r07-output-medium-a01,D4-SMT,3,INPUT+OUTPUT,2.968358331997071,
phase6v2-r07-output-medium-a01,D4-SMT,4,OUTPUT+DOWNSTREAM,2.2488369352131885,
phase6v2-r07-output-medium-a01,D4-SMT,5,NONE,-3.5280649795682315,
phase6v2-r07-output-medium-a01,D4-SMT,6,LOAD,-3.63807277501438,
phase6v2-r07-output-medium-a01,D4-SMT,7,INPUT,-4.087771627139392,
phase6v2-r07-output-medium-a01,D4-SMT,8,INPUT+LOAD,-4.1977794225855405,
phase6v2-r07-output-medium-a01,D4-SMT,9,DOWNSTREAM,-4.8072930239232745,
phase6v2-r07-output-medium-a01,D4-SMT,10,LOAD+DOWNSTREAM,-4.917300819369423,
phase6v2-r07-output-medium-a01,D4-SMT,11,INPUT+DOWNSTREAM,-5.366999671494435,
phase6v2-r07-load-medium-a01,D4-SMT,1,LOAD,17.046666175387013,0.2703374955601241
phase6v2-r07-load-medium-a01,D4-SMT,2,OUTPUT+LOAD,16.77632867982689,
phase6v2-r07-load-medium-a01,D4-SMT,3,LOAD+DOWNSTREAM,15.507790773102364,
phase6v2-r07-load-medium-a01,D4-SMT,4,INPUT+LOAD,14.595793679492065,
phase6v2-r07-load-medium-a01,D4-SMT,5,NONE,-17.046666175387013,
phase6v2-r07-load-medium-a01,D4-SMT,6,OUTPUT,-17.317003670947138,
phase6v2-r07-load-medium-a01,D4-SMT,7,DOWNSTREAM,-18.585541577671663,
phase6v2-r07-load-medium-a01,D4-SMT,8,OUTPUT+DOWNSTREAM,-18.85587907323179,
phase6v2-r07-load-medium-a01,D4-SMT,9,INPUT,-19.497538671281962,
phase6v2-r07-load-medium-a01,D4-SMT,10,INPUT+OUTPUT,-19.767876166842086,
phase6v2-r07-load-medium-a01,D4-SMT,11,INPUT+DOWNSTREAM,-21.03641407356661,
phase6v2-r07-input-medium-a01,D4-SMT,1,NONE,0,0.29771565564426317
phase6v2-r07-input-medium-a01,D4-SMT,2,INPUT,-0.29771565564426317,
phase6v2-r07-input-medium-a01,D4-SMT,3,DOWNSTREAM,-0.8864523494704868,
phase6v2-r07-input-medium-a01,D4-SMT,4,INPUT+DOWNSTREAM,-1.18416800511475,
phase6v2-r07-input-medium-a01,D4-SMT,5,OUTPUT,-1.7297667434223623,
phase6v2-r07-input-medium-a01,D4-SMT,6,LOAD,-1.9390145453846421,
phase6v2-r07-input-medium-a01,D4-SMT,7,INPUT+OUTPUT,-2.0274823990666255,
phase6v2-r07-input-medium-a01,D4-SMT,8,INPUT+LOAD,-2.236730201028905,
phase6v2-r07-input-medium-a01,D4-SMT,9,OUTPUT+DOWNSTREAM,-2.616219092892849,
phase6v2-r07-input-medium-a01,D4-SMT,10,LOAD+DOWNSTREAM,-2.825466894855129,
phase6v2-r07-input-medium-a01,D4-SMT,11,OUTPUT+LOAD,-3.668781288807004,
phase6v2-r07-output-downstream-a01,D4-SMT,1,OUTPUT+DOWNSTREAM,7.801865774663251,3.1157337661356923
phase6v2-r07-output-downstream-a01,D4-SMT,2,DOWNSTREAM,4.686132008527559,
phase6v2-r07-output-downstream-a01,D4-SMT,3,LOAD+DOWNSTREAM,3.858419976658122,
phase6v2-r07-output-downstream-a01,D4-SMT,4,INPUT+DOWNSTREAM,3.7496369633643036,
phase6v2-r07-output-downstream-a01,D4-SMT,5,OUTPUT,-4.686132008527559,
phase6v2-r07-output-downstream-a01,D4-SMT,6,OUTPUT+LOAD,-5.513844040396996,
phase6v2-r07-output-downstream-a01,D4-SMT,7,INPUT+OUTPUT,-5.622627053690815,
phase6v2-r07-output-downstream-a01,D4-SMT,8,NONE,-7.801865774663251,
phase6v2-r07-output-downstream-a01,D4-SMT,9,LOAD,-8.629577806532687,
phase6v2-r07-output-downstream-a01,D4-SMT,10,INPUT,-8.738360819826507,
phase6v2-r07-output-downstream-a01,D4-SMT,11,INPUT+LOAD,-9.566072851695944,
phase6v2-r07-output-load-a01,D4-FULL,1,OUTPUT+LOAD,10.786291986270896,2.1169256174380138
phase6v2-r07-output-load-a01,D4-FULL,2,LOAD,8.669366368832883,
phase6v2-r07-output-load-a01,D4-FULL,3,LOAD+DOWNSTREAM,3.1481384724174095,
phase6v2-r07-output-load-a01,D4-FULL,4,INPUT+LOAD,-3.4470243869690416,
phase6v2-r07-output-load-a01,D4-FULL,5,OUTPUT,-8.669366368832883,
phase6v2-r07-output-load-a01,D4-FULL,6,NONE,-10.786291986270896,
phase6v2-r07-output-load-a01,D4-FULL,7,OUTPUT+DOWNSTREAM,-14.190594265248354,
phase6v2-r07-output-load-a01,D4-FULL,8,DOWNSTREAM,-16.307519882686368,
phase6v2-r07-output-load-a01,D4-FULL,9,INPUT+OUTPUT,-20.785757124634806,
phase6v2-r07-output-load-a01,D4-FULL,10,INPUT,-22.90268274207282,
phase6v2-r07-output-load-a01,D4-FULL,11,INPUT+DOWNSTREAM,-28.42391063848829,
phase6v2-r07-load-downstream-a01,D4-FULL,1,LOAD+DOWNSTREAM,15.035876933412798,11.90159148074282
phase6v2-r07-load-downstream-a01,D4-FULL,2,LOAD,3.1342854526699773,
phase6v2-r07-load-downstream-a01,D4-FULL,3,OUTPUT+LOAD,2.9903498962438535,
phase6v2-r07-load-downstream-a01,D4-FULL,4,INPUT+LOAD,-2.606991007632786,
phase6v2-r07-load-downstream-a01,D4-FULL,5,DOWNSTREAM,-3.1342854526699773,
phase6v2-r07-load-downstream-a01,D4-FULL,6,OUTPUT+DOWNSTREAM,-3.2782210090961,
phase6v2-r07-load-downstream-a01,D4-FULL,7,INPUT+DOWNSTREAM,-8.87556191297274,
phase6v2-r07-load-downstream-a01,D4-FULL,8,NONE,-15.035876933412798,
phase6v2-r07-load-downstream-a01,D4-FULL,9,OUTPUT,-15.17981248983892,
phase6v2-r07-load-downstream-a01,D4-FULL,10,INPUT,-20.77715339371556,
phase6v2-r07-load-downstream-a01,D4-FULL,11,INPUT+OUTPUT,-20.921088950141684,
phase6v2-r07-baseline-a01,D4-FULL,1,NONE,0,0.02201695899462397
phase6v2-r07-baseline-a01,D4-FULL,2,INPUT,-0.02201695899462397,
phase6v2-r07-baseline-a01,D4-FULL,3,DOWNSTREAM,-0.11144425606592878,
phase6v2-r07-baseline-a01,D4-FULL,4,INPUT+DOWNSTREAM,-0.13346121506055275,
phase6v2-r07-baseline-a01,D4-FULL,5,LOAD,-0.34879039542333845,
phase6v2-r07-baseline-a01,D4-FULL,6,INPUT+LOAD,-0.3708073544179624,
phase6v2-r07-baseline-a01,D4-FULL,7,LOAD+DOWNSTREAM,-0.46023465148926723,
phase6v2-r07-baseline-a01,D4-FULL,8,OUTPUT,-3.8570366780388836,
phase6v2-r07-baseline-a01,D4-FULL,9,INPUT+OUTPUT,-3.8790536370335076,
phase6v2-r07-baseline-a01,D4-FULL,10,OUTPUT+DOWNSTREAM,-3.9684809341048126,
phase6v2-r07-baseline-a01,D4-FULL,11,OUTPUT+LOAD,-4.205827073462222,
phase6v2-r07-input-downstream-a01,D4-FULL,1,LOAD+DOWNSTREAM,5.981534478837094,0.19925800370183744
phase6v2-r07-input-downstream-a01,D4-FULL,2,DOWNSTREAM,5.782276475135257,
phase6v2-r07-input-downstream-a01,D4-FULL,3,INPUT+DOWNSTREAM,5.516333031497887,
phase6v2-r07-input-downstream-a01,D4-FULL,4,OUTPUT+DOWNSTREAM,2.202590822600661,
phase6v2-r07-input-downstream-a01,D4-FULL,5,LOAD,-5.782276475135257,
phase6v2-r07-input-downstream-a01,D4-FULL,6,NONE,-5.981534478837094,
phase6v2-r07-input-downstream-a01,D4-FULL,7,INPUT+LOAD,-6.048219918772626,
phase6v2-r07-input-downstream-a01,D4-FULL,8,INPUT,-6.247477922474464,
phase6v2-r07-input-downstream-a01,D4-FULL,9,OUTPUT+LOAD,-9.361962127669852,
phase6v2-r07-input-downstream-a01,D4-FULL,10,OUTPUT,-9.561220131371691,
phase6v2-r07-input-downstream-a01,D4-FULL,11,INPUT+OUTPUT,-9.82716357500906,
phase6v2-r07-output-downstream-control-a01,D4-FULL,1,DOWNSTREAM,6.780121413023152,0.1567300540632912
phase6v2-r07-output-downstream-control-a01,D4-FULL,2,INPUT+DOWNSTREAM,6.623391358959861,
phase6v2-r07-output-downstream-control-a01,D4-FULL,3,OUTPUT+DOWNSTREAM,4.6706123994408575,
phase6v2-r07-output-downstream-control-a01,D4-FULL,4,LOAD+DOWNSTREAM,3.9551336014839507,
phase6v2-r07-output-downstream-control-a01,D4-FULL,5,NONE,-6.780121413023152,
phase6v2-r07-output-downstream-control-a01,D4-FULL,6,INPUT,-6.936851467086443,
phase6v2-r07-output-downstream-control-a01,D4-FULL,7,OUTPUT,-8.889630426605446,
phase6v2-r07-output-downstream-control-a01,D4-FULL,8,INPUT+OUTPUT,-9.046360480668739,
phase6v2-r07-output-downstream-control-a01,D4-FULL,9,LOAD,-9.605109224562353,
phase6v2-r07-output-downstream-control-a01,D4-FULL,10,INPUT+LOAD,-9.761839278625644,
phase6v2-r07-output-downstream-control-a01,D4-FULL,11,OUTPUT+LOAD,-11.714618238144649,
phase6v2-r07-output-load-control-a01,D4-FULL,1,LOAD,8.665313190832084,0.823215075343537
phase6v2-r07-output-load-control-a01,D4-FULL,2,OUTPUT+LOAD,7.842098115488547,
phase6v2-r07-output-load-control-a01,D4-FULL,3,INPUT+LOAD,6.753284117041011,
phase6v2-r07-output-load-control-a01,D4-FULL,4,LOAD+DOWNSTREAM,5.274163472525993,
phase6v2-r07-output-load-control-a01,D4-FULL,5,NONE,-8.665313190832084,
phase6v2-r07-output-load-control-a01,D4-FULL,6,OUTPUT,-9.48852826617562,
phase6v2-r07-output-load-control-a01,D4-FULL,7,INPUT,-10.577342264623155,
phase6v2-r07-output-load-control-a01,D4-FULL,8,INPUT+OUTPUT,-11.400557339966692,
phase6v2-r07-output-load-control-a01,D4-FULL,9,DOWNSTREAM,-12.056462909138174,
phase6v2-r07-output-load-control-a01,D4-FULL,10,OUTPUT+DOWNSTREAM,-12.879677984481711,
phase6v2-r07-output-load-control-a01,D4-FULL,11,INPUT+DOWNSTREAM,-13.968491982929248,
phase6v2-r07-downstream-medium-a01,D4-FULL,1,LOAD+DOWNSTREAM,6.508953835808952,1.0855538004652487
phase6v2-r07-downstream-medium-a01,D4-FULL,2,DOWNSTREAM,5.423400035343703,
phase6v2-r07-downstream-medium-a01,D4-FULL,3,INPUT+DOWNSTREAM,5.260683984841303,
phase6v2-r07-downstream-medium-a01,D4-FULL,4,OUTPUT+DOWNSTREAM,2.590415392121205,
phase6v2-r07-downstream-medium-a01,D4-FULL,5,LOAD,-5.423400035343703,
phase6v2-r07-downstream-medium-a01,D4-FULL,6,INPUT+LOAD,-5.586116085846103,
phase6v2-r07-downstream-medium-a01,D4-FULL,7,NONE,-6.508953835808952,
phase6v2-r07-downstream-medium-a01,D4-FULL,8,INPUT,-6.671669886311352,
phase6v2-r07-downstream-medium-a01,D4-FULL,9,OUTPUT+LOAD,-8.256384678566201,
phase6v2-r07-downstream-medium-a01,D4-FULL,10,OUTPUT,-9.34193847903145,
phase6v2-r07-downstream-medium-a01,D4-FULL,11,INPUT+OUTPUT,-9.50465452953385,
phase6v2-r07-output-control-a01,D4-FULL,1,NONE,0,0.005062673754439917
phase6v2-r07-output-control-a01,D4-FULL,2,INPUT,-0.005062673754439917,
phase6v2-r07-output-control-a01,D4-FULL,3,DOWNSTREAM,-0.12771188029483138,
phase6v2-r07-output-control-a01,D4-FULL,4,INPUT+DOWNSTREAM,-0.1327745540492713,
phase6v2-r07-output-control-a01,D4-FULL,5,OUTPUT,-2.9768550932334494,
phase6v2-r07-output-control-a01,D4-FULL,6,INPUT+OUTPUT,-2.9819177669878894,
phase6v2-r07-output-control-a01,D4-FULL,7,OUTPUT+DOWNSTREAM,-3.104566973528281,
phase6v2-r07-output-control-a01,D4-FULL,8,LOAD,-4.130458787749544,
phase6v2-r07-output-control-a01,D4-FULL,9,INPUT+LOAD,-4.135521461503984,
phase6v2-r07-output-control-a01,D4-FULL,10,LOAD+DOWNSTREAM,-4.258170668044375,
phase6v2-r07-output-control-a01,D4-FULL,11,OUTPUT+LOAD,-7.107313880982993,
phase6v2-r07-input-load-a01,D4-FULL,1,OUTPUT+LOAD,10.97459565110068,2.804557870561659
phase6v2-r07-input-load-a01,D4-FULL,2,LOAD,8.17003778053902,
phase6v2-r07-input-load-a01,D4-FULL,3,LOAD+DOWNSTREAM,2.521026695447585,
phase6v2-r07-input-load-a01,D4-FULL,4,INPUT+LOAD,-3.6623003941953254,
phase6v2-r07-input-load-a01,D4-FULL,5,OUTPUT,-8.17003778053902,
phase6v2-r07-input-load-a01,D4-FULL,6,NONE,-10.97459565110068,
phase6v2-r07-input-load-a01,D4-FULL,7,OUTPUT+DOWNSTREAM,-13.819048865630457,
phase6v2-r07-input-load-a01,D4-FULL,8,DOWNSTREAM,-16.623606736192116,
phase6v2-r07-input-load-a01,D4-FULL,9,INPUT+OUTPUT,-20.002375955273365,
phase6v2-r07-input-load-a01,D4-FULL,10,INPUT,-22.806933825835024,
phase6v2-r07-input-load-a01,D4-FULL,11,INPUT+DOWNSTREAM,-28.455944910926462,
phase6v2-r07-output-medium-a01,D4-FULL,1,OUTPUT,2.7225674256715697,0.34519554165543376
phase6v2-r07-output-medium-a01,D4-FULL,2,INPUT+OUTPUT,2.377371884016136,
phase6v2-r07-output-medium-a01,D4-FULL,3,OUTPUT+LOAD,1.266486464702926,
phase6v2-r07-output-medium-a01,D4-FULL,4,OUTPUT+DOWNSTREAM,1.2310839521090011,
phase6v2-r07-output-medium-a01,D4-FULL,5,NONE,-2.7225674256715697,
phase6v2-r07-output-medium-a01,D4-FULL,6,INPUT,-3.0677629673270035,
phase6v2-r07-output-medium-a01,D4-FULL,7,LOAD,-4.178648386640214,
phase6v2-r07-output-medium-a01,D4-FULL,8,DOWNSTREAM,-4.214050899234138,
phase6v2-r07-output-medium-a01,D4-FULL,9,INPUT+LOAD,-4.523843928295647,
phase6v2-r07-output-medium-a01,D4-FULL,10,INPUT+DOWNSTREAM,-4.559246440889572,
phase6v2-r07-output-medium-a01,D4-FULL,11,LOAD+DOWNSTREAM,-5.670131860202782,
phase6v2-r07-load-medium-a01,D4-FULL,1,LOAD,11.04075713067346,0.0737610610346131
phase6v2-r07-load-medium-a01,D4-FULL,2,OUTPUT+LOAD,10.966996069638848,
phase6v2-r07-load-medium-a01,D4-FULL,3,LOAD+DOWNSTREAM,7.008375267777355,
phase6v2-r07-load-medium-a01,D4-FULL,4,INPUT+LOAD,5.771361663231791,
phase6v2-r07-load-medium-a01,D4-FULL,5,NONE,-11.04075713067346,
phase6v2-r07-load-medium-a01,D4-FULL,6,OUTPUT,-11.114518191708074,
phase6v2-r07-load-medium-a01,D4-FULL,7,DOWNSTREAM,-15.073138993569566,
phase6v2-r07-load-medium-a01,D4-FULL,8,OUTPUT+DOWNSTREAM,-15.14690005460418,
phase6v2-r07-load-medium-a01,D4-FULL,9,INPUT,-16.31015259811513,
phase6v2-r07-load-medium-a01,D4-FULL,10,INPUT+OUTPUT,-16.383913659149744,
phase6v2-r07-load-medium-a01,D4-FULL,11,INPUT+DOWNSTREAM,-20.342534461011233,
phase6v2-r07-input-medium-a01,D4-FULL,1,NONE,0,0.07643052328877742
phase6v2-r07-input-medium-a01,D4-FULL,2,INPUT,-0.07643052328877742,
phase6v2-r07-input-medium-a01,D4-FULL,3,DOWNSTREAM,-0.7858137728718076,
phase6v2-r07-input-medium-a01,D4-FULL,4,INPUT+DOWNSTREAM,-0.8622442961605851,
phase6v2-r07-input-medium-a01,D4-FULL,5,LOAD,-1.518747959157718,
phase6v2-r07-input-medium-a01,D4-FULL,6,INPUT+LOAD,-1.5951784824464954,
phase6v2-r07-input-medium-a01,D4-FULL,7,LOAD+DOWNSTREAM,-2.3045617320295255,
phase6v2-r07-input-medium-a01,D4-FULL,8,OUTPUT,-3.6059326138621324,
phase6v2-r07-input-medium-a01,D4-FULL,9,INPUT+OUTPUT,-3.68236313715091,
phase6v2-r07-input-medium-a01,D4-FULL,10,OUTPUT+DOWNSTREAM,-4.39174638673394,
phase6v2-r07-input-medium-a01,D4-FULL,11,OUTPUT+LOAD,-5.12468057301985,
phase6v2-r07-output-downstream-a01,D4-FULL,1,OUTPUT+DOWNSTREAM,7.3795034571006175,2.7525544192944444
phase6v2-r07-output-downstream-a01,D4-FULL,2,DOWNSTREAM,4.626949037806173,
phase6v2-r07-output-downstream-a01,D4-FULL,3,INPUT+DOWNSTREAM,4.14079250259674,
phase6v2-r07-output-downstream-a01,D4-FULL,4,LOAD+DOWNSTREAM,2.152955714437888,
phase6v2-r07-output-downstream-a01,D4-FULL,5,OUTPUT,-4.626949037806173,
phase6v2-r07-output-downstream-a01,D4-FULL,6,INPUT+OUTPUT,-5.1131055730156065,
phase6v2-r07-output-downstream-a01,D4-FULL,7,OUTPUT+LOAD,-7.100942361174458,
phase6v2-r07-output-downstream-a01,D4-FULL,8,NONE,-7.3795034571006175,
phase6v2-r07-output-downstream-a01,D4-FULL,9,INPUT,-7.865659992310051,
phase6v2-r07-output-downstream-a01,D4-FULL,10,LOAD,-9.853496780468902,
phase6v2-r07-output-downstream-a01,D4-FULL,11,INPUT+LOAD,-10.339653315678335,
phase6v2-r07-output-load-a01,D4-FULL,1,OUTPUT+LOAD,11.767558605730127,4.079458856356474
phase6v2-r07-output-load-a01,D4-FULL,2,LOAD,7.688099749373652,
phase6v2-r07-output-load-a01,D4-FULL,3,LOAD+DOWNSTREAM,2.1668718529581796,
phase6v2-r07-output-load-a01,D4-FULL,4,INPUT+LOAD,-5.819397949009302,
phase6v2-r07-output-load-a01,D4-FULL,5,OUTPUT,-7.688099749373652,
phase6v2-r07-output-load-a01,D4-FULL,6,NONE,-11.767558605730127,
phase6v2-r07-output-load-a01,D4-FULL,7,OUTPUT+DOWNSTREAM,-13.209327645789124,
phase6v2-r07-output-load-a01,D4-FULL,8,DOWNSTREAM,-17.288786502145598,
phase6v2-r07-output-load-a01,D4-FULL,9,INPUT+OUTPUT,-21.195597447756604,
phase6v2-r07-output-load-a01,D4-FULL,10,INPUT,-25.27505630411308,
phase6v2-r07-output-load-a01,D4-FULL,11,INPUT+DOWNSTREAM,-30.796284200528554,
phase6v2-r07-load-downstream-a01,D4-FULL,1,LOAD+DOWNSTREAM,15.035876933412798,11.90159148074282
phase6v2-r07-load-downstream-a01,D4-FULL,2,LOAD,3.1342854526699773,
phase6v2-r07-load-downstream-a01,D4-FULL,3,OUTPUT+LOAD,2.9903498962438535,
phase6v2-r07-load-downstream-a01,D4-FULL,4,INPUT+LOAD,-2.7974735611886947,
phase6v2-r07-load-downstream-a01,D4-FULL,5,DOWNSTREAM,-3.1342854526699773,
phase6v2-r07-load-downstream-a01,D4-FULL,6,OUTPUT+DOWNSTREAM,-3.2782210090961,
phase6v2-r07-load-downstream-a01,D4-FULL,7,INPUT+DOWNSTREAM,-9.066044466528648,
phase6v2-r07-load-downstream-a01,D4-FULL,8,NONE,-15.035876933412798,
phase6v2-r07-load-downstream-a01,D4-FULL,9,OUTPUT,-15.17981248983892,
phase6v2-r07-load-downstream-a01,D4-FULL,10,INPUT,-20.967635947271468,
phase6v2-r07-load-downstream-a01,D4-FULL,11,INPUT+OUTPUT,-21.111571503697593,
phase6v2-r07-baseline-a01,D4-FULL,1,INPUT,0.00018754710894897109,0.00037509421789794217
phase6v2-r07-baseline-a01,D4-FULL,2,NONE,-0.00018754710894897109,
phase6v2-r07-baseline-a01,D4-FULL,3,INPUT+DOWNSTREAM,-0.11125670895697981,
phase6v2-r07-baseline-a01,D4-FULL,4,DOWNSTREAM,-0.11163180317487775,
phase6v2-r07-baseline-a01,D4-FULL,5,INPUT+LOAD,-0.3486028483143895,
phase6v2-r07-baseline-a01,D4-FULL,6,LOAD,-0.3489779425322874,
phase6v2-r07-baseline-a01,D4-FULL,7,LOAD+DOWNSTREAM,-0.4604221985982162,
phase6v2-r07-baseline-a01,D4-FULL,8,INPUT+OUTPUT,-3.856849130929934,
phase6v2-r07-baseline-a01,D4-FULL,9,OUTPUT,-3.8572242251478315,
phase6v2-r07-baseline-a01,D4-FULL,10,OUTPUT+DOWNSTREAM,-3.9686684812137605,
phase6v2-r07-baseline-a01,D4-FULL,11,OUTPUT+LOAD,-4.20601462057117,
phase6v2-r07-input-downstream-a01,D4-FULL,1,INPUT+DOWNSTREAM,6.19763175965586,0.6314525653393694
phase6v2-r07-input-downstream-a01,D4-FULL,2,LOAD+DOWNSTREAM,5.566179194316491,
phase6v2-r07-input-downstream-a01,D4-FULL,3,DOWNSTREAM,5.366921190614653,
phase6v2-r07-input-downstream-a01,D4-FULL,4,OUTPUT+DOWNSTREAM,1.7872355380800578,
phase6v2-r07-input-downstream-a01,D4-FULL,5,INPUT+LOAD,-5.366921190614653,
phase6v2-r07-input-downstream-a01,D4-FULL,6,INPUT,-5.566179194316491,
phase6v2-r07-input-downstream-a01,D4-FULL,7,LOAD,-6.19763175965586,
phase6v2-r07-input-downstream-a01,D4-FULL,8,NONE,-6.396889763357699,
phase6v2-r07-input-downstream-a01,D4-FULL,9,INPUT+OUTPUT,-9.145864846851087,
phase6v2-r07-input-downstream-a01,D4-FULL,10,OUTPUT+LOAD,-9.777317412190456,
phase6v2-r07-input-downstream-a01,D4-FULL,11,OUTPUT,-9.976575415892293,
phase6v2-r07-output-downstream-control-a01,D4-FULL,1,DOWNSTREAM,6.780121413023152,1.0802739767459562
phase6v2-r07-output-downstream-control-a01,D4-FULL,2,INPUT+DOWNSTREAM,5.699847436277196,
phase6v2-r07-output-downstream-control-a01,D4-FULL,3,OUTPUT+DOWNSTREAM,4.6706123994408575,
phase6v2-r07-output-downstream-control-a01,D4-FULL,4,LOAD+DOWNSTREAM,3.9551336014839507,
phase6v2-r07-output-downstream-control-a01,D4-FULL,5,NONE,-6.780121413023152,
phase6v2-r07-output-downstream-control-a01,D4-FULL,6,INPUT,-7.860395389769108,
phase6v2-r07-output-downstream-control-a01,D4-FULL,7,OUTPUT,-8.889630426605446,
phase6v2-r07-output-downstream-control-a01,D4-FULL,8,LOAD,-9.605109224562353,
phase6v2-r07-output-downstream-control-a01,D4-FULL,9,INPUT+OUTPUT,-9.969904403351403,
phase6v2-r07-output-downstream-control-a01,D4-FULL,10,INPUT+LOAD,-10.685383201308309,
phase6v2-r07-output-downstream-control-a01,D4-FULL,11,OUTPUT+LOAD,-11.714618238144649,
phase6v2-r07-output-load-control-a01,D4-FULL,1,LOAD,8.665313190832084,0.823215075343537
phase6v2-r07-output-load-control-a01,D4-FULL,2,OUTPUT+LOAD,7.842098115488547,
phase6v2-r07-output-load-control-a01,D4-FULL,3,INPUT+LOAD,5.775088215376104,
phase6v2-r07-output-load-control-a01,D4-FULL,4,LOAD+DOWNSTREAM,5.274163472525993,
phase6v2-r07-output-load-control-a01,D4-FULL,5,NONE,-8.665313190832084,
phase6v2-r07-output-load-control-a01,D4-FULL,6,OUTPUT,-9.48852826617562,
phase6v2-r07-output-load-control-a01,D4-FULL,7,INPUT,-11.555538166288063,
phase6v2-r07-output-load-control-a01,D4-FULL,8,DOWNSTREAM,-12.056462909138174,
phase6v2-r07-output-load-control-a01,D4-FULL,9,INPUT+OUTPUT,-12.3787532416316,
phase6v2-r07-output-load-control-a01,D4-FULL,10,OUTPUT+DOWNSTREAM,-12.879677984481711,
phase6v2-r07-output-load-control-a01,D4-FULL,11,INPUT+DOWNSTREAM,-14.946687884594155,
phase6v2-r07-downstream-medium-a01,D4-FULL,1,LOAD+DOWNSTREAM,6.508953835808952,1.0855538004652487
phase6v2-r07-downstream-medium-a01,D4-FULL,2,DOWNSTREAM,5.423400035343703,
phase6v2-r07-downstream-medium-a01,D4-FULL,3,INPUT+DOWNSTREAM,5.2810547254076,
phase6v2-r07-downstream-medium-a01,D4-FULL,4,OUTPUT+DOWNSTREAM,2.590415392121205,
phase6v2-r07-downstream-medium-a01,D4-FULL,5,LOAD,-5.423400035343703,
phase6v2-r07-downstream-medium-a01,D4-FULL,6,INPUT+LOAD,-5.565745345279806,
phase6v2-r07-downstream-medium-a01,D4-FULL,7,NONE,-6.508953835808952,
phase6v2-r07-downstream-medium-a01,D4-FULL,8,INPUT,-6.651299145745055,
phase6v2-r07-downstream-medium-a01,D4-FULL,9,OUTPUT+LOAD,-8.2563846785662,
phase6v2-r07-downstream-medium-a01,D4-FULL,10,OUTPUT,-9.34193847903145,
phase6v2-r07-downstream-medium-a01,D4-FULL,11,INPUT+OUTPUT,-9.484283788967552,
phase6v2-r07-output-control-a01,D4-FULL,1,NONE,0,0.12771188029483138
phase6v2-r07-output-control-a01,D4-FULL,2,DOWNSTREAM,-0.12771188029483138,
phase6v2-r07-output-control-a01,D4-FULL,3,INPUT,-0.9269128927144015,
phase6v2-r07-output-control-a01,D4-FULL,4,INPUT+DOWNSTREAM,-1.0546247730092329,
phase6v2-r07-output-control-a01,D4-FULL,5,OUTPUT,-2.9768550932334494,
phase6v2-r07-output-control-a01,D4-FULL,6,OUTPUT+DOWNSTREAM,-3.104566973528281,
phase6v2-r07-output-control-a01,D4-FULL,7,INPUT+OUTPUT,-3.9037679859478507,
phase6v2-r07-output-control-a01,D4-FULL,8,LOAD,-4.130458787749544,
phase6v2-r07-output-control-a01,D4-FULL,9,LOAD+DOWNSTREAM,-4.258170668044375,
phase6v2-r07-output-control-a01,D4-FULL,10,INPUT+LOAD,-5.0573716804639455,
phase6v2-r07-output-control-a01,D4-FULL,11,OUTPUT+LOAD,-7.107313880982993,
phase6v2-r07-input-load-a01,D4-FULL,1,OUTPUT+LOAD,10.97459565110068,2.804557870561659
phase6v2-r07-input-load-a01,D4-FULL,2,LOAD,8.17003778053902,
phase6v2-r07-input-load-a01,D4-FULL,3,LOAD+DOWNSTREAM,2.521026695447585,
phase6v2-r07-input-load-a01,D4-FULL,4,INPUT+LOAD,-3.4394892805474164,
phase6v2-r07-input-load-a01,D4-FULL,5,OUTPUT,-8.17003778053902,
phase6v2-r07-input-load-a01,D4-FULL,6,NONE,-10.97459565110068,
phase6v2-r07-input-load-a01,D4-FULL,7,OUTPUT+DOWNSTREAM,-13.819048865630457,
phase6v2-r07-input-load-a01,D4-FULL,8,DOWNSTREAM,-16.623606736192116,
phase6v2-r07-input-load-a01,D4-FULL,9,INPUT+OUTPUT,-19.779564841625458,
phase6v2-r07-input-load-a01,D4-FULL,10,INPUT,-22.584122712187117,
phase6v2-r07-input-load-a01,D4-FULL,11,INPUT+DOWNSTREAM,-28.233133797278555,
phase6v2-r07-output-medium-a01,D4-FULL,1,OUTPUT,3.7038340451307996,1.2669741813151818
phase6v2-r07-output-medium-a01,D4-FULL,2,INPUT+OUTPUT,2.436859863815618,
phase6v2-r07-output-medium-a01,D4-FULL,3,OUTPUT+LOAD,2.247753084162156,
phase6v2-r07-output-medium-a01,D4-FULL,4,OUTPUT+DOWNSTREAM,2.212350571568231,
phase6v2-r07-output-medium-a01,D4-FULL,5,NONE,-3.7038340451307996,
phase6v2-r07-output-medium-a01,D4-FULL,6,INPUT,-4.970808226445982,
phase6v2-r07-output-medium-a01,D4-FULL,7,LOAD,-5.159915006099443,
phase6v2-r07-output-medium-a01,D4-FULL,8,DOWNSTREAM,-5.195317518693368,
phase6v2-r07-output-medium-a01,D4-FULL,9,INPUT+LOAD,-6.426889187414625,
phase6v2-r07-output-medium-a01,D4-FULL,10,INPUT+DOWNSTREAM,-6.462291700008549,
phase6v2-r07-output-medium-a01,D4-FULL,11,LOAD+DOWNSTREAM,-6.651398479662012,
phase6v2-r07-load-medium-a01,D4-FULL,1,LOAD,11.04075713067346,0.0737610610346131
phase6v2-r07-load-medium-a01,D4-FULL,2,OUTPUT+LOAD,10.966996069638848,
phase6v2-r07-load-medium-a01,D4-FULL,3,LOAD+DOWNSTREAM,7.008375267777355,
phase6v2-r07-load-medium-a01,D4-FULL,4,INPUT+LOAD,5.605811361505615,
phase6v2-r07-load-medium-a01,D4-FULL,5,NONE,-11.04075713067346,
phase6v2-r07-load-medium-a01,D4-FULL,6,OUTPUT,-11.114518191708074,
phase6v2-r07-load-medium-a01,D4-FULL,7,DOWNSTREAM,-15.073138993569566,
phase6v2-r07-load-medium-a01,D4-FULL,8,OUTPUT+DOWNSTREAM,-15.14690005460418,
phase6v2-r07-load-medium-a01,D4-FULL,9,INPUT,-16.475702899841306,
phase6v2-r07-load-medium-a01,D4-FULL,10,INPUT+OUTPUT,-16.54946396087592,
phase6v2-r07-load-medium-a01,D4-FULL,11,INPUT+DOWNSTREAM,-20.50808476273741,
phase6v2-r07-input-medium-a01,D4-FULL,1,INPUT,0.6065474151955257,0.7858137728718076
phase6v2-r07-input-medium-a01,D4-FULL,2,INPUT+DOWNSTREAM,-0.17926635767628196,
phase6v2-r07-input-medium-a01,D4-FULL,3,NONE,-0.6065474151955257,
phase6v2-r07-input-medium-a01,D4-FULL,4,INPUT+LOAD,-0.9122005439621923,
phase6v2-r07-input-medium-a01,D4-FULL,5,DOWNSTREAM,-1.3923611880673334,
phase6v2-r07-input-medium-a01,D4-FULL,6,LOAD,-2.125295374353244,
phase6v2-r07-input-medium-a01,D4-FULL,7,LOAD+DOWNSTREAM,-2.9111091472250514,
phase6v2-r07-input-medium-a01,D4-FULL,8,INPUT+OUTPUT,-2.999385198666606,
phase6v2-r07-input-medium-a01,D4-FULL,9,OUTPUT,-4.212480029057658,
phase6v2-r07-input-medium-a01,D4-FULL,10,OUTPUT+DOWNSTREAM,-4.998293801929465,
phase6v2-r07-input-medium-a01,D4-FULL,11,OUTPUT+LOAD,-5.731227988215376,
phase6v2-r07-output-downstream-a01,D4-FULL,1,OUTPUT+DOWNSTREAM,8.360770076559847,4.715087658212903
phase6v2-r07-output-downstream-a01,D4-FULL,2,DOWNSTREAM,3.645682418346944,
phase6v2-r07-output-downstream-a01,D4-FULL,3,INPUT+DOWNSTREAM,2.236024933973471,
phase6v2-r07-output-downstream-a01,D4-FULL,4,LOAD+DOWNSTREAM,1.171689094978659,
phase6v2-r07-output-downstream-a01,D4-FULL,5,OUTPUT,-3.645682418346944,
phase6v2-r07-output-downstream-a01,D4-FULL,6,INPUT+OUTPUT,-5.0553399027204176,
phase6v2-r07-output-downstream-a01,D4-FULL,7,OUTPUT+LOAD,-6.119675741715229,
phase6v2-r07-output-downstream-a01,D4-FULL,8,NONE,-8.360770076559847,
phase6v2-r07-output-downstream-a01,D4-FULL,9,INPUT,-9.77042756093332,
phase6v2-r07-output-downstream-a01,D4-FULL,10,LOAD,-10.834763399928132,
phase6v2-r07-output-downstream-a01,D4-FULL,11,INPUT+LOAD,-12.244420884301604,
phase6v2-r08-output-load-control-a01,D4-S,1,LOAD,5.953227995426845,0.9559981204503689
phase6v2-r08-output-load-control-a01,D4-S,2,INPUT+LOAD,4.997229874976476,
phase6v2-r08-output-load-control-a01,D4-S,3,LOAD+DOWNSTREAM,4.204049189252394,
phase6v2-r08-output-load-control-a01,D4-S,4,OUTPUT+LOAD,3.0017247586341727,
phase6v2-r08-output-load-control-a01,D4-S,5,NONE,-5.953227995426845,
phase6v2-r08-output-load-control-a01,D4-S,6,INPUT,-6.909226115877214,
phase6v2-r08-output-load-control-a01,D4-S,7,DOWNSTREAM,-7.702406801601296,
phase6v2-r08-output-load-control-a01,D4-S,8,INPUT+DOWNSTREAM,-8.658404922051666,
phase6v2-r08-output-load-control-a01,D4-S,9,OUTPUT,-8.904731232219518,
phase6v2-r08-output-load-control-a01,D4-S,10,INPUT+OUTPUT,-9.860729352669887,
phase6v2-r08-output-load-control-a01,D4-S,11,OUTPUT+DOWNSTREAM,-10.653910038393969,
phase6v2-r08-input-medium-a01,D4-S,1,NONE,0,0.1783523561009943
phase6v2-r08-input-medium-a01,D4-S,2,DOWNSTREAM,-0.1783523561009943,
phase6v2-r08-input-medium-a01,D4-S,3,INPUT,-0.19717080940296583,
phase6v2-r08-input-medium-a01,D4-S,4,INPUT+DOWNSTREAM,-0.37552316550396014,
phase6v2-r08-input-medium-a01,D4-S,5,LOAD,-1.6909749395794886,
phase6v2-r08-input-medium-a01,D4-S,6,LOAD+DOWNSTREAM,-1.869327295680483,
phase6v2-r08-input-medium-a01,D4-S,7,INPUT+LOAD,-1.8881457489824545,
phase6v2-r08-input-medium-a01,D4-S,8,OUTPUT,-2.8423505818546504,
phase6v2-r08-input-medium-a01,D4-S,9,OUTPUT+DOWNSTREAM,-3.0207029379556447,
phase6v2-r08-input-medium-a01,D4-S,10,INPUT+OUTPUT,-3.0395213912576162,
phase6v2-r08-input-medium-a01,D4-S,11,OUTPUT+LOAD,-4.533325521434139,
phase6v2-r08-output-medium-a01,D4-S,1,OUTPUT+LOAD,1.8197045864778472,0.2910951845533867
phase6v2-r08-output-medium-a01,D4-S,2,OUTPUT,1.5286094019244605,
phase6v2-r08-output-medium-a01,D4-S,3,INPUT+OUTPUT,0.41543096088446263,
phase6v2-r08-output-medium-a01,D4-S,4,OUTPUT+DOWNSTREAM,0.41155363691398006,
phase6v2-r08-output-medium-a01,D4-S,5,LOAD,-1.5286094019244605,
phase6v2-r08-output-medium-a01,D4-S,6,NONE,-1.8197045864778472,
phase6v2-r08-output-medium-a01,D4-S,7,INPUT+LOAD,-2.641787842964458,
phase6v2-r08-output-medium-a01,D4-S,8,LOAD+DOWNSTREAM,-2.6456651669349407,
phase6v2-r08-output-medium-a01,D4-S,9,INPUT,-2.9328830275178452,
phase6v2-r08-output-medium-a01,D4-S,10,DOWNSTREAM,-2.936760351488328,
phase6v2-r08-output-medium-a01,D4-S,11,INPUT+DOWNSTREAM,-4.049938792528326,
phase6v2-r08-output-control-a01,D4-S,1,INPUT,0.1362692241109621,0.1435106073531629
phase6v2-r08-output-control-a01,D4-S,2,INPUT+DOWNSTREAM,-0.007241383242200805,
phase6v2-r08-output-control-a01,D4-S,3,NONE,-0.1362692241109621,
phase6v2-r08-output-control-a01,D4-S,4,DOWNSTREAM,-0.279779831464125,
phase6v2-r08-output-control-a01,D4-S,5,INPUT+OUTPUT,-2.0788801853282313,
phase6v2-r08-output-control-a01,D4-S,6,OUTPUT,-2.3514186335501557,
phase6v2-r08-output-control-a01,D4-S,7,OUTPUT+DOWNSTREAM,-2.4949292409033186,
phase6v2-r08-output-control-a01,D4-S,8,INPUT+LOAD,-2.6935121906709933,
phase6v2-r08-output-control-a01,D4-S,9,LOAD,-2.9660506388929178,
phase6v2-r08-output-control-a01,D4-S,10,LOAD+DOWNSTREAM,-3.1095612462460807,
phase6v2-r08-output-control-a01,D4-S,11,OUTPUT+LOAD,-5.181200048332111,
phase6v2-r08-baseline-a01,D4-S,1,INPUT,0.03387404140187922,0.03863516823104529
phase6v2-r08-baseline-a01,D4-S,2,INPUT+DOWNSTREAM,-0.0047611268291660735,
phase6v2-r08-baseline-a01,D4-S,3,NONE,-0.03387404140187922,
phase6v2-r08-baseline-a01,D4-S,4,DOWNSTREAM,-0.07250920963292451,
phase6v2-r08-baseline-a01,D4-S,5,INPUT+LOAD,-2.6058059844344443,
phase6v2-r08-baseline-a01,D4-S,6,LOAD,-2.6735540672382028,
phase6v2-r08-baseline-a01,D4-S,7,LOAD+DOWNSTREAM,-2.712189235469248,
phase6v2-r08-baseline-a01,D4-S,8,INPUT+OUTPUT,-2.9253775343790567,
phase6v2-r08-baseline-a01,D4-S,9,OUTPUT,-2.993125617182815,
phase6v2-r08-baseline-a01,D4-S,10,OUTPUT+DOWNSTREAM,-3.0317607854138604,
phase6v2-r08-baseline-a01,D4-S,11,OUTPUT+LOAD,-5.632805643019139,
phase6v2-r08-input-load-a01,D4-S,1,OUTPUT+LOAD,11.171096409730387,7.648312673167485
phase6v2-r08-input-load-a01,D4-S,2,LOAD,3.5227837365629013,
phase6v2-r08-input-load-a01,D4-S,3,LOAD+DOWNSTREAM,-1.5278679175525371,
phase6v2-r08-input-load-a01,D4-S,4,INPUT+LOAD,-1.6116205462594366,
phase6v2-r08-input-load-a01,D4-S,5,OUTPUT,-3.5227837365629013,
phase6v2-r08-input-load-a01,D4-S,6,OUTPUT+DOWNSTREAM,-8.57343539067834,
phase6v2-r08-input-load-a01,D4-S,7,INPUT+OUTPUT,-8.65718801938524,
phase6v2-r08-input-load-a01,D4-S,8,NONE,-11.171096409730387,
phase6v2-r08-input-load-a01,D4-S,9,DOWNSTREAM,-16.221748063845826,
phase6v2-r08-input-load-a01,D4-S,10,INPUT,-16.305500692552727,
phase6v2-r08-input-load-a01,D4-S,11,INPUT+DOWNSTREAM,-21.35615234666816,
phase6v2-r08-output-load-a01,D4-S,1,OUTPUT+LOAD,11.896905473680935,10.28866671236483
phase6v2-r08-output-load-a01,D4-S,2,LOAD,1.6082387613161053,
phase6v2-r08-output-load-a01,D4-S,3,OUTPUT,-1.6082387613161053,
phase6v2-r08-output-load-a01,D4-S,4,LOAD+DOWNSTREAM,-3.7122881146472544,
phase6v2-r08-output-load-a01,D4-S,5,INPUT+LOAD,-3.965999563663079,
phase6v2-r08-output-load-a01,D4-S,6,OUTPUT+DOWNSTREAM,-6.928765637279465,
phase6v2-r08-output-load-a01,D4-S,7,INPUT+OUTPUT,-7.18247708629529,
phase6v2-r08-output-load-a01,D4-S,8,NONE,-11.896905473680935,
phase6v2-r08-output-load-a01,D4-S,9,DOWNSTREAM,-17.217432349644294,
phase6v2-r08-output-load-a01,D4-S,10,INPUT,-17.47114379866012,
phase6v2-r08-output-load-a01,D4-S,11,INPUT+DOWNSTREAM,-22.79167067462348,
phase6v2-r08-downstream-medium-a01,D4-S,1,NONE,0,0.21057137637827827
phase6v2-r08-downstream-medium-a01,D4-S,2,INPUT,-0.21057137637827827,
phase6v2-r08-downstream-medium-a01,D4-S,3,DOWNSTREAM,-0.2280921016677715,
phase6v2-r08-downstream-medium-a01,D4-S,4,INPUT+DOWNSTREAM,-0.43866347804604977,
phase6v2-r08-downstream-medium-a01,D4-S,5,LOAD,-1.0037503651984443,
phase6v2-r08-downstream-medium-a01,D4-S,6,INPUT+LOAD,-1.2143217415767227,
phase6v2-r08-downstream-medium-a01,D4-S,7,LOAD+DOWNSTREAM,-1.2318424668662158,
phase6v2-r08-downstream-medium-a01,D4-S,8,OUTPUT,-2.6374633646251033,
phase6v2-r08-downstream-medium-a01,D4-S,9,INPUT+OUTPUT,-2.8480347410033815,
phase6v2-r08-downstream-medium-a01,D4-S,10,OUTPUT+DOWNSTREAM,-2.865555466292875,
phase6v2-r08-downstream-medium-a01,D4-S,11,OUTPUT+LOAD,-3.641213729823548,
phase6v2-r08-output-downstream-control-a01,D4-S,1,NONE,0,0.23732888258981777
phase6v2-r08-output-downstream-control-a01,D4-S,2,INPUT,-0.23732888258981777,
phase6v2-r08-output-downstream-control-a01,D4-S,3,DOWNSTREAM,-0.37604942760041027,
phase6v2-r08-output-downstream-control-a01,D4-S,4,INPUT+DOWNSTREAM,-0.613378310190228,
phase6v2-r08-output-downstream-control-a01,D4-S,5,LOAD,-1.1762018114751696,
phase6v2-r08-output-downstream-control-a01,D4-S,6,INPUT+LOAD,-1.4135306940649874,
phase6v2-r08-output-downstream-control-a01,D4-S,7,LOAD+DOWNSTREAM,-1.5522512390755798,
phase6v2-r08-output-downstream-control-a01,D4-S,8,OUTPUT,-2.1494910649329104,
phase6v2-r08-output-downstream-control-a01,D4-S,9,INPUT+OUTPUT,-2.3868199475227283,
phase6v2-r08-output-downstream-control-a01,D4-S,10,OUTPUT+DOWNSTREAM,-2.5255404925333207,
phase6v2-r08-output-downstream-control-a01,D4-S,11,OUTPUT+LOAD,-3.32569287640808,
phase6v2-r08-load-medium-a01,D4-S,1,OUTPUT+LOAD,8.052671056339578,0.041849444156877524
phase6v2-r08-load-medium-a01,D4-S,2,LOAD,8.010821612182701,
phase6v2-r08-load-medium-a01,D4-S,3,LOAD+DOWNSTREAM,5.339380445370491,
phase6v2-r08-load-medium-a01,D4-S,4,INPUT+LOAD,5.032236052307184,
phase6v2-r08-load-medium-a01,D4-S,5,OUTPUT,-8.010821612182701,
phase6v2-r08-load-medium-a01,D4-S,6,NONE,-8.052671056339578,
phase6v2-r08-load-medium-a01,D4-S,7,OUTPUT+DOWNSTREAM,-10.682262778994913,
phase6v2-r08-load-medium-a01,D4-S,8,DOWNSTREAM,-10.724112223151788,
phase6v2-r08-load-medium-a01,D4-S,9,INPUT+OUTPUT,-10.98940717205822,
phase6v2-r08-load-medium-a01,D4-S,10,INPUT,-11.031256616215096,
phase6v2-r08-load-medium-a01,D4-S,11,INPUT+DOWNSTREAM,-13.702697783027308,
phase6v2-r08-output-downstream-a01,D4-S,1,OUTPUT+LOAD,3.4801099569553413,3.108562485230821
phase6v2-r08-output-downstream-a01,D4-S,2,OUTPUT,0.3715474717245204,
phase6v2-r08-output-downstream-a01,D4-S,3,LOAD,-0.3715474717245204,
phase6v2-r08-output-downstream-a01,D4-S,4,OUTPUT+DOWNSTREAM,-0.8778935972447379,
phase6v2-r08-output-downstream-a01,D4-S,5,INPUT+OUTPUT,-0.9828305726596862,
phase6v2-r08-output-downstream-a01,D4-S,6,LOAD+DOWNSTREAM,-1.6209885406937787,
phase6v2-r08-output-downstream-a01,D4-S,7,INPUT+LOAD,-1.725925516108727,
phase6v2-r08-output-downstream-a01,D4-S,8,NONE,-3.4801099569553413,
phase6v2-r08-output-downstream-a01,D4-S,9,DOWNSTREAM,-4.7295510259246,
phase6v2-r08-output-downstream-a01,D4-S,10,INPUT,-4.8344880013395475,
phase6v2-r08-output-downstream-a01,D4-S,11,INPUT+DOWNSTREAM,-6.083929070308806,
phase6v2-r08-input-downstream-a01,D4-S,1,NONE,0,0.02744023725907896
phase6v2-r08-input-downstream-a01,D4-S,2,LOAD,-0.02744023725907896,
phase6v2-r08-input-downstream-a01,D4-S,3,INPUT,-0.2701803365396157,
phase6v2-r08-input-downstream-a01,D4-S,4,INPUT+LOAD,-0.29762057379869467,
phase6v2-r08-input-downstream-a01,D4-S,5,DOWNSTREAM,-0.3627600545391828,
phase6v2-r08-input-downstream-a01,D4-S,6,LOAD+DOWNSTREAM,-0.39020029179826177,
phase6v2-r08-input-downstream-a01,D4-S,7,INPUT+DOWNSTREAM,-0.6329403910787985,
phase6v2-r08-input-downstream-a01,D4-S,8,OUTPUT,-2.5246930665362863,
phase6v2-r08-input-downstream-a01,D4-S,9,OUTPUT+LOAD,-2.5521333037953653,
phase6v2-r08-input-downstream-a01,D4-S,10,INPUT+OUTPUT,-2.794873403075902,
phase6v2-r08-input-downstream-a01,D4-S,11,OUTPUT+DOWNSTREAM,-2.887453121075469,
phase6v2-r08-load-downstream-a01,D4-S,1,OUTPUT+LOAD,8.474911748700736,0.8688689229800097
phase6v2-r08-load-downstream-a01,D4-S,2,LOAD,7.606042825720726,
phase6v2-r08-load-downstream-a01,D4-S,3,LOAD+DOWNSTREAM,4.677980846630055,
phase6v2-r08-load-downstream-a01,D4-S,4,INPUT+LOAD,4.451751421391672,
phase6v2-r08-load-downstream-a01,D4-S,5,OUTPUT,-7.606042825720726,
phase6v2-r08-load-downstream-a01,D4-S,6,NONE,-8.474911748700736,
phase6v2-r08-load-downstream-a01,D4-S,7,OUTPUT+DOWNSTREAM,-10.534104804811399,
phase6v2-r08-load-downstream-a01,D4-S,8,INPUT+OUTPUT,-10.76033423004978,
phase6v2-r08-load-downstream-a01,D4-S,9,DOWNSTREAM,-11.402973727791407,
phase6v2-r08-load-downstream-a01,D4-S,10,INPUT,-11.62920315302979,
phase6v2-r08-load-downstream-a01,D4-S,11,INPUT+DOWNSTREAM,-14.557265132120461,
phase6v2-r08-output-load-control-a01,D4-SM,1,LOAD,7.928334048087316,1.0238751041993774
phase6v2-r08-output-load-control-a01,D4-SM,2,INPUT+LOAD,6.9044589438879385,
phase6v2-r08-output-load-control-a01,D4-SM,3,LOAD+DOWNSTREAM,6.63645457542968,
phase6v2-r08-output-load-control-a01,D4-SM,4,OUTPUT+LOAD,5.72396661791424,
phase6v2-r08-output-load-control-a01,D4-SM,5,NONE,-7.928334048087316,
phase6v2-r08-output-load-control-a01,D4-SM,6,INPUT,-8.952209152286693,
phase6v2-r08-output-load-control-a01,D4-SM,7,DOWNSTREAM,-9.220213520744952,
phase6v2-r08-output-load-control-a01,D4-SM,8,OUTPUT,-10.132701478260392,
phase6v2-r08-output-load-control-a01,D4-SM,9,INPUT+DOWNSTREAM,-10.244088624944329,
phase6v2-r08-output-load-control-a01,D4-SM,10,INPUT+OUTPUT,-11.15657658245977,
phase6v2-r08-output-load-control-a01,D4-SM,11,OUTPUT+DOWNSTREAM,-11.424580950918028,
phase6v2-r08-input-medium-a01,D4-SM,1,NONE,0,0.18826897488962946
phase6v2-r08-input-medium-a01,D4-SM,2,INPUT,-0.18826897488962946,
phase6v2-r08-input-medium-a01,D4-SM,3,DOWNSTREAM,-0.2778114097855769,
phase6v2-r08-input-medium-a01,D4-SM,4,INPUT+DOWNSTREAM,-0.46608038467520635,
phase6v2-r08-input-medium-a01,D4-SM,5,LOAD,-0.6977757587238971,
phase6v2-r08-input-medium-a01,D4-SM,6,INPUT+LOAD,-0.8860447336135265,
phase6v2-r08-input-medium-a01,D4-SM,7,LOAD+DOWNSTREAM,-0.9755871685094739,
phase6v2-r08-input-medium-a01,D4-SM,8,OUTPUT,-2.862807238797511,
phase6v2-r08-input-medium-a01,D4-SM,9,INPUT+OUTPUT,-3.0510762136871405,
phase6v2-r08-input-medium-a01,D4-SM,10,OUTPUT+DOWNSTREAM,-3.140618648583088,
phase6v2-r08-input-medium-a01,D4-SM,11,OUTPUT+LOAD,-3.5605829975214083,
phase6v2-r08-output-medium-a01,D4-SM,1,OUTPUT,1.4015050737461432,0.559382481061104
phase6v2-r08-output-medium-a01,D4-SM,2,INPUT+OUTPUT,0.8421225926850392,
phase6v2-r08-output-medium-a01,D4-SM,3,OUTPUT+DOWNSTREAM,0.4870536503299078,
phase6v2-r08-output-medium-a01,D4-SM,4,OUTPUT+LOAD,-0.2504249183480671,
phase6v2-r08-output-medium-a01,D4-SM,5,NONE,-1.4015050737461432,
phase6v2-r08-output-medium-a01,D4-SM,6,INPUT,-1.9608875548072473,
phase6v2-r08-output-medium-a01,D4-SM,7,DOWNSTREAM,-2.3159564971623787,
phase6v2-r08-output-medium-a01,D4-SM,8,INPUT+DOWNSTREAM,-2.875338978223483,
phase6v2-r08-output-medium-a01,D4-SM,9,LOAD,-3.0534350658403535,
phase6v2-r08-output-medium-a01,D4-SM,10,INPUT+LOAD,-3.6128175469014576,
phase6v2-r08-output-medium-a01,D4-SM,11,LOAD+DOWNSTREAM,-3.967886489256589,
phase6v2-r08-output-control-a01,D4-SM,1,INPUT,0.07027532568477846,0.042278235860509494
phase6v2-r08-output-control-a01,D4-SM,2,INPUT+DOWNSTREAM,0.02799708982426896,
phase6v2-r08-output-control-a01,D4-SM,3,NONE,-0.07027532568477846,
phase6v2-r08-output-control-a01,D4-SM,4,DOWNSTREAM,-0.11255356154528795,
phase6v2-r08-output-control-a01,D4-SM,5,INPUT+LOAD,-1.5445186342148216,
phase6v2-r08-output-control-a01,D4-SM,6,LOAD,-1.6850692855843783,
phase6v2-r08-output-control-a01,D4-SM,7,LOAD+DOWNSTREAM,-1.7273475214448877,
phase6v2-r08-output-control-a01,D4-SM,8,INPUT+OUTPUT,-2.0955858287385207,
phase6v2-r08-output-control-a01,D4-SM,9,OUTPUT,-2.2361364801080774,
phase6v2-r08-output-control-a01,D4-SM,10,OUTPUT+DOWNSTREAM,-2.278414715968587,
phase6v2-r08-output-control-a01,D4-SM,11,OUTPUT+LOAD,-3.8509304400076774,
phase6v2-r08-baseline-a01,D4-SM,1,INPUT,0.020418281429503193,0.04083656285900639
phase6v2-r08-baseline-a01,D4-SM,2,NONE,-0.020418281429503193,
phase6v2-r08-baseline-a01,D4-SM,3,INPUT+DOWNSTREAM,-0.07220055195295472,
phase6v2-r08-baseline-a01,D4-SM,4,DOWNSTREAM,-0.1130371148119611,
phase6v2-r08-baseline-a01,D4-SM,5,INPUT+LOAD,-0.8562210508400734,
phase6v2-r08-baseline-a01,D4-SM,6,LOAD,-0.8970576136990798,
phase6v2-r08-baseline-a01,D4-SM,7,LOAD+DOWNSTREAM,-0.9896764470815377,
phase6v2-r08-baseline-a01,D4-SM,8,INPUT+OUTPUT,-2.9167287894813647,
phase6v2-r08-baseline-a01,D4-SM,9,OUTPUT,-2.957565352340371,
phase6v2-r08-baseline-a01,D4-SM,10,OUTPUT+DOWNSTREAM,-3.050184185722829,
phase6v2-r08-baseline-a01,D4-SM,11,OUTPUT+LOAD,-3.8342046846099476,
phase6v2-r08-input-load-a01,D4-SM,1,OUTPUT+LOAD,12.095867275034408,6.4518115890717525
phase6v2-r08-input-load-a01,D4-SM,2,LOAD,5.644055685962655,
phase6v2-r08-input-load-a01,D4-SM,3,LOAD+DOWNSTREAM,2.5549155432244555,
phase6v2-r08-input-load-a01,D4-SM,4,INPUT+LOAD,0.28550027688464086,
phase6v2-r08-input-load-a01,D4-SM,5,OUTPUT,-5.644055685962655,
phase6v2-r08-input-load-a01,D4-SM,6,OUTPUT+DOWNSTREAM,-8.733195828700858,
phase6v2-r08-input-load-a01,D4-SM,7,INPUT+OUTPUT,-11.00261109504067,
phase6v2-r08-input-load-a01,D4-SM,8,NONE,-12.095867275034408,
phase6v2-r08-input-load-a01,D4-SM,9,DOWNSTREAM,-15.185007417772608,
phase6v2-r08-input-load-a01,D4-SM,10,INPUT,-17.454422684112423,
phase6v2-r08-input-load-a01,D4-SM,11,INPUT+DOWNSTREAM,-20.543562826850625,
phase6v2-r08-output-load-a01,D4-SM,1,OUTPUT+LOAD,12.143472278850819,9.038870583135477
phase6v2-r08-output-load-a01,D4-SM,2,LOAD,3.104601695715343,
phase6v2-r08-output-load-a01,D4-SM,3,LOAD+DOWNSTREAM,-0.17362274287445345,
phase6v2-r08-output-load-a01,D4-SM,4,INPUT+LOAD,-2.522627143947701,
phase6v2-r08-output-load-a01,D4-SM,5,OUTPUT,-3.104601695715343,
phase6v2-r08-output-load-a01,D4-SM,6,OUTPUT+DOWNSTREAM,-6.382826134305139,
phase6v2-r08-output-load-a01,D4-SM,7,INPUT+OUTPUT,-8.731830535378386,
phase6v2-r08-output-load-a01,D4-SM,8,NONE,-12.143472278850819,
phase6v2-r08-output-load-a01,D4-SM,9,DOWNSTREAM,-15.421696717440616,
phase6v2-r08-output-load-a01,D4-SM,10,INPUT,-17.770701118513863,
phase6v2-r08-output-load-a01,D4-SM,11,INPUT+DOWNSTREAM,-21.048925557103658,
phase6v2-r08-downstream-medium-a01,D4-SM,1,DOWNSTREAM,11.064872093416717,0.20373319983713856
phase6v2-r08-downstream-medium-a01,D4-SM,2,INPUT+DOWNSTREAM,10.861138893579579,
phase6v2-r08-downstream-medium-a01,D4-SM,3,LOAD+DOWNSTREAM,9.571521572440256,
phase6v2-r08-downstream-medium-a01,D4-SM,4,OUTPUT+DOWNSTREAM,8.283907890610344,
phase6v2-r08-downstream-medium-a01,D4-SM,5,NONE,-11.064872093416717,
phase6v2-r08-downstream-medium-a01,D4-SM,6,INPUT,-11.268605293253856,
phase6v2-r08-downstream-medium-a01,D4-SM,7,LOAD,-12.558222614393179,
phase6v2-r08-downstream-medium-a01,D4-SM,8,INPUT+LOAD,-12.761955814230317,
phase6v2-r08-downstream-medium-a01,D4-SM,9,OUTPUT,-13.84583629622309,
phase6v2-r08-downstream-medium-a01,D4-SM,10,INPUT+OUTPUT,-14.049569496060231,
phase6v2-r08-downstream-medium-a01,D4-SM,11,OUTPUT+LOAD,-15.339186817199554,
phase6v2-r08-output-downstream-control-a01,D4-SM,1,DOWNSTREAM,10.990893430450399,0.21859805310395863
phase6v2-r08-output-downstream-control-a01,D4-SM,2,INPUT+DOWNSTREAM,10.77229537734644,
phase6v2-r08-output-downstream-control-a01,D4-SM,3,LOAD+DOWNSTREAM,9.646678237825888,
phase6v2-r08-output-downstream-control-a01,D4-SM,4,OUTPUT+DOWNSTREAM,8.783944029035792,
phase6v2-r08-output-downstream-control-a01,D4-SM,5,NONE,-10.990893430450399,
phase6v2-r08-output-downstream-control-a01,D4-SM,6,INPUT,-11.209491483554357,
phase6v2-r08-output-downstream-control-a01,D4-SM,7,LOAD,-12.335108623074909,
phase6v2-r08-output-downstream-control-a01,D4-SM,8,INPUT+LOAD,-12.553706676178868,
phase6v2-r08-output-downstream-control-a01,D4-SM,9,OUTPUT,-13.197842831865005,
phase6v2-r08-output-downstream-control-a01,D4-SM,10,INPUT+OUTPUT,-13.416440884968964,
phase6v2-r08-output-downstream-control-a01,D4-SM,11,OUTPUT+LOAD,-14.542058024489515,
phase6v2-r08-load-medium-a01,D4-SM,1,LOAD,9.037332267417975,0.02510865193048417
phase6v2-r08-load-medium-a01,D4-SM,2,OUTPUT+LOAD,9.01222361548749,
phase6v2-r08-load-medium-a01,D4-SM,3,LOAD+DOWNSTREAM,7.131806290591113,
phase6v2-r08-load-medium-a01,D4-SM,4,INPUT+LOAD,6.148309217081145,
phase6v2-r08-load-medium-a01,D4-SM,5,NONE,-9.037332267417975,
phase6v2-r08-load-medium-a01,D4-SM,6,OUTPUT,-9.06244091934846,
phase6v2-r08-load-medium-a01,D4-SM,7,DOWNSTREAM,-10.942858244244837,
phase6v2-r08-load-medium-a01,D4-SM,8,OUTPUT+DOWNSTREAM,-10.967966896175321,
phase6v2-r08-load-medium-a01,D4-SM,9,INPUT,-11.926355317754805,
phase6v2-r08-load-medium-a01,D4-SM,10,INPUT+OUTPUT,-11.951463969685289,
phase6v2-r08-load-medium-a01,D4-SM,11,INPUT+DOWNSTREAM,-13.831881294581667,
phase6v2-r08-output-downstream-a01,D4-SM,1,OUTPUT+DOWNSTREAM,11.228619222892162,1.3488432262523737
phase6v2-r08-output-downstream-a01,D4-SM,2,LOAD+DOWNSTREAM,9.879775996639788,
phase6v2-r08-output-downstream-a01,D4-SM,3,DOWNSTREAM,8.202938635394135,
phase6v2-r08-output-downstream-a01,D4-SM,4,INPUT+DOWNSTREAM,7.4289919946892145,
phase6v2-r08-output-downstream-a01,D4-SM,5,OUTPUT+LOAD,-8.202938635394135,
phase6v2-r08-output-downstream-a01,D4-SM,6,OUTPUT,-9.879775996639788,
phase6v2-r08-output-downstream-a01,D4-SM,7,INPUT+OUTPUT,-10.653722637344709,
phase6v2-r08-output-downstream-a01,D4-SM,8,LOAD,-11.228619222892162,
phase6v2-r08-output-downstream-a01,D4-SM,9,INPUT+LOAD,-12.002565863597082,
phase6v2-r08-output-downstream-a01,D4-SM,10,NONE,-12.905456584137815,
phase6v2-r08-output-downstream-a01,D4-SM,11,INPUT,-13.679403224842735,
phase6v2-r08-input-downstream-a01,D4-SM,1,DOWNSTREAM,10.997538116981012,0.32375836975227124
phase6v2-r08-input-downstream-a01,D4-SM,2,INPUT+DOWNSTREAM,10.67377974722874,
phase6v2-r08-input-downstream-a01,D4-SM,3,LOAD+DOWNSTREAM,10.447851484825586,
phase6v2-r08-input-downstream-a01,D4-SM,4,OUTPUT+DOWNSTREAM,8.293280932970784,
phase6v2-r08-input-downstream-a01,D4-SM,5,NONE,-10.997538116981012,
phase6v2-r08-input-downstream-a01,D4-SM,6,INPUT,-11.321296486733283,
phase6v2-r08-input-downstream-a01,D4-SM,7,LOAD,-11.547224749136438,
phase6v2-r08-input-downstream-a01,D4-SM,8,INPUT+LOAD,-11.87098311888871,
phase6v2-r08-input-downstream-a01,D4-SM,9,OUTPUT,-13.70179530099124,
phase6v2-r08-input-downstream-a01,D4-SM,10,INPUT+OUTPUT,-14.025553670743511,
phase6v2-r08-input-downstream-a01,D4-SM,11,OUTPUT+LOAD,-14.251481933146666,
phase6v2-r08-load-downstream-a01,D4-SM,1,LOAD+DOWNSTREAM,18.974727233297916,18.5196801571853
phase6v2-r08-load-downstream-a01,D4-SM,2,OUTPUT+DOWNSTREAM,0.45504707611261885,
phase6v2-r08-load-downstream-a01,D4-SM,3,DOWNSTREAM,0.02154173053385655,
phase6v2-r08-load-downstream-a01,D4-SM,4,OUTPUT+LOAD,-0.02154173053385655,
phase6v2-r08-load-downstream-a01,D4-SM,5,LOAD,-0.45504707611261885,
phase6v2-r08-load-downstream-a01,D4-SM,6,INPUT+DOWNSTREAM,-3.1046163840895833,
phase6v2-r08-load-downstream-a01,D4-SM,7,INPUT+LOAD,-3.5812051907360587,
phase6v2-r08-load-downstream-a01,D4-SM,8,OUTPUT,-18.974727233297916,
phase6v2-r08-load-downstream-a01,D4-SM,9,NONE,-19.408232578876678,
phase6v2-r08-load-downstream-a01,D4-SM,10,INPUT+OUTPUT,-22.100885347921356,
phase6v2-r08-load-downstream-a01,D4-SM,11,INPUT,-22.534390693500118,
phase6v2-r08-output-load-control-a01,D4-SMT,1,LOAD,12.865618371285581,1.593811896002011
phase6v2-r08-output-load-control-a01,D4-SMT,2,LOAD+DOWNSTREAM,11.27180647528357,
phase6v2-r08-output-load-control-a01,D4-SMT,3,INPUT+LOAD,10.950631972729704,
phase6v2-r08-output-load-control-a01,D4-SMT,4,OUTPUT+LOAD,10.949479180896805,
phase6v2-r08-output-load-control-a01,D4-SMT,5,NONE,-12.865618371285581,
phase6v2-r08-output-load-control-a01,D4-SMT,6,DOWNSTREAM,-14.459430267287592,
phase6v2-r08-output-load-control-a01,D4-SMT,7,INPUT,-14.780604769841458,
phase6v2-r08-output-load-control-a01,D4-SMT,8,OUTPUT,-14.781757561674358,
phase6v2-r08-output-load-control-a01,D4-SMT,9,INPUT+DOWNSTREAM,-16.37441666584347,
phase6v2-r08-output-load-control-a01,D4-SMT,10,OUTPUT+DOWNSTREAM,-16.375569457676367,
phase6v2-r08-output-load-control-a01,D4-SMT,11,INPUT+OUTPUT,-16.696743960230233,
phase6v2-r08-input-medium-a01,D4-SMT,1,NONE,0,0.36562509426973355
phase6v2-r08-input-medium-a01,D4-SMT,2,INPUT,-0.36562509426973355,
phase6v2-r08-input-medium-a01,D4-SMT,3,DOWNSTREAM,-0.7954516350526756,
phase6v2-r08-input-medium-a01,D4-SMT,4,INPUT+DOWNSTREAM,-1.1610767293224091,
phase6v2-r08-input-medium-a01,D4-SMT,5,LOAD,-1.7019611783330286,
phase6v2-r08-input-medium-a01,D4-SMT,6,OUTPUT,-1.8068189676146147,
phase6v2-r08-input-medium-a01,D4-SMT,7,INPUT+LOAD,-2.067586272602762,
phase6v2-r08-input-medium-a01,D4-SMT,8,INPUT+OUTPUT,-2.1724440618843484,
phase6v2-r08-input-medium-a01,D4-SMT,9,LOAD+DOWNSTREAM,-2.4974128133857043,
phase6v2-r08-input-medium-a01,D4-SMT,10,OUTPUT+DOWNSTREAM,-2.60227060266729,
phase6v2-r08-input-medium-a01,D4-SMT,11,OUTPUT+LOAD,-3.508780145947643,
phase6v2-r08-output-medium-a01,D4-SMT,1,OUTPUT,2.283826068491695,0.6009098443206864
phase6v2-r08-output-medium-a01,D4-SMT,2,INPUT+OUTPUT,1.6829162241710085,
phase6v2-r08-output-medium-a01,D4-SMT,3,OUTPUT+DOWNSTREAM,1.5261613174866664,
phase6v2-r08-output-medium-a01,D4-SMT,4,OUTPUT+LOAD,1.236070852636163,
phase6v2-r08-output-medium-a01,D4-SMT,5,NONE,-2.283826068491695,
phase6v2-r08-output-medium-a01,D4-SMT,6,INPUT,-2.8847359128123813,
phase6v2-r08-output-medium-a01,D4-SMT,7,DOWNSTREAM,-3.0414908194967234,
phase6v2-r08-output-medium-a01,D4-SMT,8,LOAD,-3.3315812843472266,
phase6v2-r08-output-medium-a01,D4-SMT,9,INPUT+DOWNSTREAM,-3.64240066381741,
phase6v2-r08-output-medium-a01,D4-SMT,10,INPUT+LOAD,-3.9324911286679134,
phase6v2-r08-output-medium-a01,D4-SMT,11,LOAD+DOWNSTREAM,-4.0892460353522555,
phase6v2-r08-output-control-a01,D4-SMT,1,INPUT,0.12034010061722522,0.24068020123445044
phase6v2-r08-output-control-a01,D4-SMT,2,NONE,-0.12034010061722522,
phase6v2-r08-output-control-a01,D4-SMT,3,INPUT+DOWNSTREAM,-0.5474185102483137,
phase6v2-r08-output-control-a01,D4-SMT,4,DOWNSTREAM,-0.7880987114827641,
phase6v2-r08-output-control-a01,D4-SMT,5,INPUT+LOAD,-0.9796993456169275,
phase6v2-r08-output-control-a01,D4-SMT,6,LOAD,-1.2203795468513778,
phase6v2-r08-output-control-a01,D4-SMT,7,INPUT+OUTPUT,-1.3621766087946225,
phase6v2-r08-output-control-a01,D4-SMT,8,OUTPUT,-1.6028568100290728,
phase6v2-r08-output-control-a01,D4-SMT,9,LOAD+DOWNSTREAM,-1.888138157716917,
phase6v2-r08-output-control-a01,D4-SMT,10,OUTPUT+DOWNSTREAM,-2.270615420894612,
phase6v2-r08-output-control-a01,D4-SMT,11,OUTPUT+LOAD,-2.7028962562632257,
phase6v2-r08-baseline-a01,D4-SMT,1,INPUT+DOWNSTREAM,0.651355931014382,0.0037078585104699524
phase6v2-r08-baseline-a01,D4-SMT,2,DOWNSTREAM,0.6476480725039121,
phase6v2-r08-baseline-a01,D4-SMT,3,LOAD+DOWNSTREAM,-0.24397283598819364,
phase6v2-r08-baseline-a01,D4-SMT,4,INPUT,-0.6476480725039121,
phase6v2-r08-baseline-a01,D4-SMT,5,NONE,-0.651355931014382,
phase6v2-r08-baseline-a01,D4-SMT,6,OUTPUT+DOWNSTREAM,-1.2559656011961882,
phase6v2-r08-baseline-a01,D4-SMT,7,INPUT+LOAD,-1.5392689809960178,
phase6v2-r08-baseline-a01,D4-SMT,8,LOAD,-1.5429768395064878,
phase6v2-r08-baseline-a01,D4-SMT,9,INPUT+OUTPUT,-2.551261746204012,
phase6v2-r08-baseline-a01,D4-SMT,10,OUTPUT,-2.5549696047144823,
phase6v2-r08-baseline-a01,D4-SMT,11,OUTPUT+LOAD,-3.446590513206588,
phase6v2-r08-input-load-a01,D4-SMT,1,OUTPUT+LOAD,17.21624896408992,5.2339783692048805
phase6v2-r08-input-load-a01,D4-SMT,2,LOAD,11.98227059488504,
phase6v2-r08-input-load-a01,D4-SMT,3,LOAD+DOWNSTREAM,10.355536536143696,
phase6v2-r08-input-load-a01,D4-SMT,4,INPUT+LOAD,9.506033087687978,
phase6v2-r08-input-load-a01,D4-SMT,5,OUTPUT,-11.98227059488504,
phase6v2-r08-input-load-a01,D4-SMT,6,OUTPUT+DOWNSTREAM,-13.609004653626386,
phase6v2-r08-input-load-a01,D4-SMT,7,INPUT+OUTPUT,-14.458508102082101,
phase6v2-r08-input-load-a01,D4-SMT,8,NONE,-17.21624896408992,
phase6v2-r08-input-load-a01,D4-SMT,9,DOWNSTREAM,-18.842983022831266,
phase6v2-r08-input-load-a01,D4-SMT,10,INPUT,-19.692486471286983,
phase6v2-r08-input-load-a01,D4-SMT,11,INPUT+DOWNSTREAM,-21.319220530028325,
phase6v2-r08-output-load-a01,D4-SMT,1,OUTPUT+LOAD,15.922297444873378,7.18072014204439
phase6v2-r08-output-load-a01,D4-SMT,2,LOAD,8.741577302828988,
phase6v2-r08-output-load-a01,D4-SMT,3,LOAD+DOWNSTREAM,7.290785817110194,
phase6v2-r08-output-load-a01,D4-SMT,4,INPUT+LOAD,6.2653397956319274,
phase6v2-r08-output-load-a01,D4-SMT,5,OUTPUT,-8.741577302828988,
phase6v2-r08-output-load-a01,D4-SMT,6,OUTPUT+DOWNSTREAM,-10.192368788547782,
phase6v2-r08-output-load-a01,D4-SMT,7,INPUT+OUTPUT,-11.217814810026049,
phase6v2-r08-output-load-a01,D4-SMT,8,NONE,-15.922297444873378,
phase6v2-r08-output-load-a01,D4-SMT,9,DOWNSTREAM,-17.37308893059217,
phase6v2-r08-output-load-a01,D4-SMT,10,INPUT,-18.398534952070438,
phase6v2-r08-output-load-a01,D4-SMT,11,INPUT+DOWNSTREAM,-19.849326437789234,
phase6v2-r08-downstream-medium-a01,D4-SMT,1,DOWNSTREAM,6.698859164227577,0.49333842464719435
phase6v2-r08-downstream-medium-a01,D4-SMT,2,INPUT+DOWNSTREAM,6.205520739580383,
phase6v2-r08-downstream-medium-a01,D4-SMT,3,LOAD+DOWNSTREAM,4.945396022540144,
phase6v2-r08-downstream-medium-a01,D4-SMT,4,OUTPUT+DOWNSTREAM,4.75723355231732,
phase6v2-r08-downstream-medium-a01,D4-SMT,5,NONE,-6.698859164227577,
phase6v2-r08-downstream-medium-a01,D4-SMT,6,INPUT,-7.192197588874771,
phase6v2-r08-downstream-medium-a01,D4-SMT,7,LOAD,-8.45232230591501,
phase6v2-r08-downstream-medium-a01,D4-SMT,8,OUTPUT,-8.640484776137834,
phase6v2-r08-downstream-medium-a01,D4-SMT,9,INPUT+LOAD,-8.945660730562205,
phase6v2-r08-downstream-medium-a01,D4-SMT,10,INPUT+OUTPUT,-9.133823200785027,
phase6v2-r08-downstream-medium-a01,D4-SMT,11,OUTPUT+LOAD,-10.393947917825265,
phase6v2-r08-output-downstream-control-a01,D4-SMT,1,DOWNSTREAM,7.618281542397587,0.5194036116262426
phase6v2-r08-output-downstream-control-a01,D4-SMT,2,INPUT+DOWNSTREAM,7.098877930771344,
phase6v2-r08-output-downstream-control-a01,D4-SMT,3,OUTPUT+DOWNSTREAM,6.174000685989617,
phase6v2-r08-output-downstream-control-a01,D4-SMT,4,LOAD+DOWNSTREAM,5.462483653493022,
phase6v2-r08-output-downstream-control-a01,D4-SMT,5,NONE,-7.618281542397587,
phase6v2-r08-output-downstream-control-a01,D4-SMT,6,INPUT,-8.13768515402383,
phase6v2-r08-output-downstream-control-a01,D4-SMT,7,OUTPUT,-9.062562398805557,
phase6v2-r08-output-downstream-control-a01,D4-SMT,8,INPUT+OUTPUT,-9.581966010431799,
phase6v2-r08-output-downstream-control-a01,D4-SMT,9,LOAD,-9.774079431302152,
phase6v2-r08-output-downstream-control-a01,D4-SMT,10,INPUT+LOAD,-10.293483042928393,
phase6v2-r08-output-downstream-control-a01,D4-SMT,11,OUTPUT+LOAD,-11.218360287710121,
phase6v2-r08-load-medium-a01,D4-SMT,1,LOAD,13.760822523996875,0.19501820994763008
phase6v2-r08-load-medium-a01,D4-SMT,2,OUTPUT+LOAD,13.565804314049245,
phase6v2-r08-load-medium-a01,D4-SMT,3,LOAD+DOWNSTREAM,12.925956397557147,
phase6v2-r08-load-medium-a01,D4-SMT,4,INPUT+LOAD,11.311928382956522,
phase6v2-r08-load-medium-a01,D4-SMT,5,NONE,-13.760822523996875,
phase6v2-r08-load-medium-a01,D4-SMT,6,OUTPUT,-13.955840733944505,
phase6v2-r08-load-medium-a01,D4-SMT,7,DOWNSTREAM,-14.595688650436603,
phase6v2-r08-load-medium-a01,D4-SMT,8,OUTPUT+DOWNSTREAM,-14.790706860384233,
phase6v2-r08-load-medium-a01,D4-SMT,9,INPUT,-16.20971666503723,
phase6v2-r08-load-medium-a01,D4-SMT,10,INPUT+OUTPUT,-16.40473487498486,
phase6v2-r08-load-medium-a01,D4-SMT,11,INPUT+DOWNSTREAM,-17.044582791476955,
phase6v2-r08-output-downstream-a01,D4-SMT,1,OUTPUT+DOWNSTREAM,8.899868285591948,5.1518257708937
phase6v2-r08-output-downstream-a01,D4-SMT,2,LOAD+DOWNSTREAM,3.748042514698249,
phase6v2-r08-output-downstream-a01,D4-SMT,3,DOWNSTREAM,1.9955219474747254,
phase6v2-r08-output-downstream-a01,D4-SMT,4,INPUT+DOWNSTREAM,1.0766043229022317,
phase6v2-r08-output-downstream-a01,D4-SMT,5,OUTPUT+LOAD,-1.9955219474747254,
phase6v2-r08-output-downstream-a01,D4-SMT,6,OUTPUT,-3.748042514698249,
phase6v2-r08-output-downstream-a01,D4-SMT,7,INPUT+OUTPUT,-4.666960139270742,
phase6v2-r08-output-downstream-a01,D4-SMT,8,LOAD,-8.899868285591948,
phase6v2-r08-output-downstream-a01,D4-SMT,9,INPUT+LOAD,-9.818785910164442,
phase6v2-r08-output-downstream-a01,D4-SMT,10,NONE,-10.65238885281547,
phase6v2-r08-output-downstream-a01,D4-SMT,11,INPUT,-11.571306477387964,
phase6v2-r08-input-downstream-a01,D4-SMT,1,DOWNSTREAM,6.594464718300594,0.7772442019721897
phase6v2-r08-input-downstream-a01,D4-SMT,2,INPUT+DOWNSTREAM,5.817220516328405,
phase6v2-r08-input-downstream-a01,D4-SMT,3,LOAD+DOWNSTREAM,5.124519513486804,
phase6v2-r08-input-downstream-a01,D4-SMT,4,OUTPUT+DOWNSTREAM,4.635038104647528,
phase6v2-r08-input-downstream-a01,D4-SMT,5,NONE,-6.594464718300594,
phase6v2-r08-input-downstream-a01,D4-SMT,6,INPUT,-7.371708920272784,
phase6v2-r08-input-downstream-a01,D4-SMT,7,LOAD,-8.064409923114384,
phase6v2-r08-input-downstream-a01,D4-SMT,8,OUTPUT,-8.553891331953661,
phase6v2-r08-input-downstream-a01,D4-SMT,9,INPUT+LOAD,-8.841654125086574,
phase6v2-r08-input-downstream-a01,D4-SMT,10,INPUT+OUTPUT,-9.33113553392585,
phase6v2-r08-input-downstream-a01,D4-SMT,11,OUTPUT+LOAD,-10.023836536767451,
phase6v2-r08-load-downstream-a01,D4-SMT,1,LOAD+DOWNSTREAM,20.427081136391628,12.060369299685295
phase6v2-r08-load-downstream-a01,D4-SMT,2,OUTPUT+LOAD,8.366711836706333,
phase6v2-r08-load-downstream-a01,D4-SMT,3,LOAD,8.165299736447409,
phase6v2-r08-load-downstream-a01,D4-SMT,4,INPUT+LOAD,5.715098417826774,
phase6v2-r08-load-downstream-a01,D4-SMT,5,OUTPUT+DOWNSTREAM,-8.165299736447409,
phase6v2-r08-load-downstream-a01,D4-SMT,6,DOWNSTREAM,-8.366711836706333,
phase6v2-r08-load-downstream-a01,D4-SMT,7,INPUT+DOWNSTREAM,-10.816913155326969,
phase6v2-r08-load-downstream-a01,D4-SMT,8,OUTPUT,-20.427081136391628,
phase6v2-r08-load-downstream-a01,D4-SMT,9,NONE,-20.62849323665055,
phase6v2-r08-load-downstream-a01,D4-SMT,10,INPUT+OUTPUT,-22.877282455012264,
phase6v2-r08-load-downstream-a01,D4-SMT,11,INPUT,-23.078694555271184,
phase6v2-r08-output-load-control-a01,D4-FULL,1,LOAD,7.746374729348597,1.5911039729721077
phase6v2-r08-output-load-control-a01,D4-FULL,2,INPUT+LOAD,6.155270756376489,
phase6v2-r08-output-load-control-a01,D4-FULL,3,OUTPUT+LOAD,6.154143699832679,
phase6v2-r08-output-load-control-a01,D4-FULL,4,LOAD+DOWNSTREAM,3.9481204902415863,
phase6v2-r08-output-load-control-a01,D4-FULL,5,NONE,-7.746374729348597,
phase6v2-r08-output-load-control-a01,D4-FULL,6,INPUT,-9.337478702320706,
phase6v2-r08-output-load-control-a01,D4-FULL,7,OUTPUT,-9.338605758864514,
phase6v2-r08-output-load-control-a01,D4-FULL,8,INPUT+OUTPUT,-10.929709731836622,
phase6v2-r08-output-load-control-a01,D4-FULL,9,DOWNSTREAM,-11.544628968455608,
phase6v2-r08-output-load-control-a01,D4-FULL,10,INPUT+DOWNSTREAM,-13.135732941427715,
phase6v2-r08-output-load-control-a01,D4-FULL,11,OUTPUT+DOWNSTREAM,-13.136859997971525,
phase6v2-r08-input-medium-a01,D4-FULL,1,NONE,0,0.12549216667021823
phase6v2-r08-input-medium-a01,D4-FULL,2,INPUT,-0.12549216667021823,
phase6v2-r08-input-medium-a01,D4-FULL,3,LOAD,-0.5398151198566998,
phase6v2-r08-input-medium-a01,D4-FULL,4,INPUT+LOAD,-0.6653072865269181,
phase6v2-r08-input-medium-a01,D4-FULL,5,DOWNSTREAM,-0.7310332110084836,
phase6v2-r08-input-medium-a01,D4-FULL,6,INPUT+DOWNSTREAM,-0.8565253776787018,
phase6v2-r08-input-medium-a01,D4-FULL,7,LOAD+DOWNSTREAM,-1.2708483308651835,
phase6v2-r08-input-medium-a01,D4-FULL,8,OUTPUT,-3.591282695375596,
phase6v2-r08-input-medium-a01,D4-FULL,9,INPUT+OUTPUT,-3.7167748620458143,
phase6v2-r08-input-medium-a01,D4-FULL,10,OUTPUT+LOAD,-4.1310978152322955,
phase6v2-r08-input-medium-a01,D4-FULL,11,OUTPUT+DOWNSTREAM,-4.3223159063840795,
phase6v2-r08-output-medium-a01,D4-FULL,1,OUTPUT,2.246643508728608,0.37537821310054675
phase6v2-r08-output-medium-a01,D4-FULL,2,INPUT+OUTPUT,1.871265295628061,
phase6v2-r08-output-medium-a01,D4-FULL,3,OUTPUT+DOWNSTREAM,0.705988539109712,
phase6v2-r08-output-medium-a01,D4-FULL,4,NONE,-2.246643508728608,
phase6v2-r08-output-medium-a01,D4-FULL,5,INPUT,-2.622021721829155,
phase6v2-r08-output-medium-a01,D4-FULL,6,DOWNSTREAM,-3.7872984783475037,
phase6v2-r08-output-medium-a01,D4-FULL,7,INPUT+DOWNSTREAM,-4.16267669144805,
phase6v2-r08-output-medium-a01,D4-FULL,8,OUTPUT+LOAD,-5.66615469729658,
phase6v2-r08-output-medium-a01,D4-FULL,9,LOAD,-10.159441714753797,
phase6v2-r08-output-medium-a01,D4-FULL,10,INPUT+LOAD,-10.534819927854343,
phase6v2-r08-output-medium-a01,D4-FULL,11,LOAD+DOWNSTREAM,-11.700096684372692,
phase6v2-r08-output-control-a01,D4-FULL,1,INPUT,0.047090061325977706,0.09418012265195541
phase6v2-r08-output-control-a01,D4-FULL,2,NONE,-0.047090061325977706,
phase6v2-r08-output-control-a01,D4-FULL,3,INPUT+DOWNSTREAM,-0.20150711651611464,
phase6v2-r08-output-control-a01,D4-FULL,4,DOWNSTREAM,-0.29568723916807005,
phase6v2-r08-output-control-a01,D4-FULL,5,INPUT+LOAD,-2.21579164971448,
phase6v2-r08-output-control-a01,D4-FULL,6,LOAD,-2.3099717723664357,
phase6v2-r08-output-control-a01,D4-FULL,7,INPUT+OUTPUT,-2.408242767708799,
phase6v2-r08-output-control-a01,D4-FULL,8,OUTPUT,-2.502422890360755,
phase6v2-r08-output-control-a01,D4-FULL,9,LOAD+DOWNSTREAM,-2.558568950208528,
phase6v2-r08-output-control-a01,D4-FULL,10,OUTPUT+DOWNSTREAM,-2.7510200682028474,
phase6v2-r08-output-control-a01,D4-FULL,11,OUTPUT+LOAD,-4.765304601401213,
phase6v2-r08-baseline-a01,D4-FULL,1,INPUT+DOWNSTREAM,0.25092308661819285,0.027212590551081384
phase6v2-r08-baseline-a01,D4-FULL,2,DOWNSTREAM,0.22371049606711146,
phase6v2-r08-baseline-a01,D4-FULL,3,LOAD+DOWNSTREAM,-0.18177620342041045,
phase6v2-r08-baseline-a01,D4-FULL,4,INPUT,-0.22371049606711146,
phase6v2-r08-baseline-a01,D4-FULL,5,NONE,-0.25092308661819285,
phase6v2-r08-baseline-a01,D4-FULL,6,INPUT+LOAD,-0.6291971955546334,
phase6v2-r08-baseline-a01,D4-FULL,7,LOAD,-0.6564097861057148,
phase6v2-r08-baseline-a01,D4-FULL,8,OUTPUT+DOWNSTREAM,-3.5866588093631955,
phase6v2-r08-baseline-a01,D4-FULL,9,INPUT+OUTPUT,-4.034079801497418,
phase6v2-r08-baseline-a01,D4-FULL,10,OUTPUT,-4.0612923920485,
phase6v2-r08-baseline-a01,D4-FULL,11,OUTPUT+LOAD,-4.466779091536021,
phase6v2-r08-input-load-a01,D4-FULL,1,OUTPUT+LOAD,11.688195307290925,2.746373660597918
phase6v2-r08-input-load-a01,D4-FULL,2,LOAD,8.941821646693008,
phase6v2-r08-input-load-a01,D4-FULL,3,LOAD+DOWNSTREAM,3.4063439491764087,
phase6v2-r08-input-load-a01,D4-FULL,4,INPUT+LOAD,-2.8916749519698963,
phase6v2-r08-input-load-a01,D4-FULL,5,OUTPUT,-8.941821646693008,
phase6v2-r08-input-load-a01,D4-FULL,6,NONE,-11.688195307290925,
phase6v2-r08-input-load-a01,D4-FULL,7,OUTPUT+DOWNSTREAM,-14.477299344209607,
phase6v2-r08-input-load-a01,D4-FULL,8,DOWNSTREAM,-17.223673004807523,
phase6v2-r08-input-load-a01,D4-FULL,9,INPUT+OUTPUT,-20.775318245355912,
phase6v2-r08-input-load-a01,D4-FULL,10,INPUT,-23.52169190595383,
phase6v2-r08-input-load-a01,D4-FULL,11,INPUT+DOWNSTREAM,-29.057169603470427,
phase6v2-r08-output-load-a01,D4-FULL,1,OUTPUT+LOAD,10.483079764763524,3.313574425443221
phase6v2-r08-output-load-a01,D4-FULL,2,LOAD,7.1695053393203025,
phase6v2-r08-output-load-a01,D4-FULL,3,LOAD+DOWNSTREAM,1.7080746455570428,
phase6v2-r08-output-load-a01,D4-FULL,4,INPUT+LOAD,-5.0270506949005505,
phase6v2-r08-output-load-a01,D4-FULL,5,OUTPUT,-7.1695053393203025,
phase6v2-r08-output-load-a01,D4-FULL,6,NONE,-10.483079764763524,
phase6v2-r08-output-load-a01,D4-FULL,7,OUTPUT+DOWNSTREAM,-12.630936033083563,
phase6v2-r08-output-load-a01,D4-FULL,8,DOWNSTREAM,-15.944510458526784,
phase6v2-r08-output-load-a01,D4-FULL,9,INPUT+OUTPUT,-19.366061373541157,
phase6v2-r08-output-load-a01,D4-FULL,10,INPUT,-22.67963579898438,
phase6v2-r08-output-load-a01,D4-FULL,11,INPUT+DOWNSTREAM,-28.141066492747637,
phase6v2-r08-downstream-medium-a01,D4-FULL,1,DOWNSTREAM,6.9382072139308635,0.1357850619528831
phase6v2-r08-downstream-medium-a01,D4-FULL,2,INPUT+DOWNSTREAM,6.80242215197798,
phase6v2-r08-downstream-medium-a01,D4-FULL,3,OUTPUT+DOWNSTREAM,3.237565427372618,
phase6v2-r08-downstream-medium-a01,D4-FULL,4,LOAD+DOWNSTREAM,1.056087895911599,
phase6v2-r08-downstream-medium-a01,D4-FULL,5,NONE,-6.9382072139308635,
phase6v2-r08-downstream-medium-a01,D4-FULL,6,INPUT,-7.073992275883747,
phase6v2-r08-downstream-medium-a01,D4-FULL,7,OUTPUT,-10.63884900048911,
phase6v2-r08-downstream-medium-a01,D4-FULL,8,INPUT+OUTPUT,-10.774634062441992,
phase6v2-r08-downstream-medium-a01,D4-FULL,9,LOAD,-12.820326531950128,
phase6v2-r08-downstream-medium-a01,D4-FULL,10,INPUT+LOAD,-12.95611159390301,
phase6v2-r08-downstream-medium-a01,D4-FULL,11,OUTPUT+LOAD,-16.520968318508373,
phase6v2-r08-output-downstream-control-a01,D4-FULL,1,DOWNSTREAM,7.55262709289044,0.14637504790902067
phase6v2-r08-output-downstream-control-a01,D4-FULL,2,INPUT+DOWNSTREAM,7.40625204498142,
phase6v2-r08-output-downstream-control-a01,D4-FULL,3,OUTPUT+DOWNSTREAM,5.268527109956588,
phase6v2-r08-output-downstream-control-a01,D4-FULL,4,LOAD+DOWNSTREAM,4.669415494275005,
phase6v2-r08-output-downstream-control-a01,D4-FULL,5,NONE,-7.55262709289044,
phase6v2-r08-output-downstream-control-a01,D4-FULL,6,INPUT,-7.699002140799461,
phase6v2-r08-output-downstream-control-a01,D4-FULL,7,OUTPUT,-9.836727075824292,
phase6v2-r08-output-downstream-control-a01,D4-FULL,8,INPUT+OUTPUT,-9.983102123733314,
phase6v2-r08-output-downstream-control-a01,D4-FULL,9,LOAD,-10.435838691505875,
phase6v2-r08-output-downstream-control-a01,D4-FULL,10,INPUT+LOAD,-10.582213739414897,
phase6v2-r08-output-downstream-control-a01,D4-FULL,11,OUTPUT+LOAD,-12.719938674439728,
phase6v2-r08-load-medium-a01,D4-FULL,1,LOAD,8.79864955184412,0.045504082542954905
phase6v2-r08-load-medium-a01,D4-FULL,2,OUTPUT+LOAD,8.753145469301165,
phase6v2-r08-load-medium-a01,D4-FULL,3,LOAD+DOWNSTREAM,5.003526812368468,
phase6v2-r08-load-medium-a01,D4-FULL,4,INPUT+LOAD,3.13843352517536,
phase6v2-r08-load-medium-a01,D4-FULL,5,NONE,-8.79864955184412,
phase6v2-r08-load-medium-a01,D4-FULL,6,OUTPUT,-8.844153634387075,
phase6v2-r08-load-medium-a01,D4-FULL,7,DOWNSTREAM,-12.593772291319771,
phase6v2-r08-load-medium-a01,D4-FULL,8,OUTPUT+DOWNSTREAM,-12.639276373862728,
phase6v2-r08-load-medium-a01,D4-FULL,9,INPUT,-14.45886557851288,
phase6v2-r08-load-medium-a01,D4-FULL,10,INPUT+OUTPUT,-14.504369661055835,
phase6v2-r08-load-medium-a01,D4-FULL,11,INPUT+DOWNSTREAM,-18.25398831798853,
phase6v2-r08-output-downstream-a01,D4-FULL,1,OUTPUT+DOWNSTREAM,9.308527618758292,5.555197089226825
phase6v2-r08-output-downstream-a01,D4-FULL,2,DOWNSTREAM,3.753330529531467,
phase6v2-r08-output-downstream-a01,D4-FULL,3,LOAD+DOWNSTREAM,3.6818750477656317,
phase6v2-r08-output-downstream-a01,D4-FULL,4,INPUT+DOWNSTREAM,3.237851339094901,
phase6v2-r08-output-downstream-a01,D4-FULL,5,OUTPUT,-3.753330529531467,
phase6v2-r08-output-downstream-a01,D4-FULL,6,OUTPUT+LOAD,-3.8247860112973027,
phase6v2-r08-output-downstream-a01,D4-FULL,7,INPUT+OUTPUT,-4.268809719968034,
phase6v2-r08-output-downstream-a01,D4-FULL,8,NONE,-9.308527618758292,
phase6v2-r08-output-downstream-a01,D4-FULL,9,LOAD,-9.379983100524129,
phase6v2-r08-output-downstream-a01,D4-FULL,10,INPUT,-9.82400680919486,
phase6v2-r08-output-downstream-a01,D4-FULL,11,INPUT+LOAD,-9.895462290960694,
phase6v2-r08-input-downstream-a01,D4-FULL,1,DOWNSTREAM,5.7420605550354935,0.21571911679875821
phase6v2-r08-input-downstream-a01,D4-FULL,2,INPUT+DOWNSTREAM,5.526341438236735,
phase6v2-r08-input-downstream-a01,D4-FULL,3,LOAD+DOWNSTREAM,2.5725764795243444,
phase6v2-r08-input-downstream-a01,D4-FULL,4,OUTPUT+DOWNSTREAM,2.204375045696537,
phase6v2-r08-input-downstream-a01,D4-FULL,5,NONE,-5.7420605550354935,
phase6v2-r08-input-downstream-a01,D4-FULL,6,INPUT,-5.957779671834252,
phase6v2-r08-input-downstream-a01,D4-FULL,7,LOAD,-8.911544630546643,
phase6v2-r08-input-downstream-a01,D4-FULL,8,INPUT+LOAD,-9.1272637473454,
phase6v2-r08-input-downstream-a01,D4-FULL,9,OUTPUT,-9.27974606437445,
phase6v2-r08-input-downstream-a01,D4-FULL,10,INPUT+OUTPUT,-9.49546518117321,
phase6v2-r08-input-downstream-a01,D4-FULL,11,OUTPUT+LOAD,-12.4492301398856,
phase6v2-r08-load-downstream-a01,D4-FULL,1,LOAD+DOWNSTREAM,16.076099439312188,11.720520024965635
phase6v2-r08-load-downstream-a01,D4-FULL,2,OUTPUT+LOAD,4.355579414346552,
phase6v2-r08-load-downstream-a01,D4-FULL,3,LOAD,4.110519069660998,
phase6v2-r08-load-downstream-a01,D4-FULL,4,INPUT+LOAD,-2.1254644025911675,
phase6v2-r08-load-downstream-a01,D4-FULL,5,OUTPUT+DOWNSTREAM,-4.110519069660998,
phase6v2-r08-load-downstream-a01,D4-FULL,6,DOWNSTREAM,-4.355579414346552,
phase6v2-r08-load-downstream-a01,D4-FULL,7,INPUT+DOWNSTREAM,-10.591562886598718,
phase6v2-r08-load-downstream-a01,D4-FULL,8,OUTPUT,-16.076099439312188,
phase6v2-r08-load-downstream-a01,D4-FULL,9,NONE,-16.321159783997743,
phase6v2-r08-load-downstream-a01,D4-FULL,10,INPUT+OUTPUT,-22.312082911564353,
phase6v2-r08-load-downstream-a01,D4-FULL,11,INPUT,-22.55714325624991,
phase6v2-r08-output-load-control-a01,D4-FULL,1,LOAD,7.746374729348597,1.5922310295159186
phase6v2-r08-output-load-control-a01,D4-FULL,2,OUTPUT+LOAD,6.154143699832678,
phase6v2-r08-output-load-control-a01,D4-FULL,3,INPUT+LOAD,5.180146982492583,
phase6v2-r08-output-load-control-a01,D4-FULL,4,LOAD+DOWNSTREAM,3.9481204902415863,
phase6v2-r08-output-load-control-a01,D4-FULL,5,NONE,-7.746374729348597,
phase6v2-r08-output-load-control-a01,D4-FULL,6,OUTPUT,-9.338605758864515,
phase6v2-r08-output-load-control-a01,D4-FULL,7,INPUT,-10.31260247620461,
phase6v2-r08-output-load-control-a01,D4-FULL,8,DOWNSTREAM,-11.544628968455608,
phase6v2-r08-output-load-control-a01,D4-FULL,9,INPUT+OUTPUT,-11.904833505720529,
phase6v2-r08-output-load-control-a01,D4-FULL,10,OUTPUT+DOWNSTREAM,-13.136859997971525,
phase6v2-r08-output-load-control-a01,D4-FULL,11,INPUT+DOWNSTREAM,-14.110856715311622,
phase6v2-r08-input-medium-a01,D4-FULL,1,INPUT,0.5478104343191248,0.5398151198566998
phase6v2-r08-input-medium-a01,D4-FULL,2,INPUT+LOAD,0.007995314462424963,
phase6v2-r08-input-medium-a01,D4-FULL,3,INPUT+DOWNSTREAM,-0.18322277668935882,
phase6v2-r08-input-medium-a01,D4-FULL,4,NONE,-0.5478104343191248,
phase6v2-r08-input-medium-a01,D4-FULL,5,LOAD,-1.0876255541758246,
phase6v2-r08-input-medium-a01,D4-FULL,6,DOWNSTREAM,-1.2788436453276084,
phase6v2-r08-input-medium-a01,D4-FULL,7,LOAD+DOWNSTREAM,-1.8186587651843082,
phase6v2-r08-input-medium-a01,D4-FULL,8,INPUT+OUTPUT,-3.043472261056472,
phase6v2-r08-input-medium-a01,D4-FULL,9,OUTPUT,-4.1390931296947215,
phase6v2-r08-input-medium-a01,D4-FULL,10,OUTPUT+LOAD,-4.678908249551421,
phase6v2-r08-input-medium-a01,D4-FULL,11,OUTPUT+DOWNSTREAM,-4.870126340703205,
phase6v2-r08-output-medium-a01,D4-FULL,1,OUTPUT,3.226966844460653,1.3062608518147694
phase6v2-r08-output-medium-a01,D4-FULL,2,INPUT+OUTPUT,1.9207059926458836,
phase6v2-r08-output-medium-a01,D4-FULL,3,OUTPUT+DOWNSTREAM,1.6863118748417572,
phase6v2-r08-output-medium-a01,D4-FULL,4,NONE,-3.226966844460653,
phase6v2-r08-output-medium-a01,D4-FULL,5,INPUT,-4.533227696275422,
phase6v2-r08-output-medium-a01,D4-FULL,6,OUTPUT+LOAD,-4.685831361564535,
phase6v2-r08-output-medium-a01,D4-FULL,7,DOWNSTREAM,-4.767621814079549,
phase6v2-r08-output-medium-a01,D4-FULL,8,INPUT+DOWNSTREAM,-6.073882665894319,
phase6v2-r08-output-medium-a01,D4-FULL,9,LOAD,-11.139765050485842,
phase6v2-r08-output-medium-a01,D4-FULL,10,INPUT+LOAD,-12.446025902300612,
phase6v2-r08-output-medium-a01,D4-FULL,11,LOAD+DOWNSTREAM,-12.680420020104737,
phase6v2-r08-output-control-a01,D4-FULL,1,NONE,0,0.24859717784209234
phase6v2-r08-output-control-a01,D4-FULL,2,DOWNSTREAM,-0.24859717784209234,
phase6v2-r08-output-control-a01,D4-FULL,3,INPUT,-0.8837150261218203,
phase6v2-r08-output-control-a01,D4-FULL,4,INPUT+DOWNSTREAM,-1.1323122039639126,
phase6v2-r08-output-control-a01,D4-FULL,5,LOAD,-2.2628817110404578,
phase6v2-r08-output-control-a01,D4-FULL,6,OUTPUT,-2.455332829034777,
phase6v2-r08-output-control-a01,D4-FULL,7,LOAD+DOWNSTREAM,-2.51147888888255,
phase6v2-r08-output-control-a01,D4-FULL,8,OUTPUT+DOWNSTREAM,-2.7039300068768695,
phase6v2-r08-output-control-a01,D4-FULL,9,INPUT+LOAD,-3.146596737162278,
phase6v2-r08-output-control-a01,D4-FULL,10,INPUT+OUTPUT,-3.3390478551565974,
phase6v2-r08-output-control-a01,D4-FULL,11,OUTPUT+LOAD,-4.718214540075235,
phase6v2-r08-baseline-a01,D4-FULL,1,INPUT+DOWNSTREAM,0.2645614276109365,0.054489272536568656
phase6v2-r08-baseline-a01,D4-FULL,2,DOWNSTREAM,0.21007215507436783,
phase6v2-r08-baseline-a01,D4-FULL,3,LOAD+DOWNSTREAM,-0.1954145444131541,
phase6v2-r08-baseline-a01,D4-FULL,4,INPUT,-0.21007215507436783,
phase6v2-r08-baseline-a01,D4-FULL,5,NONE,-0.2645614276109365,
phase6v2-r08-baseline-a01,D4-FULL,6,INPUT+LOAD,-0.6155588545618897,
phase6v2-r08-baseline-a01,D4-FULL,7,LOAD,-0.6700481270984584,
phase6v2-r08-baseline-a01,D4-FULL,8,OUTPUT+DOWNSTREAM,-3.60029715035594,
phase6v2-r08-baseline-a01,D4-FULL,9,INPUT+OUTPUT,-4.020441460504676,
phase6v2-r08-baseline-a01,D4-FULL,10,OUTPUT,-4.074930733041244,
phase6v2-r08-baseline-a01,D4-FULL,11,OUTPUT+LOAD,-4.480417432528767,
phase6v2-r08-input-load-a01,D4-FULL,1,OUTPUT+LOAD,11.688195307290925,2.746373660597918
phase6v2-r08-input-load-a01,D4-FULL,2,LOAD,8.941821646693008,
phase6v2-r08-input-load-a01,D4-FULL,3,LOAD+DOWNSTREAM,3.4063439491764087,
phase6v2-r08-input-load-a01,D4-FULL,4,INPUT+LOAD,-2.6649904896345347,
phase6v2-r08-input-load-a01,D4-FULL,5,OUTPUT,-8.941821646693008,
phase6v2-r08-input-load-a01,D4-FULL,6,NONE,-11.688195307290925,
phase6v2-r08-input-load-a01,D4-FULL,7,OUTPUT+DOWNSTREAM,-14.477299344209607,
phase6v2-r08-input-load-a01,D4-FULL,8,DOWNSTREAM,-17.223673004807523,
phase6v2-r08-input-load-a01,D4-FULL,9,INPUT+OUTPUT,-20.54863378302055,
phase6v2-r08-input-load-a01,D4-FULL,10,INPUT,-23.295007443618466,
phase6v2-r08-input-load-a01,D4-FULL,11,INPUT+DOWNSTREAM,-28.830485141135068,
phase6v2-r08-output-load-a01,D4-FULL,1,OUTPUT+LOAD,11.463403100495567,5.274221096907308
phase6v2-r08-output-load-a01,D4-FULL,2,LOAD,6.189182003588259,
phase6v2-r08-output-load-a01,D4-FULL,3,LOAD+DOWNSTREAM,0.7277513098249995,
phase6v2-r08-output-load-a01,D4-FULL,4,OUTPUT,-6.189182003588259,
phase6v2-r08-output-load-a01,D4-FULL,5,INPUT+LOAD,-7.395007064399307,
phase6v2-r08-output-load-a01,D4-FULL,6,NONE,-11.463403100495567,
phase6v2-r08-output-load-a01,D4-FULL,7,OUTPUT+DOWNSTREAM,-11.65061269735152,
phase6v2-r08-output-load-a01,D4-FULL,8,DOWNSTREAM,-16.924833794258827,
phase6v2-r08-output-load-a01,D4-FULL,9,INPUT+OUTPUT,-19.773371071575824,
phase6v2-r08-output-load-a01,D4-FULL,10,INPUT,-25.047592168483135,
phase6v2-r08-output-load-a01,D4-FULL,11,INPUT+DOWNSTREAM,-30.509022862246397,
phase6v2-r08-downstream-medium-a01,D4-FULL,1,DOWNSTREAM,6.9382072139308635,0.12374881799386905
phase6v2-r08-downstream-medium-a01,D4-FULL,2,INPUT+DOWNSTREAM,6.814458395936994,
phase6v2-r08-downstream-medium-a01,D4-FULL,3,OUTPUT+DOWNSTREAM,3.2375654273726173,
phase6v2-r08-downstream-medium-a01,D4-FULL,4,LOAD+DOWNSTREAM,1.056087895911599,
phase6v2-r08-downstream-medium-a01,D4-FULL,5,NONE,-6.9382072139308635,
phase6v2-r08-downstream-medium-a01,D4-FULL,6,INPUT,-7.0619560319247325,
phase6v2-r08-downstream-medium-a01,D4-FULL,7,OUTPUT,-10.63884900048911,
phase6v2-r08-downstream-medium-a01,D4-FULL,8,INPUT+OUTPUT,-10.762597818482979,
phase6v2-r08-downstream-medium-a01,D4-FULL,9,LOAD,-12.820326531950128,
phase6v2-r08-downstream-medium-a01,D4-FULL,10,INPUT+LOAD,-12.944075349943997,
phase6v2-r08-downstream-medium-a01,D4-FULL,11,OUTPUT+LOAD,-16.520968318508373,
phase6v2-r08-output-downstream-control-a01,D4-FULL,1,DOWNSTREAM,7.55262709289044,1.078784520165856
phase6v2-r08-output-downstream-control-a01,D4-FULL,2,INPUT+DOWNSTREAM,6.4738425727245845,
phase6v2-r08-output-downstream-control-a01,D4-FULL,3,OUTPUT+DOWNSTREAM,5.268527109956587,
phase6v2-r08-output-downstream-control-a01,D4-FULL,4,LOAD+DOWNSTREAM,4.669415494275005,
phase6v2-r08-output-downstream-control-a01,D4-FULL,5,NONE,-7.55262709289044,
phase6v2-r08-output-downstream-control-a01,D4-FULL,6,INPUT,-8.631411613056297,
phase6v2-r08-output-downstream-control-a01,D4-FULL,7,OUTPUT,-9.836727075824294,
phase6v2-r08-output-downstream-control-a01,D4-FULL,8,LOAD,-10.435838691505875,
phase6v2-r08-output-downstream-control-a01,D4-FULL,9,INPUT+OUTPUT,-10.91551159599015,
phase6v2-r08-output-downstream-control-a01,D4-FULL,10,INPUT+LOAD,-11.514623211671733,
phase6v2-r08-output-downstream-control-a01,D4-FULL,11,OUTPUT+LOAD,-12.719938674439728,
phase6v2-r08-load-medium-a01,D4-FULL,1,LOAD,8.79864955184412,0.045504082542954905
phase6v2-r08-load-medium-a01,D4-FULL,2,OUTPUT+LOAD,8.753145469301165,
phase6v2-r08-load-medium-a01,D4-FULL,3,LOAD+DOWNSTREAM,5.003526812368468,
phase6v2-r08-load-medium-a01,D4-FULL,4,INPUT+LOAD,2.9542068667236165,
phase6v2-r08-load-medium-a01,D4-FULL,5,NONE,-8.79864955184412,
phase6v2-r08-load-medium-a01,D4-FULL,6,OUTPUT,-8.844153634387075,
phase6v2-r08-load-medium-a01,D4-FULL,7,DOWNSTREAM,-12.593772291319771,
phase6v2-r08-load-medium-a01,D4-FULL,8,OUTPUT+DOWNSTREAM,-12.639276373862728,
phase6v2-r08-load-medium-a01,D4-FULL,9,INPUT,-14.643092236964623,
phase6v2-r08-load-medium-a01,D4-FULL,10,INPUT+OUTPUT,-14.688596319507578,
phase6v2-r08-load-medium-a01,D4-FULL,11,INPUT+DOWNSTREAM,-18.438214976440275,
phase6v2-r08-output-downstream-a01,D4-FULL,1,OUTPUT+DOWNSTREAM,10.288850954490337,7.515843760690915
phase6v2-r08-output-downstream-a01,D4-FULL,2,DOWNSTREAM,2.773007193799423,
phase6v2-r08-output-downstream-a01,D4-FULL,3,LOAD+DOWNSTREAM,2.7015517120335875,
phase6v2-r08-output-downstream-a01,D4-FULL,4,INPUT+DOWNSTREAM,1.3251684507638415,
phase6v2-r08-output-downstream-a01,D4-FULL,5,OUTPUT,-2.773007193799423,
phase6v2-r08-output-downstream-a01,D4-FULL,6,OUTPUT+LOAD,-2.8444626755652584,
phase6v2-r08-output-downstream-a01,D4-FULL,7,INPUT+OUTPUT,-4.220845936835005,
phase6v2-r08-output-downstream-a01,D4-FULL,8,NONE,-10.288850954490337,
phase6v2-r08-output-downstream-a01,D4-FULL,9,LOAD,-10.360306436256174,
phase6v2-r08-output-downstream-a01,D4-FULL,10,INPUT,-11.73668969752592,
phase6v2-r08-output-downstream-a01,D4-FULL,11,INPUT+LOAD,-11.808145179291754,
phase6v2-r08-input-downstream-a01,D4-FULL,1,INPUT+DOWNSTREAM,6.198012656283121,0.9119042024952542
phase6v2-r08-input-downstream-a01,D4-FULL,2,DOWNSTREAM,5.286108453787866,
phase6v2-r08-input-downstream-a01,D4-FULL,3,LOAD+DOWNSTREAM,2.116624378276717,
phase6v2-r08-input-downstream-a01,D4-FULL,4,OUTPUT+DOWNSTREAM,1.748422944448909,
phase6v2-r08-input-downstream-a01,D4-FULL,5,INPUT,-5.286108453787866,
phase6v2-r08-input-downstream-a01,D4-FULL,6,NONE,-6.198012656283121,
phase6v2-r08-input-downstream-a01,D4-FULL,7,INPUT+LOAD,-8.455592529299015,
phase6v2-r08-input-downstream-a01,D4-FULL,8,INPUT+OUTPUT,-8.823793963126823,
phase6v2-r08-input-downstream-a01,D4-FULL,9,LOAD,-9.367496731794269,
phase6v2-r08-input-downstream-a01,D4-FULL,10,OUTPUT,-9.735698165622077,
phase6v2-r08-input-downstream-a01,D4-FULL,11,OUTPUT+LOAD,-12.905182241133227,
phase6v2-r08-load-downstream-a01,D4-FULL,1,LOAD+DOWNSTREAM,16.076099439312188,11.720520024965637
phase6v2-r08-load-downstream-a01,D4-FULL,2,OUTPUT+LOAD,4.3555794143465505,
phase6v2-r08-load-downstream-a01,D4-FULL,3,LOAD,4.110519069660999,
phase6v2-r08-load-downstream-a01,D4-FULL,4,INPUT+LOAD,-2.3365323840205328,
phase6v2-r08-load-downstream-a01,D4-FULL,5,OUTPUT+DOWNSTREAM,-4.110519069660999,
phase6v2-r08-load-downstream-a01,D4-FULL,6,DOWNSTREAM,-4.3555794143465505,
phase6v2-r08-load-downstream-a01,D4-FULL,7,INPUT+DOWNSTREAM,-10.802630868028082,
phase6v2-r08-load-downstream-a01,D4-FULL,8,OUTPUT,-16.076099439312188,
phase6v2-r08-load-downstream-a01,D4-FULL,9,NONE,-16.32115978399774,
phase6v2-r08-load-downstream-a01,D4-FULL,10,INPUT+OUTPUT,-22.52315089299372,
phase6v2-r08-load-downstream-a01,D4-FULL,11,INPUT,-22.76821123767927,
