run_id,variant,cause,S_raw,M_raw,T_raw,X_raw,S_norm,M_norm,T_norm,X_norm,E,tau,margin,rank
phase6v2-r01-input-medium-a01,D4-S,INPUT,0.12495357796186082,0.46741218175816,0.5819622835032525,0.0,0.16814792799497758,0.46966429646691094,0.5819768190541277,-0.536224030433869,0.16814792799497758,0.9090185190833505,-0.7408705910883729,2
phase6v2-r01-input-medium-a01,D4-S,OUTPUT,-0.5413635062474947,-0.7615221096044797,0.5870878697324519,0.7615221096044797,-1.8968327081786722,-0.8988767631282077,0.9374206651929083,1.038965173791298,-1.8968327081786722,2.1137188881706703,-4.010551596349343,4
phase6v2-r01-input-medium-a01,D4-S,LOAD,0.2512008439935038,0.2615442717351378,0.01895019577734593,0.010726758531120154,0.681227159509637,0.7861805229841136,0.06402820277180932,-1.1307112373830808,0.681227159509637,1.728739682161963,-1.047512522652326,3
phase6v2-r01-input-medium-a01,D4-S,DOWNSTREAM,0.25716472941342,0.06990569119388587,0.6870883606267182,0.0,0.349087657628156,0.3197789968459826,0.7309152186527915,-0.8992374596297896,0.349087657628156,0.9890443327171785,-0.6399566750890224,1
phase6v2-r01-input-load-a01,D4-S,INPUT,-3.4020107603475744,-4.905471677093727,-4.7569196302860055,4.905471677093727,-4.578028654318849,-4.9291075285937636,-4.757038442877912,5.922248892450644,-4.578028654318849,0.9090185190833505,-5.487047173402199,4
phase6v2-r01-input-load-a01,D4-S,OUTPUT,1.499178408741615,3.851527025239568,-2.2913327750918686,0.0,5.252830322471536,4.54622144502972,-3.658639200267916,-1.3639574965825638,5.252830322471536,2.1137188881706703,3.1391114343008657,2
phase6v2-r01-input-load-a01,D4-S,LOAD,3.5530301966366546,3.4621096160891573,3.6407868628319204,0.0,9.6354002240906,10.406816140716993,12.301352568664088,-1.1828262293276621,9.6354002240906,1.728739682161963,7.906660541928636,1
phase6v2-r01-input-load-a01,D4-S,DOWNSTREAM,-3.1537235375558543,-0.1439403316666178,0.6284716613169984,0.1439403316666178,-4.281014605087225,-0.6584456012081444,0.6685595740984444,1.9621572113306895,-4.281014605087225,0.9890443327171785,-5.270058937804404,3
phase6v2-r01-output-medium-a01,D4-S,INPUT,0.07095426657354822,0.6597707820978613,0.5801316419222241,0.0,0.0954819629925846,0.6629497310871187,0.5801461317495453,-0.536224030433869,0.0954819629925846,0.9090185190833505,-0.8135365560907659,3
phase6v2-r01-output-medium-a01,D4-S,OUTPUT,0.9749587968256688,2.62788828471257,1.627966193580345,0.0,3.416066494330695,3.1018767353344847,2.5994220469810156,-1.3639574965825638,3.416066494330695,2.1137188881706703,1.3023476061600245,1
phase6v2-r01-output-medium-a01,D4-S,LOAD,0.7767228980046106,-0.0030111065606057696,0.33075899035466505,0.2604274159203405,2.106381193318991,-0.009051138129973171,1.117555931973252,0.08243695744600407,2.106381193318991,1.728739682161963,0.37764151115702793,2
phase6v2-r01-output-medium-a01,D4-S,DOWNSTREAM,-0.16825255685362958,-0.036821869841381735,-0.6171294205867341,0.044292489095745104,-0.228394037922514,-0.1684392271755444,-0.6564938532415056,-0.018745586402204632,-0.228394037922514,0.9890443327171785,-1.2174383706396925,4
phase6v2-r01-load-downstream-a01,D4-S,INPUT,-1.4894738546362798,-2.352509697169293,-2.147665487709687,2.352509697169293,-2.0043599114562975,-2.363844707034773,-2.1477191295037414,2.5610561456882905,-2.0043599114562975,0.9090185190833505,-2.913378430539648,4
phase6v2-r01-load-downstream-a01,D4-S,OUTPUT,0.7214522288137838,1.5941974604803302,-1.7392170579949302,0.0,2.527828657103391,1.881740575868552,-2.7770596114742716,-1.3639574965825638,2.527828657103391,2.1137188881706703,0.4141097689327209,2
phase6v2-r01-load-downstream-a01,D4-S,LOAD,3.5673930033913086,3.656007307382547,3.2080097431767296,0.09399269261745297,9.674350467618888,10.989656618679446,10.839101650633568,-0.7261711825680188,9.674350467618888,1.728739682161963,7.945610785456925,1
phase6v2-r01-load-downstream-a01,D4-S,DOWNSTREAM,-1.3000650449612878,5.0,0.6430353643995244,0.0,-1.7647702402462353,22.87217187789936,0.684052242629824,-0.8992374596297896,-1.7647702402462353,0.9890443327171785,-2.753814572963414,3
phase6v2-r01-output-downstream-control-a01,D4-S,INPUT,0.40055301625494827,0.4452617927541352,0.5803092228786849,0.0,0.5390174561945382,0.4474071810684373,0.5803237171414087,-0.536224030433869,0.5390174561945382,0.9090185190833505,-0.3700010628888123,2
phase6v2-r01-output-downstream-control-a01,D4-S,OUTPUT,0.17627403115218185,0.008899690200370736,1.8783551458366772,0.26653748221822504,0.6176300102118527,0.010504914590474672,2.999225535150603,-0.5229195930879554,0.6176300102118527,2.1137188881706703,-1.4960888779588175,4
phase6v2-r01-output-downstream-control-a01,D4-S,LOAD,0.12687830483218493,-0.08201611021046698,0.2184630870102764,0.24852332957340872,0.3440790477856134,-0.24653366709436147,0.7381347927798801,0.02460202415482202,0.3440790477856134,1.728739682161963,-1.3846606343763495,3
phase6v2-r01-output-downstream-control-a01,D4-S,DOWNSTREAM,0.4991976764156418,5.0,1.2708316816270848,0.0,0.677634712780565,22.87217187789936,1.3518933949049863,-0.8992374596297896,0.677634712780565,0.9890443327171785,-0.31140961993661354,1
phase6v2-r01-downstream-medium-a01,D4-S,INPUT,0.482747081377497,0.4426188384534989,0.5781490457526586,0.0,0.6496246270276879,0.4447514923195189,0.5781634860610877,-0.536224030433869,0.6496246270276879,0.9090185190833505,-0.25939389205566266,1
phase6v2-r01-downstream-medium-a01,D4-S,OUTPUT,-0.10743260981182565,-0.6515275558691955,0.6286037816057812,0.6515275558691955,-0.3764230242053021,-0.7690426490869805,1.003710356618695,0.691886075949415,-0.3764230242053021,2.1137188881706703,-2.4901419123759725,4
phase6v2-r01-downstream-medium-a01,D4-S,LOAD,0.24321401860121267,0.29661554799268686,0.07445696625468512,0.0008903761424888263,0.6595678279206451,0.8916018886556294,0.2515723736652832,-1.1785004168877875,0.6595678279206451,1.728739682161963,-1.069171854241318,3
phase6v2-r01-downstream-medium-a01,D4-S,DOWNSTREAM,0.5363844571362154,5.0,-1.2695009753606725,0.0,0.7281138208841023,22.87217187789936,-1.3504778077441293,-0.8992374596297896,0.7281138208841023,0.9890443327171785,-0.26093051183307625,2
phase6v2-r01-output-load-control-a01,D4-S,INPUT,-0.34396118182209523,-0.6751962121097778,-0.8069063317468814,0.6751962121097778,-0.4628627765404388,-0.6784494848740125,-0.8069264856784488,0.352729517888059,-0.4628627765404388,0.9090185190833505,-1.3718812956237894,2
phase6v2-r01-output-load-control-a01,D4-S,OUTPUT,-0.08929699089057992,0.6734899310646902,0.04294318368470468,0.0,-0.3128793335872718,0.7949663464784943,0.0685686587828199,-1.3639574965825638,-0.3128793335872718,2.1137188881706703,-2.426598221757942,4
phase6v2-r01-output-load-control-a01,D4-S,LOAD,3.168338792600644,3.866647553687076,3.4888634049161014,0.0,8.592162357955075,11.622823836996117,11.788039351031943,-1.1828262293276621,8.592162357955075,1.728739682161963,6.863422675793112,1
phase6v2-r01-output-load-control-a01,D4-S,DOWNSTREAM,-0.5734513363521894,-0.10984447941486966,-0.4069173377642197,0.10984447941486966,-0.7784301689719784,-0.5024763626030554,-0.43287310912130283,1.2843646232118018,-0.7784301689719784,0.9890443327171785,-1.7674745016891569,3
phase6v2-r01-input-downstream-a01,D4-S,INPUT,0.4211031943242981,0.2760222797889706,0.5834018201422024,3.875850309657131e-06,0.5666714851439429,0.277352227660499,0.5834163916480847,-0.5362189275455179,0.5666714851439429,0.9090185190833505,-0.3423470339394076,2
phase6v2-r01-input-downstream-a01,D4-S,OUTPUT,-0.11366648771334309,-0.7464773872292083,0.49977692206069046,0.7464773872292083,-0.39826532307829754,-0.8811184457001422,0.7980086778827546,0.9914927445485057,-0.39826532307829754,2.1137188881706703,-2.5119842112489676,4
phase6v2-r01-input-downstream-a01,D4-S,LOAD,0.5357556923257978,0.2636027956284347,0.03496515075999088,0.035051051140948815,1.452906457924403,0.7923682761330196,0.1181389252708358,-1.012533848590263,1.452906457924403,1.728739682161963,-0.27583322423755985,1
phase6v2-r01-input-downstream-a01,D4-S,DOWNSTREAM,0.47371995594082944,5.0,-1.5218673465431163,0.0,0.6430500409923932,22.87217187789936,-1.6189417083771953,-0.8992374596297896,0.6430500409923932,0.9890443327171785,-0.34599429172478535,3
phase6v2-r01-output-control-a01,D4-S,INPUT,0.6555990192169405,0.6550455005267063,0.5812347885757074,0.0,0.8822285722023545,0.6582016818677408,0.5812493059560931,-0.536224030433869,0.8822285722023545,0.9090185190833505,-0.026789946880996007,1
phase6v2-r01-output-control-a01,D4-S,OUTPUT,-0.011532652546001967,-0.24392166328627135,0.2737052166734504,0.48981556082077293,-0.04040817733162065,-0.2879174647542267,0.43703326113299257,0.1816166903697078,-0.04040817733162065,2.1137188881706703,-2.154127065502291,3
phase6v2-r01-output-control-a01,D4-S,LOAD,-0.5702525994459903,-0.23446032060858413,0.011872593099714742,0.28733979872641835,-1.5464580148210991,-0.7047683982991078,0.04011466727560041,0.21318834977754894,-1.5464580148210991,1.728739682161963,-3.275197696983062,4
phase6v2-r01-output-control-a01,D4-S,DOWNSTREAM,0.6945958184800028,0.1920815442200187,-0.2825324231566661,0.0,0.9428774615576915,0.8786644187945187,-0.30055413492915944,-0.8992374596297896,0.9428774615576915,0.9890443327171785,-0.04616687115948703,2
phase6v2-r01-output-downstream-a01,D4-S,INPUT,-0.31873546298073346,0.45340486271599917,0.5744603227898106,0.0,-0.4289169510223131,0.45558948648104736,0.5744746709657738,-0.536224030433869,-0.4289169510223131,0.9090185190833505,-1.3379354701056636,4
phase6v2-r01-output-downstream-a01,D4-S,OUTPUT,1.2946800644804781,2.6568364772595716,-0.42343602257073487,0.0,4.536307794287726,3.1360462719597253,-0.676112892820951,-1.3639574965825638,4.536307794287726,2.1137188881706703,2.422588906117056,1
phase6v2-r01-output-downstream-a01,D4-S,LOAD,1.1834925710512558,0.19308822755077693,0.5951786811389899,0.3393184906663666,3.209492729645659,0.5804072966724092,2.010967154596992,0.46572215147368956,3.209492729645659,1.728739682161963,1.480753047483696,2
phase6v2-r01-output-downstream-a01,D4-S,DOWNSTREAM,-0.17150246893483706,5.0,-0.3381344672083256,0.0,-0.23280562344014666,22.87217187789936,-0.35970283037277206,-0.8992374596297896,-0.23280562344014666,0.9890443327171785,-1.221849956157325,3
phase6v2-r01-baseline-a01,D4-S,INPUT,0.2023289430126762,0.6349092489215007,0.5768723594270675,0.0,0.27227065519788146,0.6379684085113078,0.5768867678479679,-0.536224030433869,0.27227065519788146,0.9090185190833505,-0.6367478638854691,2
phase6v2-r01-baseline-a01,D4-S,OUTPUT,-0.5642728362858199,-0.6367279861659529,0.9137477156837319,0.6367279861659529,-1.9771025565110216,-0.7515737021676976,1.4590081580890086,0.6451872065361945,-1.9771025565110216,2.1137188881706703,-4.090821444681692,4
phase6v2-r01-baseline-a01,D4-S,LOAD,-0.0010094762375955555,0.6828979652775102,0.575086361017176,0.0,-0.00273758088944725,2.052734995589397,1.9430799854072405,-1.1828262293276621,-0.00273758088944725,1.728739682161963,-1.7314772630514101,3
phase6v2-r01-baseline-a01,D4-S,DOWNSTREAM,0.2869333515352593,0.11870679373789386,-0.9521423002684402,0.0,0.3894970037738499,0.543016437889491,-1.0128759814159725,-0.8992374596297896,0.3894970037738499,0.9890443327171785,-0.5995473289433286,1
phase6v2-r01-output-load-a01,D4-S,INPUT,-3.5566164244102865,-5.0,-5.0,5.0,-4.786078895796267,-5.024091313798023,-5.000124883959727,6.046703512540826,-4.786078895796267,0.9090185190833505,-5.695097414879617,4
phase6v2-r01-output-load-a01,D4-S,OUTPUT,1.8431501641341246,5.0,-0.350038397973512,0.0,6.4580406271717985,5.901842847314489,-0.5589167223314062,-1.3639574965825638,6.4580406271717985,2.1137188881706703,4.344321739001128,2
phase6v2-r01-output-load-a01,D4-S,LOAD,3.463705261350499,2.9339675868715,3.2023110297972672,0.120924446030326,9.393161500004371,8.819264733126955,10.819847054001125,-0.5953256798848552,9.393161500004371,1.728739682161963,7.664421817842408,1
phase6v2-r01-output-load-a01,D4-S,DOWNSTREAM,-3.392762268146899,-0.14267981987718856,-1.6559842724937557,0.14267981987718856,-4.605497168208422,-0.6526794727477556,-1.7616134633852947,1.937099455278623,-4.605497168208422,0.9890443327171785,-5.594541500925601,3
phase6v2-r01-load-medium-a01,D4-S,INPUT,-1.5397302898298901,-2.186390695979135,-2.221419372347632,2.186390695979135,-2.071989150923124,-2.1969253008475174,-2.2214748562771183,2.342346276019063,-2.071989150923124,0.9090185190833505,-2.9810076700064747,4
phase6v2-r01-load-medium-a01,D4-S,OUTPUT,0.6030789601968218,1.7169251827143923,-0.6602710338651208,0.0,2.113071686795121,2.0266045217954116,-1.0542744002793312,-1.3639574965825638,2.113071686795121,2.1137188881706703,-0.000647201375549411,2
phase6v2-r01-load-medium-a01,D4-S,LOAD,3.6660076717085484,3.7839772196759642,3.3786362929012856,0.0,9.941781855649875,11.374323627081578,11.415608165520254,-1.1828262293276621,9.941781855649875,1.728739682161963,8.213042173487912,1
phase6v2-r01-load-medium-a01,D4-S,DOWNSTREAM,-1.280758072434752,-0.09785080489075466,1.0005472844124235,0.10056007625592815,-1.7385620357597464,-0.44761208557042725,1.064368542776222,1.0997996620612707,-1.7385620357597464,0.9890443327171785,-2.727606368476925,3
phase6v2-r01-input-medium-a01,D4-SM,INPUT,0.12495357796186082,0.46741218175816,0.5819622835032525,0.0,0.16814792799497758,0.46966429646691094,0.5819768190541277,-0.536224030433869,0.3189061122309442,0.7837768054643294,-0.46487069323338515,3
phase6v2-r01-input-medium-a01,D4-SM,OUTPUT,-0.5413635062474947,-0.7615221096044797,0.5870878697324519,0.7615221096044797,-1.8968327081786722,-0.8988767631282077,0.9374206651929083,1.038965173791298,-1.39785473565344,2.035295632086094,-3.4331503677395343,4
phase6v2-r01-input-medium-a01,D4-SM,LOAD,0.2512008439935038,0.2615442717351378,0.01895019577734593,0.010726758531120154,0.681227159509637,0.7861805229841136,0.06402820277180932,-1.1307112373830808,0.7337038412468753,0.9296407625362483,-0.195936921289373,1
phase6v2-r01-input-medium-a01,D4-SM,DOWNSTREAM,0.25716472941342,0.06990569119388587,0.6870883606267182,0.0,0.349087657628156,0.3197789968459826,0.7309152186527915,-0.8992374596297896,0.3344333272370693,0.7342978553106848,-0.3998645280736155,2
phase6v2-r01-input-load-a01,D4-SM,INPUT,-3.4020107603475744,-4.905471677093727,-4.7569196302860055,4.905471677093727,-4.578028654318849,-4.9291075285937636,-4.757038442877912,5.922248892450644,-4.753568091456306,0.7837768054643294,-5.537344896920636,4
phase6v2-r01-input-load-a01,D4-SM,OUTPUT,1.499178408741615,3.851527025239568,-2.2913327750918686,0.0,5.252830322471536,4.54622144502972,-3.658639200267916,-1.3639574965825638,4.899525883750628,2.035295632086094,2.8642302516645337,2
phase6v2-r01-input-load-a01,D4-SM,LOAD,3.5530301966366546,3.4621096160891573,3.6407868628319204,0.0,9.6354002240906,10.406816140716993,12.301352568664088,-1.1828262293276621,10.021108182403797,0.9296407625362483,9.091467419867548,1
phase6v2-r01-input-load-a01,D4-SM,DOWNSTREAM,-3.1537235375558543,-0.1439403316666178,0.6284716613169984,0.1439403316666178,-4.281014605087225,-0.6584456012081444,0.6685595740984444,1.9621572113306895,-2.4697301031476844,0.7342978553106848,-3.204027958458369,3
phase6v2-r01-output-medium-a01,D4-SM,INPUT,0.07095426657354822,0.6597707820978613,0.5801316419222241,0.0,0.0954819629925846,0.6629497310871187,0.5801461317495453,-0.536224030433869,0.3792158470398517,0.7837768054643294,-0.4045609584244777,3
phase6v2-r01-output-medium-a01,D4-SM,OUTPUT,0.9749587968256688,2.62788828471257,1.627966193580345,0.0,3.416066494330695,3.1018767353344847,2.5994220469810156,-1.3639574965825638,3.25897161483259,2.035295632086094,1.2236759827464958,1
phase6v2-r01-output-medium-a01,D4-SM,LOAD,0.7767228980046106,-0.0030111065606057696,0.33075899035466505,0.2604274159203405,2.106381193318991,-0.009051138129973171,1.117555931973252,0.08243695744600407,1.0486650275945089,0.9296407625362483,0.11902426505826058,2
phase6v2-r01-output-medium-a01,D4-SM,DOWNSTREAM,-0.16825255685362958,-0.036821869841381735,-0.6171294205867341,0.044292489095745104,-0.228394037922514,-0.1684392271755444,-0.6564938532415056,-0.018745586402204632,-0.1984166325490292,0.7342978553106848,-0.932714487859714,4
phase6v2-r01-load-downstream-a01,D4-SM,INPUT,-1.4894738546362798,-2.352509697169293,-2.147665487709687,2.352509697169293,-2.0043599114562975,-2.363844707034773,-2.1477191295037414,2.5610561456882905,-2.184102309245535,0.7837768054643294,-2.9678791147098647,4
phase6v2-r01-load-downstream-a01,D4-SM,OUTPUT,0.7214522288137838,1.5941974604803302,-1.7392170579949302,0.0,2.527828657103391,1.881740575868552,-2.7770596114742716,-1.3639574965825638,2.2047846164859717,2.035295632086094,0.16948898439987747,3
phase6v2-r01-load-downstream-a01,D4-SM,LOAD,3.5673930033913086,3.656007307382547,3.2080097431767296,0.09399269261745297,9.674350467618888,10.989656618679446,10.839101650633568,-0.7261711825680188,10.332003543149167,0.9296407625362483,9.402362780612918,2
phase6v2-r01-load-downstream-a01,D4-SM,DOWNSTREAM,-1.3000650449612878,5.0,0.6430353643995244,0.0,-1.7647702402462353,22.87217187789936,0.684052242629824,-0.8992374596297896,10.553700818826561,0.7342978553106848,9.819402963515877,1
phase6v2-r01-output-downstream-control-a01,D4-SM,INPUT,0.40055301625494827,0.4452617927541352,0.5803092228786849,0.0,0.5390174561945382,0.4474071810684373,0.5803237171414087,-0.536224030433869,0.49321231863148773,0.7837768054643294,-0.29056448683284164,2
phase6v2-r01-output-downstream-control-a01,D4-SM,OUTPUT,0.17627403115218185,0.008899690200370736,1.8783551458366772,0.26653748221822504,0.6176300102118527,0.010504914590474672,2.999225535150603,-0.5229195930879554,0.3140674624011637,2.035295632086094,-1.7212281696849305,4
phase6v2-r01-output-downstream-control-a01,D4-SM,LOAD,0.12687830483218493,-0.08201611021046698,0.2184630870102764,0.24852332957340872,0.3440790477856134,-0.24653366709436147,0.7381347927798801,0.02460202415482202,0.04877269034562595,0.9296407625362483,-0.8808680721906224,3
phase6v2-r01-output-downstream-control-a01,D4-SM,DOWNSTREAM,0.4991976764156418,5.0,1.2708316816270848,0.0,0.677634712780565,22.87217187789936,1.3518933949049863,-0.8992374596297896,11.774903295339962,0.7342978553106848,11.040605440029278,1
phase6v2-r01-downstream-medium-a01,D4-SM,INPUT,0.482747081377497,0.4426188384534989,0.5781490457526586,0.0,0.6496246270276879,0.4447514923195189,0.5781634860610877,-0.536224030433869,0.5471880596736034,0.7837768054643294,-0.23658874579072597,3
phase6v2-r01-downstream-medium-a01,D4-SM,OUTPUT,-0.10743260981182565,-0.6515275558691955,0.6286037816057812,0.6515275558691955,-0.3764230242053021,-0.7690426490869805,1.003710356618695,0.691886075949415,-0.5727328366461413,2.035295632086094,-2.6080284687322353,4
phase6v2-r01-downstream-medium-a01,D4-SM,LOAD,0.24321401860121267,0.29661554799268686,0.07445696625468512,0.0008903761424888263,0.6595678279206451,0.8916018886556294,0.2515723736652832,-1.1785004168877875,0.7755848582881373,0.9296407625362483,-0.154055904248111,2
phase6v2-r01-downstream-medium-a01,D4-SM,DOWNSTREAM,0.5363844571362154,5.0,-1.2695009753606725,0.0,0.7281138208841023,22.87217187789936,-1.3504778077441293,-0.8992374596297896,11.80014284939173,0.7342978553106848,11.065844994081045,1
phase6v2-r01-output-load-control-a01,D4-SM,INPUT,-0.34396118182209523,-0.6751962121097778,-0.8069063317468814,0.6751962121097778,-0.4628627765404388,-0.6784494848740125,-0.8069264856784488,0.352729517888059,-0.5706561307072257,0.7837768054643294,-1.354432936171555,2
phase6v2-r01-output-load-control-a01,D4-SM,OUTPUT,-0.08929699089057992,0.6734899310646902,0.04294318368470468,0.0,-0.3128793335872718,0.7949663464784943,0.0685686587828199,-1.3639574965825638,0.24104350644561123,2.035295632086094,-1.794252125640483,4
phase6v2-r01-output-load-control-a01,D4-SM,LOAD,3.168338792600644,3.866647553687076,3.4888634049161014,0.0,8.592162357955075,11.622823836996117,11.788039351031943,-1.1828262293276621,10.107493097475597,0.9296407625362483,9.177852334939349,1
phase6v2-r01-output-load-control-a01,D4-SM,DOWNSTREAM,-0.5734513363521894,-0.10984447941486966,-0.4069173377642197,0.10984447941486966,-0.7784301689719784,-0.5024763626030554,-0.43287310912130283,1.2843646232118018,-0.6404532657875168,0.7342978553106848,-1.3747511210982015,3
phase6v2-r01-input-downstream-a01,D4-SM,INPUT,0.4211031943242981,0.2760222797889706,0.5834018201422024,3.875850309657131e-06,0.5666714851439429,0.277352227660499,0.5834163916480847,-0.5362189275455179,0.42201185640222094,0.7837768054643294,-0.36176494906210843,3
phase6v2-r01-input-downstream-a01,D4-SM,OUTPUT,-0.11366648771334309,-0.7464773872292083,0.49977692206069046,0.7464773872292083,-0.39826532307829754,-0.8811184457001422,0.7980086778827546,0.9914927445485057,-0.6396918843892199,2.035295632086094,-2.674987516475314,4
phase6v2-r01-input-downstream-a01,D4-SM,LOAD,0.5357556923257978,0.2636027956284347,0.03496515075999088,0.035051051140948815,1.452906457924403,0.7923682761330196,0.1181389252708358,-1.012533848590263,1.1226373670287113,0.9296407625362483,0.19299660449246303,2
phase6v2-r01-input-downstream-a01,D4-SM,DOWNSTREAM,0.47371995594082944,5.0,-1.5218673465431163,0.0,0.6430500409923932,22.87217187789936,-1.6189417083771953,-0.8992374596297896,11.757610959445875,0.7342978553106848,11.023313104135191,1
phase6v2-r01-output-control-a01,D4-SM,INPUT,0.6555990192169405,0.6550455005267063,0.5812347885757074,0.0,0.8822285722023545,0.6582016818677408,0.5812493059560931,-0.536224030433869,0.7702151270350477,0.7837768054643294,-0.013561678429281687,2
phase6v2-r01-output-control-a01,D4-SM,OUTPUT,-0.011532652546001967,-0.24392166328627135,0.2737052166734504,0.48981556082077293,-0.04040817733162065,-0.2879174647542267,0.43703326113299257,0.1816166903697078,-0.16416282104292368,2.035295632086094,-2.1994584531290178,4
phase6v2-r01-output-control-a01,D4-SM,LOAD,-0.5702525994459903,-0.23446032060858413,0.011872593099714742,0.28733979872641835,-1.5464580148210991,-0.7047683982991078,0.04011466727560041,0.21318834977754894,-1.1256132065601034,0.9296407625362483,-2.0552539690963516,3
phase6v2-r01-output-control-a01,D4-SM,DOWNSTREAM,0.6945958184800028,0.1920815442200187,-0.2825324231566661,0.0,0.9428774615576915,0.8786644187945187,-0.30055413492915944,-0.8992374596297896,0.910770940176105,0.7342978553106848,0.17647308486542024,1
phase6v2-r01-output-downstream-a01,D4-SM,INPUT,-0.31873546298073346,0.45340486271599917,0.5744603227898106,0.0,-0.4289169510223131,0.45558948648104736,0.5744746709657738,-0.536224030433869,0.013336267729367135,0.7837768054643294,-0.7704405377349622,4
phase6v2-r01-output-downstream-a01,D4-SM,OUTPUT,1.2946800644804781,2.6568364772595716,-0.42343602257073487,0.0,4.536307794287726,3.1360462719597253,-0.676112892820951,-1.3639574965825638,3.8361770331237257,2.035295632086094,1.8008814010376315,2
phase6v2-r01-output-downstream-a01,D4-SM,LOAD,1.1834925710512558,0.19308822755077693,0.5951786811389899,0.3393184906663666,3.209492729645659,0.5804072966724092,2.010967154596992,0.46572215147368956,1.894950013159034,0.9296407625362483,0.9653092506227857,3
phase6v2-r01-output-downstream-a01,D4-SM,DOWNSTREAM,-0.17150246893483706,5.0,-0.3381344672083256,0.0,-0.23280562344014666,22.87217187789936,-0.35970283037277206,-0.8992374596297896,11.319683127229606,0.7342978553106848,10.585385271918922,1
phase6v2-r01-baseline-a01,D4-SM,INPUT,0.2023289430126762,0.6349092489215007,0.5768723594270675,0.0,0.27227065519788146,0.6379684085113078,0.5768867678479679,-0.536224030433869,0.45511953185459464,0.7837768054643294,-0.32865727360973473,3
phase6v2-r01-baseline-a01,D4-SM,OUTPUT,-0.5642728362858199,-0.6367279861659529,0.9137477156837319,0.6367279861659529,-1.9771025565110216,-0.7515737021676976,1.4590081580890086,0.6451872065361945,-1.3643381293393597,2.035295632086094,-3.399633761425454,4
phase6v2-r01-baseline-a01,D4-SM,LOAD,-0.0010094762375955555,0.6828979652775102,0.575086361017176,0.0,-0.00273758088944725,2.052734995589397,1.9430799854072405,-1.1828262293276621,1.024998707349975,0.9296407625362483,0.09535794481372661,1
phase6v2-r01-baseline-a01,D4-SM,DOWNSTREAM,0.2869333515352593,0.11870679373789386,-0.9521423002684402,0.0,0.3894970037738499,0.543016437889491,-1.0128759814159725,-0.8992374596297896,0.46625672083167047,0.7342978553106848,-0.26804113447901434,2
phase6v2-r01-output-load-a01,D4-SM,INPUT,-3.5566164244102865,-5.0,-5.0,5.0,-4.786078895796267,-5.024091313798023,-5.000124883959727,6.046703512540826,-4.905085104797145,0.7837768054643294,-5.688861910261474,4
phase6v2-r01-output-load-a01,D4-SM,OUTPUT,1.8431501641341246,5.0,-0.350038397973512,0.0,6.4580406271717985,5.901842847314489,-0.5589167223314062,-1.3639574965825638,6.179941737243144,2.035295632086094,4.14464610515705,2
phase6v2-r01-output-load-a01,D4-SM,LOAD,3.463705261350499,2.9339675868715,3.2023110297972672,0.120924446030326,9.393161500004371,8.819264733126955,10.819847054001125,-0.5953256798848552,9.106213116565662,0.9296407625362483,8.176572354029414,1
phase6v2-r01-output-load-a01,D4-SM,DOWNSTREAM,-3.392762268146899,-0.14267981987718856,-1.6559842724937557,0.14267981987718856,-4.605497168208422,-0.6526794727477556,-1.7616134633852947,1.937099455278623,-2.629088320478089,0.7342978553106848,-3.3633861757887735,3
phase6v2-r01-load-medium-a01,D4-SM,INPUT,-1.5397302898298901,-2.186390695979135,-2.221419372347632,2.186390695979135,-2.071989150923124,-2.1969253008475174,-2.2214748562771183,2.342346276019063,-2.1344572258853205,0.7837768054643294,-2.91823403134965,4
phase6v2-r01-load-medium-a01,D4-SM,OUTPUT,0.6030789601968218,1.7169251827143923,-0.6602710338651208,0.0,2.113071686795121,2.0266045217954116,-1.0542744002793312,-1.3639574965825638,2.0698381042952665,2.035295632086094,0.03454247220917228,2
phase6v2-r01-load-medium-a01,D4-SM,LOAD,3.6660076717085484,3.7839772196759642,3.3786362929012856,0.0,9.941781855649875,11.374323627081578,11.415608165520254,-1.1828262293276621,10.658052741365726,0.9296407625362483,9.728411978829477,1
phase6v2-r01-load-medium-a01,D4-SM,DOWNSTREAM,-1.280758072434752,-0.09785080489075466,1.0005472844124235,0.10056007625592815,-1.7385620357597464,-0.44761208557042725,1.064368542776222,1.0997996620612707,-1.0930870606650869,0.7342978553106848,-1.8273849159757716,3
phase6v2-r01-input-medium-a01,D4-SMT,INPUT,0.5325350366806197,0.46741218175816,0.5819622835032525,0.0,0.5887595550419371,0.21976431164249619,0.6366716162356827,-0.536224030433869,0.48173182764003863,0.9154841524976166,-0.433752324857578,2
phase6v2-r01-input-medium-a01,D4-SMT,OUTPUT,0.19015216964769294,0.0,0.5870878697324519,0.7615221096044797,-0.7019322181022506,-0.772060051507149,1.0338790436761462,1.038965173791298,-0.1467044086444178,1.252907976213977,-1.3996123848583948,3
phase6v2-r01-input-medium-a01,D4-SMT,LOAD,0.5706548444952279,0.27227103026625793,0.03325254048550614,0.010726758531120154,0.5467964801041911,0.17811821216247573,-0.7443307131952533,-1.1307112373830808,-0.006472006976195506,1.4324543927184776,-1.438926399694673,4
phase6v2-r01-input-medium-a01,D4-SMT,DOWNSTREAM,0.6079505412579425,0.06990569119388587,0.6870883606267182,0.0,0.7093660280490274,0.11393744281834141,0.7107163827027697,-0.8992374596297896,0.5113399511900462,0.8962730392193249,-0.3849330880292787,1
phase6v2-r01-input-load-a01,D4-SMT,INPUT,0.0,0.0,0.0,4.905471677093727,-1.6313562429067345,-1.4885906961650035,-1.5648112688423799,5.922248892450644,-1.5615860693047061,0.9154841524976166,-2.4770702218023226,4
phase6v2-r01-input-load-a01,D4-SMT,OUTPUT,2.6181179138353876,3.851527025239568,0.13771985415562646,0.0,7.003596567811601,6.107180115739244,-1.1197213075911865,-1.3639574965825638,3.9970184586532196,1.252907976213977,2.7441104824392424,2
phase6v2-r01-input-load-a01,D4-SMT,LOAD,3.680482717672351,3.4621096160891573,3.6407868628319204,0.0,10.609352915306808,19.89830992268265,20.44786649966754,-1.1828262293276621,16.985176445885667,1.4324543927184776,15.552722053167189,1
phase6v2-r01-input-load-a01,D4-SMT,DOWNSTREAM,0.08136928602502722,0.0,0.6284716613169984,0.1439403316666178,-1.164044284079811,-0.2089164237366281,0.5720662143410548,1.9621572113306895,-0.2669648311584615,0.8962730392193249,-1.1632378703777864,3
phase6v2-r01-output-medium-a01,D4-SMT,INPUT,0.4449364833961809,0.6597707820978613,0.5801316419222241,0.0,0.22356493191169016,0.9228199678923735,0.6297465521489072,-0.536224030433869,0.592043817317657,0.9154841524976166,-0.3234403351799596,3
phase6v2-r01-output-medium-a01,D4-SMT,OUTPUT,1.1248259384856516,2.62788828471257,1.627966193580345,0.0,2.264401079004891,3.921630145852034,6.0222979924255995,-1.3639574965825638,4.069443072427508,1.252907976213977,2.8165350962135314,1
phase6v2-r01-output-medium-a01,D4-SMT,LOAD,1.1923896642335392,0.2574163093597348,0.34322174581297976,0.2604274159203405,2.558561107114129,0.08628348880535726,1.076560771751622,0.08243695744600407,1.2404684558903696,1.4324543927184776,-0.19198593682810805,2
phase6v2-r01-output-medium-a01,D4-SMT,DOWNSTREAM,0.29895324290578323,0.007470619254363362,0.0,0.044292489095745104,-0.3899490717580084,-0.17441396377036192,-0.9145016524668159,-0.018745586402204632,-0.4929548959983954,0.8962730392193249,-1.3892279352177204,4
phase6v2-r01-load-downstream-a01,D4-SMT,INPUT,0.05838182466517382,0.0,0.0,2.352509697169293,-1.3879649121501139,-1.4885906961650035,-1.5648112688423799,2.5610561456882905,-1.4804556257191657,0.9154841524976166,-2.3959397782167824,4
phase6v2-r01-load-downstream-a01,D4-SMT,OUTPUT,1.264295017954551,1.5941974604803302,0.0,0.0,2.707028002043321,2.0753475176962195,-1.7797449763993116,-1.3639574965825638,1.0008768477800762,1.252907976213977,-0.25203112843390074,3
phase6v2-r01-load-downstream-a01,D4-SMT,LOAD,3.5944307616654627,3.75,3.3333333333333335,0.09399269261745297,10.330912210871857,21.678103291403367,18.641753168863,-0.7261711825680188,16.883589557046076,1.4324543927184776,15.451135164327598,1
phase6v2-r01-load-downstream-a01,D4-SMT,DOWNSTREAM,0.08589469493133753,5.0,0.6430353643995244,0.0,-1.147944304015136,22.883185309405746,0.6065147573013613,-0.8992374596297896,7.447251920897323,0.8962730392193249,6.550978881677999,2
phase6v2-r01-output-downstream-control-a01,D4-SMT,INPUT,0.4261326324164822,0.4452617927541352,0.5803092228786849,0.0,0.14517248118672738,0.1388063703291719,0.63041831636361,-0.536224030433869,0.3047990559598364,0.9154841524976166,-0.6106850965377801,3
phase6v2-r01-output-downstream-control-a01,D4-SMT,OUTPUT,0.32276922536799885,0.2754371724185958,1.8783551458366772,0.26653748221822504,-0.28105126341734743,-0.2800997335247206,7.222289351046241,-0.5229195930879554,2.2203794513680575,1.252907976213977,0.9674714751540805,2
phase6v2-r01-output-downstream-control-a01,D4-SMT,LOAD,0.34734933745063945,0.16650721936294172,0.2220096258172556,0.24852332957340872,-0.17575935210399393,-0.47573387813398205,0.3645090150637445,0.02460202415482202,-0.09566140505807717,1.4324543927184776,-1.5281157977765547,4
phase6v2-r01-output-downstream-control-a01,D4-SMT,DOWNSTREAM,0.4992104307956877,5.0,1.2708316816270848,0.0,0.3225029518236674,22.883185309405746,2.0914851856180627,-0.8992374596297896,8.43239114894916,0.8962730392193249,7.536118109729835,1
phase6v2-r01-downstream-medium-a01,D4-SMT,INPUT,0.48758483384303536,0.4426188384534989,0.5781490457526586,0.0,0.40136408137929297,0.1291465788408224,0.6222466648554457,-0.536224030433869,0.38425244169185363,0.9154841524976166,-0.5312317108057629,2
phase6v2-r01-downstream-medium-a01,D4-SMT,OUTPUT,0.1613549222801267,0.0,0.6286037816057812,0.6515275558691955,-0.7933247837004536,-0.772060051507149,1.2328444334999358,0.691886075949415,-0.11084680056922225,1.252907976213977,-1.3637547767831992,3
phase6v2-r01-downstream-medium-a01,D4-SMT,LOAD,0.4143187024864452,0.2975059241351756,0.07564413444467022,0.0008903761424888263,0.04093528264246706,0.3341251484072792,-0.4953043868799739,-1.1785004168877875,-0.04008131861007589,1.4324543927184776,-1.4725357113285535,4
phase6v2-r01-downstream-medium-a01,D4-SMT,DOWNSTREAM,0.5363844571362154,5.0,0.0,0.0,0.45475643330942556,22.883185309405746,-0.9145016524668159,-0.8992374596297896,7.474480030082787,0.8962730392193249,6.578206990863462,1
phase6v2-r01-output-load-control-a01,D4-SMT,INPUT,0.23816571632968225,0.0,0.0,0.6751962121097778,-0.6384535549463122,-1.4885906961650035,-1.5648112688423799,0.352729517888059,-1.2306185066512318,0.9154841524976166,-2.1461026591488483,4
phase6v2-r01-output-load-control-a01,D4-SMT,OUTPUT,0.39115385767005434,0.6734899310646902,0.45161165097179384,0.0,-0.06402194412852984,0.430865166375241,0.3846080181519841,-1.3639574965825638,0.2504837467995651,1.252907976213977,-1.002424229414412,2
phase6v2-r01-output-load-control-a01,D4-SMT,LOAD,3.1690339772294394,3.866647553687076,3.4888634049161014,0.0,8.954444018641011,22.399240759454564,19.555403228710215,-1.1828262293276621,16.969696002268595,1.4324543927184776,15.537241609550117,1
phase6v2-r01-output-load-control-a01,D4-SMT,DOWNSTREAM,0.07023010284794202,0.0,0.0,0.10984447941486966,-1.2036739906545602,-0.2089164237366281,-0.9145016524668159,1.2843646232118018,-0.7756973556193346,0.8962730392193249,-1.6719703948386595,3
phase6v2-r01-input-downstream-a01,D4-SMT,INPUT,0.42297893079049703,0.27602615563928024,0.5834018201422024,3.875850309657131e-06,0.13202483395302025,-0.4797366618125185,0.6421171843814633,-0.5362189275455179,0.098135118840655,0.9154841524976166,-0.8173490336569617,2
phase6v2-r01-input-downstream-a01,D4-SMT,OUTPUT,0.13434427019227474,0.0,0.49977692206069046,0.7464773872292083,-0.8790473099294552,-0.772060051507149,0.6154405232264364,0.9914927445485057,-0.3452222794033893,1.252907976213977,-1.5981302556173662,4
phase6v2-r01-input-downstream-a01,D4-SMT,LOAD,0.640800817174755,0.2986538467693835,0.08169988561458931,0.035051051140948815,0.7737697524444384,0.3412218254980997,-0.4597303183894825,-1.012533848590263,0.21842041985101854,1.4324543927184776,-1.2140339728674592,3
phase6v2-r01-input-downstream-a01,D4-SMT,DOWNSTREAM,0.47402082768804993,5.0,0.0,0.0,0.23288627490756986,22.883185309405746,-0.9145016524668159,-0.8992374596297896,7.400523310615501,0.8962730392193249,6.5042502713961765,1
phase6v2-r01-output-control-a01,D4-SMT,INPUT,0.6574736482973368,0.6550455005267063,0.5812347885757074,0.0,1.1096232847844751,0.905549432911837,0.6339196034723631,-0.536224030433869,0.8830307737228917,0.9154841524976166,-0.03245337877472487,1
phase6v2-r01-output-control-a01,D4-SMT,OUTPUT,0.3692663258580609,0.24589389753450155,0.42419732781346353,0.48981556082077293,-0.13348544740639265,-0.33286718963312506,0.25322462205568863,0.1816166903697078,-0.07104267166127635,1.252907976213977,-1.3239506478752534,3
phase6v2-r01-output-control-a01,D4-SMT,LOAD,0.0020455333051078396,0.052879478117834215,0.07050597082377895,0.28733979872641835,-1.2930684631560905,-1.178202288587685,-0.5254881542502207,0.21318834977754894,-0.998919635331332,1.4324543927184776,-2.4313740280498095,4
phase6v2-r01-output-control-a01,D4-SMT,DOWNSTREAM,0.6945958184800028,0.1920815442200187,0.05808464067573154,0.0,1.0176226441590563,0.6781968883009233,-0.7771099995119646,-0.8992374596297896,0.3062365109826717,0.8962730392193249,-0.5900365282366532,2
phase6v2-r01-output-downstream-a01,D4-SMT,INPUT,0.21692006488703316,0.45340486271599917,0.5744603227898106,0.0,-0.7270257673955457,0.1685686548634566,0.6082927357079758,-0.536224030433869,0.01661187439196225,0.9154841524976166,-0.8988722781056544,4
phase6v2-r01-output-downstream-a01,D4-SMT,OUTPUT,1.2946800644804781,2.6568364772595716,0.552646052195928,0.0,2.8034596964473106,3.9733347211110197,0.8688163160814135,-1.3639574965825638,2.548536911213248,1.252907976213977,1.295628934999271,3
phase6v2-r01-output-downstream-a01,D4-SMT,LOAD,1.5243902544696588,0.5324067182171436,0.7098756242895248,0.3393184906663666,3.6328246393778834,1.7863267465815063,3.2304422340580077,0.46572215147368956,2.883197873339133,1.4324543927184776,1.4507434806206554,2
phase6v2-r01-output-downstream-a01,D4-SMT,DOWNSTREAM,0.2799606433017485,5.0,0.0,0.0,-0.4575187613334467,22.883185309405746,-0.9145016524668159,-0.8992374596297896,7.170388298535162,0.8962730392193249,6.274115259315837,1
phase6v2-r01-baseline-a01,D4-SMT,INPUT,0.5924592247799229,0.6349092489215007,0.5768723594270675,0.0,0.8385809330075311,0.8319530064369632,0.6174171369374457,-0.536224030433869,0.7626503587939801,0.9154841524976166,-0.15283379370363648,2
phase6v2-r01-baseline-a01,D4-SMT,OUTPUT,0.1928515785375031,0.0,0.9137477156837319,0.6367279861659529,-0.6933652220665043,-0.772060051507149,2.599399362434431,0.6451872065361945,0.37799136295359254,1.252907976213977,-0.8749166132603845,4
phase6v2-r01-baseline-a01,D4-SMT,LOAD,0.5475268482081536,0.6828979652775102,0.575086361017176,0.0,0.4719605800599618,2.716692394541116,2.4386325396221182,-1.1828262293276621,1.8757618380743988,1.4324543927184776,0.44330744535592115,1
phase6v2-r01-baseline-a01,D4-SMT,DOWNSTREAM,0.6440762086781164,0.11870679373789386,0.0,0.0,0.8378897785717375,0.3393214477454905,-0.9145016524668159,-0.8992374596297896,0.08756985795013739,0.8962730392193249,-0.8087031812691875,3
phase6v2-r01-output-load-a01,D4-SMT,INPUT,0.0,0.0,0.0,5.0,-1.6313562429067345,-1.4885906961650035,-1.5648112688423799,6.046703512540826,-1.5615860693047061,0.9154841524976166,-2.4770702218023226,4
phase6v2-r01-output-load-a01,D4-SMT,OUTPUT,2.923300424181949,5.0,2.149961602026488,0.0,7.97214096513778,8.158475969875822,8.523965792583835,-1.3639574965825638,8.218194242532478,1.252907976213977,6.965286266318501,2
phase6v2-r01-output-load-a01,D4-SMT,LOAD,3.649680383327652,3.054892032901826,3.3635436245043686,0.120924446030326,10.509684946428886,17.380813004801073,18.81922132055564,-0.5953256798848552,15.569906423928535,1.4324543927184776,14.137452031210056,1
phase6v2-r01-output-load-a01,D4-SMT,DOWNSTREAM,0.06044073046959871,0.0,0.0,0.14267981987718856,-1.2385014953950122,-0.2089164237366281,-0.9145016524668159,1.937099455278623,-0.787306523866152,0.8962730392193249,-1.6835795630854768,3
phase6v2-r01-load-medium-a01,D4-SMT,INPUT,0.013849250627677528,0.0,0.0,2.186390695979135,-1.5736193092020372,-1.4885906961650035,-1.5648112688423799,2.342346276019063,-1.5423404247364736,0.9154841524976166,-2.4578245772340903,4
phase6v2-r01-load-medium-a01,D4-SMT,OUTPUT,1.1698632823908726,1.7169251827143923,0.4632326665457475,0.0,2.4073341293304784,2.2945523865429345,0.4403018422663332,-1.3639574965825638,1.714062786046582,1.252907976213977,0.46115480983260504,2
phase6v2-r01-load-medium-a01,D4-SMT,LOAD,3.737454707498105,3.7839772196759642,3.3786362929012856,0.0,10.793698765375272,21.88815695643157,18.90788210006772,-1.1828262293276621,17.19657927395819,1.4324543927184776,15.764124881239711,1
phase6v2-r01-load-medium-a01,D4-SMT,DOWNSTREAM,0.06967505720534,0.0027092713651734905,1.0005472844124235,0.10056007625592815,-1.2056486682949423,-0.19640386973917295,1.4521626440783795,1.0997996620612707,0.016703368681421377,0.8962730392193249,-0.8795696705379035,3
phase6v2-r01-input-medium-a01,D4-FULL,INPUT,0.12495357796186082,0.46741218175816,0.5819622835032525,0.0,0.16814792799497758,0.46966429646691094,0.5819768190541277,-0.536224030433869,0.9428203782725411,1.252556306104214,-0.3097359278316729,3
phase6v2-r01-input-medium-a01,D4-FULL,OUTPUT,-0.5413635062474947,-0.7615221096044797,0.5870878697324519,0.7615221096044797,-1.8968327081786722,-0.8988767631282077,0.9374206651929083,1.038965173791298,-1.6583947758292887,2.24959973515146,-3.907994510980749,4
phase6v2-r01-input-medium-a01,D4-FULL,LOAD,0.2512008439935038,0.2615442717351378,0.01895019577734593,0.010726758531120154,0.681227159509637,0.7861805229841136,0.06402820277180932,-1.1307112373830808,1.6411898658049342,1.6722263145800895,-0.031036448775155323,1
phase6v2-r01-input-medium-a01,D4-FULL,DOWNSTREAM,0.25716472941342,0.06990569119388587,0.6870883606267182,0.0,0.349087657628156,0.3197789968459826,0.7309152186527915,-0.8992374596297896,1.3658314173387665,1.6653299259044234,-0.29949850856565696,2
phase6v2-r01-input-load-a01,D4-FULL,INPUT,-3.4020107603475744,-4.905471677093727,-4.7569196302860055,4.905471677093727,-4.578028654318849,-4.9291075285937636,-4.757038442877912,5.922248892450644,-10.676973767714152,1.252556306104214,-11.929530073818366,4
phase6v2-r01-input-load-a01,D4-FULL,OUTPUT,1.499178408741615,3.851527025239568,-2.2913327750918686,0.0,5.252830322471536,4.54622144502972,-3.658639200267916,-1.3639574965825638,3.4107616856603435,2.24959973515146,1.1611619505088835,2
phase6v2-r01-input-load-a01,D4-FULL,LOAD,3.5530301966366546,3.4621096160891573,3.6407868628319204,0.0,9.6354002240906,10.406816140716993,12.301352568664088,-1.1828262293276621,11.964015873818223,1.6722263145800895,10.291789559238133,1
phase6v2-r01-input-load-a01,D4-FULL,DOWNSTREAM,-3.1537235375558543,-0.1439403316666178,0.6284716613169984,0.1439403316666178,-4.281014605087225,-0.6584456012081444,0.6685595740984444,1.9621572113306895,-3.385790755396331,1.6653299259044234,-5.0511206813007545,3
phase6v2-r01-output-medium-a01,D4-FULL,INPUT,0.07095426657354822,0.6597707820978613,0.5801316419222241,0.0,0.0954819629925846,0.6629497310871187,0.5801461317495453,-0.536224030433869,0.9824166390436186,1.252556306104214,-0.27013966706059533,2
phase6v2-r01-output-medium-a01,D4-FULL,OUTPUT,0.9749587968256688,2.62788828471257,1.627966193580345,0.0,3.416066494330695,3.1018767353344847,2.5994220469810156,-1.3639574965825638,4.403079255464629,2.24959973515146,2.153479520313169,1
phase6v2-r01-output-medium-a01,D4-FULL,LOAD,0.7767228980046106,-0.0030111065606057696,0.33075899035466505,0.2604274159203405,2.106381193318991,-0.009051138129973171,1.117555931973252,0.08243695744600407,0.9891917049414193,1.6722263145800895,-0.6830346096386702,3
phase6v2-r01-output-medium-a01,D4-FULL,DOWNSTREAM,-0.16825255685362958,-0.036821869841381735,-0.6171294205867341,0.044292489095745104,-0.228394037922514,-0.1684392271755444,-0.6564938532415056,-0.018745586402204632,-0.33236345304431664,1.6653299259044234,-1.99769337894874,4
phase6v2-r01-load-downstream-a01,D4-FULL,INPUT,-1.4894738546362798,-2.352509697169293,-2.147665487709687,2.352509697169293,-2.0043599114562975,-2.363844707034773,-2.1477191295037414,2.5610561456882905,-4.733030728353228,1.252556306104214,-5.985587034457442,4
phase6v2-r01-load-downstream-a01,D4-FULL,OUTPUT,0.7214522288137838,1.5941974604803302,-1.7392170579949302,0.0,2.527828657103391,1.881740575868552,-2.7770596114742716,-1.3639574965825638,1.9081273704151211,2.24959973515146,-0.3414723647363389,3
phase6v2-r01-load-downstream-a01,D4-FULL,LOAD,3.5673930033913086,3.656007307382547,3.2080097431767296,0.09399269261745297,9.674350467618888,10.989656618679446,10.839101650633568,-0.7261711825680188,11.227207428211985,1.6722263145800895,9.554981113631895,1
phase6v2-r01-load-downstream-a01,D4-FULL,DOWNSTREAM,-1.3000650449612878,5.0,0.6430353643995244,0.0,-1.7647702402462353,22.87217187789936,0.684052242629824,-0.8992374596297896,8.163055419724106,1.6653299259044234,6.497725493819683,2
phase6v2-r01-output-downstream-control-a01,D4-FULL,INPUT,0.40055301625494827,0.4452617927541352,0.5803092228786849,0.0,0.5390174561945382,0.4474071810684373,0.5803237171414087,-0.536224030433869,1.0584734819019972,1.252556306104214,-0.19408282420221679,2
phase6v2-r01-output-downstream-control-a01,D4-FULL,OUTPUT,0.17627403115218185,0.008899690200370736,1.8783551458366772,0.26653748221822504,0.6176300102118527,0.010504914590474672,2.999225535150603,-0.5229195930879554,1.732039746405599,2.24959973515146,-0.5175599887458611,3
phase6v2-r01-output-downstream-control-a01,D4-FULL,LOAD,0.12687830483218493,-0.08201611021046698,0.2184630870102764,0.24852332957340872,0.3440790477856134,-0.24653366709436147,0.7381347927798801,0.02460202415482202,0.25395803366888864,1.6722263145800895,-1.4182682809112008,4
phase6v2-r01-output-downstream-control-a01,D4-FULL,DOWNSTREAM,0.4991976764156418,5.0,1.2708316816270848,0.0,0.677634712780565,22.87217187789936,1.3518933949049863,-0.8992374596297896,9.199804121491427,1.6653299259044234,7.534474195587004,1
phase6v2-r01-downstream-medium-a01,D4-FULL,INPUT,0.482747081377497,0.4426188384534989,0.5781490457526586,0.0,0.6496246270276879,0.4447514923195189,0.5781634860610877,-0.536224030433869,1.0937372322366339,1.252556306104214,-0.1588190738675801,3
phase6v2-r01-downstream-medium-a01,D4-FULL,OUTPUT,-0.10743260981182565,-0.6515275558691955,0.6286037816057812,0.6515275558691955,-0.3764230242053021,-0.7690426490869805,1.003710356618695,0.691886075949415,-0.7391378481739442,2.24959973515146,-2.9887375833254044,4
phase6v2-r01-downstream-medium-a01,D4-FULL,LOAD,0.24321401860121267,0.29661554799268686,0.07445696625468512,0.0008903761424888263,0.6595678279206451,0.8916018886556294,0.2515723736652832,-1.1785004168877875,1.7794144469683069,1.6722263145800895,0.10718813238821734,2
phase6v2-r01-downstream-medium-a01,D4-FULL,DOWNSTREAM,0.5363844571362154,5.0,-1.2695009753606725,0.0,0.7281138208841023,22.87217187789936,-1.3504778077441293,-0.8992374596297896,8.315840089976232,1.6653299259044234,6.650510164071809,1
phase6v2-r01-output-load-control-a01,D4-FULL,INPUT,-0.34396118182209523,-0.6751962121097778,-0.8069063317468814,0.6751962121097778,-0.4628627765404388,-0.6784494848740125,-0.8069264856784488,0.352729517888059,-1.0021424335856923,1.252556306104214,-2.254698739689906,3
phase6v2-r01-output-load-control-a01,D4-FULL,OUTPUT,-0.08929699089057992,0.6734899310646902,0.04294318368470468,0.0,-0.3128793335872718,0.7949663464784943,0.0685686587828199,-1.3639574965825638,1.547509387140578,2.24959973515146,-0.702090348010882,2
phase6v2-r01-output-load-control-a01,D4-FULL,LOAD,3.168338792600644,3.866647553687076,3.4888634049161014,0.0,8.592162357955075,11.622823836996117,11.788039351031943,-1.1828262293276621,11.850501411322039,1.6722263145800895,10.178275096741949,1
phase6v2-r01-output-load-control-a01,D4-FULL,DOWNSTREAM,-0.5734513363521894,-0.10984447941486966,-0.4069173377642197,0.10984447941486966,-0.7784301689719784,-0.5024763626030554,-0.43287310912130283,1.2843646232118018,-1.8556245034439138,1.6653299259044234,-3.520954429348337,4
phase6v2-r01-input-downstream-a01,D4-FULL,INPUT,0.4211031943242981,0.2760222797889706,0.5834018201422024,3.875850309657131e-06,0.5666714851439429,0.277352227660499,0.5834163916480847,-0.5362189275455179,1.01203229569636,1.252556306104214,-0.24052401040785387,3
phase6v2-r01-input-downstream-a01,D4-FULL,OUTPUT,-0.11366648771334309,-0.7464773872292083,0.49977692206069046,0.7464773872292083,-0.39826532307829754,-0.8811184457001422,0.7980086778827546,0.9914927445485057,-1.1519511081804006,2.24959973515146,-3.4015508433318606,4
phase6v2-r01-input-downstream-a01,D4-FULL,LOAD,0.5357556923257978,0.2636027956284347,0.03496515075999088,0.035051051140948815,1.452906457924403,0.7923682761330196,0.1181389252708358,-1.012533848590263,1.8003384016996824,1.6722263145800895,0.12811208711959288,2
phase6v2-r01-input-downstream-a01,D4-FULL,DOWNSTREAM,0.47371995594082944,5.0,-1.5218673465431163,0.0,0.6430500409923932,22.87217187789936,-1.6189417083771953,-0.8992374596297896,8.197997529801308,1.6653299259044234,6.5326676038968845,1
phase6v2-r01-output-control-a01,D4-FULL,INPUT,0.6555990192169405,0.6550455005267063,0.5812347885757074,0.0,0.8822285722023545,0.6582016818677408,0.5812493059560931,-0.536224030433869,1.2434505504425983,1.252556306104214,-0.009105755661615644,1
phase6v2-r01-output-control-a01,D4-FULL,OUTPUT,-0.011532652546001967,-0.24392166328627135,0.2737052166734504,0.48981556082077293,-0.04040817733162065,-0.2879174647542267,0.43703326113299257,0.1816166903697078,-0.14538081735399272,2.24959973515146,-2.394980552505453,3
phase6v2-r01-output-control-a01,D4-FULL,LOAD,-0.5702525994459903,-0.23446032060858413,0.011872593099714742,0.28733979872641835,-1.5464580148210991,-0.7047683982991078,0.04011466727560041,0.21318834977754894,-0.9502255983924177,1.6722263145800895,-2.6224519129725072,4
phase6v2-r01-output-control-a01,D4-FULL,DOWNSTREAM,0.6945958184800028,0.1920815442200187,-0.2825324231566661,0.0,0.9428774615576915,0.8786644187945187,-0.30055413492915944,-0.8992374596297896,1.4062333747708067,1.6653299259044234,-0.25909655113361674,2
phase6v2-r01-output-downstream-a01,D4-FULL,INPUT,-0.31873546298073346,0.45340486271599917,0.5744603227898106,0.0,-0.4289169510223131,0.45558948648104736,0.5744746709657738,-0.536224030433869,0.7366064325753717,1.252556306104214,-0.5159498735288423,4
phase6v2-r01-output-downstream-a01,D4-FULL,OUTPUT,1.2946800644804781,2.6568364772595716,-0.42343602257073487,0.0,4.536307794287726,3.1360462719597253,-0.676112892820951,-1.3639574965825638,3.6960378877247306,2.24959973515146,1.4464381525732706,2
phase6v2-r01-output-downstream-a01,D4-FULL,LOAD,1.1834925710512558,0.19308822755077693,0.5951786811389899,0.3393184906663666,3.209492729645659,0.5804072966724092,2.010967154596992,0.46572215147368956,1.4679002421646639,1.6722263145800895,-0.20432607241542566,3
phase6v2-r01-output-downstream-a01,D4-FULL,DOWNSTREAM,-0.17150246893483706,5.0,-0.3381344672083256,0.0,-0.23280562344014666,22.87217187789936,-0.35970283037277206,-0.8992374596297896,8.32579193432527,1.6653299259044234,6.660462008420847,1
phase6v2-r01-baseline-a01,D4-FULL,INPUT,0.2023289430126762,0.6349092489215007,0.5768723594270675,0.0,0.27227065519788146,0.6379684085113078,0.5768867678479679,-0.536224030433869,1.0319326409529215,1.252556306104214,-0.2206236651512925,2
phase6v2-r01-baseline-a01,D4-FULL,OUTPUT,-0.5642728362858199,-0.6367279861659529,0.9137477156837319,0.6367279861659529,-1.9771025565110216,-0.7515737021676976,1.4590081580890086,0.6451872065361945,-1.0684099067327648,2.24959973515146,-3.318009641884225,4
phase6v2-r01-baseline-a01,D4-FULL,LOAD,-0.0010094762375955555,0.6828979652775102,0.575086361017176,0.0,-0.00273758088944725,2.052734995589397,1.9430799854072405,-1.1828262293276621,2.5138520293633926,1.6722263145800895,0.8416257147833031,1
phase6v2-r01-baseline-a01,D4-FULL,DOWNSTREAM,0.2869333515352593,0.11870679373789386,-0.9521423002684402,0.0,0.3894970037738499,0.543016437889491,-1.0128759814159725,-0.8992374596297896,0.8724499463789125,1.6653299259044234,-0.7928799795255109,3
phase6v2-r01-output-load-a01,D4-FULL,INPUT,-3.5566164244102865,-5.0,-5.0,5.0,-4.786078895796267,-5.024091313798023,-5.000124883959727,6.046703512540826,-10.983468543725499,1.252556306104214,-12.236024849829713,4
phase6v2-r01-output-load-a01,D4-FULL,OUTPUT,1.8431501641341246,5.0,-0.350038397973512,0.0,6.4580406271717985,5.901842847314489,-0.5589167223314062,-1.3639574965825638,5.297613080634191,2.24959973515146,3.048013345482731,2
phase6v2-r01-output-load-a01,D4-FULL,LOAD,3.463705261350499,2.9339675868715,3.2023110297972672,0.120924446030326,9.393161500004371,8.819264733126955,10.819847054001125,-0.5953256798848552,10.272750108929005,1.6722263145800895,8.600523794348915,1
phase6v2-r01-output-load-a01,D4-FULL,DOWNSTREAM,-3.392762268146899,-0.14267981987718856,-1.6559842724937557,0.14267981987718856,-4.605497168208422,-0.6526794727477556,-1.7616134633852947,1.937099455278623,-4.277029490059114,1.6653299259044234,-5.942359415963537,3
phase6v2-r01-load-medium-a01,D4-FULL,INPUT,-1.5397302898298901,-2.186390695979135,-2.221419372347632,2.186390695979135,-2.071989150923124,-2.1969253008475174,-2.2214748562771183,2.342346276019063,-4.50580937870165,1.252556306104214,-5.758365684805864,4
phase6v2-r01-load-medium-a01,D4-FULL,OUTPUT,0.6030789601968218,1.7169251827143923,-0.6602710338651208,0.0,2.113071686795121,2.0266045217954116,-1.0542744002793312,-1.3639574965825638,2.392424766019631,2.24959973515146,0.1428250308681709,2
phase6v2-r01-load-medium-a01,D4-FULL,LOAD,3.6660076717085484,3.7839772196759642,3.3786362929012856,0.0,9.941781855649875,11.374323627081578,11.415608165520254,-1.1828262293276621,12.093397445411565,1.6722263145800895,10.421171130831475,1
phase6v2-r01-load-medium-a01,D4-FULL,DOWNSTREAM,-1.280758072434752,-0.09785080489075466,1.0005472844124235,0.10056007625592815,-1.7385620357597464,-0.44761208557042725,1.064368542776222,1.0997996620612707,-1.473734854912588,1.6653299259044234,-3.1390647808170113,3
phase6v2-r01-input-medium-a01,D4-FULL,INPUT,0.12495357796186082,1.9782747878387734,0.5819622835032525,0.0,0.16814792799497758,3.0576887012759633,0.5819768190541277,-0.9135641825222759,2.1828353319639655,1.8166743384926423,0.36616099347132325,1
phase6v2-r01-input-medium-a01,D4-FULL,OUTPUT,-0.5413635062474947,-0.5076814064029865,0.5870878697324519,0.5076814064029865,-1.8968327081786722,-0.8988767631282079,0.9374206651929083,1.0389651737912982,-1.6583947758292887,2.24959973515146,-3.907994510980749,4
phase6v2-r01-input-medium-a01,D4-FULL,LOAD,0.2512008439935038,0.2615442717351378,0.01895019577734593,0.010726758531120154,0.681227159509637,0.7861805229841136,0.06402820277180932,-1.1307112373830808,1.6411898658049342,1.6722263145800895,-0.031036448775155323,2
phase6v2-r01-input-medium-a01,D4-FULL,DOWNSTREAM,0.25716472941342,0.06990569119388587,0.6870883606267182,0.0,0.349087657628156,0.3197789968459826,0.7309152186527915,-0.8992374596297896,1.3658314173387665,1.6653299259044234,-0.29949850856565696,3
phase6v2-r01-input-load-a01,D4-FULL,INPUT,-3.4020107603475744,-1.6036477847291515,-4.7569196302860055,3.270314451395818,-4.578028654318849,-2.4786524816147937,-4.757038442877912,5.957929437571753,-9.895835963842272,1.8166743384926423,-11.712510302334914,4
phase6v2-r01-input-load-a01,D4-FULL,OUTPUT,1.499178408741615,2.5676846834930456,-2.2913327750918686,0.0,5.252830322471536,4.546221445029719,-3.658639200267916,-1.363957496582564,3.4107616856603435,2.24959973515146,1.1611619505088835,2
phase6v2-r01-input-load-a01,D4-FULL,LOAD,3.5530301966366546,3.4621096160891573,3.6407868628319204,0.0,9.6354002240906,10.406816140716993,12.301352568664088,-1.1828262293276621,11.964015873818223,1.6722263145800895,10.291789559238133,1
phase6v2-r01-input-load-a01,D4-FULL,DOWNSTREAM,-3.1537235375558543,-0.1439403316666178,0.6284716613169984,0.1439403316666178,-4.281014605087225,-0.6584456012081444,0.6685595740984444,1.9621572113306895,-3.385790755396331,1.6653299259044234,-5.0511206813007545,3
phase6v2-r01-output-medium-a01,D4-FULL,INPUT,0.07095426657354822,0.1541329023509552,0.5801316419222241,0.2857142857142857,0.0954819629925846,0.238233048770875,0.5801461317495453,-0.31322928487429025,0.6178496660452919,1.8166743384926423,-1.1988246724473504,3
phase6v2-r01-output-medium-a01,D4-FULL,OUTPUT,0.9749587968256688,3.4185921898083804,1.627966193580345,0.0,3.416066494330695,6.052798158991729,2.5994220469810156,-1.363957496582564,5.3867197300170435,2.24959973515146,3.1371199948655835,1
phase6v2-r01-output-medium-a01,D4-FULL,LOAD,0.7767228980046106,-0.0030111065606057696,0.33075899035466505,0.2604274159203405,2.106381193318991,-0.009051138129973171,1.117555931973252,0.08243695744600407,0.9891917049414193,1.6722263145800895,-0.6830346096386702,2
phase6v2-r01-output-medium-a01,D4-FULL,DOWNSTREAM,-0.16825255685362958,-0.036821869841381735,-0.6171294205867341,0.044292489095745104,-0.228394037922514,-0.1684392271755444,-0.6564938532415056,-0.018745586402204632,-0.33236345304431664,1.6653299259044234,-1.99769337894874,4
phase6v2-r01-load-downstream-a01,D4-FULL,INPUT,-1.4894738546362798,-1.1873874171604808,-2.147665487709687,1.568339798112862,-2.0043599114562975,-1.835266319829753,-2.1477191295037414,2.38178771009844,-4.377569497028371,1.8166743384926423,-6.1942438355210125,4
phase6v2-r01-load-downstream-a01,D4-FULL,OUTPUT,0.7214522288137838,1.0627983069868867,-1.7392170579949302,0.0,2.527828657103391,1.8817405758685515,-2.7770596114742716,-1.363957496582564,1.9081273704151211,2.24959973515146,-0.3414723647363389,3
phase6v2-r01-load-downstream-a01,D4-FULL,LOAD,3.5673930033913086,3.656007307382547,3.2080097431767296,0.09399269261745297,9.674350467618888,10.989656618679446,10.839101650633568,-0.7261711825680188,11.227207428211985,1.6722263145800895,9.554981113631895,1
phase6v2-r01-load-downstream-a01,D4-FULL,DOWNSTREAM,-1.3000650449612878,5.0,0.6430353643995244,0.0,-1.7647702402462353,22.87217187789936,0.684052242629824,-0.8992374596297896,8.163055419724106,1.6653299259044234,6.497725493819683,2
phase6v2-r01-output-downstream-control-a01,D4-FULL,INPUT,0.40055301625494827,0.01112690945513776,0.5803092228786849,0.2857142857142857,0.5390174561945382,0.017198129162968465,0.5803237171414087,-0.31322928487429025,0.6920757190405954,1.8166743384926423,-1.1245986194520468,3
phase6v2-r01-output-downstream-control-a01,D4-FULL,OUTPUT,0.17627403115218185,0.005933126800247157,1.8783551458366772,0.17769165481215002,0.6176300102118527,0.010504914590474654,2.999225535150603,-0.5229195930879557,1.732039746405599,2.24959973515146,-0.5175599887458611,2
phase6v2-r01-output-downstream-control-a01,D4-FULL,LOAD,0.12687830483218493,-0.08201611021046698,0.2184630870102764,0.24852332957340872,0.3440790477856134,-0.24653366709436147,0.7381347927798801,0.02460202415482202,0.25395803366888864,1.6722263145800895,-1.4182682809112008,4
phase6v2-r01-output-downstream-control-a01,D4-FULL,DOWNSTREAM,0.4991976764156418,5.0,1.2708316816270848,0.0,0.677634712780565,22.87217187789936,1.3518933949049863,-0.8992374596297896,9.199804121491427,1.6653299259044234,7.534474195587004,1
phase6v2-r01-downstream-medium-a01,D4-FULL,INPUT,0.482747081377497,0.676031606588047,0.5781490457526586,0.0,0.6496246270276879,1.044897411561297,0.5781634860610877,-0.9135641825222759,1.6711260240723003,1.8166743384926423,-0.145548314420342,3
phase6v2-r01-downstream-medium-a01,D4-FULL,OUTPUT,-0.10743260981182565,-0.43435170391279704,0.6286037816057812,0.43435170391279704,-0.3764230242053021,-0.7690426490869804,1.003710356618695,0.691886075949415,-0.7391378481739442,2.24959973515146,-2.9887375833254044,4
phase6v2-r01-downstream-medium-a01,D4-FULL,LOAD,0.24321401860121267,0.29661554799268686,0.07445696625468512,0.0008903761424888263,0.6595678279206451,0.8916018886556294,0.2515723736652832,-1.1785004168877875,1.7794144469683069,1.6722263145800895,0.10718813238821734,2
phase6v2-r01-downstream-medium-a01,D4-FULL,DOWNSTREAM,0.5363844571362154,5.0,-1.2695009753606725,0.0,0.7281138208841023,22.87217187789936,-1.3504778077441293,-0.8992374596297896,8.315840089976232,1.6653299259044234,6.650510164071809,1
phase6v2-r01-output-load-control-a01,D4-FULL,INPUT,-0.34396118182209523,-0.7358450937874709,-0.8069063317468814,0.7358450937874709,-0.4628627765404388,-1.1373471688538104,-0.8069264856784488,0.6325730292005822,-1.4349518395581482,1.8166743384926423,-3.2516261780507905,3
phase6v2-r01-output-load-control-a01,D4-FULL,OUTPUT,-0.08929699089057992,0.44899328737646016,0.04294318368470468,0.0,-0.3128793335872718,0.7949663464784941,0.0685686587828199,-1.363957496582564,1.547509387140578,2.24959973515146,-0.702090348010882,2
phase6v2-r01-output-load-control-a01,D4-FULL,LOAD,3.168338792600644,3.866647553687076,3.4888634049161014,0.0,8.592162357955075,11.622823836996117,11.788039351031943,-1.1828262293276621,11.850501411322039,1.6722263145800895,10.178275096741949,1
phase6v2-r01-output-load-control-a01,D4-FULL,DOWNSTREAM,-0.5734513363521894,-0.10984447941486966,-0.4069173377642197,0.10984447941486966,-0.7784301689719784,-0.5024763626030554,-0.43287310912130283,1.2843646232118018,-1.8556245034439138,1.6653299259044234,-3.520954429348337,4
phase6v2-r01-input-downstream-a01,D4-FULL,INPUT,0.4211031943242981,1.8506815198593136,0.5834018201422024,2.5839002064380876e-06,0.5666714851439429,2.860476212769303,0.5834163916480847,-0.913558753303145,2.2504134498235886,1.8166743384926423,0.43373911133094634,2
phase6v2-r01-input-downstream-a01,D4-FULL,OUTPUT,-0.11366648771334309,-0.49765159148613886,0.49977692206069046,0.49765159148613886,-0.39826532307829754,-0.881118445700142,0.7980086778827546,0.9914927445485054,-1.1519511081804004,2.24959973515146,-3.4015508433318606,4
phase6v2-r01-input-downstream-a01,D4-FULL,LOAD,0.5357556923257978,0.2636027956284347,0.03496515075999088,0.035051051140948815,1.452906457924403,0.7923682761330196,0.1181389252708358,-1.012533848590263,1.8003384016996824,1.6722263145800895,0.12811208711959288,3
phase6v2-r01-input-downstream-a01,D4-FULL,DOWNSTREAM,0.47371995594082944,5.0,-1.5218673465431163,0.0,0.6430500409923932,22.87217187789936,-1.6189417083771953,-0.8992374596297896,8.197997529801308,1.6653299259044234,6.5326676038968845,1
phase6v2-r01-output-control-a01,D4-FULL,INPUT,0.6555990192169405,0.15098271463685184,0.5812347885757074,0.2857142857142857,0.8822285722023545,0.2333640116484663,0.5812493059560931,-0.31322928487429025,0.8788432481432615,1.8166743384926423,-0.9378310903493807,2
phase6v2-r01-output-control-a01,D4-FULL,OUTPUT,-0.011532652546001967,-0.16261444219084756,0.2737052166734504,0.3265437072138486,-0.04040817733162065,-0.28791746475422664,0.43703326113299257,0.18161669036970762,-0.14538081735399253,2.24959973515146,-2.3949805525054524,3
phase6v2-r01-output-control-a01,D4-FULL,LOAD,-0.5702525994459903,-0.23446032060858413,0.011872593099714742,0.28733979872641835,-1.5464580148210991,-0.7047683982991078,0.04011466727560041,0.21318834977754894,-0.9502255983924177,1.6722263145800895,-2.6224519129725072,4
phase6v2-r01-output-control-a01,D4-FULL,DOWNSTREAM,0.6945958184800028,0.1920815442200187,-0.2825324231566661,0.0,0.9428774615576915,0.8786644187945187,-0.30055413492915944,-0.8992374596297896,1.4062333747708067,1.6653299259044234,-0.25909655113361674,1
phase6v2-r01-output-downstream-a01,D4-FULL,INPUT,-0.31873546298073346,0.01655562276304708,0.5744603227898106,0.2857142857142857,-0.4289169510223131,0.02558893282993286,0.5744746709657738,-0.31322928487429025,0.3702781691320881,1.8166743384926423,-1.446396169360554,4
phase6v2-r01-output-downstream-a01,D4-FULL,OUTPUT,1.2946800644804781,3.4378909848397146,-0.42343602257073487,0.0,4.536307794287726,6.08696769561697,-0.676112892820951,-1.363957496582564,4.679678362277146,2.24959973515146,2.430078627125686,2
phase6v2-r01-output-downstream-a01,D4-FULL,LOAD,1.1834925710512558,0.19308822755077693,0.5951786811389899,0.3393184906663666,3.209492729645659,0.5804072966724092,2.010967154596992,0.46572215147368956,1.4679002421646639,1.6722263145800895,-0.20432607241542566,3
phase6v2-r01-output-downstream-a01,D4-FULL,DOWNSTREAM,-0.17150246893483706,5.0,-0.3381344672083256,0.0,-0.23280562344014666,22.87217187789936,-0.35970283037277206,-0.8992374596297896,8.32579193432527,1.6653299259044234,6.660462008420847,1
phase6v2-r01-baseline-a01,D4-FULL,INPUT,0.2023289430126762,0.8042252135667148,0.5768723594270675,0.0,0.27227065519788146,1.2430378044147643,0.5768867678479679,-0.9135641825222759,1.610962591675814,1.8166743384926423,-0.20571174681682836,2
phase6v2-r01-baseline-a01,D4-FULL,OUTPUT,-0.5642728362858199,-0.4244853241106353,0.9137477156837319,0.4244853241106353,-1.9771025565110216,-0.7515737021676975,1.4590081580890086,0.6451872065361943,-1.0684099067327644,2.24959973515146,-3.3180096418842244,4
phase6v2-r01-baseline-a01,D4-FULL,LOAD,-0.0010094762375955555,0.6828979652775102,0.575086361017176,0.0,-0.00273758088944725,2.052734995589397,1.9430799854072405,-1.1828262293276621,2.5138520293633926,1.6722263145800895,0.8416257147833031,1
phase6v2-r01-baseline-a01,D4-FULL,DOWNSTREAM,0.2869333515352593,0.11870679373789386,-0.9521423002684402,0.0,0.3894970037738499,0.543016437889491,-1.0128759814159725,-0.8992374596297896,0.8724499463789125,1.6653299259044234,-0.7928799795255109,3
phase6v2-r01-output-load-a01,D4-FULL,INPUT,-3.5566164244102865,-3.619047619047619,-5.0,3.619047619047619,-4.786078895796267,-5.5937229156273505,-5.000124883959727,6.690677854352209,-11.817320086146658,1.8166743384926423,-13.633994424639301,4
phase6v2-r01-output-load-a01,D4-FULL,OUTPUT,1.8431501641341246,5.0,-0.350038397973512,0.0,6.4580406271717985,8.852764270971733,-0.5589167223314062,-1.363957496582564,6.2812535551866056,2.24959973515146,4.031653820035146,2
phase6v2-r01-output-load-a01,D4-FULL,LOAD,3.463705261350499,2.9339675868715,3.2023110297972672,0.120924446030326,9.393161500004371,8.819264733126955,10.819847054001125,-0.5953256798848552,10.272750108929005,1.6722263145800895,8.600523794348915,1
phase6v2-r01-output-load-a01,D4-FULL,DOWNSTREAM,-3.392762268146899,-0.14267981987718856,-1.6559842724937557,0.14267981987718856,-4.605497168208422,-0.6526794727477556,-1.7616134633852947,1.937099455278623,-4.277029490059114,1.6653299259044234,-5.942359415963537,3
phase6v2-r01-load-medium-a01,D4-FULL,INPUT,-1.5397302898298901,-1.0766414163670424,-2.221419372347632,1.4575937973194233,-2.071989150923124,-1.6640935396784482,-2.2214748562771183,2.1490912984190556,-4.134943814045286,1.8166743384926423,-5.951618152537929,4
phase6v2-r01-load-medium-a01,D4-FULL,OUTPUT,0.6030789601968218,1.1446167884762615,-0.6602710338651208,0.0,2.113071686795121,2.026604521795411,-1.0542744002793312,-1.363957496582564,2.392424766019631,2.24959973515146,0.1428250308681709,2
phase6v2-r01-load-medium-a01,D4-FULL,LOAD,3.6660076717085484,3.7839772196759642,3.3786362929012856,0.0,9.941781855649875,11.374323627081578,11.415608165520254,-1.1828262293276621,12.093397445411565,1.6722263145800895,10.421171130831475,1
phase6v2-r01-load-medium-a01,D4-FULL,DOWNSTREAM,-1.280758072434752,-0.09785080489075466,1.0005472844124235,0.10056007625592815,-1.7385620357597464,-0.44761208557042725,1.064368542776222,1.0997996620612707,-1.473734854912588,1.6653299259044234,-3.1390647808170113,3
phase6v2-r02-output-control-a01,D4-S,INPUT,0.46982959109964345,0.6352161748449455,0.5825090066074636,0.0,0.6661316844774953,0.6382526079294397,0.582522016023126,-0.5293630637796174,0.6661316844774953,0.8515649886687735,-0.18543330419127824,2
phase6v2-r02-output-control-a01,D4-S,OUTPUT,0.1841645209237838,0.18206114659829825,0.12826303881958445,0.24018352824317019,0.589917602959344,0.214701611090522,0.19906715546083306,-0.6025640936747058,0.589917602959344,2.1612310376726334,-1.5713134347132893,3
phase6v2-r02-output-control-a01,D4-S,LOAD,-0.494975267479756,-0.32551447644365766,-0.11001656584902621,0.32551447644365766,-1.3380768627587352,-0.8912377290786077,-0.2886021834119062,0.31879499332354305,-1.3380768627587352,1.6075456476495942,-2.945622510408329,4
phase6v2-r02-output-control-a01,D4-S,DOWNSTREAM,0.6438363799635276,0.05913283529564647,-0.43633799910549376,0.0031088260427549635,0.9145115579512724,0.27047681156586656,-0.46617567461022236,-0.842679257681462,0.9145115579512724,1.007492006357003,-0.09298044840573061,1
phase6v2-r02-input-downstream-a01,D4-S,INPUT,0.3365035241651752,0.26779675520497725,0.5809689606210254,0.0038954523402923093,0.4770999179939303,0.26907686575572487,0.5809819356422009,-0.524260983562267,0.4770999179939303,0.8515649886687735,-0.3744650706748432,3
phase6v2-r02-input-downstream-a01,D4-S,OUTPUT,-0.1000867234389691,-0.7473159975579369,0.2832027656789934,0.7473159975579369,-0.32606068245621894,-0.8812970349100799,0.43953713790967786,1.0087323794801313,-0.32606068245621894,2.1612310376726334,-2.4872917201288525,4
phase6v2-r02-input-downstream-a01,D4-S,LOAD,0.5167290783400409,0.2641348320243794,0.03573955099069679,0.05628067011866911,1.402358638299381,0.7231842050032858,0.09375417575050175,-0.9127629964271765,1.402358638299381,1.6075456476495942,-0.20518700935021328,1
phase6v2-r02-input-downstream-a01,D4-S,DOWNSTREAM,0.4744134235953807,5.0,-3.6952669464853,0.0,0.6735784874419283,22.870272515562945,-3.947956779318128,-0.9020574188262281,0.6735784874419283,1.007492006357003,-0.3339135189150747,2
phase6v2-r02-baseline-a01,D4-S,INPUT,0.481634089203815,0.6431771200028243,0.5749778411324141,0.0,0.682868285056737,0.6462516076555403,0.5749906823514289,-0.5293630637796174,0.682868285056737,0.8515649886687735,-0.16869670361203648,2
phase6v2-r02-baseline-a01,D4-S,OUTPUT,-0.16628200853840822,-0.6763657252807751,0.2888427697869939,0.6763657252807751,-0.5393700168934679,-0.797626586547869,0.448290552649417,0.7833042509202758,-0.5393700168934679,2.1612310376726334,-2.7006010545661012,3
phase6v2-r02-baseline-a01,D4-S,LOAD,-0.44733096568006847,0.08142847224811711,-0.22652960574242811,0.17603637604901795,-1.2090212383419086,0.2229459269573027,-0.5942463148178854,-0.3649636748266408,-1.2090212383419086,1.6075456476495942,-2.8165668859915027,4
phase6v2-r02-baseline-a01,D4-S,DOWNSTREAM,0.7161967369092641,0.06338351187107906,1.1799042028944873,0.009847269297697678,1.0174138054141562,0.2899196378969992,1.2605884403544467,-0.7139758937897089,1.0174138054141562,1.007492006357003,0.00992179905715318,1
phase6v2-r02-output-medium-a01,D4-S,INPUT,-0.2180869527872157,0.6470487163288954,0.5678781684981613,0.0,-0.3092070656569216,0.6501417108201332,0.5678908511572375,-0.5293630637796174,-0.3092070656569216,0.8515649886687735,-1.1607720543256952,4
phase6v2-r02-output-medium-a01,D4-S,OUTPUT,1.1937114266626754,2.651861249947032,1.154377125020862,0.0,3.843106681650564,3.1272948313809814,1.7916195711704095,-1.3656918667613431,3.843106681650564,2.1612310376726334,1.6818756439779308,1
phase6v2-r02-output-medium-a01,D4-S,LOAD,0.5439942484182528,-0.07435138823424539,0.2344535734997735,0.2501915683590755,1.476212665252457,-0.2035693254803687,0.6150329516157805,-0.02575508576589854,1.476212665252457,1.6075456476495942,-0.1313329823971372,2
phase6v2-r02-output-medium-a01,D4-S,DOWNSTREAM,-0.03109549332339057,-0.03690232444517017,0.8479706022339659,0.0477721716478588,-0.04529585009731901,-0.1687932433037526,0.9059565482640508,0.010384662953375754,-0.04529585009731901,1.007492006357003,-1.052787856454322,3
phase6v2-r02-input-medium-a01,D4-S,INPUT,0.40065642107964106,0.465215433789122,0.5790487024638206,0.0,0.5680568906821001,0.46743923663060255,0.5790616345990729,-0.5293630637796174,0.5680568906821001,0.8515649886687735,-0.2835080979866734,2
phase6v2-r02-input-medium-a01,D4-S,OUTPUT,-0.14950368781910914,-0.7057989608155741,0.07697883204279535,0.7057989608155741,-0.48530313856169505,-0.83233670019376,0.1194728993362715,0.8768215693338226,-0.48530313856169505,2.1612310376726334,-2.6465341762343284,4
phase6v2-r02-input-medium-a01,D4-S,LOAD,-0.11502938978334944,-0.14038423097026273,-0.5165843102295553,0.38778033457105254,-0.3089054689399154,-0.3843630076772933,-1.3551355534326817,0.6036181220093726,-0.3089054689399154,1.6075456476495942,-1.9164511165895095,3
phase6v2-r02-input-medium-a01,D4-S,DOWNSTREAM,0.6313569451821243,0.01546386408410467,-0.2789287224365371,0.008656496064428613,0.8967647979810874,0.07073255714941983,-0.29800243301428064,-0.7367195031005942,0.8967647979810874,1.007492006357003,-0.11072720837591554,1
phase6v2-r02-output-load-a01,D4-S,INPUT,-3.1719173880738114,-5.0,-5.0,5.0,-4.497193690579931,-5.023900785313248,-5.000111667077374,6.019401715829425,-4.497193690579931,0.8515649886687735,-5.3487586792487045,3
phase6v2-r02-output-load-a01,D4-S,OUTPUT,2.10698093431332,5.0,-1.78609488165091,0.0,6.786049076205544,5.8964148886813845,-2.772059907090792,-1.3656918667613431,6.786049076205544,2.1612310376726334,4.624818038532911,2
phase6v2-r02-output-load-a01,D4-S,LOAD,3.2174081898105107,2.9657467061469482,3.2053766986582257,0.0959674760063305,8.717773408058633,8.120023994896792,8.408540175303063,-0.7312233764745582,8.717773408058633,1.6075456476495942,7.110227760409039,1
phase6v2-r02-output-load-a01,D4-S,DOWNSTREAM,-3.1175804485173453,-0.1494861650625558,-1.390581492552128,0.1494861650625558,-4.434525699917039,-0.6837578664574152,-1.485672269478985,1.9531083176688468,-4.434525699917039,1.007492006357003,-5.442017706274042,4
phase6v2-r02-output-downstream-a01,D4-S,INPUT,-0.35940754306553874,0.4578450221597514,0.5771631901088892,0.0,-0.5095735913862217,0.4600335932760272,0.5771760801342106,-0.5293630637796174,-0.5095735913862217,0.8515649886687735,-1.361138580054995,4
phase6v2-r02-output-downstream-a01,D4-S,OUTPUT,1.2587704430403863,2.6259144732646176,0.3911630734076184,0.0,4.052754475474919,3.096696239312285,0.6070939926357182,-1.3656918667613431,4.052754475474919,2.1612310376726334,1.8915234378022858,1
phase6v2-r02-output-downstream-a01,D4-S,LOAD,1.0675902044137575,-0.19706816410095648,0.07453825930275315,0.2903389909199751,2.894493561197251,-0.5395599758446593,0.1955333200639784,0.15789153609662915,2.894493561197251,1.6075456476495942,1.286947913547657,2
phase6v2-r02-output-downstream-a01,D4-S,DOWNSTREAM,-0.13206791825556424,5.0,-0.39459976491922316,0.0,-0.18888675948282335,22.870272515562945,-0.4215832954942336,-0.9020574188262281,-0.18888675948282335,1.007492006357003,-1.1963787658398264,3
phase6v2-r02-output-downstream-control-a01,D4-S,INPUT,0.33641643906436275,0.44480745130542937,0.5758189415290974,0.0,0.47697644738672285,0.4469337007853061,0.5758318015327568,-0.5293630637796174,0.47697644738672285,0.8515649886687735,-0.37458854128205066,2
phase6v2-r02-output-downstream-control-a01,D4-S,OUTPUT,0.16091466342042984,-0.012930479959896879,0.3376504802745561,0.45039205382512015,0.5149966834051607,-0.015248694910666435,0.5240412301690839,0.06532502088925454,0.5149966834051607,2.1612310376726334,-1.6462343542674727,4
phase6v2-r02-output-downstream-control-a01,D4-S,LOAD,0.05420162772965439,-0.3107713183217971,-0.0864759074265715,0.3145554026782772,0.14949593082577145,-0.8508719090772102,-0.22684888864902988,0.268664829358435,0.14949593082577145,1.6075456476495942,-1.4580497168238227,3
phase6v2-r02-output-downstream-control-a01,D4-S,DOWNSTREAM,0.5180033427932812,5.0,2.1564650337648814,0.0,0.7355668584439284,22.870272515562945,2.3039284773491606,-0.9020574188262281,0.7355668584439284,1.007492006357003,-0.27192514791307454,1
phase6v2-r02-input-load-a01,D4-S,INPUT,-3.10113964114216,-4.9219100193848755,-4.802612185561282,4.9219100193848755,-4.396843902741422,-4.945437522325763,-4.802719444294587,5.917123132890889,-4.396843902741422,0.8515649886687735,-5.248408891410195,4
phase6v2-r02-input-load-a01,D4-S,OUTPUT,1.843020914002347,3.9556804480367687,-2.2163956900264954,0.0,5.935457736263519,4.664866617733971,-3.439896555155188,-1.3656918667613431,5.935457736263519,2.1612310376726334,3.7742266985908857,2
phase6v2-r02-input-load-a01,D4-S,LOAD,3.256205625204269,2.927183002080316,2.9444969393752665,0.29162729546855015,8.822865246145884,8.014439050065148,7.724184437092198,0.16378463615596786,8.822865246145884,1.6075456476495942,7.21531959849629,1
phase6v2-r02-input-load-a01,D4-S,DOWNSTREAM,-2.846827646036226,-0.14485050779297687,-0.2875457215449289,0.14485050779297687,-4.049493438355993,-0.6625541174486111,-0.3072086799620718,1.864567884534467,-4.049493438355993,1.007492006357003,-5.056985444712996,3
phase6v2-r02-load-downstream-a01,D4-S,INPUT,-1.5455899227637135,-2.351488245247703,-2.1719766269915106,2.351488245247703,-2.191361374987723,-2.362728728390961,-2.1720251346479227,2.550505616248948,-2.191361374987723,0.8515649886687735,-3.0429263636564965,4
phase6v2-r02-load-downstream-a01,D4-S,OUTPUT,0.7040279665622587,1.637820721123641,-0.9240945950223192,0.0,2.2651385106239235,1.9314540970048637,-1.4342158434791057,-1.3656918667613431,2.2651385106239235,2.1612310376726334,0.1039074729512901,2
phase6v2-r02-load-downstream-a01,D4-S,LOAD,3.5829793759239976,3.595620108941226,3.1274934785883013,0.15437989105877414,9.70800762097736,9.844576915696162,8.20423214959923,-0.46402707805861393,9.70800762097736,1.6075456476495942,8.100461973327766,1
phase6v2-r02-load-downstream-a01,D4-S,DOWNSTREAM,-1.3406381865473107,5.0,2.128236819368957,0.0,-1.9075708853406195,22.870272515562945,2.273769960520374,-0.9020574188262281,-1.9075708853406195,1.007492006357003,-2.9150628916976222,3
phase6v2-r02-load-medium-a01,D4-S,INPUT,-1.491365374537798,-2.2267512481353013,-2.2226417861876486,2.2267512481353013,-2.1144809691256334,-2.237395468840839,-2.2226914253701113,2.38713096556817,-2.1144809691256334,0.8515649886687735,-2.9660459577944067,4
phase6v2-r02-load-medium-a01,D4-S,OUTPUT,0.6476426826345828,1.7077136451171544,-0.8351340983837998,0.0,2.083441168153081,2.0138776325346295,-1.2961471279926218,-1.3656918667613431,2.083441168153081,2.1612310376726334,-0.07778986951955247,2
phase6v2-r02-load-medium-a01,D4-S,LOAD,3.570429240265615,3.8202457618447383,3.4269943491263177,0.0,9.674012672311346,10.459587525896096,8.989901148663005,-1.1702080398237877,9.674012672311346,1.6075456476495942,8.066467024661751,1
phase6v2-r02-load-medium-a01,D4-S,DOWNSTREAM,-1.2377726989496811,-0.12009634868037414,-0.08281684154269489,0.12009634868037414,-1.7612878885873098,-0.5493272444888451,-0.08848002478445517,1.3917667600660308,-1.7612878885873098,1.007492006357003,-2.7687798949443128,3
phase6v2-r02-downstream-medium-a01,D4-S,INPUT,0.3591424684094758,0.43663561268482926,0.5746120468483632,0.0,0.509197764425765,0.43872279949260884,0.5746248798979423,-0.5293630637796174,0.509197764425765,0.8515649886687735,-0.34236722424300847,2
phase6v2-r02-downstream-medium-a01,D4-S,OUTPUT,-0.09712870967776231,-0.651295292779336,0.3628604460856316,0.651295292779336,-0.3165287052812375,-0.7680614522544356,0.563167670876096,0.7036487330540703,-0.3165287052812375,2.1612310376726334,-2.4777597429538707,4
phase6v2-r02-downstream-medium-a01,D4-S,LOAD,0.21251910517432257,0.2767654613817141,0.04705971292835854,0.015567088348703583,0.5783354800675757,0.7577660569327284,0.1234499168107055,-1.098999404122745,0.5783354800675757,1.6075456476495942,-1.0292101675820184,3
phase6v2-r02-downstream-medium-a01,D4-S,DOWNSTREAM,0.5387185571259264,5.0,0.47393691558349854,0.0,0.7650255593331885,22.870272515562945,0.5063456810952858,-0.9020574188262281,0.7650255593331885,1.007492006357003,-0.24246644702381448,1
phase6v2-r02-output-load-control-a01,D4-S,INPUT,-1.0384713810073232,-1.162170315578822,-1.136545195155961,1.162170315578822,-1.4723608376667106,-1.1677256722208378,-1.1365705780920103,0.9927929423343258,-1.4723608376667106,0.8515649886687735,-2.323925826335484,4
phase6v2-r02-output-load-control-a01,D4-S,OUTPUT,0.314865200936838,1.087855456147545,-1.120617967662945,0.0,1.0110907276343015,1.2828894216723328,-1.739224590606694,-1.3656918667613431,1.0110907276343015,2.1612310376726334,-1.1501403100383318,2
phase6v2-r02-output-load-control-a01,D4-S,LOAD,3.306529267293164,2.832419884526548,2.1098931793687306,0.9175801154734523,8.95917848419094,7.754983720730056,5.534800815063744,3.0270847811366153,8.95917848419094,1.6075456476495942,7.351632836541345,1
phase6v2-r02-output-load-control-a01,D4-S,DOWNSTREAM,-0.6850629857924388,-0.1300024490061864,-0.5981703305059197,0.1300024490061864,-0.9752902224743982,-0.5946382872924117,-0.6390744283722088,1.5809719498620631,-0.9752902224743982,1.007492006357003,-1.9827822288314012,3
phase6v2-r02-output-control-a01,D4-SM,INPUT,0.46982959109964345,0.6352161748449455,0.5825090066074636,0.0,0.6661316844774953,0.6382526079294397,0.582522016023126,-0.5293630637796174,0.6521921462034674,0.7536264953258053,-0.10143434912233784,1
phase6v2-r02-output-control-a01,D4-SM,OUTPUT,0.1841645209237838,0.18206114659829825,0.12826303881958445,0.24018352824317019,0.589917602959344,0.214701611090522,0.19906715546083306,-0.6025640936747058,0.402309607024933,2.091359598635565,-1.6890499916106319,3
phase6v2-r02-output-control-a01,D4-SM,LOAD,-0.494975267479756,-0.32551447644365766,-0.11001656584902621,0.32551447644365766,-1.3380768627587352,-0.8912377290786077,-0.2886021834119062,0.31879499332354305,-1.1146572959186714,1.029346818052687,-2.1440041139713584,4
phase6v2-r02-output-control-a01,D4-SM,DOWNSTREAM,0.6438363799635276,0.05913283529564647,-0.43633799910549376,0.0031088260427549635,0.9145115579512724,0.27047681156586656,-0.46617567461022236,-0.842679257681462,0.5924941847585694,0.7539477787350078,-0.16145359397643844,2
phase6v2-r02-input-downstream-a01,D4-SM,INPUT,0.3365035241651752,0.26779675520497725,0.5809689606210254,0.0038954523402923093,0.4770999179939303,0.26907686575572487,0.5809819356422009,-0.524260983562267,0.37308839187482756,0.7536264953258053,-0.3805381034509777,3
phase6v2-r02-input-downstream-a01,D4-SM,OUTPUT,-0.1000867234389691,-0.7473159975579369,0.2832027656789934,0.7473159975579369,-0.32606068245621894,-0.8812970349100799,0.43953713790967786,1.0087323794801313,-0.6036788586831494,2.091359598635565,-2.6950384573187143,4
phase6v2-r02-input-downstream-a01,D4-SM,LOAD,0.5167290783400409,0.2641348320243794,0.03573955099069679,0.05628067011866911,1.402358638299381,0.7231842050032858,0.09375417575050175,-0.9127629964271765,1.0627714216513333,1.029346818052687,0.033424603598646296,2
phase6v2-r02-input-downstream-a01,D4-SM,DOWNSTREAM,0.4744134235953807,5.0,-3.6952669464853,0.0,0.6735784874419283,22.870272515562945,-3.947956779318128,-0.9020574188262281,11.771925501502437,0.7539477787350078,11.01797772276743,1
phase6v2-r02-baseline-a01,D4-SM,INPUT,0.481634089203815,0.6431771200028243,0.5749778411324141,0.0,0.682868285056737,0.6462516076555403,0.5749906823514289,-0.5293630637796174,0.6645599463561387,0.7536264953258053,-0.08906654896966659,1
phase6v2-r02-baseline-a01,D4-SM,OUTPUT,-0.16628200853840822,-0.6763657252807751,0.2888427697869939,0.6763657252807751,-0.5393700168934679,-0.797626586547869,0.448290552649417,0.7833042509202758,-0.6684983017206685,2.091359598635565,-2.7598579003562334,4
phase6v2-r02-baseline-a01,D4-SM,LOAD,-0.44733096568006847,0.08142847224811711,-0.22652960574242811,0.17603637604901795,-1.2090212383419086,0.2229459269573027,-0.5942463148178854,-0.3649636748266408,-0.49303765569230296,1.029346818052687,-1.52238447374499,3
phase6v2-r02-baseline-a01,D4-SM,DOWNSTREAM,0.7161967369092641,0.06338351187107906,1.1799042028944873,0.009847269297697678,1.0174138054141562,0.2899196378969992,1.2605884403544467,-0.7139758937897089,0.6536667216555777,0.7539477787350078,-0.10028105707943014,2
phase6v2-r02-output-medium-a01,D4-SM,INPUT,-0.2180869527872157,0.6470487163288954,0.5678781684981613,0.0,-0.3092070656569216,0.6501417108201332,0.5678908511572375,-0.5293630637796174,0.1704673225816058,0.7536264953258053,-0.5831591727441995,3
phase6v2-r02-output-medium-a01,D4-SM,OUTPUT,1.1937114266626754,2.651861249947032,1.154377125020862,0.0,3.843106681650564,3.1272948313809814,1.7916195711704095,-1.3656918667613431,3.4852007565157725,2.091359598635565,1.3938411578802077,1
phase6v2-r02-output-medium-a01,D4-SM,LOAD,0.5439942484182528,-0.07435138823424539,0.2344535734997735,0.2501915683590755,1.476212665252457,-0.2035693254803687,0.6150329516157805,-0.02575508576589854,0.6363216698860441,1.029346818052687,-0.3930251481666429,2
phase6v2-r02-output-medium-a01,D4-SM,DOWNSTREAM,-0.03109549332339057,-0.03690232444517017,0.8479706022339659,0.0477721716478588,-0.04529585009731901,-0.1687932433037526,0.9059565482640508,0.010384662953375754,-0.1070445467005358,0.7539477787350078,-0.8609923254355436,4
phase6v2-r02-input-medium-a01,D4-SM,INPUT,0.40065642107964106,0.465215433789122,0.5790487024638206,0.0,0.5680568906821001,0.46743923663060255,0.5790616345990729,-0.5293630637796174,0.5177480636563513,0.7536264953258053,-0.235878431669454,1
phase6v2-r02-input-medium-a01,D4-SM,OUTPUT,-0.14950368781910914,-0.7057989608155741,0.07697883204279535,0.7057989608155741,-0.48530313856169505,-0.83233670019376,0.1194728993362715,0.8768215693338226,-0.6588199193777275,2.091359598635565,-2.7501795180132924,4
phase6v2-r02-input-medium-a01,D4-SM,LOAD,-0.11502938978334944,-0.14038423097026273,-0.5165843102295553,0.38778033457105254,-0.3089054689399154,-0.3843630076772933,-1.3551355534326817,0.6036181220093726,-0.34663423830860435,1.029346818052687,-1.3759810563612913,3
phase6v2-r02-input-medium-a01,D4-SM,DOWNSTREAM,0.6313569451821243,0.01546386408410467,-0.2789287224365371,0.008656496064428613,0.8967647979810874,0.07073255714941983,-0.29800243301428064,-0.7367195031005942,0.48374867756525364,0.7539477787350078,-0.2701991011697542,2
phase6v2-r02-output-load-a01,D4-SM,INPUT,-3.1719173880738114,-5.0,-5.0,5.0,-4.497193690579931,-5.023900785313248,-5.000111667077374,6.019401715829425,-4.760547237946589,0.7536264953258053,-5.514173733272394,4
phase6v2-r02-output-load-a01,D4-SM,OUTPUT,2.10698093431332,5.0,-1.78609488165091,0.0,6.786049076205544,5.8964148886813845,-2.772059907090792,-1.3656918667613431,6.341231982443464,2.091359598635565,4.249872383807899,2
phase6v2-r02-output-load-a01,D4-SM,LOAD,3.2174081898105107,2.9657467061469482,3.2053766986582257,0.0959674760063305,8.717773408058633,8.120023994896792,8.408540175303063,-0.7312233764745582,8.418898701477712,1.029346818052687,7.389551883425025,1
phase6v2-r02-output-load-a01,D4-SM,DOWNSTREAM,-3.1175804485173453,-0.1494861650625558,-1.390581492552128,0.1494861650625558,-4.434525699917039,-0.6837578664574152,-1.485672269478985,1.9531083176688468,-2.559141783187227,0.7539477787350078,-3.3130895619222347,3
phase6v2-r02-output-downstream-a01,D4-SM,INPUT,-0.35940754306553874,0.4578450221597514,0.5771631901088892,0.0,-0.5095735913862217,0.4600335932760272,0.5771760801342106,-0.5293630637796174,-0.024769999055097247,0.7536264953258053,-0.7783964943809025,4
phase6v2-r02-output-downstream-a01,D4-SM,OUTPUT,1.2587704430403863,2.6259144732646176,0.3911630734076184,0.0,4.052754475474919,3.096696239312285,0.6070939926357182,-1.3656918667613431,3.574725357393602,2.091359598635565,1.4833657587580373,2
phase6v2-r02-output-downstream-a01,D4-SM,LOAD,1.0675902044137575,-0.19706816410095648,0.07453825930275315,0.2903389909199751,2.894493561197251,-0.5395599758446593,0.1955333200639784,0.15789153609662915,1.1774667926762958,1.029346818052687,0.14811997462360882,3
phase6v2-r02-output-downstream-a01,D4-SM,DOWNSTREAM,-0.13206791825556424,5.0,-0.39459976491922316,0.0,-0.18888675948282335,22.870272515562945,-0.4215832954942336,-0.9020574188262281,11.34069287804006,0.7539477787350078,10.586745099305054,1
phase6v2-r02-output-downstream-control-a01,D4-SM,INPUT,0.33641643906436275,0.44480745130542937,0.5758189415290974,0.0,0.47697644738672285,0.4469337007853061,0.5758318015327568,-0.5293630637796174,0.46195507408601444,0.7536264953258053,-0.29167142123979084,2
phase6v2-r02-output-downstream-control-a01,D4-SM,OUTPUT,0.16091466342042984,-0.012930479959896879,0.3376504802745561,0.45039205382512015,0.5149966834051607,-0.015248694910666435,0.5240412301690839,0.06532502088925454,0.24987399424724713,2.091359598635565,-1.8414856043883177,4
phase6v2-r02-output-downstream-control-a01,D4-SM,LOAD,0.05420162772965439,-0.3107713183217971,-0.0864759074265715,0.3145554026782772,0.14949593082577145,-0.8508719090772102,-0.22684888864902988,0.268664829358435,-0.3506879891257194,1.029346818052687,-1.3800348071784065,3
phase6v2-r02-output-downstream-control-a01,D4-SM,DOWNSTREAM,0.5180033427932812,5.0,2.1564650337648814,0.0,0.7355668584439284,22.870272515562945,2.3039284773491606,-0.9020574188262281,11.802919687003437,0.7539477787350078,11.04897190826843,1
phase6v2-r02-input-load-a01,D4-SM,INPUT,-3.10113964114216,-4.9219100193848755,-4.802612185561282,4.9219100193848755,-4.396843902741422,-4.945437522325763,-4.802719444294587,5.917123132890889,-4.671140712533592,0.7536264953258053,-5.424767207859397,4
phase6v2-r02-input-load-a01,D4-SM,OUTPUT,1.843020914002347,3.9556804480367687,-2.2163956900264954,0.0,5.935457736263519,4.664866617733971,-3.439896555155188,-1.3656918667613431,5.300162176998745,2.091359598635565,3.20880257836318,2
phase6v2-r02-input-load-a01,D4-SM,LOAD,3.256205625204269,2.927183002080316,2.9444969393752665,0.29162729546855015,8.822865246145884,8.014439050065148,7.724184437092198,0.16378463615596786,8.418652148105515,1.029346818052687,7.389305330052828,1
phase6v2-r02-input-load-a01,D4-SM,DOWNSTREAM,-2.846827646036226,-0.14485050779297687,-0.2875457215449289,0.14485050779297687,-4.049493438355993,-0.6625541174486111,-0.3072086799620718,1.864567884534467,-2.356023777902302,0.7539477787350078,-3.10997155663731,3
phase6v2-r02-load-downstream-a01,D4-SM,INPUT,-1.5455899227637135,-2.351488245247703,-2.1719766269915106,2.351488245247703,-2.191361374987723,-2.362728728390961,-2.1720251346479227,2.550505616248948,-2.277045051689342,0.7536264953258053,-3.0306715470151473,4
phase6v2-r02-load-downstream-a01,D4-SM,OUTPUT,0.7040279665622587,1.637820721123641,-0.9240945950223192,0.0,2.2651385106239235,1.9314540970048637,-1.4342158434791057,-1.3656918667613431,2.0982963038143936,2.091359598635565,0.006936705178828717,3
phase6v2-r02-load-downstream-a01,D4-SM,LOAD,3.5829793759239976,3.595620108941226,3.1274934785883013,0.15437989105877414,9.70800762097736,9.844576915696162,8.20423214959923,-0.46402707805861393,9.77629226833676,1.029346818052687,8.746945450284073,2
phase6v2-r02-load-downstream-a01,D4-SM,DOWNSTREAM,-1.3406381865473107,5.0,2.128236819368957,0.0,-1.9075708853406195,22.870272515562945,2.273769960520374,-0.9020574188262281,10.481350815111163,0.7539477787350078,9.727403036376156,1
phase6v2-r02-load-medium-a01,D4-SM,INPUT,-1.491365374537798,-2.2267512481353013,-2.2226417861876486,2.2267512481353013,-2.1144809691256334,-2.237395468840839,-2.2226914253701113,2.38713096556817,-2.1759382189832364,0.7536264953258053,-2.9295647143090418,4
phase6v2-r02-load-medium-a01,D4-SM,OUTPUT,0.6476426826345828,1.7077136451171544,-0.8351340983837998,0.0,2.083441168153081,2.0138776325346295,-1.2961471279926218,-1.3656918667613431,2.048659400343855,2.091359598635565,-0.04270019829170968,2
phase6v2-r02-load-medium-a01,D4-SM,LOAD,3.570429240265615,3.8202457618447383,3.4269943491263177,0.0,9.674012672311346,10.459587525896096,8.989901148663005,-1.1702080398237877,10.06680009910372,1.029346818052687,9.037453281051032,1
phase6v2-r02-load-medium-a01,D4-SM,DOWNSTREAM,-1.2377726989496811,-0.12009634868037414,-0.08281684154269489,0.12009634868037414,-1.7612878885873098,-0.5493272444888451,-0.08848002478445517,1.3917667600660308,-1.1553075665380774,0.7539477787350078,-1.9092553452730852,3
phase6v2-r02-downstream-medium-a01,D4-SM,INPUT,0.3591424684094758,0.43663561268482926,0.5746120468483632,0.0,0.509197764425765,0.43872279949260884,0.5746248798979423,-0.5293630637796174,0.47396028195918694,0.7536264953258053,-0.27966621336661834,2
phase6v2-r02-downstream-medium-a01,D4-SM,OUTPUT,-0.09712870967776231,-0.651295292779336,0.3628604460856316,0.651295292779336,-0.3165287052812375,-0.7680614522544356,0.563167670876096,0.7036487330540703,-0.5422950787678366,2.091359598635565,-2.6336546774034013,4
phase6v2-r02-downstream-medium-a01,D4-SM,LOAD,0.21251910517432257,0.2767654613817141,0.04705971292835854,0.015567088348703583,0.5783354800675757,0.7577660569327284,0.1234499168107055,-1.098999404122745,0.668050768500152,1.029346818052687,-0.361296049552535,3
phase6v2-r02-downstream-medium-a01,D4-SM,DOWNSTREAM,0.5387185571259264,5.0,0.47393691558349854,0.0,0.7650255593331885,22.870272515562945,0.5063456810952858,-0.9020574188262281,11.817649037448067,0.7539477787350078,11.06370125871306,1
phase6v2-r02-output-load-control-a01,D4-SM,INPUT,-1.0384713810073232,-1.162170315578822,-1.136545195155961,1.162170315578822,-1.4723608376667106,-1.1677256722208378,-1.1365705780920103,0.9927929423343258,-1.3200432549437742,0.7536264953258053,-2.0736697502695796,4
phase6v2-r02-output-load-control-a01,D4-SM,OUTPUT,0.314865200936838,1.087855456147545,-1.120617967662945,0.0,1.0110907276343015,1.2828894216723328,-1.739224590606694,-1.3656918667613431,1.146990074653317,2.091359598635565,-0.9443695239822478,2
phase6v2-r02-output-load-control-a01,D4-SM,LOAD,3.306529267293164,2.832419884526548,2.1098931793687306,0.9175801154734523,8.95917848419094,7.754983720730056,5.534800815063744,3.0270847811366153,8.357081102460498,1.029346818052687,7.327734284407811,1
phase6v2-r02-output-load-control-a01,D4-SM,DOWNSTREAM,-0.6850629857924388,-0.1300024490061864,-0.5981703305059197,0.1300024490061864,-0.9752902224743982,-0.5946382872924117,-0.6390744283722088,1.5809719498620631,-0.784964254883405,0.7539477787350078,-1.5389120336184128,3
phase6v2-r02-output-control-a01,D4-SMT,INPUT,0.5445638082456218,0.6352161748449455,0.5825090066074636,0.0,0.7157080004838826,0.8490099703975073,0.6497362246628368,-0.5293630637796174,0.7381513985147422,0.8916006074960998,-0.1534492089813576,1
phase6v2-r02-output-control-a01,D4-SMT,OUTPUT,0.445517886027147,0.42224467484146844,0.2936077581513319,0.24018352824317019,0.13870512861642645,-0.013425165652907594,-0.26642560785432495,-0.6025640936747058,-0.04704854829693537,1.2900174543580376,-1.337066002654973,3
phase6v2-r02-output-control-a01,D4-SMT,LOAD,0.0017155047610394707,0.0,0.0,0.32551447644365766,-1.2567987118336599,-1.3976388268291415,-0.8014693791515536,0.31879499332354305,-1.151968972604785,1.6915994259048115,-2.8435683985095963,4
phase6v2-r02-output-control-a01,D4-SMT,DOWNSTREAM,0.6470865305430914,0.062241661338401436,0.0,0.0031088260427549635,0.9149307708975598,0.06936275877125853,-0.9318505687683986,-0.842679257681462,0.017480986966806594,0.7303934830024864,-0.7129124960356799,2
phase6v2-r02-input-downstream-a01,D4-SMT,INPUT,0.3662852353758262,0.27169220754526957,0.5809689606210254,0.0038954523402923093,-0.10839047181598555,-0.4868082430761938,0.6438813149983809,-0.524260983562267,0.016227533368733837,0.8916006074960998,-0.875373074127366,2
phase6v2-r02-input-downstream-a01,D4-SMT,OUTPUT,0.14538636407450825,0.0,0.3134914563927663,0.7473159975579369,-0.7855251767892738,-0.7605593051316906,-0.19073907282143926,1.0087323794801313,-0.5789411849141346,1.2900174543580376,-1.8689586392721722,4
phase6v2-r02-input-downstream-a01,D4-SMT,LOAD,0.6401471506013979,0.3204155021430485,0.1107804444822556,0.05628067011866911,0.792875550684337,0.35289567171986685,-0.2982641275503359,-0.9127629964271765,0.2825023649512893,1.6915994259048115,-1.4090970609535223,3
phase6v2-r02-input-downstream-a01,D4-SMT,DOWNSTREAM,0.47591956187120527,5.0,0.0,0.0,0.2836319394688511,22.882400430107328,-0.9318505687683986,-0.9020574188262281,7.411393933602593,0.7303934830024864,6.681000450600107,1
phase6v2-r02-baseline-a01,D4-SMT,INPUT,0.6032251789400181,0.6431771200028243,0.5749778411324141,0.0,0.9868720848384004,0.8782635451132377,0.6211044215135911,-0.5293630637796174,0.828746683821743,0.8916006074960998,-0.06285392367435683,2
phase6v2-r02-baseline-a01,D4-SMT,OUTPUT,0.254104267627467,0.0,0.2977830563407799,0.6763657252807751,-0.4507373459406549,-0.7605593051316906,-0.2505324953733742,0.7833042509202758,-0.4872763821485733,1.2900174543580376,-1.7772938365066109,3
phase6v2-r02-baseline-a01,D4-SMT,LOAD,0.1900578402219686,0.25746484829713506,0.008185562322929147,0.17603637604901795,-0.6521287521723441,0.00897569741634195,-0.7642875645500896,-0.3649636748266408,-0.46914687310203057,1.6915994259048115,-2.160746299006842,4
phase6v2-r02-baseline-a01,D4-SMT,DOWNSTREAM,0.7161967369092641,0.07323078116877674,1.1799042028944873,0.009847269297697678,1.1698233641197693,0.12013381467779972,1.8850368766618226,-0.7139758937897089,1.0583313518197972,0.7303934830024864,0.3279378688173108,1
phase6v2-r02-output-medium-a01,D4-SMT,INPUT,0.2393951757460492,0.6470487163288954,0.5678781684981613,0.0,-0.6949438786985402,0.8924902518858344,0.5941130574330301,-0.5293630637796174,0.2638864768734414,0.8916006074960998,-0.6277141306226584,3
phase6v2-r02-output-medium-a01,D4-SMT,OUTPUT,1.1937114266626754,2.651861249947032,1.154377125020862,0.0,2.4427055217283065,3.9317345023394923,3.0100599860100115,-1.3656918667613431,3.1281666700259367,1.2900174543580376,1.8381492156678991,1
phase6v2-r02-output-medium-a01,D4-SMT,LOAD,1.0073815108862347,0.17584018012483013,0.2344535734997735,0.2501915683590755,1.9718754036714314,-0.4369665139078894,0.2635044074507869,-0.02575508576589854,0.599471099071443,1.6915994259048115,-1.0921283268333686,4
phase6v2-r02-output-medium-a01,D4-SMT,DOWNSTREAM,0.33073839636078184,0.010869847202688623,0.8479706022339659,0.0477721716478588,-0.25182592861946795,-0.16798120396316576,1.0925830570014436,0.010384662953375754,0.22425864147293664,0.7303934830024864,-0.5061348415295498,2
phase6v2-r02-input-medium-a01,D4-SMT,INPUT,0.5222475108158442,0.465215433789122,0.5790487024638206,0.0,0.6125501934450032,0.22431914768982422,0.6365809238789756,-0.5293630637796174,0.49115008833793433,0.8916006074960998,-0.4004505191581655,1
phase6v2-r02-input-medium-a01,D4-SMT,OUTPUT,0.2185359198468979,0.0,0.2934461544050263,0.7057989608155741,-0.5602671438044029,-0.7605593051316906,-0.2670407463188947,0.8768215693338226,-0.5292890650849961,1.2900174543580376,-1.8193065194430336,3
phase6v2-r02-input-medium-a01,D4-SMT,LOAD,0.20775786904873167,0.24739610360078984,0.00045613586518144936,0.38778033457105254,-0.5953031017391032,-0.04603314213776221,-0.7993974434062538,0.6036181220093726,-0.48024456242770636,1.6915994259048115,-2.171843988332518,4
phase6v2-r02-input-medium-a01,D4-SMT,DOWNSTREAM,0.6313569451821243,0.024120360148533283,0.006023836851643374,0.008656496064428613,0.8569168390374248,-0.10676223975601583,-0.917469341581405,-0.7367195031005942,-0.055771580766665364,0.7303934830024864,-0.7861650637691517,2
phase6v2-r02-output-load-a01,D4-SMT,INPUT,0.0,0.0,0.0,5.0,-1.8015558255664532,-1.4851781772342367,-1.5648324586441604,6.019401715829425,-1.6171888204816167,0.8916006074960998,-2.5087894279777165,4
phase6v2-r02-output-load-a01,D4-SMT,OUTPUT,2.8751869936934815,5.0,0.7139051183490901,0.0,7.62067105743215,8.08661135201507,1.3334201799150907,-1.3656918667613431,5.680234196454104,1.2900174543580376,4.390216742096067,2
phase6v2-r02-output-load-a01,D4-SMT,LOAD,3.346890015060091,3.061714182153279,3.3333333333333335,0.0959674760063305,9.482828845891918,15.329505349120513,14.339748427926278,-0.7312233764745582,13.050694207646236,1.6915994259048115,11.359094781741424,1
phase6v2-r02-output-load-a01,D4-SMT,DOWNSTREAM,0.01997767182754284,0.0,0.0,0.1494861650625558,-1.3979751171807262,-0.21820120597805115,-0.9318505687683986,1.9531083176688468,-0.8493422973090586,0.7303934830024864,-1.579735780311545,3
phase6v2-r02-output-downstream-a01,D4-SMT,INPUT,0.17487792659395188,0.4578450221597514,0.5771631901088892,0.0,-0.9931769507237725,0.19723556866628408,0.6294126285121139,-0.5293630637796174,-0.05550958451512485,0.8916006074960998,-0.9471101920112247,3
phase6v2-r02-output-downstream-a01,D4-SMT,OUTPUT,1.2587704430403863,2.6259144732646176,0.7091431519176521,0.0,2.6430494049198057,3.8858233900770527,1.3152939372633383,-1.3656918667613431,2.614722244086732,1.2900174543580376,1.3247047897286945,2
phase6v2-r02-output-downstream-a01,D4-SMT,LOAD,1.4069704836862342,0.09327082681901863,0.12436110242535818,0.2903389909199751,3.2547492061692527,-0.8880698485404784,-0.23657581758635457,0.15789153609662915,0.7100345133474733,1.6915994259048115,-0.9815649125573382,4
phase6v2-r02-output-downstream-a01,D4-SMT,DOWNSTREAM,0.2747008763887843,5.0,0.0,0.0,-0.45850377744144966,22.882400430107328,-0.9318505687683986,-0.9020574188262281,7.1640153612991595,0.7303934830024864,6.433621878296673,1
phase6v2-r02-output-downstream-control-a01,D4-SMT,INPUT,0.4247031608321005,0.44480745130542937,0.5758189415290974,0.0,0.16164827904726875,0.14932724301715208,0.6243020967029588,-0.5293630637796174,0.3117592062557932,0.8916006074960998,-0.5798414012403066,2
phase6v2-r02-output-downstream-control-a01,D4-SMT,OUTPUT,0.38903037692113207,0.4374615738652233,0.3376504802745561,0.45039205382512015,-0.03524350381311842,0.013500134854238203,-0.0987786746506867,0.06532502088925454,-0.04017401453652231,1.2900174543580376,-1.33019146889456,3
phase6v2-r02-output-downstream-control-a01,D4-SMT,LOAD,0.3480466583404496,0.0037840843564801003,0.005045445808640134,0.3145554026782772,-0.14490825899512924,-1.3769651385489763,-0.778551120974825,0.268664829358435,-0.7668081728396435,1.6915994259048115,-2.458407598744455,4
phase6v2-r02-output-downstream-control-a01,D4-SMT,DOWNSTREAM,0.5336786908222952,5.0,2.1564650337648814,0.0,0.4966594347507269,22.882400430107328,4.216465087044861,-0.9020574188262281,9.198508317300972,0.7303934830024864,8.468114834298484,1
phase6v2-r02-input-load-a01,D4-SMT,INPUT,0.0,0.0,0.0,4.9219100193848755,-1.8015558255664532,-1.4851781772342367,-1.5648324586441604,5.917123132890889,-1.6171888204816167,0.8916006074960998,-2.5087894279777165,4
phase6v2-r02-input-load-a01,D4-SMT,OUTPUT,2.627409650921033,3.9556804480367687,0.2377996739588471,0.0,6.857661135337629,6.23875669265232,-0.4788569407011876,-1.3656918667613431,4.205853629096254,1.2900174543580376,2.915836174738216,2
phase6v2-r02-input-load-a01,D4-SMT,LOAD,3.351220065851725,3.218810297548866,3.3333333333333335,0.29162729546855015,9.496730402496816,16.187772716799987,14.339748427926278,0.16378463615596786,13.341417182407694,1.6915994259048115,11.649817756502882,1
phase6v2-r02-input-load-a01,D4-SMT,DOWNSTREAM,0.06444679907546243,0.0,0.0,0.14485050779297687,-1.2339638696597135,-0.21820120597805115,-0.9318505687683986,1.864567884534467,-0.7946718814687211,0.7303934830024864,-1.5250653644712076,3
phase6v2-r02-load-downstream-a01,D4-SMT,INPUT,0.01708768142893508,0.0,0.0,2.351488245247703,-1.7225674651928438,-1.4851781772342367,-1.5648324586441604,2.550505616248948,-1.5908593670237472,0.8916006074960998,-2.482459974519847,4
phase6v2-r02-load-downstream-a01,D4-SMT,OUTPUT,1.2423563282302206,1.637820721123641,0.18619040223767896,0.0,2.5925034900979775,2.1374565799867145,-0.675305654854683,-1.3656918667613431,1.3515514717433363,1.2900174543580376,0.061534017385298734,3
phase6v2-r02-load-downstream-a01,D4-SMT,LOAD,3.5931908726763084,3.75,3.3333333333333335,0.15437989105877414,10.27357368440562,19.089835485908946,14.339748427926278,-0.46402707805861393,14.567719199413615,1.6915994259048115,12.876119773508803,1
phase6v2-r02-load-downstream-a01,D4-SMT,DOWNSTREAM,0.054673906726249256,5.0,2.128236819368957,0.0,-1.270008297901961,22.882400430107328,4.149073427159483,-0.9020574188262281,8.58715518645495,0.7303934830024864,7.856761703452464,2
phase6v2-r02-load-medium-a01,D4-SMT,INPUT,0.016466284616194444,0.0,0.0,2.2267512481353013,-1.7254398920685377,-1.4851781772342367,-1.5648324586441604,2.38713096556817,-1.5918168426489785,0.8916006074960998,-2.4834174501450783,4
phase6v2-r02-load-medium-a01,D4-SMT,OUTPUT,1.1534832871396539,1.7077136451171544,0.28472390575280837,0.0,2.3188262789371,2.2611275052462343,-0.3002416514103817,-1.3656918667613431,1.4265707109243178,1.2900174543580376,0.13655325656628015,2
phase6v2-r02-load-medium-a01,D4-SMT,LOAD,3.6097712011935363,3.8202457618447383,3.4269943491263177,0.0,10.32680455547424,19.473611016941692,14.765190979972397,-1.1702080398237877,14.855202184129444,1.6915994259048115,13.163602758224632,1
phase6v2-r02-load-medium-a01,D4-SMT,DOWNSTREAM,0.056201592553467954,0.0,0.1642237132316997,0.12009634868037414,-1.264373879737075,-0.21820120597805115,-0.5397850816640394,1.3917667600660308,-0.6741200557930552,0.7303934830024864,-1.4045135387955416,3
phase6v2-r02-downstream-medium-a01,D4-SMT,INPUT,0.43153936495882983,0.43663561268482926,0.5746120468483632,0.0,0.19324885384703566,0.11929871161645188,0.6197137536324029,-0.5293630637796174,0.31075377303196344,0.8916006074960998,-0.5808468344641364,2
phase6v2-r02-downstream-medium-a01,D4-SMT,OUTPUT,0.17399888643448433,0.0,0.3628604460856316,0.651295292779336,-0.6974152704817279,-0.7605593051316906,-0.0028179063182775907,0.7036487330540703,-0.4869308273105653,1.2900174543580376,-1.7769482816686029,4
phase6v2-r02-downstream-medium-a01,D4-SMT,LOAD,0.4090714124635978,0.29233254973041767,0.06781583072662999,0.015567088348703583,0.05101070698605058,0.1994693340719682,-0.4934251000116058,-1.098999404122745,-0.08098168631786233,1.6915994259048115,-1.7725811122226738,3
phase6v2-r02-downstream-medium-a01,D4-SMT,DOWNSTREAM,0.5387185571259264,5.0,0.6884380021226767,0.0,0.515247493724525,22.882400430107328,0.7117170703493758,-0.9020574188262281,8.03645499806041,0.7303934830024864,7.306061515057924,1
phase6v2-r02-output-load-control-a01,D4-SMT,INPUT,0.01515671251263056,0.0,0.0,1.162170315578822,-1.731493431495857,-1.4851781772342367,-1.5648324586441604,0.9927929423343258,-1.5938346891247512,0.8916006074960998,-2.4854352966208513,4
phase6v2-r02-output-load-control-a01,D4-SMT,OUTPUT,0.779774341902253,1.087855456147545,0.0,0.0,1.1680203577779469,1.1643292690374225,-1.3840322825995903,-1.3656918667613431,0.31610578140525963,1.2900174543580376,-0.9739116729527779,2
phase6v2-r02-output-load-control-a01,D4-SMT,LOAD,3.4382265916785206,3.75,3.3333333333333335,0.9175801154734523,9.776063417738488,19.089835485908946,14.339748427926278,3.0270847811366153,14.401882443857906,1.6915994259048115,12.710283017953094,1
phase6v2-r02-output-load-control-a01,D4-SMT,DOWNSTREAM,0.12210306394668906,0.0,0.0,0.1300024490061864,-1.0213157581685162,-0.21820120597805115,-0.9318505687683986,1.5809719498620631,-0.723789177638322,0.7303934830024864,-1.4541826606408084,3
phase6v2-r02-output-control-a01,D4-FULL,INPUT,0.46982959109964345,0.6352161748449455,0.5825090066074636,0.0,0.6661316844774953,0.6382526079294397,0.582522016023126,-0.5293630637796174,1.1583318332563044,1.2244709971158108,-0.06613916385950636,1
phase6v2-r02-output-control-a01,D4-FULL,OUTPUT,0.1841645209237838,0.18206114659829825,0.12826303881958445,0.24018352824317019,0.589917602959344,0.214701611090522,0.19906715546083306,-0.6025640936747058,0.9371262168449388,2.233828727579406,-1.2967025107344672,3
phase6v2-r02-output-control-a01,D4-FULL,LOAD,-0.494975267479756,-0.32551447644365766,-0.11001656584902621,0.32551447644365766,-1.3380768627587352,-0.8912377290786077,-0.2886021834119062,0.31879499332354305,-1.1581005850732926,1.8615770362548187,-3.0196776213281113,4
phase6v2-r02-output-control-a01,D4-FULL,DOWNSTREAM,0.6438363799635276,0.05913283529564647,-0.43633799910549376,0.0031088260427549635,0.9145115579512724,0.27047681156586656,-0.46617567461022236,-0.842679257681462,1.082283489317101,1.6577257049676648,-0.5754422156505639,2
phase6v2-r02-input-downstream-a01,D4-FULL,INPUT,0.3365035241651752,0.26779675520497725,0.5809689606210254,0.0038954523402923093,0.4770999179939303,0.26907686575572487,0.5809819356422009,-0.524260983562267,0.9666472233595524,1.2244709971158108,-0.2578237737562583,3
phase6v2-r02-input-downstream-a01,D4-FULL,OUTPUT,-0.1000867234389691,-0.7473159975579369,0.2832027656789934,0.7473159975579369,-0.32606068245621894,-0.8812970349100799,0.43953713790967786,1.0087323794801313,-1.2646725726323382,2.233828727579406,-3.4985013002117444,4
phase6v2-r02-input-downstream-a01,D4-FULL,LOAD,0.5167290783400409,0.2641348320243794,0.03573955099069679,0.05628067011866911,1.402358638299381,0.7231842050032858,0.09375417575050175,-0.9127629964271765,1.6525286694448993,1.8615770362548187,-0.20904836680991945,2
phase6v2-r02-input-downstream-a01,D4-FULL,DOWNSTREAM,0.4744134235953807,5.0,-3.6952669464853,0.0,0.6735784874419283,22.870272515562945,-3.947956779318128,-0.9020574188262281,7.434022160055144,1.6577257049676648,5.776296455087479,1
phase6v2-r02-baseline-a01,D4-FULL,INPUT,0.481634089203815,0.6431771200028243,0.5749778411324141,0.0,0.682868285056737,0.6462516076555403,0.5749906823514289,-0.5293630637796174,1.1640665888008528,1.2244709971158108,-0.06040440831495797,1
phase6v2-r02-baseline-a01,D4-FULL,OUTPUT,-0.16628200853840822,-0.6763657252807751,0.2888427697869939,0.6763657252807751,-0.5393700168934679,-0.797626586547869,0.448290552649417,0.7833042509202758,-1.079539601184249,2.233828727579406,-3.313368328763655,4
phase6v2-r02-baseline-a01,D4-FULL,LOAD,-0.44733096568006847,0.08142847224811711,-0.22652960574242811,0.17603637604901795,-1.2090212383419086,0.2229459269573027,-0.5942463148178854,-0.3649636748266408,-0.1618102005741896,1.8615770362548187,-2.0233872368290085,3
phase6v2-r02-baseline-a01,D4-FULL,DOWNSTREAM,0.7161967369092641,0.06338351187107906,1.1799042028944873,0.009847269297697678,1.0174138054141562,0.2899196378969992,1.2605884403544467,-0.7139758937897089,1.5699498550115765,1.6577257049676648,-0.08777584995608834,2
phase6v2-r02-output-medium-a01,D4-FULL,INPUT,-0.2180869527872157,0.6470487163288954,0.5678781684981613,0.0,-0.3092070656569216,0.6501417108201332,0.5678908511572375,-0.5293630637796174,0.8323048958864337,1.2244709971158108,-0.392166101229377,2
phase6v2-r02-output-medium-a01,D4-FULL,OUTPUT,1.1937114266626754,2.651861249947032,1.154377125020862,0.0,3.843106681650564,3.1272948313809814,1.7916195711704095,-1.3656918667613431,4.286365561495328,2.233828727579406,2.0525368339159225,1
phase6v2-r02-output-medium-a01,D4-FULL,LOAD,0.5439942484182528,-0.07435138823424539,0.2344535734997735,0.2501915683590755,1.476212665252457,-0.2035693254803687,0.6150329516157805,-0.02575508576589854,0.6549805162285215,1.8615770362548187,-1.2065965200262974,3
phase6v2-r02-output-medium-a01,D4-FULL,DOWNSTREAM,-0.03109549332339057,-0.03690232444517017,0.8479706022339659,0.0477721716478588,-0.04529585009731901,-0.1687932433037526,0.9059565482640508,0.010384662953375754,0.22023782200095063,1.6577257049676648,-1.4374878829667141,4
phase6v2-r02-input-medium-a01,D4-FULL,INPUT,0.40065642107964106,0.465215433789122,0.5790487024638206,0.0,0.5680568906821001,0.46743923663060255,0.5790616345990729,-0.5293630637796174,1.067548984416876,1.2244709971158108,-0.1569220126989348,1
phase6v2-r02-input-medium-a01,D4-FULL,OUTPUT,-0.14950368781910914,-0.7057989608155741,0.07697883204279535,0.7057989608155741,-0.48530313856169505,-0.83233670019376,0.1194728993362715,0.8768215693338226,-1.2762105491402171,2.233828727579406,-3.510039276719623,4
phase6v2-r02-input-medium-a01,D4-FULL,LOAD,-0.11502938978334944,-0.14038423097026273,-0.5165843102295553,0.38778033457105254,-0.3089054689399154,-0.3843630076772933,-1.3551355534326817,0.6036181220093726,-1.286419465359336,1.8615770362548187,-3.1479965016141547,3
phase6v2-r02-input-medium-a01,D4-FULL,DOWNSTREAM,0.6313569451821243,0.01546386408410467,-0.2789287224365371,0.008656496064428613,0.8967647979810874,0.07073255714941983,-0.29800243301428064,-0.7367195031005942,0.9598844771393364,1.6577257049676648,-0.6978412278283284,2
phase6v2-r02-output-load-a01,D4-FULL,INPUT,-3.1719173880738114,-5.0,-5.0,5.0,-4.497193690579931,-5.023900785313248,-5.000111667077374,6.019401715829425,-10.859803763486276,1.2244709971158108,-12.084274760602087,4
phase6v2-r02-output-load-a01,D4-FULL,OUTPUT,2.10698093431332,5.0,-1.78609488165091,0.0,6.786049076205544,5.8964148886813845,-2.772059907090792,-1.3656918667613431,4.669159886026722,2.233828727579406,2.435331158447316,2
phase6v2-r02-output-load-a01,D4-FULL,LOAD,3.2174081898105107,2.9657467061469482,3.2053766986582257,0.0959674760063305,8.717773408058633,8.120023994896792,8.408540175303063,-0.7312233764745582,9.146669235894054,1.8615770362548187,7.2850921996392355,1
phase6v2-r02-output-load-a01,D4-FULL,DOWNSTREAM,-3.1175804485173453,-0.1494861650625558,-1.390581492552128,0.1494861650625558,-4.434525699917039,-0.6837578664574152,-1.485672269478985,1.9531083176688468,-4.154426929619993,1.6577257049676648,-5.812152634587658,3
phase6v2-r02-output-downstream-a01,D4-FULL,INPUT,-0.35940754306553874,0.4578450221597514,0.5771631901088892,0.0,-0.5095735913862217,0.4600335932760272,0.5771760801342106,-0.5293630637796174,0.7052417577876228,1.2244709971158108,-0.519229239328188,3
phase6v2-r02-output-downstream-a01,D4-FULL,OUTPUT,1.2587704430403863,2.6259144732646176,0.3911630734076184,0.0,4.052754475474919,3.096696239312285,0.6070939926357182,-1.3656918667613431,3.9512067692356507,2.233828727579406,1.7173780416562447,2
phase6v2-r02-output-downstream-a01,D4-FULL,LOAD,1.0675902044137575,-0.19706816410095648,0.07453825930275315,0.2903389909199751,2.894493561197251,-0.5395599758446593,0.1955333200639784,0.15789153609662915,0.6922640990422275,1.8615770362548187,-1.1693129372125912,4
phase6v2-r02-output-downstream-a01,D4-FULL,DOWNSTREAM,-0.13206791825556424,5.0,-0.39459976491922316,0.0,-0.18888675948282335,22.870272515562945,-0.4215832954942336,-0.9020574188262281,8.321991572354857,1.6577257049676648,6.664265867387193,1
phase6v2-r02-output-downstream-control-a01,D4-FULL,INPUT,0.33641643906436275,0.44480745130542937,0.5758189415290974,0.0,0.47697644738672285,0.4469337007853061,0.5758318015327568,-0.5293630637796174,1.029277047014546,1.2244709971158108,-0.19519395010126472,2
phase6v2-r02-output-downstream-control-a01,D4-FULL,OUTPUT,0.16091466342042984,-0.012930479959896879,0.3376504802745561,0.45039205382512015,0.5149966834051607,-0.015248694910666435,0.5240412301690839,0.06532502088925454,0.2759380519986049,2.233828727579406,-1.957890675580801,3
phase6v2-r02-output-downstream-control-a01,D4-FULL,LOAD,0.05420162772965439,-0.3107713183217971,-0.0864759074265715,0.3145554026782772,0.14949593082577145,-0.8508719090772102,-0.22684888864902988,0.268664829358435,-0.5780731183252579,1.8615770362548187,-2.4396501545800766,4
phase6v2-r02-output-downstream-control-a01,D4-FULL,DOWNSTREAM,0.5180033427932812,5.0,2.1564650337648814,0.0,0.7355668584439284,22.870272515562945,2.3039284773491606,-0.9020574188262281,9.538646702611572,1.6577257049676648,7.880920997643908,1
phase6v2-r02-input-load-a01,D4-FULL,INPUT,-3.10113964114216,-4.9219100193848755,-4.802612185561282,4.9219100193848755,-4.396843902741422,-4.945437522325763,-4.802719444294587,5.917123132890889,-10.632123422678145,1.2244709971158108,-11.856594419793955,4
phase6v2-r02-input-load-a01,D4-FULL,OUTPUT,1.843020914002347,3.9556804480367687,-2.2163956900264954,0.0,5.935457736263519,4.664866617733971,-3.439896555155188,-1.3656918667613431,3.7525011330421103,2.233828727579406,1.5186724054627043,2
phase6v2-r02-input-load-a01,D4-FULL,LOAD,3.256205625204269,2.927183002080316,2.9444969393752665,0.29162729546855015,8.822865246145884,8.014439050065148,7.724184437092198,0.16378463615596786,8.023378274945108,1.8615770362548187,6.161801238690289,1
phase6v2-r02-input-load-a01,D4-FULL,DOWNSTREAM,-2.846827646036226,-0.14485050779297687,-0.2875457215449289,0.14485050779297687,-4.049493438355993,-0.6625541174486111,-0.3072086799620718,1.864567884534467,-3.5376532964566927,1.6577257049676648,-5.1953790014243575,3
phase6v2-r02-load-downstream-a01,D4-FULL,INPUT,-1.5455899227637135,-2.351488245247703,-2.1719766269915106,2.351488245247703,-2.191361374987723,-2.362728728390961,-2.1720251346479227,2.550505616248948,-4.792544028924484,1.2244709971158108,-6.017015026040294,4
phase6v2-r02-load-downstream-a01,D4-FULL,OUTPUT,0.7040279665622587,1.637820721123641,-0.9240945950223192,0.0,2.2651385106239235,1.9314540970048637,-1.4342158434791057,-1.3656918667613431,2.2864841214779035,2.233828727579406,0.05265539389849749,3
phase6v2-r02-load-downstream-a01,D4-FULL,LOAD,3.5829793759239976,3.595620108941226,3.1274934785883013,0.15437989105877414,9.70800762097736,9.844576915696162,8.20423214959923,-0.46402707805861393,9.716299306816197,1.8615770362548187,7.854722270561378,1
phase6v2-r02-load-downstream-a01,D4-FULL,DOWNSTREAM,-1.3406381865473107,5.0,2.128236819368957,0.0,-1.9075708853406195,22.870272515562945,2.273769960520374,-0.9020574188262281,8.647547949073797,1.6577257049676648,6.989822244106132,2
phase6v2-r02-load-medium-a01,D4-FULL,INPUT,-1.491365374537798,-2.2267512481353013,-2.2226417861876486,2.2267512481353013,-2.1144809691256334,-2.237395468840839,-2.2226914253701113,2.38713096556817,-4.578653586680365,1.2244709971158108,-5.803124583796175,4
phase6v2-r02-load-medium-a01,D4-FULL,OUTPUT,0.6476426826345828,1.7077136451171544,-0.8351340983837998,0.0,2.083441168153081,2.0138776325346295,-1.2961471279926218,-1.3656918667613431,2.299415757659706,2.233828727579406,0.06558703008029987,2
phase6v2-r02-load-medium-a01,D4-FULL,LOAD,3.570429240265615,3.8202457618447383,3.4269943491263177,0.0,9.674012672311346,10.459587525896096,8.989901148663005,-1.1702080398237877,10.878041822113936,1.8615770362548187,9.016464785859117,1
phase6v2-r02-load-medium-a01,D4-FULL,DOWNSTREAM,-1.2377726989496811,-0.12009634868037414,-0.08281684154269489,0.12009634868037414,-1.7612878885873098,-0.5493272444888451,-0.08848002478445517,1.3917667600660308,-2.1914651460195675,1.6577257049676648,-3.8491908509872323,3
phase6v2-r02-downstream-medium-a01,D4-FULL,INPUT,0.3591424684094758,0.43663561268482926,0.5746120468483632,0.0,0.509197764425765,0.43872279949260884,0.5746248798979423,-0.5293630637796174,1.0368782117183895,1.2244709971158108,-0.1875927853974213,2
phase6v2-r02-downstream-medium-a01,D4-FULL,OUTPUT,-0.09712870967776231,-0.651295292779336,0.3628604460856316,0.651295292779336,-0.3165287052812375,-0.7680614522544356,0.563167670876096,0.7036487330540703,-0.8774562286072627,2.233828727579406,-3.111284956186669,4
phase6v2-r02-downstream-medium-a01,D4-FULL,LOAD,0.21251910517432257,0.2767654613817141,0.04705971292835854,0.015567088348703583,0.5783354800675757,0.7577660569327284,0.1234499168107055,-1.098999404122745,1.5855165553930817,1.8615770362548187,-0.27606048086173707,3
phase6v2-r02-downstream-medium-a01,D4-FULL,DOWNSTREAM,0.5387185571259264,5.0,0.47393691558349854,0.0,0.7650255593331885,22.870272515562945,0.5063456810952858,-0.9020574188262281,8.949272004156702,1.6577257049676648,7.291546299189037,1
phase6v2-r02-output-load-control-a01,D4-FULL,INPUT,-1.0384713810073232,-1.162170315578822,-1.136545195155961,1.162170315578822,-1.4723608376667106,-1.1677256722208378,-1.1365705780920103,0.9927929423343258,-2.251678638327512,1.2244709971158108,-3.4761496354433223,3
phase6v2-r02-output-load-control-a01,D4-FULL,OUTPUT,0.314865200936838,1.087855456147545,-1.120617967662945,0.0,1.0110907276343015,1.2828894216723328,-1.739224590606694,-1.3656918667613431,1.5506103863279899,2.233828727579406,-0.6832183412514161,2
phase6v2-r02-output-load-control-a01,D4-FULL,LOAD,3.306529267293164,2.832419884526548,2.1098931793687306,0.9175801154734523,8.95917848419094,7.754983720730056,5.534800815063744,3.0270847811366153,4.389236225524964,1.8615770362548187,2.5276591892701457,1
phase6v2-r02-output-load-control-a01,D4-FULL,DOWNSTREAM,-0.6850629857924388,-0.1300024490061864,-0.5981703305059197,0.1300024490061864,-0.9752902224743982,-0.5946382872924117,-0.6390744283722088,1.5809719498620631,-2.3173062625750696,1.6577257049676648,-3.9750319675427344,4
phase6v2-r02-output-control-a01,D4-FULL,INPUT,0.46982959109964345,0.13776316418234466,0.5825090066074636,0.2857142857142857,0.6661316844774953,0.2142511326099702,0.582522016023126,-0.30847645715330907,0.7961114015235062,1.7882807395976457,-0.9921693380741394,2
phase6v2-r02-output-control-a01,D4-FULL,OUTPUT,0.1841645209237838,0.12137409773219883,0.12826303881958445,0.16012235216211346,0.589917602959344,0.21470161109052194,0.19906715546083306,-0.6025640936747058,0.9371262168449388,2.2338287275794055,-1.2967025107344667,3
phase6v2-r02-output-control-a01,D4-FULL,LOAD,-0.494975267479756,-0.32551447644365766,-0.11001656584902621,0.32551447644365766,-1.3380768627587352,-0.8912377290786077,-0.2886021834119062,0.31879499332354305,-1.1581005850732926,1.8615770362548187,-3.0196776213281113,4
phase6v2-r02-output-control-a01,D4-FULL,DOWNSTREAM,0.6438363799635276,0.05913283529564647,-0.43633799910549376,0.0031088260427549635,0.9145115579512724,0.27047681156586656,-0.46617567461022236,-0.842679257681462,1.082283489317101,1.6577257049676648,-0.5754422156505639,1
phase6v2-r02-input-downstream-a01,D4-FULL,INPUT,0.3365035241651752,1.8451978368033182,0.5809689606210254,0.0025969682268615394,0.4770999179939303,2.869676584237771,0.5809819356422009,-0.902601200268194,2.211854012892828,1.7882807395976457,0.42357327329518224,2
phase6v2-r02-input-downstream-a01,D4-FULL,OUTPUT,-0.1000867234389691,-0.4982106650386246,0.2832027656789934,0.4982106650386246,-0.32606068245621894,-0.8812970349100799,0.43953713790967786,1.0087323794801313,-1.2646725726323382,2.2338287275794055,-3.4985013002117435,4
phase6v2-r02-input-downstream-a01,D4-FULL,LOAD,0.5167290783400409,0.2641348320243794,0.03573955099069679,0.05628067011866911,1.402358638299381,0.7231842050032858,0.09375417575050175,-0.9127629964271765,1.6525286694448993,1.8615770362548187,-0.20904836680991945,3
phase6v2-r02-input-downstream-a01,D4-FULL,DOWNSTREAM,0.4744134235953807,5.0,-3.6952669464853,0.0,0.6735784874419283,22.870272515562945,-3.947956779318128,-0.9020574188262281,7.434022160055144,1.6577257049676648,5.776296455087479,1
phase6v2-r02-baseline-a01,D4-FULL,INPUT,0.481634089203815,0.8097371276209305,0.5749778411324141,0.0,0.682868285056737,1.2593141115683089,0.5749906823514289,-0.9080509660909087,1.7471086590830671,1.7882807395976457,-0.041172080514578546,1
phase6v2-r02-baseline-a01,D4-FULL,OUTPUT,-0.16628200853840822,-0.4509104835205167,0.2888427697869939,0.4509104835205167,-0.5393700168934679,-0.7976265865478689,0.448290552649417,0.7833042509202758,-1.079539601184249,2.2338287275794055,-3.3133683287636546,4
phase6v2-r02-baseline-a01,D4-FULL,LOAD,-0.44733096568006847,0.08142847224811711,-0.22652960574242811,0.17603637604901795,-1.2090212383419086,0.2229459269573027,-0.5942463148178854,-0.3649636748266408,-0.1618102005741896,1.8615770362548187,-2.0233872368290085,3
phase6v2-r02-baseline-a01,D4-FULL,DOWNSTREAM,0.7161967369092641,0.06338351187107906,1.1799042028944873,0.009847269297697678,1.0174138054141562,0.2899196378969992,1.2605884403544467,-0.7139758937897089,1.5699498550115765,1.6577257049676648,-0.08777584995608834,2
phase6v2-r02-output-medium-a01,D4-FULL,INPUT,-0.2180869527872157,0.14565152517164456,0.5678781684981613,0.2857142857142857,-0.3092070656569216,0.2265192181060088,0.5678908511572375,-0.30847645715330907,0.4702107916887507,1.7882807395976457,-1.3180699479088949,3
phase6v2-r02-output-medium-a01,D4-FULL,OUTPUT,1.1937114266626754,3.434574166631355,1.154377125020862,0.0,3.843106681650564,6.075502275721672,1.7916195711704095,-1.365691866761343,5.269101376275558,2.2338287275794055,3.0352726486961528,1
phase6v2-r02-output-medium-a01,D4-FULL,LOAD,0.5439942484182528,-0.07435138823424539,0.2344535734997735,0.2501915683590755,1.476212665252457,-0.2035693254803687,0.6150329516157805,-0.02575508576589854,0.6549805162285215,1.8615770362548187,-1.2065965200262974,2
phase6v2-r02-output-medium-a01,D4-FULL,DOWNSTREAM,-0.03109549332339057,-0.03690232444517017,0.8479706022339659,0.0477721716478588,-0.04529585009731901,-0.1687932433037526,0.9059565482640508,0.010384662953375754,0.22023782200095063,1.6577257049676648,-1.4374878829667141,4
phase6v2-r02-input-medium-a01,D4-FULL,INPUT,0.40065642107964106,1.9768102891927481,0.5790487024638206,0.0,0.5680568906821001,3.0743620468385564,0.5790616345990729,-0.9080509660909087,2.315211156797485,1.7882807395976457,0.5269304171998392,1
phase6v2-r02-input-medium-a01,D4-FULL,OUTPUT,-0.14950368781910914,-0.4705326405437161,0.07697883204279535,0.4705326405437161,-0.48530313856169505,-0.8323367001937599,0.1194728993362715,0.8768215693338226,-1.2762105491402171,2.2338287275794055,-3.5100392767196227,4
phase6v2-r02-input-medium-a01,D4-FULL,LOAD,-0.11502938978334944,-0.14038423097026273,-0.5165843102295553,0.38778033457105254,-0.3089054689399154,-0.3843630076772933,-1.3551355534326817,0.6036181220093726,-1.286419465359336,1.8615770362548187,-3.1479965016141547,3
phase6v2-r02-input-medium-a01,D4-FULL,DOWNSTREAM,0.6313569451821243,0.01546386408410467,-0.2789287224365371,0.008656496064428613,0.8967647979810874,0.07073255714941983,-0.29800243301428064,-0.7367195031005942,0.9598844771393364,1.6577257049676648,-0.6978412278283284,2
phase6v2-r02-output-load-a01,D4-FULL,INPUT,-3.1719173880738114,-3.619047619047619,-5.0,3.619047619047619,-4.497193690579931,-5.628391710893498,-5.000111667077374,6.68655948045202,-11.728458503302289,1.7882807395976457,-13.516739242899934,4
phase6v2-r02-output-load-a01,D4-FULL,OUTPUT,2.10698093431332,5.0,-1.78609488165091,0.0,6.786049076205544,8.844622333022075,-2.772059907090792,-1.365691866761343,5.651895700806952,2.2338287275794055,3.418066973227546,2
phase6v2-r02-output-load-a01,D4-FULL,LOAD,3.2174081898105107,2.9657467061469482,3.2053766986582257,0.0959674760063305,8.717773408058633,8.120023994896792,8.408540175303063,-0.7312233764745582,9.146669235894054,1.8615770362548187,7.2850921996392355,1
phase6v2-r02-output-load-a01,D4-FULL,DOWNSTREAM,-3.1175804485173453,-0.1494861650625558,-1.390581492552128,0.1494861650625558,-4.434525699917039,-0.6837578664574152,-1.485672269478985,1.9531083176688468,-4.154426929619993,1.6577257049676648,-5.812152634587658,3
phase6v2-r02-output-downstream-a01,D4-FULL,INPUT,-0.35940754306553874,0.01951572905888192,0.5771631901088892,0.2857142857142857,-0.5095735913862217,0.030351125276422797,0.5771760801342106,-0.30847645715330907,0.341127661828113,1.7882807395976457,-1.4471530777695327,4
phase6v2-r02-output-downstream-a01,D4-FULL,OUTPUT,1.2587704430403863,3.417276315509745,0.3911630734076184,0.0,4.052754475474919,6.044903683652977,0.6070939926357182,-1.365691866761343,4.933942584015881,2.2338287275794055,2.7001138564364755,2
phase6v2-r02-output-downstream-a01,D4-FULL,LOAD,1.0675902044137575,-0.19706816410095648,0.07453825930275315,0.2903389909199751,2.894493561197251,-0.5395599758446593,0.1955333200639784,0.15789153609662915,0.6922640990422275,1.8615770362548187,-1.1693129372125912,3
phase6v2-r02-output-downstream-a01,D4-FULL,DOWNSTREAM,-0.13206791825556424,5.0,-0.39459976491922316,0.0,-0.18888675948282335,22.870272515562945,-0.4215832954942336,-0.9020574188262281,8.321991572354857,1.6577257049676648,6.664265867387193,1
phase6v2-r02-output-downstream-control-a01,D4-FULL,INPUT,0.33641643906436275,0.010824015156000547,0.5758189415290974,0.2857142857142857,0.47697644738672285,0.016833654484670942,0.5758318015327568,-0.30847645715330907,0.665023758288026,1.7882807395976457,-1.1232569813096198,2
phase6v2-r02-output-downstream-control-a01,D4-FULL,OUTPUT,0.16091466342042984,-0.008620319973264587,0.3376504802745561,0.3002613692167468,0.5149966834051607,-0.015248694910666443,0.5240412301690839,0.06532502088925471,0.27593805199860466,2.2338287275794055,-1.957890675580801,3
phase6v2-r02-output-downstream-control-a01,D4-FULL,LOAD,0.05420162772965439,-0.3107713183217971,-0.0864759074265715,0.3145554026782772,0.14949593082577145,-0.8508719090772102,-0.22684888864902988,0.268664829358435,-0.5780731183252579,1.8615770362548187,-2.4396501545800766,4
phase6v2-r02-output-downstream-control-a01,D4-FULL,DOWNSTREAM,0.5180033427932812,5.0,2.1564650337648814,0.0,0.7355668584439284,22.870272515562945,2.3039284773491606,-0.9020574188262281,9.538646702611572,1.6577257049676648,7.880920997643908,1
phase6v2-r02-input-load-a01,D4-FULL,INPUT,-3.10113964114216,-1.614606679589917,-4.802612185561282,3.2812733462565835,-4.396843902741422,-2.5110581037750057,-4.802719444294587,5.977736527360481,-9.881277010964153,1.7882807395976457,-11.669557750561799,4
phase6v2-r02-input-load-a01,D4-FULL,OUTPUT,1.843020914002347,2.6371202986911793,-2.2163956900264954,0.0,5.935457736263519,4.66486661773397,-3.439896555155188,-1.365691866761343,3.7525011330421103,2.2338287275794055,1.5186724054627048,2
phase6v2-r02-input-load-a01,D4-FULL,LOAD,3.256205625204269,2.927183002080316,2.9444969393752665,0.29162729546855015,8.822865246145884,8.014439050065148,7.724184437092198,0.16378463615596786,8.023378274945108,1.8615770362548187,6.161801238690289,1
phase6v2-r02-input-load-a01,D4-FULL,DOWNSTREAM,-2.846827646036226,-0.14485050779297687,-0.2875457215449289,0.14485050779297687,-4.049493438355993,-0.6625541174486111,-0.3072086799620718,1.864567884534467,-3.5376532964566927,1.6577257049676648,-5.1953790014243575,3
phase6v2-r02-load-downstream-a01,D4-FULL,INPUT,-1.5455899227637135,-1.1867064492127541,-2.1719766269915106,1.5676588301651353,-2.191361374987723,-1.8455818892404126,-2.1720251346479227,2.381697990381927,-4.451354123340613,1.7882807395976457,-6.239634862938258,4
phase6v2-r02-load-downstream-a01,D4-FULL,OUTPUT,0.7040279665622587,1.091880480749094,-0.9240945950223192,0.0,2.2651385106239235,1.9314540970048635,-1.4342158434791057,-1.365691866761343,2.2864841214779035,2.2338287275794055,0.05265539389849794,3
phase6v2-r02-load-downstream-a01,D4-FULL,LOAD,3.5829793759239976,3.595620108941226,3.1274934785883013,0.15437989105877414,9.70800762097736,9.844576915696162,8.20423214959923,-0.46402707805861393,9.716299306816197,1.8615770362548187,7.854722270561378,1
phase6v2-r02-load-downstream-a01,D4-FULL,DOWNSTREAM,-1.3406381865473107,5.0,2.128236819368957,0.0,-1.9075708853406195,22.870272515562945,2.273769960520374,-0.9020574188262281,8.647547949073797,1.6577257049676648,6.989822244106132,2
phase6v2-r02-load-medium-a01,D4-FULL,INPUT,-1.491365374537798,-1.1035484511378197,-2.2226417861876486,1.484500832090201,-2.1144809691256334,-1.7162534480792464,-2.2226914253701113,2.2071900348718825,-4.224998649063546,1.7882807395976457,-6.013279388661192,4
phase6v2-r02-load-medium-a01,D4-FULL,OUTPUT,0.6476426826345828,1.1384757634114362,-0.8351340983837998,0.0,2.083441168153081,2.013877632534629,-1.2961471279926218,-1.365691866761343,2.2994157576597054,2.2338287275794055,0.06558703008029987,2
phase6v2-r02-load-medium-a01,D4-FULL,LOAD,3.570429240265615,3.8202457618447383,3.4269943491263177,0.0,9.674012672311346,10.459587525896096,8.989901148663005,-1.1702080398237877,10.878041822113936,1.8615770362548187,9.016464785859117,1
phase6v2-r02-load-medium-a01,D4-FULL,DOWNSTREAM,-1.2377726989496811,-0.12009634868037414,-0.08281684154269489,0.12009634868037414,-1.7612878885873098,-0.5493272444888451,-0.08848002478445517,1.3917667600660308,-2.1914651460195675,1.6577257049676648,-3.8491908509872323,3
phase6v2-r02-downstream-medium-a01,D4-FULL,INPUT,0.3591424684094758,0.6720427894089339,0.5746120468483632,0.0,0.509197764425765,1.0451700180365098,0.5746248798979423,-0.9080509660909087,1.6177151868776478,1.7882807395976457,-0.17056555271999785,2
phase6v2-r02-downstream-medium-a01,D4-FULL,OUTPUT,-0.09712870967776231,-0.43419686185289064,0.3628604460856316,0.43419686185289064,-0.3165287052812375,-0.7680614522544355,0.563167670876096,0.7036487330540704,-0.8774562286072627,2.2338287275794055,-3.111284956186668,4
phase6v2-r02-downstream-medium-a01,D4-FULL,LOAD,0.21251910517432257,0.2767654613817141,0.04705971292835854,0.015567088348703583,0.5783354800675757,0.7577660569327284,0.1234499168107055,-1.098999404122745,1.5855165553930817,1.8615770362548187,-0.27606048086173707,3
phase6v2-r02-downstream-medium-a01,D4-FULL,DOWNSTREAM,0.5387185571259264,5.0,0.47393691558349854,0.0,0.7650255593331885,22.870272515562945,0.5063456810952858,-0.9020574188262281,8.949272004156702,1.6577257049676648,7.291546299189037,1
phase6v2-r02-output-load-control-a01,D4-FULL,INPUT,-1.0384713810073232,-1.0604944961001672,-1.136545195155961,1.0604944961001672,-1.4723608376667106,-1.6492953560166517,-1.1365705780920103,1.3174081674650888,-2.736817091390213,1.7882807395976457,-4.525097830987859,4
phase6v2-r02-output-load-control-a01,D4-FULL,OUTPUT,0.314865200936838,0.72523697076503,-1.120617967662945,0.0,1.0110907276343015,1.2828894216723323,-1.739224590606694,-1.365691866761343,1.5506103863279896,2.2338287275794055,-0.6832183412514159,2
phase6v2-r02-output-load-control-a01,D4-FULL,LOAD,3.306529267293164,2.832419884526548,2.1098931793687306,0.9175801154734523,8.95917848419094,7.754983720730056,5.534800815063744,3.0270847811366153,4.389236225524964,1.8615770362548187,2.5276591892701457,1
phase6v2-r02-output-load-control-a01,D4-FULL,DOWNSTREAM,-0.6850629857924388,-0.1300024490061864,-0.5981703305059197,0.1300024490061864,-0.9752902224743982,-0.5946382872924117,-0.6390744283722088,1.5809719498620631,-2.3173062625750696,1.6577257049676648,-3.9750319675427344,3
phase6v2-r03-output-downstream-a01,D4-S,INPUT,-0.34613341287423566,0.4535702796975807,0.5827476143929067,0.0,-0.4849835809214625,0.45582826049823283,0.5827561494057019,-0.5321160306111077,-0.4849835809214625,0.8606161748139493,-1.3455997557354118,4
phase6v2-r03-output-downstream-a01,D4-S,OUTPUT,1.2587736332012711,2.655702171705484,-0.23924346120311146,0.0,4.100093919528457,3.140542450865771,-0.3708240157003152,-1.368931248638405,4.100093919528457,2.135180029319148,1.964913890209309,1
phase6v2-r03-output-downstream-a01,D4-S,LOAD,1.1776403555253256,-0.3853526534948493,-0.1786443369301609,0.38579681099776475,3.2133571729925947,-1.0824360452397643,-0.5678552442141791,0.6377366878403025,3.2133571729925947,1.5859810971509,1.6273760758416946,2
phase6v2-r03-output-downstream-a01,D4-S,DOWNSTREAM,-0.19884535807790996,5.0,0.8519285803103314,0.0,-0.28348140259322147,22.870574110374314,0.9145031805649759,-0.9023516138478364,-0.28348140259322147,1.0065385554488735,-1.290019958042095,3
phase6v2-r03-input-medium-a01,D4-S,INPUT,0.852529183253459,0.4690549895297023,0.5812051486638832,0.0,1.1945181850575635,0.4713900569012116,0.5812136610854838,-0.5321160306111077,1.1945181850575635,0.8606161748139493,0.3339020102436142,1
phase6v2-r03-input-medium-a01,D4-S,OUTPUT,-0.3671819110760128,-0.7248333885894409,0.08115657326805645,0.7248333885894409,-1.200159996405197,-0.8571631453718871,0.12579155245621468,0.9441488289417608,-1.200159996405197,2.135180029319148,-3.335340025724345,4
phase6v2-r03-input-medium-a01,D4-S,LOAD,0.15772985291974811,0.16310053874330016,-0.11220529084569375,0.1023815727135382,0.4327758835727093,0.45814113522416033,-0.35666600985069935,-0.6425474130157831,0.4327758835727093,1.5859810971509,-1.1532052135781907,3
phase6v2-r03-input-medium-a01,D4-S,DOWNSTREAM,0.4574579093910996,0.046870135598150016,0.4826435852218167,0.0040563031547583665,0.6491405485301808,0.2143893819521565,0.5180940092464719,-0.8231732061460189,0.6491405485301808,1.0065385554488735,-0.3573980069186927,2
phase6v2-r03-output-load-a01,D4-S,INPUT,-3.3033597737864744,-5.0,-5.0,5.0,-4.62849061250546,-5.0248911899844675,-5.000073230782799,6.031510160053768,-4.62849061250546,0.8606161748139493,-5.489106787319409,4
phase6v2-r03-output-load-a01,D4-S,OUTPUT,2.183737592567252,5.0,-1.1477510746122628,0.0,7.115270973404277,5.912828788419683,-1.7789980983042897,-1.368931248638405,7.115270973404277,2.135180029319148,4.980090944085129,2
phase6v2-r03-output-load-a01,D4-S,LOAD,3.1147429704942224,2.618611197731598,2.7909085084667837,0.40681861864991187,8.494478676407331,7.35554594781333,8.871437292044746,0.7326994226291348,8.494478676407331,1.5859810971509,6.908497579256431,1
phase6v2-r03-output-load-a01,D4-S,DOWNSTREAM,-3.0576575646343613,-0.1447525449384556,-0.404470866572472,0.1447525449384556,-4.345918922150402,-0.6621147613360475,-0.43417946348467157,1.9231955855935357,-4.345918922150402,1.0065385554488735,-5.352457477599276,3
phase6v2-r03-input-downstream-a01,D4-S,INPUT,0.3463673458480594,0.2662202661485492,0.5824622406217186,0.0047132293284324065,0.4853113552625713,0.267545573993033,0.5824707714548848,-0.5259288555185659,0.4853113552625713,0.8606161748139493,-0.37530481955137796,3
phase6v2-r03-input-downstream-a01,D4-S,OUTPUT,-0.09729926746727575,-0.7462856895384602,0.22667707808037557,0.7462856895384602,-0.3204025247668503,-0.8825319018977279,0.3513462977766248,1.0126071680919413,-0.3204025247668503,2.135180029319148,-2.4555825540859986,4
phase6v2-r03-input-downstream-a01,D4-S,LOAD,0.5185219492874807,-0.3583933557059145,-0.7943871772999259,0.5957903829749445,1.4164031233822578,-1.0067087460595454,-2.5251118077289703,1.5863498714925526,1.4164031233822578,1.5859810971509,-0.16957797376864225,1
phase6v2-r03-input-downstream-a01,D4-S,DOWNSTREAM,0.4788430215400147,5.0,0.5132693781840624,0.0,0.6795292819189807,22.870574110374314,0.5509692827360593,-0.9023516138478364,0.6795292819189807,1.0065385554488735,-0.32700927352989284,2
phase6v2-r03-input-load-a01,D4-S,INPUT,-3.050040528614628,-4.929391454466961,-4.795365357519389,4.929391454466961,-4.273553267336757,-4.9539311383071505,-4.7954355911911755,5.938820540304686,-4.273553267336757,0.8606161748139493,-5.134169442150706,4
phase6v2-r03-input-load-a01,D4-S,OUTPUT,1.8538093174511376,3.991765833118504,-2.4310170615499125,0.0,6.039778080430567,4.720525586938633,-3.768042413642337,-1.368931248638405,6.039778080430567,2.135180029319148,3.904598051111419,2
phase6v2-r03-input-load-a01,D4-S,LOAD,3.2567755059406096,3.4113638205412684,3.6023379526273036,0.0,8.881701878386476,9.582347829428036,11.450721209432412,-1.105040187078734,8.881701878386476,1.5859810971509,7.295720781235576,1
phase6v2-r03-input-load-a01,D4-S,DOWNSTREAM,-2.8489843507297357,-0.13676794544301274,-1.2033010740669248,0.13676794544301274,-4.0493895133460915,-0.6255922864356108,-1.2916841679505626,1.7673374433232096,-4.0493895133460915,1.0065385554488735,-5.055928068794965,3
phase6v2-r03-baseline-a01,D4-S,INPUT,0.5543990936153518,0.6475551498717522,0.5811784213703208,0.0,0.7767942870597107,0.6507788335239278,0.5811869334004693,-0.5321160306111077,0.7767942870597107,0.8606161748139493,-0.0838218877542386,2
phase6v2-r03-baseline-a01,D4-S,OUTPUT,-0.2586321878882996,-0.7417973793673536,0.15208397519144734,0.7417973793673536,-0.846312009955529,-0.8772241799795126,0.23572803252616617,0.998284123648596,-0.846312009955529,2.135180029319148,-2.981492039274677,4
phase6v2-r03-baseline-a01,D4-S,LOAD,-0.39591457800279073,0.612746396584011,0.4810817962196688,0.04973591981680317,-1.0766245409565722,1.7211735282943323,1.5292106403916663,-0.8803659325524201,-1.0766245409565722,1.5859810971509,-2.6626056381074723,3
phase6v2-r03-baseline-a01,D4-S,DOWNSTREAM,0.6677038479720887,0.08257612428555988,0.08022461718221696,0.0027948853660436576,0.9479048350639697,0.3777126740440754,0.08611715731619218,-0.8477958855037031,0.9479048350639697,1.0065385554488735,-0.058633720384903776,1
phase6v2-r03-downstream-medium-a01,D4-S,INPUT,0.39293349096240904,0.4490448121694227,0.5807393190044656,0.0,0.5505573412531563,0.45128026411567246,0.5807478246034521,-0.5321160306111077,0.5505573412531563,0.8606161748139493,-0.310058833560793,2
phase6v2-r03-downstream-medium-a01,D4-S,OUTPUT,-0.16951850632365523,-0.7313600658658946,0.49405721561628874,0.7313600658658946,-0.5558212020495764,-0.8648813704304751,0.7657817679080041,0.9649766873415224,-0.5558212020495764,2.135180029319148,-2.6910012313687246,4
phase6v2-r03-downstream-medium-a01,D4-S,LOAD,0.2194394611802262,-0.1031922639007827,-0.45919111881130376,0.34563997369753446,0.6010147453827963,-0.2898618318132182,-1.459626929094954,0.4563344433900936,0.6010147453827963,1.5859810971509,-0.9849663517681038,3
phase6v2-r03-downstream-medium-a01,D4-S,DOWNSTREAM,0.5172045359837821,5.0,-0.8839508527826785,0.0,0.7340418711775498,22.870574110374314,-0.9488775057158146,-0.9023516138478364,0.7340418711775498,1.0065385554488735,-0.2724966842713237,1
phase6v2-r03-output-load-control-a01,D4-S,INPUT,-0.40077491602927307,-0.9986848939117967,-0.8343182838249448,0.9986848939117967,-0.5615443256557192,-1.003656584997592,-0.8343305033811502,0.7788828345690608,-0.5615443256557192,0.8606161748139493,-1.4221605004696685,2
phase6v2-r03-output-load-control-a01,D4-S,OUTPUT,0.047675825150963975,0.9295839568547158,-1.2482597138469274,0.0,0.15218407519718208,1.099294156268729,-1.9347850820995562,-1.368931248638405,0.15218407519718208,2.135180029319148,-1.982995954121966,3
phase6v2-r03-output-load-control-a01,D4-S,LOAD,3.480192419888227,2.9289552739422327,2.2386070319229767,0.8210447260577672,9.49080325451273,8.227286706493528,7.115841255629416,2.6039012065711016,9.49080325451273,1.5859810971509,7.9048221573618305,1
phase6v2-r03-output-load-control-a01,D4-S,DOWNSTREAM,-0.7506611923251733,-0.11628575747786013,-0.6108282198546788,0.11628575747786013,-1.0676243217365755,-0.531904406875683,-0.6556938724047312,1.3675283147999444,-1.0676243217365755,1.0065385554488735,-2.074162877185449,4
phase6v2-r03-output-medium-a01,D4-S,INPUT,-0.13357484328985783,0.6572611448757908,0.5802407773000602,0.0,-0.18715790909003127,0.6605331472810932,0.5802492755973269,-0.5321160306111077,-0.18715790909003127,0.8606161748139493,-1.0477740839039806,4
phase6v2-r03-output-medium-a01,D4-S,OUTPUT,1.1393948412811221,2.599625263411096,0.3550924768261423,0.0,3.710945574371553,3.0742278193200456,0.550388368147922,-1.368931248638405,3.710945574371553,2.135180029319148,1.575765545052405,1
phase6v2-r03-output-medium-a01,D4-S,LOAD,0.38074388179299584,0.11227914915884055,0.48206606458339385,0.294895258583807,1.040778874402689,0.31538643130169963,1.5323393259221452,0.22710311357209997,1.040778874402689,1.5859810971509,-0.5452022227482112,2
phase6v2-r03-output-medium-a01,D4-S,DOWNSTREAM,0.05929126995177851,-0.021792432306553672,1.4730409827767392,0.03803550905854271,0.08333664879006202,-0.09968108762247038,1.5812366141785954,-0.15990438333188414,0.08333664879006202,1.0065385554488735,-0.9232019066588115,3
phase6v2-r03-load-downstream-a01,D4-S,INPUT,-1.532822710155205,-2.3335583779025466,-2.193138244130157,2.3335583779025466,-2.147709002479103,-2.3451753868873904,-2.1931703651762375,2.5312049467182125,-2.147709002479103,0.8606161748139493,-3.0083251772930524,4
phase6v2-r03-load-downstream-a01,D4-S,OUTPUT,0.7413821932331502,1.6489349965202778,-0.65598017457225,0.0,2.413512748589676,1.9499740635315617,-1.0167600875334266,-1.368931248638405,2.413512748589676,2.135180029319148,0.27833271927052783,2
phase6v2-r03-load-downstream-a01,D4-S,LOAD,3.544204557602478,4.00009678983672,3.666795719782293,0.0,9.665319500761102,11.236068859261168,11.655612569205024,-1.105040187078734,9.665319500761102,1.5859810971509,8.079338403610201,1
phase6v2-r03-load-downstream-a01,D4-S,DOWNSTREAM,-1.2927299523250448,5.0,4.447900807015128,0.0,-1.8379164254826463,22.870574110374314,4.774601450007874,-0.9023516138478364,-1.8379164254826463,1.0065385554488735,-2.84445498093152,3
phase6v2-r03-output-downstream-control-a01,D4-S,INPUT,0.3000577644050932,0.43104077228416904,0.5804377899988806,0.0,0.42042485253321976,0.43318659583496444,0.580446291181626,-0.5321160306111077,0.42042485253321976,0.8606161748139493,-0.4401913222807295,2
phase6v2-r03-output-downstream-control-a01,D4-S,OUTPUT,0.29754144701928215,0.30895268316192065,-0.537656040733395,0.22459194377949881,0.966690502156972,0.3653568638518621,-0.8333593365004236,-0.6522159883875873,0.966690502156972,2.135180029319148,-1.168489527162176,4
phase6v2-r03-output-downstream-control-a01,D4-S,LOAD,0.18752746431030692,-0.30891814725464806,-0.0823056025420696,0.3486831434169906,0.51401309065149,-0.8677353966153132,-0.26162412329921036,0.4700814875914328,0.51401309065149,1.5859810971509,-1.07196800649941,3
phase6v2-r03-output-downstream-control-a01,D4-S,DOWNSTREAM,0.45614023274288973,5.0,0.31721220966674013,0.0,0.6472680998810335,22.870574110374314,0.3405116125445709,-0.9023516138478364,0.6472680998810335,1.0065385554488735,-0.35927045556784,1
phase6v2-r03-output-control-a01,D4-S,INPUT,0.5522864428563051,0.6486894557401776,0.5839004608774581,0.0,0.7738341540813577,0.6519187862369276,0.5839090127750234,-0.5321160306111077,0.7738341540813577,0.8606161748139493,-0.08678202073259156,2
phase6v2-r03-output-control-a01,D4-S,OUTPUT,0.0194000475678811,-0.22513853030696082,-0.18394748228904084,0.47046592849749225,0.06001132091230476,-0.26624111667629874,-0.2851160224708269,0.13241427920150398,0.06001132091230476,2.135180029319148,-2.0751687084068435,3
phase6v2-r03-output-control-a01,D4-S,LOAD,-0.6160911209268664,0.01762410115976215,0.3481337188384517,0.3388344761930454,-1.6768916958292759,0.049505205653225,1.1066097102618146,0.4255916706790681,-1.6768916958292759,1.5859810971509,-3.262872792980176,4
phase6v2-r03-output-control-a01,D4-S,DOWNSTREAM,0.7077362447848391,0.10259703967468634,0.4731136467145089,0.002477708730715885,1.0047917863778553,0.4692906398769854,0.5078640917663623,-0.8539871241728378,1.0047917863778553,1.0065385554488735,-0.0017467690710182282,1
phase6v2-r03-load-medium-a01,D4-S,INPUT,-1.5840732731679625,-2.3074367303630963,-2.294900796953419,2.3074367303630963,-2.219518543683954,-2.3189236995696176,-2.2949344084297802,2.4969144007315616,-2.219518543683954,0.8606161748139493,-3.0801347184979035,4
phase6v2-r03-load-medium-a01,D4-S,OUTPUT,0.6996831148986706,1.7632637419290533,-1.1165590371359202,0.0,2.2775830154484242,2.085175322970944,-1.7306508768726778,-1.368931248638405,2.2775830154484242,2.135180029319148,0.14240298612927615,2
phase6v2-r03-load-medium-a01,D4-S,LOAD,3.5569071878627296,3.740617981368803,3.320823975158404,0.039214857184067906,9.699950672749075,10.507206056022959,10.555875108109861,-0.9278931907702493,9.699950672749075,1.5859810971509,8.113969575598176,1
phase6v2-r03-load-medium-a01,D4-S,DOWNSTREAM,-1.2822377085392678,-0.08938026142188574,-1.3881285263059742,0.1099429236741018,-1.8230067071311131,-0.40883557857077374,-1.490087293323773,1.2437171838913217,-1.8230067071311131,1.0065385554488735,-2.8295452625799866,3
phase6v2-r03-output-downstream-a01,D4-SM,INPUT,-0.34613341287423566,0.4535702796975807,0.5827476143929067,0.0,-0.4849835809214625,0.45582826049823283,0.5827561494057019,-0.5321160306111077,-0.014577660211614829,0.7592952090080001,-0.7738728692196148,4
phase6v2-r03-output-downstream-a01,D4-SM,OUTPUT,1.2587736332012711,2.655702171705484,-0.23924346120311146,0.0,4.100093919528457,3.140542450865771,-0.3708240157003152,-1.368931248638405,3.620318185197114,2.061756410692136,1.5585617745049776,2
phase6v2-r03-output-downstream-a01,D4-SM,LOAD,1.1776403555253256,-0.3853526534948493,-0.1786443369301609,0.38579681099776475,3.2133571729925947,-1.0824360452397643,-0.5678552442141791,0.6377366878403025,1.0654605638764152,0.9970274127324683,0.06843315114394688,3
phase6v2-r03-output-downstream-a01,D4-SM,DOWNSTREAM,-0.19884535807790996,5.0,0.8519285803103314,0.0,-0.28348140259322147,22.870574110374314,0.9145031805649759,-0.9023516138478364,11.293546353890546,0.7562749196313933,10.537271434259154,1
phase6v2-r03-input-medium-a01,D4-SM,INPUT,0.852529183253459,0.4690549895297023,0.5812051486638832,0.0,1.1945181850575635,0.4713900569012116,0.5812136610854838,-0.5321160306111077,0.8329541209793876,0.7592952090080001,0.07365891197138752,1
phase6v2-r03-input-medium-a01,D4-SM,OUTPUT,-0.3671819110760128,-0.7248333885894409,0.08115657326805645,0.7248333885894409,-1.200159996405197,-0.8571631453718871,0.12579155245621468,0.9441488289417608,-1.028661570888542,2.061756410692136,-3.0904179815806785,4
phase6v2-r03-input-medium-a01,D4-SM,LOAD,0.15772985291974811,0.16310053874330016,-0.11220529084569375,0.1023815727135382,0.4327758835727093,0.45814113522416033,-0.35666600985069935,-0.6425474130157831,0.4454585093984348,0.9970274127324683,-0.5515689033340335,3
phase6v2-r03-input-medium-a01,D4-SM,DOWNSTREAM,0.4574579093910996,0.046870135598150016,0.4826435852218167,0.0040563031547583665,0.6491405485301808,0.2143893819521565,0.5180940092464719,-0.8231732061460189,0.43176496524116864,0.7562749196313933,-0.3245099543902246,2
phase6v2-r03-output-load-a01,D4-SM,INPUT,-3.3033597737864744,-5.0,-5.0,5.0,-4.62849061250546,-5.0248911899844675,-5.000073230782799,6.031510160053768,-4.826690901244964,0.7592952090080001,-5.585986110252964,4
phase6v2-r03-output-load-a01,D4-SM,OUTPUT,2.183737592567252,5.0,-1.1477510746122628,0.0,7.115270973404277,5.912828788419683,-1.7789980983042897,-1.368931248638405,6.51404988091198,2.061756410692136,4.452293470219844,2
phase6v2-r03-output-load-a01,D4-SM,LOAD,3.1147429704942224,2.618611197731598,2.7909085084667837,0.40681861864991187,8.494478676407331,7.35554594781333,8.871437292044746,0.7326994226291348,7.925012312110331,0.9970274127324683,6.927984899377863,1
phase6v2-r03-output-load-a01,D4-SM,DOWNSTREAM,-3.0576575646343613,-0.1447525449384556,-0.404470866572472,0.1447525449384556,-4.345918922150402,-0.6621147613360475,-0.43417946348467157,1.9231955855935357,-2.504016841743225,0.7562749196313933,-3.260291761374618,3
phase6v2-r03-input-downstream-a01,D4-SM,INPUT,0.3463673458480594,0.2662202661485492,0.5824622406217186,0.0047132293284324065,0.4853113552625713,0.267545573993033,0.5824707714548848,-0.5259288555185659,0.37642846462780216,0.7592952090080001,-0.3828667443801979,2
phase6v2-r03-input-downstream-a01,D4-SM,OUTPUT,-0.09729926746727575,-0.7462856895384602,0.22667707808037557,0.7462856895384602,-0.3204025247668503,-0.8825319018977279,0.3513462977766248,1.0126071680919413,-0.6014672133322891,2.061756410692136,-2.6632236240244254,4
phase6v2-r03-input-downstream-a01,D4-SM,LOAD,0.5185219492874807,-0.3583933557059145,-0.7943871772999259,0.5957903829749445,1.4164031233822578,-1.0067087460595454,-2.5251118077289703,1.5863498714925526,0.2048471886613562,0.9970274127324683,-0.7921802240711121,3
phase6v2-r03-input-downstream-a01,D4-SM,DOWNSTREAM,0.4788430215400147,5.0,0.5132693781840624,0.0,0.6795292819189807,22.870574110374314,0.5509692827360593,-0.9023516138478364,11.775051696146647,0.7562749196313933,11.018776776515255,1
phase6v2-r03-input-load-a01,D4-SM,INPUT,-3.050040528614628,-4.929391454466961,-4.795365357519389,4.929391454466961,-4.273553267336757,-4.9539311383071505,-4.7954355911911755,5.938820540304686,-4.613742202821953,0.7592952090080001,-5.373037411829953,4
phase6v2-r03-input-load-a01,D4-SM,OUTPUT,1.8538093174511376,3.991765833118504,-2.4310170615499125,0.0,6.039778080430567,4.720525586938633,-3.768042413642337,-1.368931248638405,5.3801518336846,2.061756410692136,3.318395422992464,2
phase6v2-r03-input-load-a01,D4-SM,LOAD,3.2567755059406096,3.4113638205412684,3.6023379526273036,0.0,8.881701878386476,9.582347829428036,11.450721209432412,-1.105040187078734,9.232024853907255,0.9970274127324683,8.234997441174787,1
phase6v2-r03-input-load-a01,D4-SM,DOWNSTREAM,-2.8489843507297357,-0.13676794544301274,-1.2033010740669248,0.13676794544301274,-4.0493895133460915,-0.6255922864356108,-1.2916841679505626,1.7673374433232096,-2.337490899890851,0.7562749196313933,-3.093765819522244,3
phase6v2-r03-baseline-a01,D4-SM,INPUT,0.5543990936153518,0.6475551498717522,0.5811784213703208,0.0,0.7767942870597107,0.6507788335239278,0.5811869334004693,-0.5321160306111077,0.7137865602918192,0.7592952090080001,-0.04550864871618088,1
phase6v2-r03-baseline-a01,D4-SM,OUTPUT,-0.2586321878882996,-0.7417973793673536,0.15208397519144734,0.7417973793673536,-0.846312009955529,-0.8772241799795126,0.23572803252616617,0.998284123648596,-0.8617680949675208,2.061756410692136,-2.923524505659657,4
phase6v2-r03-baseline-a01,D4-SM,LOAD,-0.39591457800279073,0.612746396584011,0.4810817962196688,0.04973591981680317,-1.0766245409565722,1.7211735282943323,1.5292106403916663,-0.8803659325524201,0.32227449366888006,0.9970274127324683,-0.6747529190635883,3
phase6v2-r03-baseline-a01,D4-SM,DOWNSTREAM,0.6677038479720887,0.08257612428555988,0.08022461718221696,0.0027948853660436576,0.9479048350639697,0.3777126740440754,0.08611715731619218,-0.8477958855037031,0.6628087545540226,0.7562749196313933,-0.09346616507737071,2
phase6v2-r03-downstream-medium-a01,D4-SM,INPUT,0.39293349096240904,0.4490448121694227,0.5807393190044656,0.0,0.5505573412531563,0.45128026411567246,0.5807478246034521,-0.5321160306111077,0.5009188026844144,0.7592952090080001,-0.2583764063235857,2
phase6v2-r03-downstream-medium-a01,D4-SM,OUTPUT,-0.16951850632365523,-0.7313600658658946,0.49405721561628874,0.7313600658658946,-0.5558212020495764,-0.8648813704304751,0.7657817679080041,0.9649766873415224,-0.7103512862400257,2.061756410692136,-2.772107696932162,4
phase6v2-r03-downstream-medium-a01,D4-SM,LOAD,0.2194394611802262,-0.1031922639007827,-0.45919111881130376,0.34563997369753446,0.6010147453827963,-0.2898618318132182,-1.459626929094954,0.4563344433900936,0.15557645678478907,0.9970274127324683,-0.8414509559476793,3
phase6v2-r03-downstream-medium-a01,D4-SM,DOWNSTREAM,0.5172045359837821,5.0,-0.8839508527826785,0.0,0.7340418711775498,22.870574110374314,-0.9488775057158146,-0.9023516138478364,11.802307990775931,0.7562749196313933,11.046033071144539,1
phase6v2-r03-output-load-control-a01,D4-SM,INPUT,-0.40077491602927307,-0.9986848939117967,-0.8343182838249448,0.9986848939117967,-0.5615443256557192,-1.003656584997592,-0.8343305033811502,0.7788828345690608,-0.7826004553266557,0.7592952090080001,-1.5418956643346557,3
phase6v2-r03-output-load-control-a01,D4-SM,OUTPUT,0.047675825150963975,0.9295839568547158,-1.2482597138469274,0.0,0.15218407519718208,1.099294156268729,-1.9347850820995562,-1.368931248638405,0.6257391157329556,2.061756410692136,-1.4360172949591807,2
phase6v2-r03-output-load-control-a01,D4-SM,LOAD,3.480192419888227,2.9289552739422327,2.2386070319229767,0.8210447260577672,9.49080325451273,8.227286706493528,7.115841255629416,2.6039012065711016,8.859044980503128,0.9970274127324683,7.8620175677706605,1
phase6v2-r03-output-load-control-a01,D4-SM,DOWNSTREAM,-0.7506611923251733,-0.11628575747786013,-0.6108282198546788,0.11628575747786013,-1.0676243217365755,-0.531904406875683,-0.6556938724047312,1.3675283147999444,-0.7997643643061292,0.7562749196313933,-1.5560392839375226,4
phase6v2-r03-output-medium-a01,D4-SM,INPUT,-0.13357484328985783,0.6572611448757908,0.5802407773000602,0.0,-0.18715790909003127,0.6605331472810932,0.5802492755973269,-0.5321160306111077,0.236687619095531,0.7592952090080001,-0.5226075899124691,3
phase6v2-r03-output-medium-a01,D4-SM,OUTPUT,1.1393948412811221,2.599625263411096,0.3550924768261423,0.0,3.710945574371553,3.0742278193200456,0.550388368147922,-1.368931248638405,3.3925866968457994,2.061756410692136,1.3308302861536632,1
phase6v2-r03-output-medium-a01,D4-SM,LOAD,0.38074388179299584,0.11227914915884055,0.48206606458339385,0.294895258583807,1.040778874402689,0.31538643130169963,1.5323393259221452,0.22710311357209997,0.6780826528521943,0.9970274127324683,-0.31894475988027404,2
phase6v2-r03-output-medium-a01,D4-SM,DOWNSTREAM,0.05929126995177851,-0.021792432306553672,1.4730409827767392,0.03803550905854271,0.08333664879006202,-0.09968108762247038,1.5812366141785954,-0.15990438333188414,-0.008172219416204184,0.7562749196313933,-0.7644471390475974,4
phase6v2-r03-load-downstream-a01,D4-SM,INPUT,-1.532822710155205,-2.3335583779025466,-2.193138244130157,2.3335583779025466,-2.147709002479103,-2.3451753868873904,-2.1931703651762375,2.5312049467182125,-2.2464421946832465,0.7592952090080001,-3.0057374036912465,4
phase6v2-r03-load-downstream-a01,D4-SM,OUTPUT,0.7413821932331502,1.6489349965202778,-0.65598017457225,0.0,2.413512748589676,1.9499740635315617,-1.0167600875334266,-1.368931248638405,2.181743406060619,2.061756410692136,0.11998699536848267,3
phase6v2-r03-load-downstream-a01,D4-SM,LOAD,3.544204557602478,4.00009678983672,3.666795719782293,0.0,9.665319500761102,11.236068859261168,11.655612569205024,-1.105040187078734,10.450694180011135,0.9970274127324683,9.453666767278667,2
phase6v2-r03-load-downstream-a01,D4-SM,DOWNSTREAM,-1.2927299523250448,5.0,4.447900807015128,0.0,-1.8379164254826463,22.870574110374314,4.774601450007874,-0.9023516138478364,10.516328842445834,0.7562749196313933,9.760053922814441,1
phase6v2-r03-output-downstream-control-a01,D4-SM,INPUT,0.3000577644050932,0.43104077228416904,0.5804377899988806,0.0,0.42042485253321976,0.43318659583496444,0.580446291181626,-0.5321160306111077,0.42680572418409213,0.7592952090080001,-0.33248948482390794,2
phase6v2-r03-output-downstream-control-a01,D4-SM,OUTPUT,0.29754144701928215,0.30895268316192065,-0.537656040733395,0.22459194377949881,0.966690502156972,0.3653568638518621,-0.8333593365004236,-0.6522159883875873,0.666023683004417,2.061756410692136,-1.3957327276877192,4
phase6v2-r03-output-downstream-control-a01,D4-SM,LOAD,0.18752746431030692,-0.30891814725464806,-0.0823056025420696,0.3486831434169906,0.51401309065149,-0.8677353966153132,-0.26162412329921036,0.4700814875914328,-0.17686115298191157,0.9970274127324683,-1.1738885657143798,3
phase6v2-r03-output-downstream-control-a01,D4-SM,DOWNSTREAM,0.45614023274288973,5.0,0.31721220966674013,0.0,0.6472680998810335,22.870574110374314,0.3405116125445709,-0.9023516138478364,11.758921105127673,0.7562749196313933,11.00264618549628,1
phase6v2-r03-output-control-a01,D4-SM,INPUT,0.5522864428563051,0.6486894557401776,0.5839004608774581,0.0,0.7738341540813577,0.6519187862369276,0.5839090127750234,-0.5321160306111077,0.7128764701591426,0.7592952090080001,-0.0464187388488575,2
phase6v2-r03-output-control-a01,D4-SM,OUTPUT,0.0194000475678811,-0.22513853030696082,-0.18394748228904084,0.47046592849749225,0.06001132091230476,-0.26624111667629874,-0.2851160224708269,0.13241427920150398,-0.10311489788199699,2.061756410692136,-2.164871308574133,4
phase6v2-r03-output-control-a01,D4-SM,LOAD,-0.6160911209268664,0.01762410115976215,0.3481337188384517,0.3388344761930454,-1.6768916958292759,0.049505205653225,1.1066097102618146,0.4255916706790681,-0.8136932450880254,0.9970274127324683,-1.8107206578204937,3
phase6v2-r03-output-control-a01,D4-SM,DOWNSTREAM,0.7077362447848391,0.10259703967468634,0.4731136467145089,0.002477708730715885,1.0047917863778553,0.4692906398769854,0.5078640917663623,-0.8539871241728378,0.7370412131274203,0.7562749196313933,-0.019233706503972936,1
phase6v2-r03-load-medium-a01,D4-SM,INPUT,-1.5840732731679625,-2.3074367303630963,-2.294900796953419,2.3074367303630963,-2.219518543683954,-2.3189236995696176,-2.2949344084297802,2.4969144007315616,-2.269221121626786,0.7592952090080001,-3.028516330634786,4
phase6v2-r03-load-medium-a01,D4-SM,OUTPUT,0.6996831148986706,1.7632637419290533,-1.1165590371359202,0.0,2.2775830154484242,2.085175322970944,-1.7306508768726778,-1.368931248638405,2.181379169209684,2.061756410692136,0.119622758517548,2
phase6v2-r03-load-medium-a01,D4-SM,LOAD,3.5569071878627296,3.740617981368803,3.320823975158404,0.039214857184067906,9.699950672749075,10.507206056022959,10.555875108109861,-0.9278931907702493,10.103578364386017,0.9970274127324683,9.10655095165355,1
phase6v2-r03-load-medium-a01,D4-SM,DOWNSTREAM,-1.2822377085392678,-0.08938026142188574,-1.3881285263059742,0.1099429236741018,-1.8230067071311131,-0.40883557857077374,-1.490087293323773,1.2437171838913217,-1.1159211428509435,0.7562749196313933,-1.8721960624823368,3
phase6v2-r03-output-downstream-a01,D4-SMT,INPUT,0.16949173119179034,0.4535702796975807,0.5827476143929067,0.0,-0.9758798323976208,0.17683478717656237,0.638906624923446,-0.5321160306111077,-0.053379473432537496,0.8883128270595958,-0.9416923004921333,3
phase6v2-r03-output-downstream-a01,D4-SMT,OUTPUT,1.2587736332012711,2.655702171705484,0.2998628175094703,0.0,2.662561656851503,3.9483227664944995,-0.22103586468682562,-1.368931248638405,2.1299495195530587,1.3676681108724875,0.7622814086805711,2
phase6v2-r03-output-downstream-a01,D4-SMT,LOAD,1.4927394724697627,0.00044415750291546663,0.0005922100038872888,0.38579681099776475,3.4985253331053525,-1.4260387454312131,-0.944620379831812,0.6377366878403025,0.37595540261410904,1.4826442444327812,-1.1066888418186722,4
phase6v2-r03-output-downstream-a01,D4-SMT,DOWNSTREAM,0.24505599821962706,5.0,1.3898203795926893,0.0,-0.5657879978511322,22.8823297017261,2.361133016533724,-0.9023516138478364,8.225891573469564,0.9267565292151381,7.299135044254426,1
phase6v2-r03-input-medium-a01,D4-SMT,INPUT,0.852529183253459,0.4690549895297023,0.5812051486638832,0.0,2.0801866957277886,0.2336233190277989,0.6330736314250153,-0.5321160306111077,0.9822945487268676,0.8883128270595958,0.09398172166727181,1
phase6v2-r03-input-medium-a01,D4-SMT,OUTPUT,0.1691604966217944,0.0,0.29342072572664923,0.7248333885894409,-0.7133344474812371,-0.76063140928117,-0.24498235184293446,0.9441488289417608,-0.5729827362017804,1.3676681108724875,-1.9406508470742678,4
phase6v2-r03-input-medium-a01,D4-SMT,LOAD,0.4362648327468275,0.26548211145683837,0.0243034727723572,0.1023815727135382,0.1433486654159002,0.12182860653970709,-0.8054299764255918,-0.6425474130157831,-0.18008423482332817,1.4826442444327812,-1.6627284792561094,3
phase6v2-r03-input-medium-a01,D4-SMT,DOWNSTREAM,0.5936638623973304,0.05092643875290838,0.4826435852218167,0.0040563031547583665,0.7198197640721118,0.0217056833304588,0.22708960318468774,-0.8231732061460189,0.3228716835290861,0.9267565292151381,-0.6038848456860519,2
phase6v2-r03-output-load-a01,D4-SMT,INPUT,0.0,0.0,0.0,5.0,-1.7342247883378898,-1.4865861328556962,-1.5648136795346606,6.031510160053768,-1.5952082002427488,0.8883128270595958,-2.4835210273023445,4
phase6v2-r03-output-load-a01,D4-SMT,OUTPUT,2.9366801649330627,5.0,1.3522489253877372,0.0,7.861138962636995,8.105110815027803,3.6908845588589685,-1.368931248638405,6.55237811217459,1.3676681108724875,5.184710001302102,2
phase6v2-r03-output-load-a01,D4-SMT,LOAD,3.3296142547756866,3.02542981638151,3.3333333333333335,0.40681861864991187,9.332114876415414,16.240399105098064,18.619313685357564,0.7326994226291348,14.730609222290347,1.4826442444327812,13.247964977857567,1
phase6v2-r03-output-load-a01,D4-SMT,DOWNSTREAM,0.07298147011998635,0.0,0.0,0.1447525449384556,-1.2003702080832288,-0.21353231717982835,-0.9082815509596104,1.9231955855935357,-0.7740613587408892,0.9267565292151381,-1.7008178879560272,3
phase6v2-r03-input-downstream-a01,D4-SMT,INPUT,0.3662751440264964,0.27093349547698165,0.5824622406217186,0.0047132293284324065,-0.09542562093494852,-0.49296625852361603,0.6378274545272151,-0.5259288555185659,0.016478525022883533,0.8883128270595958,-0.8718343020367123,2
phase6v2-r03-input-downstream-a01,D4-SMT,OUTPUT,0.14699182802381738,0.0,0.3047840871084923,0.7462856895384602,-0.7820185698047709,-0.76063140928117,-0.20274256443317376,1.0126071680919413,-0.5817975145063715,1.3676681108724875,-1.949465625378859,4
phase6v2-r03-input-downstream-a01,D4-SMT,LOAD,0.6453140323126595,0.23739702726902995,0.0,0.5957903829749445,0.8072519626747723,-0.04219312786902224,-0.9480967847009732,1.5863498714925526,-0.061012649965074384,1.4826442444327812,-1.5436568943978557,3
phase6v2-r03-input-downstream-a01,D4-SMT,DOWNSTREAM,0.48049983471401614,5.0,1.0340986699195913,0.0,0.3024896711227321,22.8823297017261,1.5243329834821875,-0.9023516138478364,8.236384118777005,0.9267565292151381,7.309627589561867,1
phase6v2-r03-input-load-a01,D4-SMT,INPUT,0.0,0.0,0.0,4.929391454466961,-1.7342247883378898,-1.4865861328556962,-1.5648136795346606,5.938820540304686,-1.5952082002427488,0.8883128270595958,-2.4835210273023445,4
phase6v2-r03-input-load-a01,D4-SMT,OUTPUT,2.6110445519235626,3.991765833118504,0.08887705489411746,0.0,6.852237765977651,6.317361969965352,-1.0053102936950198,-1.368931248638405,4.054763147415994,1.3676681108724875,2.687095036543507,2
phase6v2-r03-input-load-a01,D4-SMT,LOAD,3.32127514809313,3.4113638205412684,3.6023379526273036,0.0,9.305631347972152,18.494320236552895,20.198430826577646,-1.105040187078734,15.999460803700899,1.4826442444327812,14.516816559268118,1
phase6v2-r03-input-load-a01,D4-SMT,DOWNSTREAM,0.04671300906306464,0.0,0.0,0.13676794544301274,-1.2972439189165053,-0.21353231717982835,-0.9082815509596104,1.7673374433232096,-0.8063525956853147,0.9267565292151381,-1.7331091249004529,3
phase6v2-r03-baseline-a01,D4-SMT,INPUT,0.6178736820104804,0.6475551498717522,0.5811784213703208,0.0,1.030284057410364,0.8882537351565877,0.6329725594033513,-0.5321160306111077,0.8505034506567677,0.8883128270595958,-0.03780937640282811,1
phase6v2-r03-baseline-a01,D4-SMT,OUTPUT,0.1888264054130848,0.0,0.2928558593672548,0.7417973793673536,-0.6524045057910217,-0.76063140928117,-0.24708206812705014,0.998284123648596,-0.5533726610664139,1.3676681108724875,-1.9210407719389013,4
phase6v2-r03-baseline-a01,D4-SMT,LOAD,0.20582774474656684,0.6624823164008141,0.5473963559754064,0.04973591981680317,-0.5884787840641359,2.440378258735469,2.2652419714545435,-0.8803659325524201,1.372380482041959,1.4826442444327812,-0.11026376239082225,2
phase6v2-r03-baseline-a01,D4-SMT,DOWNSTREAM,0.6677038479720887,0.08537100965160355,0.25507652017984633,0.0027948853660436576,0.9928669036486101,0.18081109468579604,-0.3082393418031288,-0.8477958855037031,0.2884795521770924,0.9267565292151381,-0.6382769770380456,3
phase6v2-r03-downstream-medium-a01,D4-SMT,INPUT,0.4507939009615786,0.4490448121694227,0.5807393190044656,0.0,0.28273072069527827,0.16023811473963862,0.6313120484454835,-0.5321160306111077,0.35809362796013344,0.8883128270595958,-0.5302191990994624,2
phase6v2-r03-downstream-medium-a01,D4-SMT,OUTPUT,0.1322949292657058,0.0,0.49405721561628874,0.7313600658658946,-0.8275532661090337,-0.76063140928117,0.5008218512268091,0.9649766873415224,-0.3624542747211315,1.3676681108724875,-1.730122385593619,3
phase6v2-r03-downstream-medium-a01,D4-SMT,LOAD,0.4021156953518689,0.24244770979675176,0.0016621794520755382,0.34563997369753446,0.034897042725426076,-0.012696271010590246,-0.9383394204168756,0.4563344433900936,-0.3053795495673466,1.4826442444327812,-1.7880237940001278,4
phase6v2-r03-downstream-medium-a01,D4-SMT,DOWNSTREAM,0.5172045359837821,5.0,0.20016572431840324,0.0,0.4378504982882118,22.8823297017261,-0.43741154170616087,-0.9023516138478364,7.6275895527693836,0.9267565292151381,6.700833023554246,1
phase6v2-r03-output-load-control-a01,D4-SMT,INPUT,0.3493011923971986,0.0,0.0,0.9986848939117967,-0.1713709812775515,-1.4865861328556962,-1.5648136795346606,0.7788828345690608,-1.074256931222636,0.8883128270595958,-1.962569758282232,4
phase6v2-r03-output-load-control-a01,D4-SMT,OUTPUT,0.5782702745481868,0.9295839568547158,0.0,0.0,0.5541907494723718,0.887658938184243,-1.3356833037738605,-1.368931248638405,0.03538879462758474,1.3676681108724875,-1.3322793162449027,2
phase6v2-r03-output-load-control-a01,D4-SMT,LOAD,3.4867163703477675,3.75,3.3333333333333335,0.8210447260577672,9.831043419319514,20.472013916121,18.619313685357564,2.6039012065711016,16.307457006932694,1.4826442444327812,14.824812762499914,1
phase6v2-r03-output-load-control-a01,D4-SMT,DOWNSTREAM,0.04892803562185629,0.0,0.0,0.11628575747786013,-1.2890752697566084,-0.21353231717982835,-0.9082815509596104,1.3675283147999444,-0.8036297126320157,0.9267565292151381,-1.7303862418471536,3
phase6v2-r03-output-medium-a01,D4-SMT,INPUT,0.2566459970035342,0.6572611448757908,0.5802407773000602,0.0,-0.5859316183916815,0.9238494429490188,0.6294267614885185,-0.5321160306111077,0.3224481953486186,0.8883128270595958,-0.5658646317109772,4
phase6v2-r03-output-medium-a01,D4-SMT,OUTPUT,1.1393948412811221,2.599625263411096,0.5375544012855537,0.0,2.2926960733212662,3.8488900837596485,0.662509208853962,-1.368931248638405,2.268031788644959,1.3676681108724875,0.9003636777724713,1
phase6v2-r03-output-medium-a01,D4-SMT,LOAD,0.8430814383585686,0.40717440774264757,0.5428992103235301,0.294895258583807,1.4353262783712832,0.9493360490576329,2.238842722980373,0.22710311357209997,1.5411683501364297,1.4826442444327812,0.05852410570364852,2
phase6v2-r03-output-medium-a01,D4-SMT,DOWNSTREAM,0.34785264927836984,0.016243076751989036,1.4730409827767392,0.03803550905854271,-0.18669106378578884,-0.13850274529454085,2.5569012297220017,-0.15990438333188414,0.7439024735472239,0.9267565292151381,-0.18285405566791413,3
phase6v2-r03-load-downstream-a01,D4-SMT,INPUT,0.018091848512798717,0.0,0.0,2.3335583779025466,-1.653277700436643,-1.4865861328556962,-1.5648136795346606,2.5312049467182125,-1.568225837609,0.8883128270595958,-2.456538664668596,4
phase6v2-r03-load-downstream-a01,D4-SMT,OUTPUT,1.2758754844998546,1.6489349965202778,0.4437836906867317,0.0,2.715547502228703,2.1631751154769487,0.3139455446475874,-1.368931248638405,1.7308893874510798,1.3676681108724875,0.36322127657859227,3
phase6v2-r03-load-downstream-a01,D4-SMT,LOAD,3.5957564337913004,4.00009678983672,3.666795719782293,0.0,10.177335382186756,21.932622293320787,20.576812302949186,-1.105040187078734,17.562256659485577,1.4826442444327812,16.079612415052797,1
phase6v2-r03-load-downstream-a01,D4-SMT,DOWNSTREAM,0.09488446698857166,5.0,4.447900807015128,0.0,-1.1195956023523612,22.8823297017261,9.554963848767807,-0.9023516138478364,10.439232649380514,0.9267565292151381,9.512476120165376,2
phase6v2-r03-output-downstream-control-a01,D4-SMT,INPUT,0.35693197648709535,0.43104077228416904,0.5804377899988806,0.0,-0.1372290996426629,0.09421020698035097,0.6301717853614673,-0.5321160306111077,0.19571763089971847,0.8883128270595958,-0.6925951961598773,2
phase6v2-r03-output-downstream-control-a01,D4-SMT,OUTPUT,0.4028221071218815,0.5335446269414195,0.3023623693422005,0.22459194377949881,0.01060810987046719,0.1854224162443742,-0.21174455250494753,-0.6522159883875873,-0.005238008796702044,1.3676681108724875,-1.3729061196691896,3
phase6v2-r03-output-downstream-control-a01,D4-SMT,LOAD,0.4008619831328041,0.039764996162342525,0.05301999488312337,0.3486831434169906,0.03091547437797699,-1.19639826751074,-0.6368575838014298,0.4700814875914328,-0.6007801256447309,1.4826442444327812,-2.083424370077512,4
phase6v2-r03-output-downstream-control-a01,D4-SMT,DOWNSTREAM,0.461623416609113,5.0,0.4685045597198335,0.0,0.23287658396471705,22.8823297017261,0.19382894833669145,-0.9023516138478364,7.769678411342503,0.9267565292151381,6.842921882127365,1
phase6v2-r03-output-control-a01,D4-SMT,INPUT,0.6157610312514338,0.6486894557401776,0.5839004608774581,0.0,1.0208315724099395,0.8924136816868411,0.6432662329993636,-0.5321160306111077,0.8521704956987147,0.8883128270595958,-0.036142331360881075,1
phase6v2-r03-output-control-a01,D4-SMT,OUTPUT,0.38942333802341633,0.2453273981905314,0.30020383656486976,0.47046592849749225,-0.030904653590110943,-0.32562951469763907,-0.21976823164069484,0.13241427920150398,-0.1921007999761483,1.3676681108724875,-1.559768910848636,4
phase6v2-r03-output-control-a01,D4-SMT,LOAD,0.0014509274031616617,0.3564585773528075,0.4752781031370767,0.3388344761930454,-1.2375434214765921,0.6531468545765451,1.8418917347532253,0.4255916706790681,0.4191650559510594,1.4826442444327812,-1.0634791884817218,3
phase6v2-r03-output-control-a01,D4-SMT,DOWNSTREAM,0.7077362447848391,0.10507474840540222,0.4731136467145089,0.002477708730715885,1.1404997179348317,0.27182606098865675,0.20467136825260318,-0.8539871241728378,0.5389990490586972,0.9267565292151381,-0.38775748015644085,2
phase6v2-r03-load-medium-a01,D4-SMT,INPUT,0.016867150282457784,0.0,0.0,2.3074367303630963,-1.6587572817648737,-1.4865861328556962,-1.5648136795346606,2.4969144007315616,-1.57005236471841,0.8883128270595958,-2.4583651917780056,4
phase6v2-r03-load-medium-a01,D4-SMT,OUTPUT,1.2317837246314318,1.7632637419290533,0.06790923881171392,0.0,2.5789401180333806,2.365896952601519,-1.0832516760031512,-1.368931248638405,1.2871951315439165,1.3676681108724875,-0.080472979328571,2
phase6v2-r03-load-medium-a01,D4-SMT,LOAD,3.6282457225413247,3.779832838552871,3.373110451403828,0.039214857184067906,10.28051561904743,20.646242837389522,18.852814244337967,-0.9278931907702493,16.593190900258307,1.4826442444327812,15.110546655825527,1
phase6v2-r03-load-medium-a01,D4-SMT,DOWNSTREAM,0.07184794003665303,0.02056266225221606,0.0,0.1099429236741018,-1.2045504783044536,-0.11854983515611883,-0.9082815509596104,1.2437171838913217,-0.7437939548067276,0.9267565292151381,-1.6705504840218657,3
phase6v2-r03-output-downstream-a01,D4-FULL,INPUT,-0.34613341287423566,0.4535702796975807,0.5827476143929067,0.0,-0.4849835809214625,0.45582826049823283,0.5827561494057019,-0.5321160306111077,0.7166496402719318,1.2321510006507894,-0.5155013603788576,3
phase6v2-r03-output-downstream-a01,D4-FULL,OUTPUT,1.2587736332012711,2.655702171705484,-0.23924346120311146,0.0,4.100093919528457,3.140542450865771,-0.3708240157003152,-1.368931248638405,3.6588687002030422,2.2508405686548585,1.4080281315481837,2
phase6v2-r03-output-downstream-a01,D4-FULL,LOAD,1.1776403555253256,-0.3853526534948493,-0.1786443369301609,0.38579681099776475,3.2133571729925947,-1.0824360452397643,-0.5678552442141791,0.6377366878403025,-0.116714726660752,1.6662039193924796,-1.7829186460532316,4
phase6v2-r03-output-downstream-a01,D4-FULL,DOWNSTREAM,-0.19884535807790996,5.0,0.8519285803103314,0.0,-0.28348140259322147,22.870574110374314,0.9145031805649759,-0.9023516138478364,8.736216909963192,1.667378267674663,7.0688386422885285,1
phase6v2-r03-input-medium-a01,D4-FULL,INPUT,0.852529183253459,0.4690549895297023,0.5812051486638832,0.0,1.1945181850575635,0.4713900569012116,0.5812136610854838,-0.5321160306111077,1.2811566649591941,1.2321510006507894,0.049005664308404695,1
phase6v2-r03-input-medium-a01,D4-FULL,OUTPUT,-0.3671819110760128,-0.7248333885894409,0.08115657326805645,0.7248333885894409,-1.200159996405197,-0.8571631453718871,0.12579155245621468,0.9441488289417608,-1.5879926920487173,2.2508405686548585,-3.838833260703576,4
phase6v2-r03-input-medium-a01,D4-FULL,LOAD,0.15772985291974811,0.16310053874330016,-0.11220529084569375,0.1023815727135382,0.4327758835727093,0.45814113522416033,-0.35666600985069935,-0.6425474130157831,0.8206310826645066,1.6662039193924796,-0.845572836727973,3
phase6v2-r03-input-medium-a01,D4-FULL,DOWNSTREAM,0.4574579093910996,0.046870135598150016,0.4826435852218167,0.0040563031547583665,0.6491405485301808,0.2143893819521565,0.5180940092464719,-0.8231732061460189,1.2837145193889552,1.667378267674663,-0.3836637482857077,2
phase6v2-r03-output-load-a01,D4-FULL,INPUT,-3.3033597737864744,-5.0,-5.0,5.0,-4.62849061250546,-5.0248911899844675,-5.000073230782799,6.031510160053768,-10.915995171144678,1.2321510006507894,-12.148146171795467,4
phase6v2-r03-output-load-a01,D4-FULL,OUTPUT,2.183737592567252,5.0,-1.1477510746122628,0.0,7.115270973404277,5.912828788419683,-1.7789980983042897,-1.368931248638405,5.118631803144962,2.2508405686548585,2.8677912344901033,2
phase6v2-r03-output-load-a01,D4-FULL,LOAD,3.1147429704942224,2.618611197731598,2.7909085084667837,0.40681861864991187,8.494478676407331,7.35554594781333,8.871437292044746,0.7326994226291348,7.507787882792669,1.6662039193924796,5.841583963400189,1
phase6v2-r03-output-load-a01,D4-FULL,DOWNSTREAM,-3.0576575646343613,-0.1447525449384556,-0.404470866572472,0.1447525449384556,-4.345918922150402,-0.6621147613360475,-0.43417946348467157,1.9231955855935357,-3.7372666345839094,1.667378267674663,-5.404644902258572,3
phase6v2-r03-input-downstream-a01,D4-FULL,INPUT,0.3463673458480594,0.2662202661485492,0.5824622406217186,0.0047132293284324065,0.4853113552625713,0.267545573993033,0.5824707714548848,-0.5259288555185659,0.9710380890887289,1.2321510006507894,-0.2611129115620605,2
phase6v2-r03-input-downstream-a01,D4-FULL,OUTPUT,-0.09729926746727575,-0.7462856895384602,0.22667707808037557,0.7462856895384602,-0.3204025247668503,-0.8825319018977279,0.3513462977766248,1.0126071680919413,-1.296469877721259,2.2508405686548585,-3.547310446376118,3
phase6v2-r03-input-downstream-a01,D4-FULL,LOAD,0.5185219492874807,-0.3583933557059145,-0.7943871772999259,0.5957903829749445,1.4164031233822578,-1.0067087460595454,-2.5251118077289703,1.5863498714925526,-2.2914890149613054,1.6662039193924796,-3.957692934353785,4
phase6v2-r03-input-downstream-a01,D4-FULL,DOWNSTREAM,0.4788430215400147,5.0,0.5132693781840624,0.0,0.6795292819189807,22.870574110374314,0.5509692827360593,-0.9023516138478364,8.936042505524288,1.667378267674663,7.268664237849625,1
phase6v2-r03-input-load-a01,D4-FULL,INPUT,-3.050040528614628,-4.929391454466961,-4.795365357519389,4.929391454466961,-4.273553267336757,-4.9539311383071505,-4.7954355911911755,5.938820540304686,-10.613127205916381,1.2321510006507894,-11.845278206567171,4
phase6v2-r03-input-load-a01,D4-FULL,OUTPUT,1.8538093174511376,3.991765833118504,-2.4310170615499125,0.0,6.039778080430567,4.720525586938633,-3.768042413642337,-1.368931248638405,3.6996849998806924,2.2508405686548585,1.448844431225834,2
phase6v2-r03-input-load-a01,D4-FULL,LOAD,3.2567755059406096,3.4113638205412684,3.6023379526273036,0.0,8.881701878386476,9.582347829428036,11.450721209432412,-1.105040187078734,11.076630492827707,1.6662039193924796,9.410426573435227,1
phase6v2-r03-input-load-a01,D4-FULL,DOWNSTREAM,-2.8489843507297357,-0.13676794544301274,-1.2033010740669248,0.13676794544301274,-4.0493895133460915,-0.6255922864356108,-1.2916841679505626,1.7673374433232096,-3.756226099233965,1.667378267674663,-5.423604366908628,3
phase6v2-r03-baseline-a01,D4-FULL,INPUT,0.5543990936153518,0.6475551498717522,0.5811784213703208,0.0,0.7767942870597107,0.6507788335239278,0.5811869334004693,-0.5321160306111077,1.2017027152724769,1.2321510006507894,-0.030448285378312567,1
phase6v2-r03-baseline-a01,D4-FULL,OUTPUT,-0.2586321878882996,-0.7417973793673536,0.15208397519144734,0.7417973793673536,-0.846312009955529,-0.8772241799795126,0.23572803252616617,0.998284123648596,-1.4942201761182212,2.2508405686548585,-3.7450607447730797,4
phase6v2-r03-baseline-a01,D4-FULL,LOAD,-0.39591457800279073,0.612746396584011,0.4810817962196688,0.04973591981680317,-1.0766245409565722,1.7211735282943323,1.5292106403916663,-0.8803659325524201,1.6049524751288955,1.6662039193924796,-0.06125144426358409,2
phase6v2-r03-baseline-a01,D4-FULL,DOWNSTREAM,0.6677038479720887,0.08257612428555988,0.08022461718221696,0.0027948853660436576,0.9479048350639697,0.3777126740440754,0.08611715731619218,-0.8477958855037031,1.3183741076451154,1.667378267674663,-0.3490041600295475,3
phase6v2-r03-downstream-medium-a01,D4-FULL,INPUT,0.39293349096240904,0.4490448121694227,0.5807393190044656,0.0,0.5505573412531563,0.45128026411567246,0.5807478246034521,-0.5321160306111077,1.0596445072685348,1.2321510006507894,-0.17250649338225466,2
phase6v2-r03-downstream-medium-a01,D4-FULL,OUTPUT,-0.16951850632365523,-0.7313600658658946,0.49405721561628874,0.7313600658658946,-0.5558212020495764,-0.8648813704304751,0.7657817679080041,0.9649766873415224,-1.1832836221988716,2.2508405686548585,-3.43412419085373,4
phase6v2-r03-downstream-medium-a01,D4-FULL,LOAD,0.2194394611802262,-0.1031922639007827,-0.45919111881130376,0.34563997369753446,0.6010147453827963,-0.2898618318132182,-1.459626929094954,0.4563344433900936,-0.8391591152318856,1.6662039193924796,-2.505363034624365,3
phase6v2-r03-downstream-medium-a01,D4-FULL,DOWNSTREAM,0.5172045359837821,5.0,-0.8839508527826785,0.0,0.7340418711775498,22.870574110374314,-0.9488775057158146,-0.9023516138478364,8.45426443912652,1.667378267674663,6.786886171451857,1
phase6v2-r03-output-load-control-a01,D4-FULL,INPUT,-0.40077491602927307,-0.9986848939117967,-0.8343182838249448,0.9986848939117967,-0.5615443256557192,-1.003656584997592,-0.8343305033811502,0.7788828345690608,-1.5787266392472148,1.2321510006507894,-2.8108776398980044,3
phase6v2-r03-output-load-control-a01,D4-FULL,OUTPUT,0.047675825150963975,0.9295839568547158,-1.2482597138469274,0.0,0.15218407519718208,1.099294156268729,-1.9347850820995562,-1.368931248638405,1.14116229842719,2.2508405686548585,-1.1096782702276684,2
phase6v2-r03-output-load-control-a01,D4-FULL,LOAD,3.480192419888227,2.9289552739422327,2.2386070319229767,0.8210447260577672,9.49080325451273,8.227286706493528,7.115841255629416,2.6039012065711016,5.6740758656407895,1.6662039193924796,4.00787194624831,1
phase6v2-r03-output-load-control-a01,D4-FULL,DOWNSTREAM,-0.7506611923251733,-0.11628575747786013,-0.6108282198546788,0.11628575747786013,-1.0676243217365755,-0.531904406875683,-0.6556938724047312,1.3675283147999444,-2.1192691818056075,1.667378267674663,-3.78664744948027,4
phase6v2-r03-output-medium-a01,D4-FULL,INPUT,-0.13357484328985783,0.6572611448757908,0.5802407773000602,0.0,-0.18715790909003127,0.6605331472810932,0.5802492755973269,-0.5321160306111077,0.883324201873904,1.2321510006507894,-0.3488267987768854,2
phase6v2-r03-output-medium-a01,D4-FULL,OUTPUT,1.1393948412811221,2.599625263411096,0.3550924768261423,0.0,3.710945574371553,3.0742278193200456,0.550388368147922,-1.368931248638405,3.814118502584912,2.2508405686548585,1.5632779339300535,1
phase6v2-r03-output-medium-a01,D4-FULL,LOAD,0.38074388179299584,0.11227914915884055,0.48206606458339385,0.294895258583807,1.040778874402689,0.31538643130169963,1.5323393259221452,0.22710311357209997,0.7357317636367445,1.6662039193924796,-0.930472155755735,3
phase6v2-r03-output-medium-a01,D4-FULL,DOWNSTREAM,0.05929126995177851,-0.021792432306553672,1.4730409827767392,0.03803550905854271,0.08333664879006202,-0.09968108762247038,1.5812366141785954,-0.15990438333188414,0.6815351084472798,1.667378267674663,-0.9858431592273831,4
phase6v2-r03-load-downstream-a01,D4-FULL,INPUT,-1.532822710155205,-2.3335583779025466,-2.193138244130157,2.3335583779025466,-2.147709002479103,-2.3451753868873904,-2.1931703651762375,2.5312049467182125,-4.759889864899122,1.2321510006507894,-5.992040865549912,4
phase6v2-r03-load-downstream-a01,D4-FULL,OUTPUT,0.7413821932331502,1.6489349965202778,-0.65598017457225,0.0,2.413512748589676,1.9499740635315617,-1.0167600875334266,-1.368931248638405,2.484506823501009,2.2508405686548585,0.23366625484615033,3
phase6v2-r03-load-downstream-a01,D4-FULL,LOAD,3.544204557602478,4.00009678983672,3.666795719782293,0.0,9.665319500761102,11.236068859261168,11.655612569205024,-1.105040187078734,11.957373830154499,1.6662039193924796,10.291169910762019,1
phase6v2-r03-load-downstream-a01,D4-FULL,DOWNSTREAM,-1.2927299523250448,5.0,4.447900807015128,0.0,-1.8379164254826463,22.870574110374314,4.774601450007874,-0.9023516138478364,9.504771325481016,1.667378267674663,7.837393057806353,2
phase6v2-r03-output-downstream-control-a01,D4-FULL,INPUT,0.3000577644050932,0.43104077228416904,0.5804377899988806,0.0,0.42042485253321976,0.43318659583496444,0.580446291181626,-0.5321160306111077,1.0101352771277112,1.2321510006507894,-0.2220157235230782,2
phase6v2-r03-output-downstream-control-a01,D4-FULL,OUTPUT,0.29754144701928215,0.30895268316192065,-0.537656040733395,0.22459194377949881,0.966690502156972,0.3653568638518621,-0.8333593365004236,-0.6522159883875873,0.8184453315570575,2.2508405686548585,-1.432395237097801,3
phase6v2-r03-output-downstream-control-a01,D4-FULL,LOAD,0.18752746431030692,-0.30891814725464806,-0.0823056025420696,0.3486831434169906,0.51401309065149,-0.8677353966153132,-0.26162412329921036,0.4700814875914328,-0.675196964012444,1.6662039193924796,-2.3414008834049236,4
phase6v2-r03-output-downstream-control-a01,D4-FULL,DOWNSTREAM,0.45614023274288973,5.0,0.31721220966674013,0.0,0.6472680998810335,22.870574110374314,0.3405116125445709,-0.9023516138478364,8.85513622144781,1.667378267674663,7.187757953773146,1
phase6v2-r03-output-control-a01,D4-FULL,INPUT,0.5522864428563051,0.6486894557401776,0.5839004608774581,0.0,0.7738341540813577,0.6519187862369276,0.5839090127750234,-0.5321160306111077,1.2020033483088772,1.2321510006507894,-0.03014765234191219,1
phase6v2-r03-output-control-a01,D4-FULL,OUTPUT,0.0194000475678811,-0.22513853030696082,-0.18394748228904084,0.47046592849749225,0.06001132091230476,-0.26624111667629874,-0.2851160224708269,0.13241427920150398,-0.29619621861311096,2.2508405686548585,-2.5470367872679693,4
phase6v2-r03-output-control-a01,D4-FULL,LOAD,-0.6160911209268664,0.01762410115976215,0.3481337188384517,0.3388344761930454,-1.6768916958292759,0.049505205653225,1.1066097102618146,0.4255916706790681,-0.5991839306504801,1.6662039193924796,-2.2653878500429596,3
phase6v2-r03-output-control-a01,D4-FULL,DOWNSTREAM,0.7077362447848391,0.10259703967468634,0.4731136467145089,0.002477708730715885,1.0047917863778553,0.4692906398769854,0.5078640917663623,-0.8539871241728378,1.5146359635132387,1.667378267674663,-0.1527423041614242,2
phase6v2-r03-load-medium-a01,D4-FULL,INPUT,-1.5840732731679625,-2.3074367303630963,-2.294900796953419,2.3074367303630963,-2.219518543683954,-2.3189236995696176,-2.2949344084297802,2.4969144007315616,-4.774706617959346,1.2321510006507894,-6.006857618610136,4
phase6v2-r03-load-medium-a01,D4-FULL,OUTPUT,0.6996831148986706,1.7632637419290533,-1.1165590371359202,0.0,2.2775830154484242,2.085175322970944,-1.7306508768726778,-1.368931248638405,2.246300402487302,2.2508405686548585,-0.004540166167556592,2
phase6v2-r03-load-medium-a01,D4-FULL,LOAD,3.5569071878627296,3.740617981368803,3.320823975158404,0.039214857184067906,9.699950672749075,10.507206056022959,10.555875108109861,-0.9278931907702493,11.182237136397546,1.6662039193924796,9.516033217005067,1
phase6v2-r03-load-medium-a01,D4-FULL,DOWNSTREAM,-1.2822377085392678,-0.08938026142188574,-1.3881285263059742,0.1099429236741018,-1.8230067071311131,-0.40883557857077374,-1.490087293323773,1.2437171838913217,-2.484360376899875,1.667378267674663,-4.151738644574538,3
phase6v2-r03-output-downstream-a01,D4-FULL,INPUT,-0.34613341287423566,0.016665900750768087,0.5827476143929067,0.2857142857142857,-0.4849835809214625,0.025861723428354827,0.5827561494057019,-0.3103002977804424,0.3515117284179738,1.7939500845850054,-1.4424383561670315,3
phase6v2-r03-output-downstream-a01,D4-FULL,OUTPUT,1.2587736332012711,3.437134781136989,-0.23924346120311146,0.0,4.100093919528457,6.096956845075612,-0.3708240157003152,-1.368931248638405,4.644340164939656,2.2508405686548585,2.393499596284798,2
phase6v2-r03-output-downstream-a01,D4-FULL,LOAD,1.1776403555253256,-0.3853526534948493,-0.1786443369301609,0.38579681099776475,3.2133571729925947,-1.0824360452397643,-0.5678552442141791,0.6377366878403025,-0.116714726660752,1.6662039193924796,-1.7829186460532316,4
phase6v2-r03-output-downstream-a01,D4-FULL,DOWNSTREAM,-0.19884535807790996,5.0,0.8519285803103314,0.0,-0.28348140259322147,22.870574110374314,0.9145031805649759,-0.9023516138478364,8.736216909963192,1.667378267674663,7.0688386422885285,1
phase6v2-r03-input-medium-a01,D4-FULL,INPUT,0.852529183253459,1.9793699930198017,0.5812051486638832,0.0,1.1945181850575635,3.071536311621423,0.5812136610854838,-0.9102038449754286,2.5259598975635855,1.7939500845850054,0.7320098129785801,1
phase6v2-r03-input-medium-a01,D4-FULL,OUTPUT,-0.3671819110760128,-0.4832222590596273,0.08115657326805645,0.4832222590596273,-1.200159996405197,-0.8571631453718872,0.12579155245621468,0.9441488289417606,-1.5879926920487168,2.2508405686548585,-3.8388332607035753,4
phase6v2-r03-input-medium-a01,D4-FULL,LOAD,0.15772985291974811,0.16310053874330016,-0.11220529084569375,0.1023815727135382,0.4327758835727093,0.45814113522416033,-0.35666600985069935,-0.6425474130157831,0.8206310826645066,1.6662039193924796,-0.845572836727973,3
phase6v2-r03-input-medium-a01,D4-FULL,DOWNSTREAM,0.4574579093910996,0.046870135598150016,0.4826435852218167,0.0040563031547583665,0.6491405485301808,0.2143893819521565,0.5180940092464719,-0.8231732061460189,1.2837145193889552,1.667378267674663,-0.3836637482857077,2
phase6v2-r03-output-load-a01,D4-FULL,INPUT,-3.3033597737864744,-3.619047619047619,-5.0,3.619047619047619,-4.62849061250546,-5.615946596438381,-5.000073230782799,6.688574419494398,-11.770077899403278,1.7939500845850054,-13.564027983988282,4
phase6v2-r03-output-load-a01,D4-FULL,OUTPUT,2.183737592567252,5.0,-1.1477510746122628,0.0,7.115270973404277,8.869243182629523,-1.7789980983042897,-1.368931248638405,6.104103267881575,2.2508405686548585,3.8532626992267165,2
phase6v2-r03-output-load-a01,D4-FULL,LOAD,3.1147429704942224,2.618611197731598,2.7909085084667837,0.40681861864991187,8.494478676407331,7.35554594781333,8.871437292044746,0.7326994226291348,7.507787882792669,1.6662039193924796,5.841583963400189,1
phase6v2-r03-output-load-a01,D4-FULL,DOWNSTREAM,-3.0576575646343613,-0.1447525449384556,-0.404470866572472,0.1447525449384556,-4.345918922150402,-0.6621147613360475,-0.43417946348467157,1.9231955855935357,-3.7372666345839094,1.667378267674663,-5.404644902258572,3
phase6v2-r03-input-downstream-a01,D4-FULL,INPUT,0.3463673458480594,1.8441468440990327,0.5824622406217186,0.0031421528856216043,0.4853113552625713,2.8617004479139663,0.5824707714548848,-0.9036063846587319,2.2134339095358726,1.7939500845850054,0.4194838249508672,2
phase6v2-r03-input-downstream-a01,D4-FULL,OUTPUT,-0.09729926746727575,-0.49752379302564015,0.22667707808037557,0.49752379302564015,-0.3204025247668503,-0.882531901897728,0.3513462977766248,1.0126071680919413,-1.296469877721259,2.2508405686548585,-3.547310446376118,3
phase6v2-r03-input-downstream-a01,D4-FULL,LOAD,0.5185219492874807,-0.3583933557059145,-0.7943871772999259,0.5957903829749445,1.4164031233822578,-1.0067087460595454,-2.5251118077289703,1.5863498714925526,-2.2914890149613054,1.6662039193924796,-3.957692934353785,4
phase6v2-r03-input-downstream-a01,D4-FULL,DOWNSTREAM,0.4788430215400147,5.0,0.5132693781840624,0.0,0.6795292819189807,22.870574110374314,0.5509692827360593,-0.9023516138478364,8.936042505524288,1.667378267674663,7.268664237849625,1
phase6v2-r03-input-load-a01,D4-FULL,INPUT,-3.050040528614628,-1.6195943029779738,-4.795365357519389,3.2862609696446405,-4.273553267336757,-2.5132454918660923,-4.7954355911911755,5.989834799468464,-9.85057958293314,1.7939500845850054,-11.644529667518146,4
phase6v2-r03-input-load-a01,D4-FULL,OUTPUT,1.8538093174511376,2.6611772220790026,-2.4310170615499125,0.0,6.039778080430567,4.720525586938633,-3.768042413642337,-1.368931248638405,3.6996849998806924,2.2508405686548585,1.448844431225834,2
phase6v2-r03-input-load-a01,D4-FULL,LOAD,3.2567755059406096,3.4113638205412684,3.6023379526273036,0.0,8.881701878386476,9.582347829428036,11.450721209432412,-1.105040187078734,11.076630492827707,1.6662039193924796,9.410426573435227,1
phase6v2-r03-input-load-a01,D4-FULL,DOWNSTREAM,-2.8489843507297357,-0.13676794544301274,-1.2033010740669248,0.13676794544301274,-4.0493895133460915,-0.6255922864356108,-1.2916841679505626,1.7673374433232096,-3.756226099233965,1.667378267674663,-5.423604366908628,3
phase6v2-r03-baseline-a01,D4-FULL,INPUT,0.5543990936153518,0.8126558142002157,0.5811784213703208,0.0,0.7767942870597107,1.2610587464540106,0.5811869334004693,-0.9102038449754286,1.7832171672801587,1.7939500845850054,-0.010732917304846712,1
phase6v2-r03-baseline-a01,D4-FULL,OUTPUT,-0.2586321878882996,-0.4945315862449024,0.15208397519144734,0.4945315862449024,-0.846312009955529,-0.8772241799795127,0.23572803252616617,0.9982841236485959,-1.494220176118221,2.2508405686548585,-3.7450607447730793,4
phase6v2-r03-baseline-a01,D4-FULL,LOAD,-0.39591457800279073,0.612746396584011,0.4810817962196688,0.04973591981680317,-1.0766245409565722,1.7211735282943323,1.5292106403916663,-0.8803659325524201,1.6049524751288955,1.6662039193924796,-0.06125144426358409,2
phase6v2-r03-baseline-a01,D4-FULL,DOWNSTREAM,0.6677038479720887,0.08257612428555988,0.08022461718221696,0.0027948853660436576,0.9479048350639697,0.3777126740440754,0.08611715731619218,-0.8477958855037031,1.3183741076451154,1.667378267674663,-0.3490041600295475,3
phase6v2-r03-downstream-medium-a01,D4-FULL,INPUT,0.39293349096240904,0.6803155890653295,0.5807393190044656,0.0,0.5505573412531563,1.0556965309897839,0.5807478246034521,-0.9102038449754286,1.6392044105908927,1.7939500845850054,-0.15474567399411265,2
phase6v2-r03-downstream-medium-a01,D4-FULL,OUTPUT,-0.16951850632365523,-0.48757337724392974,0.49405721561628874,0.48757337724392974,-0.5558212020495764,-0.8648813704304752,0.7657817679080041,0.9649766873415221,-1.1832836221988714,2.2508405686548585,-3.43412419085373,4
phase6v2-r03-downstream-medium-a01,D4-FULL,LOAD,0.2194394611802262,-0.1031922639007827,-0.45919111881130376,0.34563997369753446,0.6010147453827963,-0.2898618318132182,-1.459626929094954,0.4563344433900936,-0.8391591152318856,1.6662039193924796,-2.505363034624365,3
phase6v2-r03-downstream-medium-a01,D4-FULL,DOWNSTREAM,0.5172045359837821,5.0,-0.8839508527826785,0.0,0.7340418711775498,22.870574110374314,-0.9488775057158146,-0.9023516138478364,8.45426443912652,1.667378267674663,6.786886171451857,1
phase6v2-r03-output-load-control-a01,D4-FULL,INPUT,-0.40077491602927307,-0.9515042149888169,-0.8343182838249448,0.9515042149888169,-0.5615443256557192,-1.4765201843543108,-0.8343305033811502,1.0876337931242734,-2.0450987975880004,1.7939500845850054,-3.8390488821730058,4
phase6v2-r03-output-load-control-a01,D4-FULL,OUTPUT,0.047675825150963975,0.6197226379031439,-1.2482597138469274,0.0,0.15218407519718208,1.0992941562687288,-1.9347850820995562,-1.368931248638405,1.14116229842719,2.2508405686548585,-1.1096782702276684,2
phase6v2-r03-output-load-control-a01,D4-FULL,LOAD,3.480192419888227,2.9289552739422327,2.2386070319229767,0.8210447260577672,9.49080325451273,8.227286706493528,7.115841255629416,2.6039012065711016,5.6740758656407895,1.6662039193924796,4.00787194624831,1
phase6v2-r03-output-load-control-a01,D4-FULL,DOWNSTREAM,-0.7506611923251733,-0.11628575747786013,-0.6108282198546788,0.11628575747786013,-1.0676243217365755,-0.531904406875683,-0.6556938724047312,1.3675283147999444,-2.1192691818056075,1.667378267674663,-3.78664744948027,3
phase6v2-r03-output-medium-a01,D4-FULL,INPUT,-0.13357484328985783,0.15245981086957483,0.5802407773000602,0.2857142857142857,-0.18715790909003127,0.23658327993262082,0.5802492755973269,-0.3103002977804424,0.5201918465937478,1.7939500845850054,-1.2737582379912575,4
phase6v2-r03-output-medium-a01,D4-FULL,OUTPUT,1.1393948412811221,3.3997501756073976,0.3550924768261423,0.0,3.710945574371553,6.030642213529887,0.550388368147922,-1.368931248638405,4.799589967321526,2.2508405686548585,2.5487493986666676,1
phase6v2-r03-output-medium-a01,D4-FULL,LOAD,0.38074388179299584,0.11227914915884055,0.48206606458339385,0.294895258583807,1.040778874402689,0.31538643130169963,1.5323393259221452,0.22710311357209997,0.7357317636367445,1.6662039193924796,-0.930472155755735,2
phase6v2-r03-output-medium-a01,D4-FULL,DOWNSTREAM,0.05929126995177851,-0.021792432306553672,1.4730409827767392,0.03803550905854271,0.08333664879006202,-0.09968108762247038,1.5812366141785954,-0.15990438333188414,0.6815351084472798,1.667378267674663,-0.9858431592273831,3
phase6v2-r03-load-downstream-a01,D4-FULL,INPUT,-1.532822710155205,-1.1747532043159834,-2.193138244130157,1.5557055852683643,-2.147709002479103,-1.8229523216855525,-2.1931703651762375,2.356252701501975,-4.410863264615607,1.7939500845850054,-6.204813349200612,4
phase6v2-r03-load-downstream-a01,D4-FULL,OUTPUT,0.7413821932331502,1.099289997680185,-0.65598017457225,0.0,2.413512748589676,1.9499740635315617,-1.0167600875334266,-1.368931248638405,2.484506823501009,2.2508405686548585,0.23366625484615033,3
phase6v2-r03-load-downstream-a01,D4-FULL,LOAD,3.544204557602478,4.00009678983672,3.666795719782293,0.0,9.665319500761102,11.236068859261168,11.655612569205024,-1.105040187078734,11.957373830154499,1.6662039193924796,10.291169910762019,1
phase6v2-r03-load-downstream-a01,D4-FULL,DOWNSTREAM,-1.2927299523250448,5.0,4.447900807015128,0.0,-1.8379164254826463,22.870574110374314,4.774601450007874,-0.9023516138478364,9.504771325481016,1.667378267674663,7.837393057806353,2
phase6v2-r03-output-downstream-control-a01,D4-FULL,INPUT,0.3000577644050932,0.0016462291418269936,0.5804377899988806,0.2857142857142857,0.42042485253321976,0.0025545767613949165,0.580446291181626,-0.3103002977804424,0.6447755379391893,1.7939500845850054,-1.149174546645816,2
phase6v2-r03-output-downstream-control-a01,D4-FULL,OUTPUT,0.29754144701928215,0.20596845544128042,-0.537656040733395,0.14972796251966589,0.966690502156972,0.36535686385186206,-0.8333593365004236,-0.6522159883875872,0.8184453315570573,2.2508405686548585,-1.432395237097801,3
phase6v2-r03-output-downstream-control-a01,D4-FULL,LOAD,0.18752746431030692,-0.30891814725464806,-0.0823056025420696,0.3486831434169906,0.51401309065149,-0.8677353966153132,-0.26162412329921036,0.4700814875914328,-0.675196964012444,1.6662039193924796,-2.3414008834049236,4
phase6v2-r03-output-downstream-control-a01,D4-FULL,DOWNSTREAM,0.45614023274288973,5.0,0.31721220966674013,0.0,0.6472680998810335,22.870574110374314,0.3405116125445709,-0.9023516138478364,8.85513622144781,1.667378267674663,7.187757953773146,1
phase6v2-r03-output-control-a01,D4-FULL,INPUT,0.5522864428563051,0.14674535144583267,0.5839004608774581,0.2857142857142857,0.7738341540813577,0.22771572627503858,0.5839090127750234,-0.3103002977804424,0.8387865954909155,1.7939500845850054,-0.9551634890940899,2
phase6v2-r03-output-control-a01,D4-FULL,OUTPUT,0.0194000475678811,-0.15009235353797387,-0.18394748228904084,0.3136439523316615,0.06001132091230476,-0.26624111667629874,-0.2851160224708269,0.13241427920150378,-0.29619621861311074,2.2508405686548585,-2.5470367872679693,4
phase6v2-r03-output-control-a01,D4-FULL,LOAD,-0.6160911209268664,0.01762410115976215,0.3481337188384517,0.3388344761930454,-1.6768916958292759,0.049505205653225,1.1066097102618146,0.4255916706790681,-0.5991839306504801,1.6662039193924796,-2.2653878500429596,3
phase6v2-r03-output-control-a01,D4-FULL,DOWNSTREAM,0.7077362447848391,0.10259703967468634,0.4731136467145089,0.002477708730715885,1.0047917863778553,0.4692906398769854,0.5078640917663623,-0.8539871241728378,1.5146359635132387,1.667378267674663,-0.1527423041614242,1
phase6v2-r03-load-medium-a01,D4-FULL,INPUT,-1.5840732731679625,-1.1573387726230164,-2.294900796953419,1.5382911535753976,-2.219518543683954,-1.7959290468658742,-2.2949344084297802,2.319688273794491,-4.4231489401210276,1.7939500845850054,-6.217099024706033,4
phase6v2-r03-load-medium-a01,D4-FULL,OUTPUT,0.6996831148986706,1.1755091612860356,-1.1165590371359202,0.0,2.2775830154484242,2.085175322970944,-1.7306508768726778,-1.368931248638405,2.246300402487302,2.2508405686548585,-0.004540166167556592,2
phase6v2-r03-load-medium-a01,D4-FULL,LOAD,3.5569071878627296,3.740617981368803,3.320823975158404,0.039214857184067906,9.699950672749075,10.507206056022959,10.555875108109861,-0.9278931907702493,11.182237136397546,1.6662039193924796,9.516033217005067,1
phase6v2-r03-load-medium-a01,D4-FULL,DOWNSTREAM,-1.2822377085392678,-0.08938026142188574,-1.3881285263059742,0.1099429236741018,-1.8230067071311131,-0.40883557857077374,-1.490087293323773,1.2437171838913217,-2.484360376899875,1.667378267674663,-4.151738644574538,3
phase6v2-r04-input-load-a01,D4-S,INPUT,-2.9479478162673005,-4.927979830286687,-4.759533921282198,4.927979830286687,-4.14618079930551,-4.952254783935172,-4.759659142851192,5.952729155304123,-4.14618079930551,0.9032681237005588,-5.049448923006069,3
phase6v2-r04-input-load-a01,D4-S,OUTPUT,1.7594986553779997,3.979879421821095,-2.801325653454397,0.0,5.683185368987399,4.694530833420519,-4.312346267143732,-1.3557599179405186,5.683185368987399,2.0765217214476457,3.606663647539753,2
phase6v2-r04-input-load-a01,D4-S,LOAD,3.375910506921773,3.070085176425003,3.133260174903276,0.1661642219886464,8.966556177494423,9.184354734699172,10.316783141913666,-0.379355129803046,8.966556177494423,1.5841976261626978,7.382358551331725,1
phase6v2-r04-input-load-a01,D4-S,DOWNSTREAM,-2.9305563712662015,-0.1360010299496202,-1.2372723175255693,0.1360010299496202,-4.148516055483895,-0.6220966066826747,-1.3221242740015045,1.7405125632165708,-4.148516055483895,1.0007693051234943,-5.149285360607389,4
phase6v2-r04-output-load-a01,D4-S,INPUT,-3.2483356849195077,-5.0,-5.0,5.0,-4.568441749642959,-5.024629720985559,-5.000131548142176,6.047561145465042,-4.568441749642959,0.9032681237005588,-5.471709873343518,4
phase6v2-r04-output-load-a01,D4-S,OUTPUT,2.14535186024012,5.0,-3.658568179792068,0.0,6.9302179192756,5.89783048159838,-5.631980992199913,-1.3557599179405186,6.9302179192756,2.0765217214476457,4.853696197827954,2
phase6v2-r04-output-load-a01,D4-S,LOAD,3.175798979994039,3.1246587175755707,3.409677682068667,0.02756279966317481,8.435214491375337,9.347614948097933,11.226934013167677,-1.0505520759468177,8.435214491375337,1.5841976261626978,6.851016865212639,1
phase6v2-r04-output-load-a01,D4-S,DOWNSTREAM,-3.0799422087596176,-0.13664842776124525,-1.933298089019016,0.1370223850976751,-4.359939742200936,-0.625057937063297,-2.0658833921740425,1.7603697431915133,-4.359939742200936,1.0007693051234943,-5.3607090473244305,3
phase6v2-r04-downstream-medium-a01,D4-S,INPUT,0.5126710614746331,0.46245552138854573,0.5805223955783465,0.0,0.7184770932637773,0.4647335514805519,0.5805376689068725,-0.5361493996788816,0.7184770932637773,0.9032681237005588,-0.18479103043678147,1
phase6v2-r04-downstream-medium-a01,D4-S,OUTPUT,-0.18877327869559993,-0.81588979967653,0.34928352190500256,0.81588979967653,-0.6134022658643079,-0.9623959460314865,0.5376852526961567,1.2091229522501592,-0.6134022658643079,2.0765217214476457,-2.6899239873119534,4
phase6v2-r04-downstream-medium-a01,D4-S,LOAD,0.18364795970215794,0.1451438644317798,-0.13004866763627945,0.11373836980959562,0.4903719695401384,0.43420708609095987,-0.4282069879306206,-0.6332347169759185,0.4903719695401384,1.5841976261626978,-1.0938256566225593,3
phase6v2-r04-downstream-medium-a01,D4-S,DOWNSTREAM,0.5474640684382978,5.0,-0.35874416716420754,0.0,0.7738776344263775,22.87102556918585,-0.3833467902303167,-0.9036185537903907,0.7738776344263775,1.0007693051234943,-0.2268916706971168,2
phase6v2-r04-output-control-a01,D4-S,INPUT,0.8062917093577197,0.6447239653179396,0.5769555106817685,0.0,1.131225232428347,0.6478998395936365,0.5769706901668782,-0.5361493996788816,1.131225232428347,0.9032681237005588,0.22795710872778818,1
phase6v2-r04-output-control-a01,D4-S,OUTPUT,-0.14547899185330312,-0.13012200488250533,0.47340636478887393,0.45591461345807516,-0.47348018084974713,-0.1534875053445463,0.728759317047613,0.07748214831871407,-0.47348018084974713,2.0765217214476457,-2.5500019022973928,4
phase6v2-r04-output-control-a01,D4-S,LOAD,-0.3123288264937609,-0.3100898706819537,-0.08859154563822125,0.33393248168392486,-0.8265593731927274,-0.9276535367322983,-0.29170248033573876,0.4330863421387031,-0.8265593731927274,1.5841976261626978,-2.410756999355425,3
phase6v2-r04-output-control-a01,D4-S,DOWNSTREAM,0.5152482295148696,0.09634999902295582,-1.4548770662576358,0.0,0.728283008120696,0.44072465824901097,-1.5546523249095192,-0.9036185537903907,0.728283008120696,1.0007693051234943,-0.27248629700279825,2
phase6v2-r04-output-load-control-a01,D4-S,INPUT,-0.39984852944564536,-0.7088999482879607,-0.8073394495664581,0.7088999482879607,-0.5642690821807017,-0.7123919498745626,-0.8073606903673973,0.3972890133202041,-0.5642690821807017,0.9032681237005588,-1.4675372058812606,2
phase6v2-r04-output-load-control-a01,D4-S,OUTPUT,-0.11866965641390538,0.6980964088122217,-0.8562674188873495,0.0,-0.386835535883093,0.8234508557974174,-1.3181336496748612,-1.3557599179405186,-0.386835535883093,2.0765217214476457,-2.4633572573307387,4
phase6v2-r04-output-load-control-a01,D4-S,LOAD,3.233048943321419,3.581904131511783,3.1092055086823773,0.16809586848821706,8.587226184612833,10.71549363584649,10.237579130405178,-0.3700008590474646,8.587226184612833,1.5841976261626978,7.003028558450135,1
phase6v2-r04-output-load-control-a01,D4-S,DOWNSTREAM,-0.6284680519083057,-0.0920426869765014,0.5575817475932372,0.0920426869765014,-0.8904026506684172,-0.4210221294592265,0.5958206231490862,0.8858747523827541,-0.8904026506684172,1.0007693051234943,-1.8911719557919113,3
phase6v2-r04-output-downstream-control-a01,D4-S,INPUT,0.45631069662799206,0.4483069551721637,0.5847308823744845,0.0,0.6392502545492532,0.4505152902165188,0.5847462664267343,-0.5361493996788816,0.6392502545492532,0.9032681237005588,-0.26401786915130554,2
phase6v2-r04-output-downstream-control-a01,D4-S,OUTPUT,0.07953130602504241,-0.24202594663367136,-0.6267389701692244,0.4849271223001336,0.2537268555790637,-0.2854856010787536,-0.9647987391790611,0.16868770938805636,0.2537268555790637,2.0765217214476457,-1.822794865868582,4
phase6v2-r04-output-downstream-control-a01,D4-S,LOAD,0.03576419523557212,-0.4730436665565346,-0.2994677486617332,0.4730436665565346,0.09770688938366259,-1.4151401635433085,-0.9860476463738229,1.1067518853513718,0.09770688938366259,1.5841976261626978,-1.4864907367790352,3
phase6v2-r04-output-downstream-control-a01,D4-S,DOWNSTREAM,0.5431675707701166,5.0,3.8886022341348063,0.0,0.7677968613610052,22.87102556918585,4.155282012587226,-0.9036185537903907,0.7677968613610052,1.0007693051234943,-0.23297244376248905,1
phase6v2-r04-baseline-a01,D4-S,INPUT,0.6778063402708652,0.6629859537715737,0.5785801023036508,0.0,0.9506109010357251,0.6662517855833214,0.5785953245311624,-0.5361493996788816,0.9506109010357251,0.9032681237005588,0.04734277733516634,2
phase6v2-r04-baseline-a01,D4-S,OUTPUT,-0.22819078652562982,-0.8448469151861699,0.5225746830904426,0.8448469151861699,-0.7407950533178999,-0.9965527777338704,0.8044487727265852,1.3001543753299112,-0.7407950533178999,2.0765217214476457,-2.8173167747655454,3
phase6v2-r04-baseline-a01,D4-S,LOAD,-0.5126978254551796,0.2744554693015864,0.028544204555404306,0.008337292886432781,-1.3585847062091552,0.821050962462013,0.09398656731901338,-1.1436543054918615,-1.3585847062091552,1.5841976261626978,-2.942782332371853,4
phase6v2-r04-baseline-a01,D4-S,DOWNSTREAM,0.7531013858117372,0.15025140955336863,0.5153899754217709,0.0,1.0649132539683648,0.687280765940262,0.5507353453481595,-0.9036185537903907,1.0649132539683648,1.0007693051234943,0.06414394884487051,1
phase6v2-r04-input-medium-a01,D4-S,INPUT,0.5655880004914939,0.47281206653825814,0.5831392705275099,0.0,0.7928634426808355,0.4751411123937467,0.5831546127050434,-0.5361493996788816,0.7928634426808355,0.9032681237005588,-0.11040468101972323,1
phase6v2-r04-input-medium-a01,D4-S,OUTPUT,-0.28091465080570466,-0.7697404768598195,-0.015193620367951632,0.7697404768598195,-0.91119243269881,-0.9079597694687828,-0.023388980855310538,1.0640450169574165,-0.91119243269881,2.0765217214476457,-2.9877141541464556,4
phase6v2-r04-input-medium-a01,D4-S,LOAD,-0.0022460518138634716,0.23524583734114796,-0.016866054493046772,0.07651446966431642,-0.003218974643868497,0.7037528589087413,-0.05553430514905572,-0.8134967062244988,-0.003218974643868497,1.5841976261626978,-1.5874166008065662,3
phase6v2-r04-input-medium-a01,D4-S,DOWNSTREAM,0.5480432238834178,0.05110916304138507,0.6247658158878864,0.00032443562574628766,0.774697305028652,0.23378379494784135,0.6676121651243999,-0.897310878518967,0.774697305028652,1.0007693051234943,-0.2260720000948423,2
phase6v2-r04-input-downstream-a01,D4-S,INPUT,0.35007873268703155,0.2730277643096163,0.5808632594561207,0.002096803751372945,0.48991795877049016,0.2743726838408676,0.5808785417526486,-0.5333884498850794,0.48991795877049016,0.9032681237005588,-0.4133501649300686,3
phase6v2-r04-input-downstream-a01,D4-S,OUTPUT,-0.15294146974950915,-0.7745023674714895,0.3955763109881398,0.7745023674714895,-0.4975980389499552,-0.9135767341886917,0.6089481335226571,1.0790147980043623,-0.4975980389499552,2.0765217214476457,-2.574119760397601,4
phase6v2-r04-input-downstream-a01,D4-S,LOAD,0.5504526388281126,-0.058907923045754484,-0.3949340514737673,0.29645687476708726,1.4643219447134244,-0.1762267920418353,-1.3003864144598223,0.25160542732962615,1.4643219447134244,1.5841976261626978,-0.11987568144927341,1
phase6v2-r04-input-downstream-a01,D4-S,DOWNSTREAM,0.43906063404599394,5.0,-1.9335649114609432,0.0,0.6204557696996092,22.87102556918585,-2.0661685132604224,-0.9036185537903907,0.6204557696996092,1.0007693051234943,-0.380313535423885,2
phase6v2-r04-output-downstream-a01,D4-S,INPUT,-0.27980546501832043,0.46475961746968275,0.5808721903095553,0.0,-0.39552225930154333,0.4670489974104094,0.5808874728410507,-0.5361493996788816,-0.39552225930154333,0.9032681237005588,-1.2987903830021021,4
phase6v2-r04-output-downstream-a01,D4-S,OUTPUT,1.2453203798149646,2.6173269494494136,0.14088879241778662,0.0,4.021421158664758,3.087310132554331,0.21688348061783844,-1.3557599179405186,4.021421158664758,2.0765217214476457,1.9448994372171122,1
phase6v2-r04-output-downstream-a01,D4-S,LOAD,1.0645163329142417,-0.2795960581830631,-0.03686672306191655,0.3239164274353789,2.829278147795967,-0.8364293604932075,-0.12138985138523387,0.3845821860395855,2.829278147795967,1.5841976261626978,1.2450805216332692,2
phase6v2-r04-output-downstream-a01,D4-S,DOWNSTREAM,-0.12832907453575512,5.0,-0.7864068940731819,0.0,-0.18256295019041024,22.87102556918585,-0.8403385650586954,-0.9036185537903907,-0.18256295019041024,1.0007693051234943,-1.1833322553139045,3
phase6v2-r04-load-medium-a01,D4-S,INPUT,-1.5032721415375694,-2.2509420441309747,-2.269263261210009,2.2509420441309747,-2.1153726775332142,-2.2620300590312965,-2.269322964683233,2.4277607748117016,-2.1153726775332142,0.9032681237005588,-3.018640801233773,4
phase6v2-r04-load-medium-a01,D4-S,OUTPUT,0.6894682081960674,1.7164031241419186,-1.0336280017430581,0.0,2.224971777338917,2.0246109328549795,-1.5911616164423468,-1.3557599179405186,2.224971777338917,2.0765217214476457,0.14845005589127114,2
phase6v2-r04-load-medium-a01,D4-S,LOAD,3.5330062172424386,3.701476373238109,3.2686351643174785,0.04852362676189126,9.383681072223759,11.073201588990834,10.762527935088494,-0.9490463128654775,9.383681072223759,1.5841976261626978,7.7994834460610605,1
phase6v2-r04-load-medium-a01,D4-S,DOWNSTREAM,-1.2337488976073476,-0.12389777022461927,0.0359435520102826,0.12389777022461927,-1.7470481670316438,-0.566733814154476,0.03840855560534121,1.5052010683848989,-1.7470481670316438,1.0007693051234943,-2.747817472155138,3
phase6v2-r04-load-downstream-a01,D4-S,INPUT,-1.4599360591953687,-2.319516879655211,-2.1411187028181233,2.319516879655211,-2.0544543208904344,-2.3309426903686514,-2.14117503485563,2.518056148366187,-2.0544543208904344,0.9032681237005588,-2.9577224445909933,4
phase6v2-r04-load-downstream-a01,D4-S,OUTPUT,0.7184053773381107,1.5918975547376926,-1.0286310177070073,0.0,2.318493332631475,1.877748384382778,-1.5834692849819654,-1.3557599179405186,2.318493332631475,2.0765217214476457,0.24197161118382926,2
phase6v2-r04-load-downstream-a01,D4-S,LOAD,3.5518022531923625,3.4719475540565483,2.9625967387420644,0.2780524459434518,9.433588829099724,10.386551552898073,9.75484523607621,0.16247938363768957,9.433588829099724,1.5841976261626978,7.849391202937026,1
phase6v2-r04-load-downstream-a01,D4-S,DOWNSTREAM,-1.2918881575348884,5.0,0.2598972769006698,0.0,-1.829331848558166,22.87102556918585,0.2777209945377808,-0.9036185537903907,-1.829331848558166,1.0007693051234943,-2.8301011536816603,3
phase6v2-r04-output-medium-a01,D4-S,INPUT,-0.2206076914675327,0.6554656249897286,0.5757008384722804,0.0,-0.31230682110966856,0.658694412081553,0.5757159849474304,-0.5361493996788816,-0.31230682110966856,0.9032681237005588,-1.2155749448102273,4
phase6v2-r04-output-medium-a01,D4-S,OUTPUT,1.203056430763078,2.6516278352814413,0.0004840832757807001,0.0,3.884829005205107,3.127770294555523,0.0007451952987777166,-1.3557599179405186,3.884829005205107,2.0765217214476457,1.8083072837574612,1
phase6v2-r04-output-medium-a01,D4-S,LOAD,0.5272932842323207,-0.23519770473168405,0.02118109209457274,0.3102937202697727,1.402828582940208,-0.7036088671514387,0.06974228811220715,0.3186123042421647,1.402828582940208,1.5841976261626978,-0.1813690432224897,2
phase6v2-r04-output-medium-a01,D4-S,DOWNSTREAM,-0.02798661881195476,-0.03580683776018473,0.38858151698372956,0.04548249738444496,-0.040549675844356994,-0.16378782039297476,0.415230381182354,-0.019348143059324835,-0.040549675844356994,1.0007693051234943,-1.0413189809678514,3
phase6v2-r04-input-load-a01,D4-SM,INPUT,-2.9479478162673005,-4.927979830286687,-4.759533921282198,4.927979830286687,-4.14618079930551,-4.952254783935172,-4.759659142851192,5.952729155304123,-4.549217791620341,0.7806782098691525,-5.329896001489494,4
phase6v2-r04-input-load-a01,D4-SM,OUTPUT,1.7594986553779997,3.979879421821095,-2.801325653454397,0.0,5.683185368987399,4.694530833420519,-4.312346267143732,-1.3557599179405186,5.188858101203959,2.018018988789093,3.170839112414866,2
phase6v2-r04-input-load-a01,D4-SM,LOAD,3.375910506921773,3.070085176425003,3.133260174903276,0.1661642219886464,8.966556177494423,9.184354734699172,10.316783141913666,-0.379355129803046,9.075455456096797,0.956842724591964,8.118612731504834,1
phase6v2-r04-input-load-a01,D4-SM,DOWNSTREAM,-2.9305563712662015,-0.1360010299496202,-1.2372723175255693,0.1360010299496202,-4.148516055483895,-0.6220966066826747,-1.3221242740015045,1.7405125632165708,-2.3853063310832847,0.7383488737534162,-3.123655204836701,3
phase6v2-r04-output-load-a01,D4-SM,INPUT,-3.2483356849195077,-5.0,-5.0,5.0,-4.568441749642959,-5.024629720985559,-5.000131548142176,6.047561145465042,-4.79653573531426,0.7806782098691525,-5.577213945183412,4
phase6v2-r04-output-load-a01,D4-SM,OUTPUT,2.14535186024012,5.0,-3.658568179792068,0.0,6.9302179192756,5.89783048159838,-5.631980992199913,-1.3557599179405186,6.41402420043699,2.018018988789093,4.396005211647897,2
phase6v2-r04-output-load-a01,D4-SM,LOAD,3.175798979994039,3.1246587175755707,3.409677682068667,0.02756279966317481,8.435214491375337,9.347614948097933,11.226934013167677,-1.0505520759468177,8.891414719736634,0.956842724591964,7.93457199514467,1
phase6v2-r04-output-load-a01,D4-SM,DOWNSTREAM,-3.0799422087596176,-0.13664842776124525,-1.933298089019016,0.1370223850976751,-4.359939742200936,-0.625057937063297,-2.0658833921740425,1.7603697431915133,-2.4924988396321166,0.7383488737534162,-3.2308477133855327,3
phase6v2-r04-downstream-medium-a01,D4-SM,INPUT,0.5126710614746331,0.46245552138854573,0.5805223955783465,0.0,0.7184770932637773,0.4647335514805519,0.5805376689068725,-0.5361493996788816,0.5916053223721646,0.7806782098691525,-0.18907288749698792,2
phase6v2-r04-downstream-medium-a01,D4-SM,OUTPUT,-0.18877327869559993,-0.81588979967653,0.34928352190500256,0.81588979967653,-0.6134022658643079,-0.9623959460314865,0.5376852526961567,1.2091229522501592,-0.7878991059478972,2.018018988789093,-2.80591809473699,4
phase6v2-r04-downstream-medium-a01,D4-SM,LOAD,0.18364795970215794,0.1451438644317798,-0.13004866763627945,0.11373836980959562,0.4903719695401384,0.43420708609095987,-0.4282069879306206,-0.6332347169759185,0.4622895278155491,0.956842724591964,-0.49455319677641485,3
phase6v2-r04-downstream-medium-a01,D4-SM,DOWNSTREAM,0.5474640684382978,5.0,-0.35874416716420754,0.0,0.7738776344263775,22.87102556918585,-0.3833467902303167,-0.9036185537903907,11.822451601806113,0.7383488737534162,11.084102728052697,1
phase6v2-r04-output-control-a01,D4-SM,INPUT,0.8062917093577197,0.6447239653179396,0.5769555106817685,0.0,1.131225232428347,0.6478998395936365,0.5769706901668782,-0.5361493996788816,0.8895625360109918,0.7806782098691525,0.1088843261418393,1
phase6v2-r04-output-control-a01,D4-SM,OUTPUT,-0.14547899185330312,-0.13012200488250533,0.47340636478887393,0.45591461345807516,-0.47348018084974713,-0.1534875053445463,0.728759317047613,0.07748214831871407,-0.3134838430971467,2.018018988789093,-2.3315028318862394,4
phase6v2-r04-output-control-a01,D4-SM,LOAD,-0.3123288264937609,-0.3100898706819537,-0.08859154563822125,0.33393248168392486,-0.8265593731927274,-0.9276535367322983,-0.29170248033573876,0.4330863421387031,-0.8771064549625129,0.956842724591964,-1.833949179554477,3
phase6v2-r04-output-control-a01,D4-SM,DOWNSTREAM,0.5152482295148696,0.09634999902295582,-1.4548770662576358,0.0,0.728283008120696,0.44072465824901097,-1.5546523249095192,-0.9036185537903907,0.5845038331848535,0.7383488737534162,-0.15384504056856263,2
phase6v2-r04-output-load-control-a01,D4-SM,INPUT,-0.39984852944564536,-0.7088999482879607,-0.8073394495664581,0.7088999482879607,-0.5642690821807017,-0.7123919498745626,-0.8073606903673973,0.3972890133202041,-0.6383305160276321,0.7806782098691525,-1.4190087258967847,3
phase6v2-r04-output-load-control-a01,D4-SM,OUTPUT,-0.11866965641390538,0.6980964088122217,-0.8562674188873495,0.0,-0.386835535883093,0.8234508557974174,-1.3181336496748612,-1.3557599179405186,0.2183076599571622,2.018018988789093,-1.7997113288319306,4
phase6v2-r04-output-load-control-a01,D4-SM,LOAD,3.233048943321419,3.581904131511783,3.1092055086823773,0.16809586848821706,8.587226184612833,10.71549363584649,10.237579130405178,-0.3700008590474646,9.651359910229662,0.956842724591964,8.694517185637698,1
phase6v2-r04-output-load-control-a01,D4-SM,DOWNSTREAM,-0.6284680519083057,-0.0920426869765014,0.5575817475932372,0.0920426869765014,-0.8904026506684172,-0.4210221294592265,0.5958206231490862,0.8858747523827541,-0.6557123900638219,0.7383488737534162,-1.394061263817238,2
phase6v2-r04-output-downstream-control-a01,D4-SM,INPUT,0.45631069662799206,0.4483069551721637,0.5847308823744845,0.0,0.6392502545492532,0.4505152902165188,0.5847462664267343,-0.5361493996788816,0.544882772382886,0.7806782098691525,-0.23579543748626652,2
phase6v2-r04-output-downstream-control-a01,D4-SM,OUTPUT,0.07953130602504241,-0.24202594663367136,-0.6267389701692244,0.4849271223001336,0.2537268555790637,-0.2854856010787536,-0.9647987391790611,0.16868770938805636,-0.01587937274984494,2.018018988789093,-2.0338983615389377,4
phase6v2-r04-output-downstream-control-a01,D4-SM,LOAD,0.03576419523557212,-0.4730436665565346,-0.2994677486617332,0.4730436665565346,0.09770688938366259,-1.4151401635433085,-0.9860476463738229,1.1067518853513718,-0.658716637079823,0.956842724591964,-1.615559361671787,3
phase6v2-r04-output-downstream-control-a01,D4-SM,DOWNSTREAM,0.5431675707701166,5.0,3.8886022341348063,0.0,0.7677968613610052,22.87102556918585,4.155282012587226,-0.9036185537903907,11.819411215273428,0.7383488737534162,11.081062341520012,1
phase6v2-r04-baseline-a01,D4-SM,INPUT,0.6778063402708652,0.6629859537715737,0.5785801023036508,0.0,0.9506109010357251,0.6662517855833214,0.5785953245311624,-0.5361493996788816,0.8084313433095233,0.7806782098691525,0.02775313344037078,2
phase6v2-r04-baseline-a01,D4-SM,OUTPUT,-0.22819078652562982,-0.8448469151861699,0.5225746830904426,0.8448469151861699,-0.7407950533178999,-0.9965527777338704,0.8044487727265852,1.3001543753299112,-0.8686739155258851,2.018018988789093,-2.886692904314978,4
phase6v2-r04-baseline-a01,D4-SM,LOAD,-0.5126978254551796,0.2744554693015864,0.028544204555404306,0.008337292886432781,-1.3585847062091552,0.821050962462013,0.09398656731901338,-1.1436543054918615,-0.26876687187357107,0.956842724591964,-1.2256095964655351,3
phase6v2-r04-baseline-a01,D4-SM,DOWNSTREAM,0.7531013858117372,0.15025140955336863,0.5153899754217709,0.0,1.0649132539683648,0.687280765940262,0.5507353453481595,-0.9036185537903907,0.8760970099543134,0.7383488737534162,0.1377481362008972,1
phase6v2-r04-input-medium-a01,D4-SM,INPUT,0.5655880004914939,0.47281206653825814,0.5831392705275099,0.0,0.7928634426808355,0.4751411123937467,0.5831546127050434,-0.5361493996788816,0.6340022775372911,0.7806782098691525,-0.14667593233186138,1
phase6v2-r04-input-medium-a01,D4-SM,OUTPUT,-0.28091465080570466,-0.7697404768598195,-0.015193620367951632,0.7697404768598195,-0.91119243269881,-0.9079597694687828,-0.023388980855310538,1.0640450169574165,-0.9095761010837964,2.018018988789093,-2.9275950898728893,4
phase6v2-r04-input-medium-a01,D4-SM,LOAD,-0.0022460518138634716,0.23524583734114796,-0.016866054493046772,0.07651446966431642,-0.003218974643868497,0.7037528589087413,-0.05553430514905572,-0.8134967062244988,0.3502669421324364,0.956842724591964,-0.6065757824595275,3
phase6v2-r04-input-medium-a01,D4-SM,DOWNSTREAM,0.5480432238834178,0.05110916304138507,0.6247658158878864,0.00032443562574628766,0.774697305028652,0.23378379494784135,0.6676121651243999,-0.897310878518967,0.5042405499882466,0.7383488737534162,-0.23410832376516955,2
phase6v2-r04-input-downstream-a01,D4-SM,INPUT,0.35007873268703155,0.2730277643096163,0.5808632594561207,0.002096803751372945,0.48991795877049016,0.2743726838408676,0.5808785417526486,-0.5333884498850794,0.3821453213056789,0.7806782098691525,-0.3985328885634736,3
phase6v2-r04-input-downstream-a01,D4-SM,OUTPUT,-0.15294146974950915,-0.7745023674714895,0.3955763109881398,0.7745023674714895,-0.4975980389499552,-0.9135767341886917,0.6089481335226571,1.0790147980043623,-0.7055873865693234,2.018018988789093,-2.7236063753584165,4
phase6v2-r04-input-downstream-a01,D4-SM,LOAD,0.5504526388281126,-0.058907923045754484,-0.3949340514737673,0.29645687476708726,1.4643219447134244,-0.1762267920418353,-1.3003864144598223,0.25160542732962615,0.6440475763357946,0.956842724591964,-0.3127951482561694,2
phase6v2-r04-input-downstream-a01,D4-SM,DOWNSTREAM,0.43906063404599394,5.0,-1.9335649114609432,0.0,0.6204557696996092,22.87102556918585,-2.0661685132604224,-0.9036185537903907,11.74574066944273,0.7383488737534162,11.007391795689314,1
phase6v2-r04-output-downstream-a01,D4-SM,INPUT,-0.27980546501832043,0.46475961746968275,0.5808721903095553,0.0,-0.39552225930154333,0.4670489974104094,0.5808874728410507,-0.5361493996788816,0.03576336905443303,0.7806782098691525,-0.7449148408147195,4
phase6v2-r04-output-downstream-a01,D4-SM,OUTPUT,1.2453203798149646,2.6173269494494136,0.14088879241778662,0.0,4.021421158664758,3.087310132554331,0.21688348061783844,-1.3557599179405186,3.5543656456095443,2.018018988789093,1.5363466568204514,2
phase6v2-r04-output-downstream-a01,D4-SM,LOAD,1.0645163329142417,-0.2795960581830631,-0.03686672306191655,0.3239164274353789,2.829278147795967,-0.8364293604932075,-0.12138985138523387,0.3845821860395855,0.9964243936513797,0.956842724591964,0.039581669059415736,3
phase6v2-r04-output-downstream-a01,D4-SM,DOWNSTREAM,-0.12832907453575512,5.0,-0.7864068940731819,0.0,-0.18256295019041024,22.87102556918585,-0.8403385650586954,-0.9036185537903907,11.34423130949772,0.7383488737534162,10.605882435744304,1
phase6v2-r04-load-medium-a01,D4-SM,INPUT,-1.5032721415375694,-2.2509420441309747,-2.269263261210009,2.2509420441309747,-2.1153726775332142,-2.2620300590312965,-2.269322964683233,2.4277607748117016,-2.1887013682822554,0.7806782098691525,-2.9693795781514076,4
phase6v2-r04-load-medium-a01,D4-SM,OUTPUT,0.6894682081960674,1.7164031241419186,-1.0336280017430581,0.0,2.224971777338917,2.0246109328549795,-1.5911616164423468,-1.3557599179405186,2.1247913550969484,2.018018988789093,0.10677236630785547,2
phase6v2-r04-load-medium-a01,D4-SM,LOAD,3.5330062172424386,3.701476373238109,3.2686351643174785,0.04852362676189126,9.383681072223759,11.073201588990834,10.762527935088494,-0.9490463128654775,10.228441330607296,0.956842724591964,9.271598606015333,1
phase6v2-r04-load-medium-a01,D4-SM,DOWNSTREAM,-1.2337488976073476,-0.12389777022461927,0.0359435520102826,0.12389777022461927,-1.7470481670316438,-0.566733814154476,0.03840855560534121,1.5052010683848989,-1.1568909905930598,0.7383488737534162,-1.8952398643464758,3
phase6v2-r04-load-downstream-a01,D4-SM,INPUT,-1.4599360591953687,-2.319516879655211,-2.1411187028181233,2.319516879655211,-2.0544543208904344,-2.3309426903686514,-2.14117503485563,2.518056148366187,-2.1926985056295427,0.7806782098691525,-2.973376715498695,4
phase6v2-r04-load-downstream-a01,D4-SM,OUTPUT,0.7184053773381107,1.5918975547376926,-1.0286310177070073,0.0,2.318493332631475,1.877748384382778,-1.5834692849819654,-1.3557599179405186,2.0981208585071265,2.018018988789093,0.08010186971803357,3
phase6v2-r04-load-downstream-a01,D4-SM,LOAD,3.5518022531923625,3.4719475540565483,2.9625967387420644,0.2780524459434518,9.433588829099724,10.386551552898073,9.75484523607621,0.16247938363768957,9.910070190998898,0.956842724591964,8.953227466406934,2
phase6v2-r04-load-downstream-a01,D4-SM,DOWNSTREAM,-1.2918881575348884,5.0,0.2598972769006698,0.0,-1.829331848558166,22.87102556918585,0.2777209945377808,-0.9036185537903907,10.520846860313842,0.7383488737534162,9.782497986560426,1
phase6v2-r04-output-medium-a01,D4-SM,INPUT,-0.2206076914675327,0.6554656249897286,0.5757008384722804,0.0,-0.31230682110966856,0.658694412081553,0.5757159849474304,-0.5361493996788816,0.17319379548594221,0.7806782098691525,-0.6074844143832103,3
phase6v2-r04-output-medium-a01,D4-SM,OUTPUT,1.203056430763078,2.6516278352814413,0.0004840832757807001,0.0,3.884829005205107,3.127770294555523,0.0007451952987777166,-1.3557599179405186,3.506299649880315,2.018018988789093,1.4882806610912223,1
phase6v2-r04-output-medium-a01,D4-SM,LOAD,0.5272932842323207,-0.23519770473168405,0.02118109209457274,0.3102937202697727,1.402828582940208,-0.7036088671514387,0.06974228811220715,0.3186123042421647,0.3496098578943847,0.956842724591964,-0.6072328666975793,2
phase6v2-r04-output-medium-a01,D4-SM,DOWNSTREAM,-0.02798661881195476,-0.03580683776018473,0.38858151698372956,0.04548249738444496,-0.040549675844356994,-0.16378782039297476,0.415230381182354,-0.019348143059324835,-0.10216874811866589,0.7383488737534162,-0.840517621872082,4
phase6v2-r04-input-load-a01,D4-SMT,INPUT,0.04339102180425287,0.0,0.0,4.927979830286687,-1.5017892339315326,-1.4872158424536062,-1.5648195895332804,5.952729155304123,-1.51794155530614,0.9270118729635871,-2.444953428269727,4
phase6v2-r04-input-load-a01,D4-SMT,OUTPUT,2.5656798348060272,3.979879421821095,0.0,0.0,6.772570862741023,6.326637017662355,-1.3556711896283586,-1.3557599179405186,3.9145122302583393,1.342987122167969,2.5715251080903703,2
phase6v2-r04-input-load-a01,D4-SMT,LOAD,3.401009277718862,3.236249398413649,3.3548124708881377,0.1661642219886464,9.495550409841906,18.320152473077883,18.647338218418408,-0.379355129803046,15.48768036711273,1.470297120642728,14.017383246470002,1
phase6v2-r04-input-load-a01,D4-SMT,DOWNSTREAM,0.0,0.0,0.0,0.1360010299496202,-1.4740030697857425,-0.214702057939547,-0.8674393531193957,1.7405125632165708,-0.8520481602815617,0.8758629298616758,-1.7279110901432375,3
phase6v2-r04-output-load-a01,D4-SMT,INPUT,0.0,0.0,0.0,5.0,-1.6948275773444275,-1.4872158424536062,-1.5648195895332804,6.047561145465042,-1.5822876697771047,0.9270118729635871,-2.509299542740692,4
phase6v2-r04-output-load-a01,D4-SMT,OUTPUT,2.916658324275698,5.0,0.0,0.0,7.870418031534131,8.145357351247767,-1.3556711896283586,-1.3557599179405186,4.886701397717846,1.342987122167969,3.5437142755498767,2
phase6v2-r04-output-load-a01,D4-SMT,LOAD,3.3581800134677784,3.152221517238745,3.4464280816195667,0.02756279966317481,9.360384086211262,17.805602717611098,19.182301797064657,-1.0505520759468177,15.449429533629006,1.470297120642728,13.979132412986278,1
phase6v2-r04-output-load-a01,D4-SMT,DOWNSTREAM,0.056234140674539,0.0003739573364298327,0.0,0.1370223850976751,-1.2663924112825489,-0.21297457441070972,-0.8674393531193957,1.7603697431915133,-0.7822687796042181,0.8758629298616758,-1.658131709465894,3
phase6v2-r04-downstream-medium-a01,D4-SMT,INPUT,0.5126710614746331,0.46245552138854573,0.5805223955783465,0.0,0.5859477606793884,0.20189781090418688,0.6300617004536916,-0.5361493996788816,0.47263575734575564,0.9270118729635871,-0.4543761156178315,2
phase6v2-r04-downstream-medium-a01,D4-SMT,OUTPUT,0.14707677848771525,0.0,0.37060172127107444,0.81588979967653,-0.7927261496927508,-0.7688846143056964,0.036483098618850705,1.2091229522501592,-0.5083758884598655,1.342987122167969,-1.8513630106278345,4
phase6v2-r04-downstream-medium-a01,D4-SMT,LOAD,0.3882175519743747,0.2588822342413754,0.021602492109848048,0.11373836980959562,-0.012620896729200855,0.08806658874135362,-0.8160035023928346,-0.6332347169759185,-0.24685260346022728,1.470297120642728,-1.7171497241029552,3
phase6v2-r04-downstream-medium-a01,D4-SMT,DOWNSTREAM,0.5474640684382978,5.0,0.11968555777950791,0.0,0.5471779137226207,22.882632324233082,-0.6022854349329966,-0.9036185537903907,7.609174934340902,0.8758629298616758,6.733312004479226,1
phase6v2-r04-output-control-a01,D4-SMT,INPUT,0.8105071840417146,0.6447239653179396,0.5769555106817685,0.0,1.91096361230504,0.8676312771043897,0.6165757626454929,-0.5361493996788816,1.131723550684974,0.9270118729635871,0.204711677721387,1
phase6v2-r04-output-control-a01,D4-SMT,OUTPUT,0.3795005364265048,0.3257926085755698,0.5395159212125827,0.45591461345807516,-0.06571360542284142,-0.188045785619401,0.671004241661289,0.07748214831871407,0.13908161687301554,1.342987122167969,-1.2039055052949534,3
phase6v2-r04-output-control-a01,D4-SMT,LOAD,0.23725227558599457,0.023842611001971187,0.03179014800262825,0.33393248168392486,-0.48905731846355477,-1.3512126001638707,-0.756515552567395,0.4330863421387031,-0.8655951570649402,1.470297120642728,-2.3358922777076683,4
phase6v2-r04-output-control-a01,D4-SMT,DOWNSTREAM,0.6578077612591652,0.09634999902295582,0.0,0.0,0.954555468592711,0.23038357109149635,-0.8674393531193957,-0.9036185537903907,0.10583322885493725,0.8758629298616758,-0.7700297010067385,2
phase6v2-r04-output-load-control-a01,D4-SMT,INPUT,0.21232322261931055,0.0,0.0,0.7088999482879607,-0.7502422355329605,-1.4872158424536062,-1.5648195895332804,0.3972890133202041,-1.2674258891732824,0.9270118729635871,-2.1944377621368694,4
phase6v2-r04-output-load-control-a01,D4-SMT,OUTPUT,0.3916445375787501,0.6980964088122217,0.0,0.0,-0.02772763852510398,0.47571544638151814,-1.3556711896283586,-1.3557599179405186,-0.3025611272573148,1.342987122167969,-1.6455482494252838,3
phase6v2-r04-output-load-control-a01,D4-SMT,LOAD,3.2340226174430575,3.75,3.3333333333333335,0.16809586848821706,8.968551560818515,21.466135005553323,18.521916838799626,-0.3700008590474646,16.318867801723822,1.470297120642728,14.848570681081094,1
phase6v2-r04-output-load-control-a01,D4-SMT,DOWNSTREAM,0.03673244610561558,0.0,0.5575817475932372,0.0920426869765014,-1.338390660083308,-0.214702057939547,0.3678390532856261,0.8858747523827541,-0.39508455491240957,0.8758629298616758,-1.2709474847740854,2
phase6v2-r04-output-downstream-control-a01,D4-SMT,INPUT,0.4800615717208463,0.4483069551721637,0.5847308823744845,0.0,0.4408743878971459,0.1502203300087892,0.6459734533823583,-0.5361493996788816,0.41235605709609785,0.9270118729635871,-0.5146558158674892,2
phase6v2-r04-output-downstream-control-a01,D4-SMT,OUTPUT,0.32129895839825656,0.24290117566646222,0.31074396020825834,0.4849271223001336,-0.2477658951633072,-0.33582864358404624,-0.18837079159695894,0.16868770938805636,-0.2573217767814375,1.342987122167969,-1.6003088989494065,3
phase6v2-r04-output-downstream-control-a01,D4-SMT,LOAD,0.30417287826887146,0.0,0.0,0.4730436665565346,-0.27786032505354996,-1.497214254486412,-0.9421451762243793,1.1067518853513718,-0.9057399185881136,1.470297120642728,-2.376037039230842,4
phase6v2-r04-output-downstream-control-a01,D4-SMT,DOWNSTREAM,0.5431675707701166,5.0,3.8886022341348063,0.0,0.5313156866226981,22.882632324233082,7.74745234959335,-0.9036185537903907,10.387133453483044,0.8758629298616758,9.511270523621368,1
phase6v2-r04-baseline-a01,D4-SMT,INPUT,0.7090174261300647,0.6629859537715737,0.5785801023036508,0.0,1.4594551221611078,0.9343329870155985,0.6227181367931542,-0.5361493996788816,1.0055020819899536,0.9270118729635871,0.0784902090263665,1
phase6v2-r04-baseline-a01,D4-SMT,OUTPUT,0.25523465904164666,0.0,0.5225746830904426,0.8448469151861699,-0.4544124737514859,-0.7688846143056964,0.6073649870483742,1.3001543753299112,-0.20531070033626939,1.342987122167969,-1.5482978225042383,3
phase6v2-r04-baseline-a01,D4-SMT,LOAD,0.19915679660769484,0.2827927621880192,0.039660595070648015,0.008337292886432781,-0.6092841290447093,0.23448413653621275,-0.7105582916220249,-1.1436543054918615,-0.3617860947101738,1.470297120642728,-1.8320832153529019,4
phase6v2-r04-baseline-a01,D4-SMT,DOWNSTREAM,0.7531013858117372,0.15025140955336863,0.5153899754217709,0.0,1.306369720703673,0.4793793516298374,0.27436650810935576,-0.9036185537903907,0.6867051934809555,0.8758629298616758,-0.1891577363807203,2
phase6v2-r04-input-medium-a01,D4-SMT,INPUT,0.5655880004914939,0.47281206653825814,0.5831392705275099,0.0,0.8213650848525377,0.23972497698811834,0.6399557715660251,-0.5361493996788816,0.567015277802227,0.9270118729635871,-0.35999659516136007,1
phase6v2-r04-input-medium-a01,D4-SMT,OUTPUT,0.132069976310456,0.0,0.29728945220189434,0.7697404768598195,-0.8396668477048607,-0.7688846143056964,-0.23891224875229566,1.0640450169574165,-0.6158212369209509,1.342987122167969,-1.9588083590889198,4
phase6v2-r04-input-medium-a01,D4-SMT,LOAD,0.2569517263464363,0.3117603070054644,0.08515323839270846,0.07651446966431642,-0.4268871555295877,0.4118686295625725,-0.44491680236763925,-0.8134967062244988,-0.1533117761115515,1.470297120642728,-1.6236088967542794,3
phase6v2-r04-input-medium-a01,D4-SMT,DOWNSTREAM,0.5620357565395238,0.051433598667131354,0.6247658158878864,0.00032443562574628766,0.6009750861504446,0.02289374743909327,0.5166800603254824,-0.897310878518967,0.38018296463834006,0.8758629298616758,-0.49567996522333574,2
phase6v2-r04-input-downstream-a01,D4-SMT,INPUT,0.37442869456599237,0.2751245680609893,0.5808632594561207,0.002096803751372945,-0.029066046045625148,-0.48232641462139547,0.6313504633911037,-0.5333884498850794,0.039986000908027695,0.9270118729635871,-0.8870258720555594,2
phase6v2-r04-input-downstream-a01,D4-SMT,OUTPUT,0.10363347199708481,0.0,0.3955763109881398,0.7745023674714895,-0.9286151356696858,-0.7688846143056964,0.13029939837207277,1.0790147980043623,-0.5224001172011031,1.342987122167969,-1.8653872393690722,4
phase6v2-r04-input-downstream-a01,D4-SMT,LOAD,0.6500990676414705,0.23754895172133278,0.00034178154901574187,0.29645687476708726,0.8138598359779126,-0.042569042557536914,-0.9401494390446894,0.25160542732962615,-0.05628621520810458,1.470297120642728,-1.5265833358508325,3
phase6v2-r04-input-downstream-a01,D4-SMT,DOWNSTREAM,0.4399952940331264,5.0,0.0,0.0,0.1504142616928002,22.882632324233082,-0.8674393531193957,-0.9036185537903907,7.388535744268829,0.8758629298616758,6.5126728144071535,1
phase6v2-r04-output-downstream-a01,D4-SMT,INPUT,0.20605259055526587,0.46475961746968275,0.5808721903095553,0.0,-0.7781390762954504,0.21031349623887843,0.6313842298112391,-0.5361493996788816,0.021186216584889023,0.9270118729635871,-0.905825656378698,3
phase6v2-r04-output-downstream-a01,D4-SMT,OUTPUT,1.2453203798149646,2.6173269494494136,0.665097333310209,0.0,2.642537447754743,3.8974125317655015,1.1427470624345715,-1.3557599179405186,2.5608990139849386,1.342987122167969,1.2179118918169696,2
phase6v2-r04-output-downstream-a01,D4-SMT,LOAD,1.39930144468635,0.044320369252315785,0.05909382566975438,0.3239164274353789,3.1782929573788623,-1.2258158228931177,-0.5970834099620443,0.3845821860395855,0.4517979081745667,1.470297120642728,-1.0184992124681613,4
phase6v2-r04-output-downstream-a01,D4-SMT,DOWNSTREAM,0.27044081512434903,5.0,0.0,0.0,-0.47556342012416625,22.882632324233082,-0.8674393531193957,-0.9036185537903907,7.179876516996507,0.8758629298616758,6.304013587134831,1
phase6v2-r04-load-medium-a01,D4-SMT,INPUT,0.017581686486718966,0.0,0.0,2.2509420441309747,-1.6166100223600812,-1.4872158424536062,-1.5648195895332804,2.4277607748117016,-1.5562151514489893,0.9270118729635871,-2.4832270244125763,4
phase6v2-r04-load-medium-a01,D4-SMT,OUTPUT,1.1930001812279574,1.7164031241419186,0.10171270506750231,0.0,2.478881885910396,2.291201937500896,-0.9735904533508963,-1.3557599179405186,1.265497790020132,1.342987122167969,-0.07748933214783693,2
phase6v2-r04-load-medium-a01,D4-SMT,LOAD,3.6072950596668605,3.75,3.3333333333333335,0.04852362676189126,10.146574686133976,21.466135005553323,18.521916838799626,-0.9490463128654775,16.711542176828974,1.470297120642728,15.241245056186246,1
phase6v2-r04-load-medium-a01,D4-SMT,DOWNSTREAM,0.07710362017274398,0.0,0.17745156675837104,0.12389777022461927,-1.1893444413256977,-0.214702057939547,-0.4743093958610646,1.5052010683848989,-0.6261186317087698,0.8758629298616758,-1.5019815615704455,3
phase6v2-r04-load-downstream-a01,D4-SMT,INPUT,0.07516155613682052,0.0,0.0,2.319516879655211,-1.360448213096198,-1.4872158424536062,-1.5648195895332804,2.518056148366187,-1.4708278816943612,0.9270118729635871,-2.3978397546579484,4
phase6v2-r04-load-downstream-a01,D4-SMT,OUTPUT,1.2529193045405773,1.5918975547376926,0.08338073305686088,0.0,2.6663065910104775,2.0692273831552397,-1.0424539582453465,-1.3557599179405186,1.231026671973457,1.342987122167969,-0.11196045019451195,3
phase6v2-r04-load-downstream-a01,D4-SMT,LOAD,3.5952916119146576,3.75,3.3333333333333335,0.2780524459434518,10.10869259938959,21.466135005553323,18.521916838799626,0.16247938363768957,16.698914814580846,1.470297120642728,15.228617693938117,1
phase6v2-r04-load-downstream-a01,D4-SMT,DOWNSTREAM,0.08905542165125083,5.0,0.2598972769006698,0.0,-1.1452196206120115,22.882632324233082,-0.29165742441632275,-0.9036185537903907,7.14858509306825,0.8758629298616758,6.2727221632065735,2
phase6v2-r04-output-medium-a01,D4-SMT,INPUT,0.2502294694995373,0.6554656249897286,0.5757008384722804,0.0,-0.581604605016456,0.9068650697010563,0.6118320067135127,-0.5361493996788816,0.3123641571327043,0.9270118729635871,-0.6146477158308827,2
phase6v2-r04-output-medium-a01,D4-SMT,OUTPUT,1.203056430763078,2.6516278352814413,0.47390131472952846,0.0,2.5103374463280477,3.9585658109534054,0.4245249337030216,-1.3557599179405186,2.297809396994825,1.342987122167969,0.954822274826856,1
phase6v2-r04-output-medium-a01,D4-SMT,LOAD,1.0297161729600386,0.07509601553808865,0.10012802071745153,0.3102937202697727,2.0119062981447127,-1.0373593123961453,-0.3574757748185539,0.3186123042421647,0.2056904036433378,1.470297120642728,-1.2646067169993902,4
phase6v2-r04-output-medium-a01,D4-SMT,DOWNSTREAM,0.33758624786907226,0.009675659624260233,0.38858151698372956,0.04548249738444496,-0.22766939453046656,-0.17000566879762188,-0.0065676349721977495,-0.019348143059324835,-0.1347475661000954,0.8758629298616758,-1.0106104959617712,3
phase6v2-r04-input-load-a01,D4-FULL,INPUT,-2.9479478162673005,-4.927979830286687,-4.759533921282198,4.927979830286687,-4.14618079930551,-4.952254783935172,-4.759659142851192,5.952729155304123,-10.572094064001416,1.250740309198417,-11.822834373199832,4
phase6v2-r04-input-load-a01,D4-FULL,OUTPUT,1.7594986553779997,3.979879421821095,-2.801325653454397,0.0,5.683185368987399,4.694530833420519,-4.312346267143732,-1.3557599179405186,3.3775498963619137,2.2021824803202183,1.1753674160416954,2
phase6v2-r04-input-load-a01,D4-FULL,LOAD,3.375910506921773,3.070085176425003,3.133260174903276,0.1661642219886464,8.966556177494423,9.184354734699172,10.316783141913666,-0.379355129803046,9.868586481172134,1.6568056768390098,8.211780804333124,1
phase6v2-r04-input-load-a01,D4-FULL,DOWNSTREAM,-2.9305563712662015,-0.1360010299496202,-1.2372723175255693,0.1360010299496202,-4.148516055483895,-0.6220966066826747,-1.3221242740015045,1.7405125632165708,-3.7714248752725954,1.597631886444569,-5.3690567617171645,3
phase6v2-r04-output-load-a01,D4-FULL,INPUT,-3.2483356849195077,-5.0,-5.0,5.0,-4.568441749642959,-5.024629720985559,-5.000131548142176,6.047561145465042,-10.91196215172194,1.250740309198417,-12.162702460920357,4
phase6v2-r04-output-load-a01,D4-FULL,OUTPUT,2.14535186024012,5.0,-3.658568179792068,0.0,6.9302179192756,5.89783048159838,-5.631980992199913,-1.3557599179405186,3.7544490541652076,2.2021824803202183,1.5522665738449892,2
phase6v2-r04-output-load-a01,D4-FULL,LOAD,3.175798979994039,3.1246587175755707,3.409677682068667,0.02756279966317481,8.435214491375337,9.347614948097933,11.226934013167677,-1.0505520759468177,10.720473226827133,1.6568056768390098,9.063667549988123,1
phase6v2-r04-output-load-a01,D4-FULL,DOWNSTREAM,-3.0799422087596176,-0.13664842776124525,-1.933298089019016,0.1370223850976751,-4.359939742200936,-0.625057937063297,-2.0658833921740425,1.7603697431915133,-4.110663433670939,1.597631886444569,-5.708295320115508,3
phase6v2-r04-downstream-medium-a01,D4-FULL,INPUT,0.5126710614746331,0.46245552138854573,0.5805223955783465,0.0,0.7184770932637773,0.4647335514805519,0.5805376689068725,-0.5361493996788816,1.1240655042292822,1.250740309198417,-0.12667480496913486,2
phase6v2-r04-downstream-medium-a01,D4-FULL,OUTPUT,-0.18877327869559993,-0.81588979967653,0.34928352190500256,0.81588979967653,-0.6134022658643079,-0.9623959460314865,0.5376852526961567,1.2091229522501592,-1.555160605316705,2.2021824803202183,-3.7573430856369234,4
phase6v2-r04-downstream-medium-a01,D4-FULL,LOAD,0.18364795970215794,0.1451438644317798,-0.13004866763627945,0.11373836980959562,0.4903719695401384,0.43420708609095987,-0.4282069879306206,-0.6332347169759185,0.7986920728760777,1.6568056768390098,-0.8581136039629321,3
phase6v2-r04-downstream-medium-a01,D4-FULL,DOWNSTREAM,0.5474640684382978,5.0,-0.35874416716420754,0.0,0.7738776344263775,22.87102556918585,-0.3833467902303167,-0.9036185537903907,8.657470691584361,1.597631886444569,7.059838805139792,1
phase6v2-r04-output-control-a01,D4-FULL,INPUT,0.8062917093577197,0.6447239653179396,0.5769555106817685,0.0,1.131225232428347,0.6478998395936365,0.5769706901668782,-0.5361493996788816,1.3215146537418354,1.250740309198417,0.07077434454341835,1
phase6v2-r04-output-control-a01,D4-FULL,OUTPUT,-0.14547899185330312,-0.13012200488250533,0.47340636478887393,0.45591461345807516,-0.47348018084974713,-0.1534875053445463,0.728759317047613,0.07748214831871407,-0.04355160470094089,2.2021824803202183,-2.245734085021159,3
phase6v2-r04-output-control-a01,D4-FULL,LOAD,-0.3123288264937609,-0.3100898706819537,-0.08859154563822125,0.33393248168392486,-0.8265593731927274,-0.9276535367322983,-0.29170248033573876,0.4330863421387031,-1.1150581388922913,1.6568056768390098,-2.771863815731301,4
phase6v2-r04-output-control-a01,D4-FULL,DOWNSTREAM,0.5152482295148696,0.09634999902295582,-1.4548770662576358,0.0,0.728283008120696,0.44072465824901097,-1.5546523249095192,-0.9036185537903907,0.77507033427712,1.597631886444569,-0.8225615521674491,2
phase6v2-r04-output-load-control-a01,D4-FULL,INPUT,-0.39984852944564536,-0.7088999482879607,-0.8073394495664581,0.7088999482879607,-0.5642690821807017,-0.7123919498745626,-0.8073606903673973,0.3972890133202041,-1.0919629207944246,1.250740309198417,-2.342703229992842,3
phase6v2-r04-output-load-control-a01,D4-FULL,OUTPUT,-0.11866965641390538,0.6980964088122217,-0.8562674188873495,0.0,-0.386835535883093,0.8234508557974174,-1.3181336496748612,-1.3557599179405186,1.0619204746870063,2.2021824803202183,-1.140262005633212,2
phase6v2-r04-output-load-control-a01,D4-FULL,LOAD,3.233048943321419,3.581904131511783,3.1092055086823773,0.16809586848821706,8.587226184612833,10.71549363584649,10.237579130405178,-0.3700008590474646,10.2167671760023,1.6568056768390098,8.55996149916329,1
phase6v2-r04-output-load-control-a01,D4-FULL,DOWNSTREAM,-0.6284680519083057,-0.0920426869765014,0.5575817475932372,0.0920426869765014,-0.8904026506684172,-0.4210221294592265,0.5958206231490862,0.8858747523827541,-1.1244094713756065,1.597631886444569,-2.7220413578201756,4
phase6v2-r04-output-downstream-control-a01,D4-FULL,INPUT,0.45631069662799206,0.4483069551721637,0.5847308823744845,0.0,0.6392502545492532,0.4505152902165188,0.5847462664267343,-0.5361493996788816,1.0943200034097171,1.250740309198417,-0.15642030578869992,2
phase6v2-r04-output-downstream-control-a01,D4-FULL,OUTPUT,0.07953130602504241,-0.24202594663367136,-0.6267389701692244,0.4849271223001336,0.2537268555790637,-0.2854856010787536,-0.9647987391790611,0.16868770938805636,-0.5008735376143068,2.2021824803202183,-2.703056017934525,3
phase6v2-r04-output-downstream-control-a01,D4-FULL,LOAD,0.03576419523557212,-0.4730436665565346,-0.2994677486617332,0.4730436665565346,0.09770688938366259,-1.4151401635433085,-0.9860476463738229,1.1067518853513718,-1.8745788588625283,1.6568056768390098,-3.5313845357015383,4
phase6v2-r04-output-downstream-control-a01,D4-FULL,DOWNSTREAM,0.5431675707701166,5.0,3.8886022341348063,0.0,0.7677968613610052,22.87102556918585,4.155282012587226,-0.9036185537903907,10.168320034835086,1.597631886444569,8.570688148390516,1
phase6v2-r04-baseline-a01,D4-FULL,INPUT,0.6778063402708652,0.6629859537715737,0.5785801023036508,0.0,0.9506109010357251,0.6662517855833214,0.5785953245311624,-0.5361493996788816,1.2679687367289514,1.250740309198417,0.01722842753053433,2
phase6v2-r04-baseline-a01,D4-FULL,OUTPUT,-0.22819078652562982,-0.8448469151861699,0.5225746830904426,0.8448469151861699,-0.7407950533178999,-0.9965527777338704,0.8044487727265852,1.3001543753299112,-1.6111207281049729,2.2021824803202183,-3.813303208425191,4
phase6v2-r04-baseline-a01,D4-FULL,LOAD,-0.5126978254551796,0.2744554693015864,0.028544204555404306,0.008337292886432781,-1.3585847062091552,0.821050962462013,0.09398656731901338,-1.1436543054918615,0.9958052466824853,1.6568056768390098,-0.6610004301565245,3
phase6v2-r04-baseline-a01,D4-FULL,DOWNSTREAM,0.7531013858117372,0.15025140955336863,0.5153899754217709,0.0,1.0649132539683648,0.687280765940262,0.5507353453481595,-0.9036185537903907,1.6712616755426528,1.597631886444569,0.07362978909808371,1
phase6v2-r04-input-medium-a01,D4-FULL,INPUT,0.5655880004914939,0.47281206653825814,0.5831392705275099,0.0,0.7928634426808355,0.4751411123937467,0.5831546127050434,-0.5361493996788816,1.1532024556054234,1.250740309198417,-0.0975378535929936,1
phase6v2-r04-input-medium-a01,D4-FULL,OUTPUT,-0.28091465080570466,-0.7697404768598195,-0.015193620367951632,0.7697404768598195,-0.91119243269881,-0.9079597694687828,-0.023388980855310538,1.0640450169574165,-1.678225411298384,2.2021824803202183,-3.8804078916186024,4
phase6v2-r04-input-medium-a01,D4-FULL,LOAD,-0.0022460518138634716,0.23524583734114796,-0.016866054493046772,0.07651446966431642,-0.003218974643868497,0.7037528589087413,-0.05553430514905572,-0.8134967062244988,1.0284965659297711,1.6568056768390098,-0.6283091109092387,3
phase6v2-r04-input-medium-a01,D4-FULL,DOWNSTREAM,0.5480432238834178,0.05110916304138507,0.6247658158878864,0.00032443562574628766,0.774697305028652,0.23378379494784135,0.6676121651243999,-0.897310878518967,1.4560086335525981,1.597631886444569,-0.14162325289197097,2
phase6v2-r04-input-downstream-a01,D4-FULL,INPUT,0.35007873268703155,0.2730277643096163,0.5808632594561207,0.002096803751372945,0.48991795877049016,0.2743726838408676,0.5808785417526486,-0.5333884498850794,0.981778178006415,1.250740309198417,-0.2689621311920021,2
phase6v2-r04-input-downstream-a01,D4-FULL,OUTPUT,-0.15294146974950915,-0.7745023674714895,0.3955763109881398,0.7745023674714895,-0.4975980389499552,-0.9135767341886917,0.6089481335226571,1.0790147980043623,-1.3464236778763587,2.2021824803202183,-3.548606158196577,4
phase6v2-r04-input-downstream-a01,D4-FULL,LOAD,0.5504526388281126,-0.058907923045754484,-0.3949340514737673,0.29645687476708726,1.4643219447134244,-0.1762267920418353,-1.3003864144598223,0.25160542732962615,-0.25570251459237053,1.6568056768390098,-1.9125081914313804,3
phase6v2-r04-input-downstream-a01,D4-FULL,DOWNSTREAM,0.43906063404599394,5.0,-1.9335649114609432,0.0,0.6204557696996092,22.87102556918585,-2.0661685132604224,-0.9036185537903907,8.045389495665404,1.597631886444569,6.447757609220835,1
phase6v2-r04-output-downstream-a01,D4-FULL,INPUT,-0.27980546501832043,0.46475961746968275,0.5808721903095553,0.0,-0.39552225930154333,0.4670489974104094,0.5808874728410507,-0.5361493996788816,0.7536208033288538,1.250740309198417,-0.4971195058695632,3
phase6v2-r04-output-downstream-a01,D4-FULL,OUTPUT,1.2453203798149646,2.6173269494494136,0.14088879241778662,0.0,4.021421158664758,3.087310132554331,0.21688348061783844,-1.3557599179405186,3.7976315085528274,2.2021824803202183,1.595449028232609,2
phase6v2-r04-output-downstream-a01,D4-FULL,LOAD,1.0645163329142417,-0.2795960581830631,-0.03686672306191655,0.3239164274353789,2.829278147795967,-0.8364293604932075,-0.12138985138523387,0.3845821860395855,0.2392374592662564,1.6568056768390098,-1.4175682175727533,4
phase6v2-r04-output-downstream-a01,D4-FULL,DOWNSTREAM,-0.12832907453575512,5.0,-0.7864068940731819,0.0,-0.18256295019041024,22.87102556918585,-0.8403385650586954,-0.9036185537903907,8.186326571769307,1.597631886444569,6.588694685324738,1
phase6v2-r04-load-medium-a01,D4-FULL,INPUT,-1.5032721415375694,-2.2509420441309747,-2.269263261210009,2.2509420441309747,-2.1153726775332142,-2.2620300590312965,-2.269322964683233,2.4277607748117016,-4.64333600856095,1.250740309198417,-5.894076317759367,4
phase6v2-r04-load-medium-a01,D4-FULL,OUTPUT,0.6894682081960674,1.7164031241419186,-1.0336280017430581,0.0,2.224971777338917,2.0246109328549795,-1.5911616164423468,-1.3557599179405186,2.2419002825243686,2.2021824803202183,0.03971780220415022,2
phase6v2-r04-load-medium-a01,D4-FULL,LOAD,3.5330062172424386,3.701476373238109,3.2686351643174785,0.04852362676189126,9.383681072223759,11.073201588990834,10.762527935088494,-0.9490463128654775,11.355516511633171,1.6568056768390098,9.698710834794161,1
phase6v2-r04-load-medium-a01,D4-FULL,DOWNSTREAM,-1.2337488976073476,-0.12389777022461927,0.0359435520102826,0.12389777022461927,-1.7470481670316438,-0.566733814154476,0.03840855560534121,1.5052010683848989,-2.263658876911825,1.597631886444569,-3.861290763356394,3
phase6v2-r04-load-downstream-a01,D4-FULL,INPUT,-1.4599360591953687,-2.319516879655211,-2.1411187028181233,2.319516879655211,-2.0544543208904344,-2.3309426903686514,-2.14117503485563,2.518056148366187,-4.693580163737758,1.250740309198417,-5.944320472936175,4
phase6v2-r04-load-downstream-a01,D4-FULL,OUTPUT,0.7184053773381107,1.5918975547376926,-1.0286310177070073,0.0,2.318493332631475,1.877748384382778,-1.5834692849819654,-1.3557599179405186,2.226684061951281,2.2021824803202183,0.024501581631062752,3
phase6v2-r04-load-downstream-a01,D4-FULL,LOAD,3.5518022531923625,3.4719475540565483,2.9625967387420644,0.2780524459434518,9.433588829099724,10.386551552898073,9.75484523607621,0.16247938363768957,9.695849155720312,1.6568056768390098,8.039043478881302,1
phase6v2-r04-load-downstream-a01,D4-FULL,DOWNSTREAM,-1.2918881575348884,5.0,0.2598972769006698,0.0,-1.829331848558166,22.87102556918585,0.2777209945377808,-0.9036185537903907,8.010090125512212,1.597631886444569,6.412458239067643,2
phase6v2-r04-output-medium-a01,D4-FULL,INPUT,-0.2206076914675327,0.6554656249897286,0.5757008384722804,0.0,-0.31230682110966856,0.658694412081553,0.5757159849474304,-0.5361493996788816,0.8435172583186532,1.250740309198417,-0.40722305087976385,2
phase6v2-r04-output-medium-a01,D4-FULL,OUTPUT,1.203056430763078,2.6516278352814413,0.0004840832757807001,0.0,3.884829005205107,3.127770294555523,0.0007451952987777166,-1.3557599179405186,3.6935414162936544,2.2021824803202183,1.491358935973436,1
phase6v2-r04-output-medium-a01,D4-FULL,LOAD,0.5272932842323207,-0.23519770473168405,0.02118109209457274,0.3102937202697727,1.402828582940208,-0.7036088671514387,0.06974228811220715,0.3186123042421647,-0.06229163627517248,1.6568056768390098,-1.7190973131141822,4
phase6v2-r04-output-medium-a01,D4-FULL,DOWNSTREAM,-0.02798661881195476,-0.03580683776018473,0.38858151698372956,0.04548249738444496,-0.040549675844356994,-0.16378782039297476,0.415230381182354,-0.019348143059324835,0.08964577137433224,1.597631886444569,-1.507986115070237,3
phase6v2-r04-input-load-a01,D4-FULL,INPUT,-2.9479478162673005,-1.6186532201911248,-4.759533921282198,3.2853198868577915,-4.14618079930551,-2.504198554002995,-4.759659142851192,5.990703934592615,-9.79405009997918,1.8230923773435859,-11.617142477322767,4
phase6v2-r04-input-load-a01,D4-FULL,OUTPUT,1.7594986553779997,2.65325294788073,-2.801325653454397,0.0,5.683185368987399,4.694530833420518,-4.312346267143732,-1.3557599179405186,3.3775498963619137,2.2021824803202183,1.1753674160416954,2
phase6v2-r04-input-load-a01,D4-FULL,LOAD,3.375910506921773,3.070085176425003,3.133260174903276,0.1661642219886464,8.966556177494423,9.184354734699172,10.316783141913666,-0.379355129803046,9.868586481172134,1.6568056768390098,8.211780804333124,1
phase6v2-r04-input-load-a01,D4-FULL,DOWNSTREAM,-2.9305563712662015,-0.1360010299496202,-1.2372723175255693,0.1360010299496202,-4.148516055483895,-0.6220966066826747,-1.3221242740015045,1.7405125632165708,-3.7714248752725954,1.597631886444569,-5.3690567617171645,3
phase6v2-r04-output-load-a01,D4-FULL,INPUT,-3.2483356849195077,-3.619047619047619,-5.0,3.619047619047619,-4.568441749642959,-5.5989842057812265,-5.000131548142176,6.692051923345389,-11.747904424534177,1.8230923773435859,-13.570996801877763,4
phase6v2-r04-output-load-a01,D4-FULL,OUTPUT,2.14535186024012,5.0,-3.658568179792068,0.0,6.9302179192756,8.846745722397568,-5.631980992199913,-1.3557599179405186,4.737420801098271,2.2021824803202183,2.5352383207780522,2
phase6v2-r04-output-load-a01,D4-FULL,LOAD,3.175798979994039,3.1246587175755707,3.409677682068667,0.02756279966317481,8.435214491375337,9.347614948097933,11.226934013167677,-1.0505520759468177,10.720473226827133,1.6568056768390098,9.063667549988123,1
phase6v2-r04-output-load-a01,D4-FULL,DOWNSTREAM,-3.0799422087596176,-0.13664842776124525,-1.933298089019016,0.1370223850976751,-4.359939742200936,-0.625057937063297,-2.0658833921740425,1.7603697431915133,-4.110663433670939,1.597631886444569,-5.708295320115508,3
phase6v2-r04-downstream-medium-a01,D4-FULL,INPUT,0.5126710614746331,0.6892560618780781,0.5805223955783465,0.0,0.7184770932637773,1.0663396037905377,0.5805376689068725,-0.913584420282789,1.7020358756031848,1.8230923773435859,-0.12105650174040106,2
phase6v2-r04-downstream-medium-a01,D4-FULL,OUTPUT,-0.18877327869559993,-0.5439265331176867,0.34928352190500256,0.5439265331176867,-0.6134022658643079,-0.9623959460314864,0.5376852526961567,1.2091229522501594,-1.5551606053167053,2.2021824803202183,-3.757343085636924,4
phase6v2-r04-downstream-medium-a01,D4-FULL,LOAD,0.18364795970215794,0.1451438644317798,-0.13004866763627945,0.11373836980959562,0.4903719695401384,0.43420708609095987,-0.4282069879306206,-0.6332347169759185,0.7986920728760777,1.6568056768390098,-0.8581136039629321,3
phase6v2-r04-downstream-medium-a01,D4-FULL,DOWNSTREAM,0.5474640684382978,5.0,-0.35874416716420754,0.0,0.7738776344263775,22.87102556918585,-0.3833467902303167,-0.9036185537903907,8.657470691584361,1.597631886444569,7.059838805139792,1
phase6v2-r04-output-control-a01,D4-FULL,INPUT,0.8062917093577197,0.14410169116434068,0.5769555106817685,0.28571428571428575,1.131225232428347,0.22293795986796913,0.5769706901668782,-0.3131394457858275,0.9568507399402255,1.8230923773435859,-0.8662416374033604,2
phase6v2-r04-output-control-a01,D4-FULL,OUTPUT,-0.14547899185330312,-0.08674800325500355,0.47340636478887393,0.30394307563871675,-0.47348018084974713,-0.15348750534454622,0.728759317047613,0.07748214831871399,-0.043551604700940764,2.2021824803202183,-2.245734085021159,3
phase6v2-r04-output-control-a01,D4-FULL,LOAD,-0.3123288264937609,-0.3100898706819537,-0.08859154563822125,0.33393248168392486,-0.8265593731927274,-0.9276535367322983,-0.29170248033573876,0.4330863421387031,-1.1150581388922913,1.6568056768390098,-2.771863815731301,4
phase6v2-r04-output-control-a01,D4-FULL,DOWNSTREAM,0.5152482295148696,0.09634999902295582,-1.4548770662576358,0.0,0.728283008120696,0.44072465824901097,-1.5546523249095192,-0.9036185537903907,0.77507033427712,1.597631886444569,-0.8225615521674491,1
phase6v2-r04-output-load-control-a01,D4-FULL,INPUT,-0.39984852944564536,-0.7583142512395927,-0.8073394495664581,0.7583142512395927,-0.5642690821807017,-1.1731786819723056,-0.8073606903673973,0.6800565140790499,-1.5283259989191849,1.8230923773435859,-3.351418376262771,4
phase6v2-r04-output-load-control-a01,D4-FULL,OUTPUT,-0.11866965641390538,0.46539760587481444,-0.8562674188873495,0.0,-0.386835535883093,0.8234508557974172,-1.3181336496748612,-1.3557599179405186,1.0619204746870063,2.2021824803202183,-1.140262005633212,2
phase6v2-r04-output-load-control-a01,D4-FULL,LOAD,3.233048943321419,3.581904131511783,3.1092055086823773,0.16809586848821706,8.587226184612833,10.71549363584649,10.237579130405178,-0.3700008590474646,10.2167671760023,1.6568056768390098,8.55996149916329,1
phase6v2-r04-output-load-control-a01,D4-FULL,DOWNSTREAM,-0.6284680519083057,-0.0920426869765014,0.5575817475932372,0.0920426869765014,-0.8904026506684172,-0.4210221294592265,0.5958206231490862,0.8858747523827541,-1.1244094713756065,1.597631886444569,-2.7220413578201756,3
phase6v2-r04-output-downstream-control-a01,D4-FULL,INPUT,0.45631069662799206,0.013157017733823384,0.5847308823744845,0.28571428571428575,0.6392502545492532,0.020355060845053514,0.5847462664267343,-0.3131394457858275,0.7279233063928412,1.8230923773435859,-1.0951690709507447,2
phase6v2-r04-output-downstream-control-a01,D4-FULL,OUTPUT,0.07953130602504241,-0.16135063108911424,-0.6267389701692244,0.32328474820008907,0.2537268555790637,-0.28548560107875354,-0.9647987391790611,0.16868770938805647,-0.5008735376143068,2.2021824803202183,-2.703056017934525,3
phase6v2-r04-output-downstream-control-a01,D4-FULL,LOAD,0.03576419523557212,-0.4730436665565346,-0.2994677486617332,0.4730436665565346,0.09770688938366259,-1.4151401635433085,-0.9860476463738229,1.1067518853513718,-1.8745788588625283,1.6568056768390098,-3.5313845357015383,4
phase6v2-r04-output-downstream-control-a01,D4-FULL,DOWNSTREAM,0.5431675707701166,5.0,3.8886022341348063,0.0,0.7677968613610052,22.87102556918585,4.155282012587226,-0.9036185537903907,10.168320034835086,1.597631886444569,8.570688148390516,1
phase6v2-r04-baseline-a01,D4-FULL,INPUT,0.6778063402708652,0.8229430168000968,0.5785801023036508,0.0,0.9506109010357251,1.2731650528915215,0.5785953245311624,-0.913584420282789,1.8477081797689252,1.8230923773435859,0.02461580242533934,2
phase6v2-r04-baseline-a01,D4-FULL,OUTPUT,-0.22819078652562982,-0.56323127679078,0.5225746830904426,0.56323127679078,-0.7407950533178999,-0.9965527777338704,0.8044487727265852,1.3001543753299114,-1.611120728104973,2.2021824803202183,-3.813303208425191,4
phase6v2-r04-baseline-a01,D4-FULL,LOAD,-0.5126978254551796,0.2744554693015864,0.028544204555404306,0.008337292886432781,-1.3585847062091552,0.821050962462013,0.09398656731901338,-1.1436543054918615,0.9958052466824853,1.6568056768390098,-0.6610004301565245,3
phase6v2-r04-baseline-a01,D4-FULL,DOWNSTREAM,0.7531013858117372,0.15025140955336863,0.5153899754217709,0.0,1.0649132539683648,0.687280765940262,0.5507353453481595,-0.9036185537903907,1.6712616755426528,1.597631886444569,0.07362978909808371,1
phase6v2-r04-input-medium-a01,D4-FULL,INPUT,0.5655880004914939,1.9818747110255055,0.5831392705275099,0.0,0.7928634426808355,3.0661340697664445,0.5831546127050434,-0.913584420282789,2.3943017953335635,1.8230923773435859,0.5712094179899776,1
phase6v2-r04-input-medium-a01,D4-FULL,OUTPUT,-0.28091465080570466,-0.5131603179065464,-0.015193620367951632,0.5131603179065464,-0.91119243269881,-0.9079597694687827,-0.023388980855310538,1.0640450169574167,-1.6782254112983845,2.2021824803202183,-3.880407891618603,4
phase6v2-r04-input-medium-a01,D4-FULL,LOAD,-0.0022460518138634716,0.23524583734114796,-0.016866054493046772,0.07651446966431642,-0.003218974643868497,0.7037528589087413,-0.05553430514905572,-0.8134967062244988,1.0284965659297711,1.6568056768390098,-0.6283091109092387,3
phase6v2-r04-input-medium-a01,D4-FULL,DOWNSTREAM,0.5480432238834178,0.05110916304138507,0.6247658158878864,0.00032443562574628766,0.774697305028652,0.23378379494784135,0.6676121651243999,-0.897310878518967,1.4560086335525981,1.597631886444569,-0.14162325289197097,2
phase6v2-r04-input-downstream-a01,D4-FULL,INPUT,0.35007873268703155,1.848685176206411,0.5808632594561207,0.0013978691675819634,0.48991795877049016,2.860078173208857,0.5808785417526486,-0.9106467179744131,2.2209382758850786,1.8230923773435859,0.39784589854149277,2
phase6v2-r04-input-downstream-a01,D4-FULL,OUTPUT,-0.15294146974950915,-0.5163349116476597,0.3955763109881398,0.5163349116476597,-0.4975980389499552,-0.9135767341886916,0.6089481335226571,1.0790147980043623,-1.3464236778763587,2.2021824803202183,-3.548606158196577,4
phase6v2-r04-input-downstream-a01,D4-FULL,LOAD,0.5504526388281126,-0.058907923045754484,-0.3949340514737673,0.29645687476708726,1.4643219447134244,-0.1762267920418353,-1.3003864144598223,0.25160542732962615,-0.25570251459237053,1.6568056768390098,-1.9125081914313804,3
phase6v2-r04-input-downstream-a01,D4-FULL,DOWNSTREAM,0.43906063404599394,5.0,-1.9335649114609432,0.0,0.6204557696996092,22.87102556918585,-2.0661685132604224,-0.9036185537903907,8.045389495665404,1.597631886444569,6.447757609220835,1
phase6v2-r04-output-downstream-a01,D4-FULL,INPUT,-0.27980546501832043,0.024125459265502764,0.5808721903095553,0.28571428571428575,-0.39552225930154333,0.03732420227737011,0.5808874728410507,-0.3131394457858275,0.38736925105812,1.8230923773435859,-1.435723126285466,4
phase6v2-r04-output-downstream-a01,D4-FULL,OUTPUT,1.2453203798149646,3.4115512996329422,0.14088879241778662,0.0,4.021421158664758,6.03622537335352,0.21688348061783844,-1.3557599179405186,4.780603255485891,2.2021824803202183,2.578420775165673,2
phase6v2-r04-output-downstream-a01,D4-FULL,LOAD,1.0645163329142417,-0.2795960581830631,-0.03686672306191655,0.3239164274353789,2.829278147795967,-0.8364293604932075,-0.12138985138523387,0.3845821860395855,0.2392374592662564,1.6568056768390098,-1.4175682175727533,3
phase6v2-r04-output-downstream-a01,D4-FULL,DOWNSTREAM,-0.12832907453575512,5.0,-0.7864068940731819,0.0,-0.18256295019041024,22.87102556918585,-0.8403385650586954,-0.9036185537903907,8.186326571769307,1.597631886444569,6.588694685324738,1
phase6v2-r04-load-medium-a01,D4-FULL,INPUT,-1.5032721415375694,-1.1196756484682686,-2.269263261210009,1.5006280294206498,-2.1153726775332142,-1.7322364697211245,-2.269322964683233,2.2400715357093874,-4.279048906355245,1.8230923773435859,-6.10214128369883,4
phase6v2-r04-load-medium-a01,D4-FULL,OUTPUT,0.6894682081960674,1.1442687494279458,-1.0336280017430581,0.0,2.224971777338917,2.024610932854979,-1.5911616164423468,-1.3557599179405186,2.2419002825243686,2.2021824803202183,0.03971780220415022,2
phase6v2-r04-load-medium-a01,D4-FULL,LOAD,3.5330062172424386,3.701476373238109,3.2686351643174785,0.04852362676189126,9.383681072223759,11.073201588990834,10.762527935088494,-0.9490463128654775,11.355516511633171,1.6568056768390098,9.698710834794161,1
phase6v2-r04-load-medium-a01,D4-FULL,DOWNSTREAM,-1.2337488976073476,-0.12389777022461927,0.0359435520102826,0.12389777022461927,-1.7470481670316438,-0.566733814154476,0.03840855560534121,1.5052010683848989,-2.263658876911825,1.597631886444569,-3.861290763356394,3
phase6v2-r04-load-downstream-a01,D4-FULL,INPUT,-1.4599360591953687,-1.1653922054844263,-2.1411187028181233,1.5463445864368073,-2.0544543208904344,-1.8029639946448015,-2.14117503485563,2.336147504900182,-4.335678621697138,1.8230923773435859,-6.158770999040724,4
phase6v2-r04-load-downstream-a01,D4-FULL,OUTPUT,0.7184053773381107,1.061265036491795,-1.0286310177070073,0.0,2.318493332631475,1.8777483843827778,-1.5834692849819654,-1.3557599179405186,2.226684061951281,2.2021824803202183,0.024501581631062752,3
phase6v2-r04-load-downstream-a01,D4-FULL,LOAD,3.5518022531923625,3.4719475540565483,2.9625967387420644,0.2780524459434518,9.433588829099724,10.386551552898073,9.75484523607621,0.16247938363768957,9.695849155720312,1.6568056768390098,8.039043478881302,1
phase6v2-r04-load-downstream-a01,D4-FULL,DOWNSTREAM,-1.2918881575348884,5.0,0.2598972769006698,0.0,-1.829331848558166,22.87102556918585,0.2777209945377808,-0.9036185537903907,8.010090125512212,1.597631886444569,6.412458239067643,2
phase6v2-r04-output-medium-a01,D4-FULL,INPUT,-0.2206076914675327,0.1512627976122,0.5757008384722804,0.28571428571428575,-0.31230682110966856,0.23401681986595768,0.5757159849474304,-0.3131394457858275,0.47894810702040064,1.8230923773435859,-1.3441442703231852,2
phase6v2-r04-output-medium-a01,D4-FULL,OUTPUT,1.203056430763078,3.4344185568542946,0.0004840832757807001,0.0,3.884829005205107,6.076685535354712,0.0007451952987777166,-1.3557599179405186,4.676513163226717,2.2021824803202183,2.474330682906499,1
phase6v2-r04-output-medium-a01,D4-FULL,LOAD,0.5272932842323207,-0.23519770473168405,0.02118109209457274,0.3102937202697727,1.402828582940208,-0.7036088671514387,0.06974228811220715,0.3186123042421647,-0.06229163627517248,1.6568056768390098,-1.7190973131141822,4
phase6v2-r04-output-medium-a01,D4-FULL,DOWNSTREAM,-0.02798661881195476,-0.03580683776018473,0.38858151698372956,0.04548249738444496,-0.040549675844356994,-0.16378782039297476,0.415230381182354,-0.019348143059324835,0.08964577137433224,1.597631886444569,-1.507986115070237,3
phase6v2-r05-output-downstream-a01,D4-S,INPUT,-0.102382601955317,0.4665710728120144,0.5763105078839303,0.0,-0.14579877845604317,0.468820529521148,0.5763241090476056,-0.536576583591329,-0.14579877845604317,0.8839470232270942,-1.0297458016831373,3
phase6v2-r05-output-downstream-a01,D4-S,OUTPUT,1.0151901079558028,2.611450949340891,2.7130455144348162,0.0,3.2594035446133995,3.0552269906130847,4.281842351861833,-1.3495137830642598,3.2594035446133995,2.07972258460757,1.1796809600058293,2
phase6v2-r05-output-downstream-a01,D4-S,LOAD,1.2859032296146253,-0.0834449877759133,0.22547178020336234,0.4561218148897153,3.4522838172079346,-0.23969748622340806,0.7377693096454295,1.012117875800577,3.4522838172079346,1.5328947555170833,1.9193890616908513,1
phase6v2-r05-output-downstream-a01,D4-S,DOWNSTREAM,-0.3310734868915997,5.0,-1.2239404691564402,0.0,-0.4697510017423949,22.870568470345567,-3.277034965155447,-0.9055116926880639,-0.4697510017423949,0.9998209701558949,-1.4695719718982898,4
phase6v2-r05-input-downstream-a01,D4-S,INPUT,0.3213988132194436,0.2772132387038464,0.582404207643835,0.0,0.46774918756937944,0.2785497535801432,0.5824179526213167,-0.536576583591329,0.46774918756937944,0.8839470232270942,-0.41619783565771473,3
phase6v2-r05-input-downstream-a01,D4-S,OUTPUT,-0.12447100135880682,-0.7358997684712132,0.38051531176206077,0.7358997684712132,-0.40381268840125817,-0.8609546488271714,0.6005452428888276,0.9455493831037975,-0.40381268840125817,2.07972258460757,-2.4835352730088283,4
phase6v2-r05-input-downstream-a01,D4-S,LOAD,0.5463371870714092,0.19482241984561893,-0.05605902448571759,0.0647141262266083,1.468360042312724,0.5596315074353209,-0.18343150418611606,-0.8448701081465195,1.468360042312724,1.5328947555170833,-0.06453471320435922,1
phase6v2-r05-input-downstream-a01,D4-S,DOWNSTREAM,0.4537386794758494,5.0,-1.2557904541004534,0.0,0.6410657743037286,22.870568470345567,-3.362311591700153,-0.9055116926880639,0.6410657743037286,0.9998209701558949,-0.3587551958521663,2
phase6v2-r05-load-downstream-a01,D4-S,INPUT,-1.6320621025234492,-2.4474414815999403,-2.26586344647923,2.4474414815999403,-2.360458772116517,-2.459241213691808,-2.265916921783219,2.6866850141535488,-2.360458772116517,0.8839470232270942,-3.244405795343611,4
phase6v2-r05-load-downstream-a01,D4-S,OUTPUT,0.7641246331852337,1.7070261465000938,-0.9245161264981564,0.0,2.452403011549504,1.9971090622190877,-1.459110171339578,-1.3495137830642598,2.452403011549504,2.07972258460757,0.3726804269419337,2
phase6v2-r05-load-downstream-a01,D4-S,LOAD,3.5667469392058586,3.656515797871178,3.2086877304949044,0.09348420212882169,9.570763847358613,10.503418700708272,10.499191205479665,-0.7083738491431845,9.570763847358613,1.5328947555170833,8.037869091841529,1
phase6v2-r05-load-downstream-a01,D4-S,DOWNSTREAM,-1.3733513653473763,5.0,0.15549670673665927,0.0,-1.9449826588270362,22.870568470345567,0.4163340928613609,-0.9055116926880639,-1.9449826588270362,0.9998209701558949,-2.944803628982931,3
phase6v2-r05-output-downstream-control-a01,D4-S,INPUT,0.3923964811132158,0.4546723225815632,0.5761904523624861,0.0,0.5705391476029236,0.4568644124175753,0.5762040506928019,-0.536576583591329,0.5705391476029236,0.8839470232270942,-0.3134078756241706,2
phase6v2-r05-output-downstream-control-a01,D4-S,OUTPUT,0.10808673025080943,-0.04042439175530024,0.7541124093117388,0.47122942125134326,0.34369834850492287,-0.04729389721108176,1.190171869611349,0.12011745459111002,0.34369834850492287,2.07972258460757,-1.7360242361026472,4
phase6v2-r05-output-downstream-control-a01,D4-S,LOAD,0.10026081437565734,-0.41386952207718875,-0.2237149187575874,0.47332746234085943,0.27173733345112083,-1.1888489256273929,-0.7320206591720844,1.0937480570623082,0.27173733345112083,1.5328947555170833,-1.2611574220659625,3
phase6v2-r05-output-downstream-control-a01,D4-S,DOWNSTREAM,0.4866674425893169,5.0,0.0,0.0,0.687672878587281,22.870568470345567,-1.415506002947695e-17,-0.9055116926880639,0.687672878587281,0.9998209701558949,-0.3121480915686139,1
phase6v2-r05-output-load-control-a01,D4-S,INPUT,-0.44451975210435,-0.6242067848522517,-0.7101485056208309,0.6242067848522517,-0.6411427106318023,-0.6272162430503564,-0.7101652654159872,0.2854989486705456,-0.6411427106318023,0.8839470232270942,-1.5250897338588965,2
phase6v2-r05-output-load-control-a01,D4-S,OUTPUT,-0.03880978640550999,0.6384921209337115,-0.22813214967860115,0.0,-0.12847157989805488,0.7469940653730526,-0.36004773790852174,-1.3495137830642598,-0.12847157989805488,2.07972258460757,-2.208194164505625,4
phase6v2-r05-output-load-control-a01,D4-S,LOAD,2.980470441544688,3.4904833615301794,2.987311148706906,0.25951663846982054,7.998047125032457,10.026487027719602,9.774821850830994,0.07934761919024405,7.998047125032457,1.5328947555170833,6.465152369515374,1
phase6v2-r05-output-load-control-a01,D4-S,DOWNSTREAM,-0.5003964231188044,-0.11348280658598037,0.21062261100516255,0.11348280658598037,-0.7094093125980203,-0.5190832596463294,0.5639307450892292,1.2890516287579024,-0.7094093125980203,0.9998209701558949,-1.7092302827539152,3
phase6v2-r05-input-medium-a01,D4-S,INPUT,0.6178240041480747,0.4732094327287941,0.5824805374925098,0.0,0.8969116436387625,0.475490894643828,0.582494284271407,-0.536576583591329,0.8969116436387625,0.8839470232270942,0.012964620411668348,1
phase6v2-r05-input-medium-a01,D4-S,OUTPUT,-0.34277594259904465,-0.7461861262126037,0.18897717040361012,0.7461861262126037,-1.1055109370845773,-0.8729890153216024,0.2982517054962698,0.9776296225300674,-1.1055109370845773,2.07972258460757,-3.1852335216921475,4
phase6v2-r05-input-medium-a01,D4-S,LOAD,0.14051248442261335,0.256392510999336,0.011597599263212096,0.05432962313916871,0.3797144992371325,0.7364928920366868,0.03794866388266862,-0.8941381680522995,0.3797144992371325,1.5328947555170833,-1.153180256279951,3
phase6v2-r05-input-medium-a01,D4-S,DOWNSTREAM,0.4858447976148483,0.03744088246084488,-0.2720296566703889,0.0034473467905430212,0.6865085135614438,0.17125885318218262,-0.7283448165436499,-0.8388459038304518,0.6865085135614438,0.9998209701558949,-0.31331245659445106,2
phase6v2-r05-output-control-a01,D4-S,INPUT,0.5742852636461321,0.6468978360650917,0.5775924373523267,0.0,0.8338765394040487,0.6500166935388102,0.5776060687700616,-0.536576583591329,0.8338765394040487,0.8839470232270942,-0.050070483823045464,1
phase6v2-r05-output-control-a01,D4-S,OUTPUT,0.014860064609580908,0.007302014800818657,0.7537187626735593,0.4548527712560866,0.04403958842653302,0.008542880237114334,1.1895505999577227,0.06904331678098222,0.04403958842653302,2.07972258460757,-2.035682996181037,3
phase6v2-r05-output-control-a01,D4-S,LOAD,-0.47505956708800884,-0.08061545355372499,0.22203131479158825,0.260815074328027,-1.271589046222203,-0.2315695895298044,0.7265117155047607,0.08550789620179439,-1.271589046222203,1.5328947555170833,-2.8044838017392864,4
phase6v2-r05-output-control-a01,D4-S,DOWNSTREAM,0.6055038991208056,0.10499602512901078,-0.15724557099993597,0.0,0.8558730354885803,0.4802637563654329,-0.42101658313314555,-0.9055116926880639,0.8558730354885803,0.9998209701558949,-0.1439479346673146,2
phase6v2-r05-baseline-a01,D4-S,INPUT,0.5670065199068227,0.6531244593833269,0.5792669881378452,0.0,0.8233384217411212,0.6562733369770543,0.5792806590756634,-0.536576583591329,0.8233384217411212,0.8839470232270942,-0.060608601485973024,2
phase6v2-r05-baseline-a01,D4-S,OUTPUT,-0.24411632699400704,-0.7878485625963094,0.41923213856190766,0.7878485625963094,-0.7883890291125554,-0.921731343859814,0.6616497646667525,1.107562973855484,-0.7883890291125554,2.07972258460757,-2.8681116137201257,4
phase6v2-r05-baseline-a01,D4-S,LOAD,-0.4368937317757399,0.24204710245395267,-0.01276028852625463,0.03652904456429575,-1.1692072389067043,0.6952854036203636,-0.04175311539386597,-0.978590930423293,-1.1692072389067043,1.5328947555170833,-2.7021019944237876,3
phase6v2-r05-baseline-a01,D4-S,DOWNSTREAM,0.7015131364543505,0.07350287321867216,-0.3674820237522747,0.0043622624811563105,0.9917637314485135,0.33621049894295413,-0.9839134102104479,-0.8211529997048028,0.9917637314485135,0.9998209701558949,-0.008057238707381398,1
phase6v2-r05-input-load-a01,D4-S,INPUT,-3.0267992411345195,-4.903754573120246,-4.7631018670110015,4.903754573120246,-4.37975009517288,-4.927396809570885,-4.763214278162991,5.921630453894841,-4.37975009517288,0.8839470232270942,-5.263697118399974,4
phase6v2-r05-input-load-a01,D4-S,OUTPUT,1.8608272333864428,3.9373651179482687,-2.0080453360826622,0.0,5.977537575685457,4.606459938790036,-3.1691814673770935,-1.3495137830642598,5.977537575685457,2.07972258460757,3.897814991077887,2
phase6v2-r05-input-load-a01,D4-S,LOAD,3.2335839759043457,3.378628209469642,3.546835424556189,0.0,8.677037140362343,9.705180745764737,11.605648920856623,-1.1518987084402736,8.677037140362343,1.5328947555170833,7.144142384845259,1
phase6v2-r05-input-load-a01,D4-S,DOWNSTREAM,-2.8126896647862405,-0.13113139916094754,0.36623674957100877,0.13113139916094754,-3.982210415912814,-0.5998099286245332,0.9805792553752652,1.6303452141506996,-3.982210415912814,0.9998209701558949,-4.982031386068709,3
phase6v2-r05-downstream-medium-a01,D4-S,INPUT,0.3903087057130078,0.4499331377475658,0.5770406289295585,0.0,0.567516480009567,0.45210237877930803,0.5770542473243889,-0.536576583591329,0.567516480009567,0.8839470232270942,-0.31643054321752717,2
phase6v2-r05-downstream-medium-a01,D4-S,OUTPUT,-0.1377858811180679,-0.7141199023282245,0.28632019868894,0.7141199023282245,-0.4466107476454635,-0.8354736284355022,0.4518825601770986,0.8776241428870664,-0.4466107476454635,2.07972258460757,-2.5263333322530337,4
phase6v2-r05-downstream-medium-a01,D4-S,LOAD,0.20452925880219017,0.08568982729312302,-0.20824885460117856,0.17719960444494004,0.5514427741684732,0.2461458350528805,-0.6814139381655169,-0.3111959176025111,0.5514427741684732,1.5328947555170833,-0.9814519813486101,3
phase6v2-r05-downstream-medium-a01,D4-S,DOWNSTREAM,0.5392115876056772,5.0,-0.33140404561942505,0.0,0.7620434353503447,22.870568470345567,-0.8873165586536503,-0.9055116926880639,0.7620434353503447,0.9998209701558949,-0.2377775348055502,1
phase6v2-r05-load-medium-a01,D4-S,INPUT,-1.3341034392933577,-2.1144685360934794,-2.003128072976927,2.1144685360934794,-1.9290761648611046,-2.1246629217121606,-2.0031753476186527,2.248162207210944,-1.9290761648611046,0.8839470232270942,-2.8130231880881986,4
phase6v2-r05-load-medium-a01,D4-S,OUTPUT,0.570207072286076,1.6012430262877801,-1.1827610478319894,0.0,1.829093195020261,1.8733497229500502,-1.8666831499118846,-1.3495137830642598,1.829093195020261,2.07972258460757,-0.2506293895873093,2
phase6v2-r05-load-medium-a01,D4-S,LOAD,3.5976375260800317,4.091946468977691,3.789261958636922,0.0,9.653629428246282,11.754202481384073,12.39889611359693,-1.1518987084402736,9.653629428246282,1.5328947555170833,8.1207346727292,1
phase6v2-r05-load-medium-a01,D4-S,DOWNSTREAM,-1.198324083078279,-0.12341679228998559,0.3263378579712589,0.12341679228998559,-1.6972504628416283,-0.5645224396917066,0.8737521129298141,1.4811579162003183,-1.6972504628416283,0.9998209701558949,-2.6970714329975234,3
phase6v2-r05-output-medium-a01,D4-S,INPUT,-0.2742494946913437,0.6497744942322895,0.5863264443190742,0.0,-0.3946265436420492,0.6529072207998957,0.5863402818629454,-0.536576583591329,-0.3946265436420492,0.8839470232270942,-1.2785735668691434,4
phase6v2-r05-output-medium-a01,D4-S,OUTPUT,1.199866889528266,2.6715881247748263,0.5052412907242195,0.0,3.8530106955356613,3.1255835567861414,0.7973930201399418,-1.3495137830642598,3.8530106955356613,2.07972258460757,1.7732881109280911,1
phase6v2-r05-output-medium-a01,D4-S,LOAD,0.6082803322758664,0.09148685994560418,0.456461569500676,0.29341037537711556,1.634525700812016,0.2627979335358507,1.4935941726562951,0.24015248836103112,1.634525700812016,1.5328947555170833,0.10163094529493266,2
phase6v2-r05-output-medium-a01,D4-S,DOWNSTREAM,-0.08184490154159062,-0.03892073160483457,0.3849620927557266,0.04976507045640726,-0.11699488309245379,-0.1780278514168624,1.0307153574956147,0.05685962679512681,-0.11699488309245379,0.9998209701558949,-1.1168158532483488,3
phase6v2-r05-output-load-a01,D4-S,INPUT,-3.2073729902830386,-5.0,-5.0,5.0,-4.641183590225914,-5.0241062599056585,-5.00011800204481,6.048384940468827,-4.641183590225914,0.8839470232270942,-5.525130613453008,4
phase6v2-r05-output-load-a01,D4-S,OUTPUT,2.181149578714048,5.0,-3.0560718057609852,0.0,7.007150682258074,5.849673323146658,-4.82322084853201,-1.3495137830642598,7.007150682258074,2.07972258460757,4.927428097650504,2
phase6v2-r05-output-load-a01,D4-S,LOAD,3.102529509131976,3.052167871930422,3.3908557671327983,0.0,8.32547682325824,8.767416545116319,11.095265740876437,-1.1518987084402736,8.32547682325824,1.5328947555170833,6.792582067741157,1
phase6v2-r05-output-load-a01,D4-S,DOWNSTREAM,-3.080652850995335,-0.1432532275612755,-0.671942637261761,0.1432532275612755,-4.3614833366953265,-0.6552565499076293,-1.7990903743898543,1.8647606361562055,-4.3614833366953265,0.9998209701558949,-5.361304306851221,3
phase6v2-r05-output-downstream-a01,D4-SM,INPUT,-0.102382601955317,0.4665710728120144,0.5763105078839303,0.0,-0.14579877845604317,0.468820529521148,0.5763241090476056,-0.536576583591329,0.16151087553255242,0.771074926858629,-0.6095640513260766,4
phase6v2-r05-output-downstream-a01,D4-SM,OUTPUT,1.0151901079558028,2.611450949340891,2.7130455144348162,0.0,3.2594035446133995,3.0552269906130847,4.281842351861833,-1.3495137830642598,3.1573152676132423,2.0265286378121123,1.13078662980113,2
phase6v2-r05-output-downstream-a01,D4-SM,LOAD,1.2859032296146253,-0.0834449877759133,0.22547178020336234,0.4561218148897153,3.4522838172079346,-0.23969748622340806,0.7377693096454295,1.012117875800577,1.6062931654922632,0.9553695240624717,0.6509236414297915,3
phase6v2-r05-output-downstream-a01,D4-SM,DOWNSTREAM,-0.3310734868915997,5.0,-1.2239404691564402,0.0,-0.4697510017423949,22.870568470345567,-3.277034965155447,-0.9055116926880639,11.200408734301586,0.7531792347511719,10.447229499550414,1
phase6v2-r05-input-downstream-a01,D4-SM,INPUT,0.3213988132194436,0.2772132387038464,0.582404207643835,0.0,0.46774918756937944,0.2785497535801432,0.5824179526213167,-0.536576583591329,0.37314947057476133,0.771074926858629,-0.39792545628386766,3
phase6v2-r05-input-downstream-a01,D4-SM,OUTPUT,-0.12447100135880682,-0.7358997684712132,0.38051531176206077,0.7358997684712132,-0.40381268840125817,-0.8609546488271714,0.6005452428888276,0.9455493831037975,-0.6323836686142148,2.0265286378121123,-2.658912306426327,4
phase6v2-r05-input-downstream-a01,D4-SM,LOAD,0.5463371870714092,0.19482241984561893,-0.05605902448571759,0.0647141262266083,1.468360042312724,0.5596315074353209,-0.18343150418611606,-0.8448701081465195,1.0139957748740225,0.9553695240624717,0.05862625081155082,2
phase6v2-r05-input-downstream-a01,D4-SM,DOWNSTREAM,0.4537386794758494,5.0,-1.2557904541004534,0.0,0.6410657743037286,22.870568470345567,-3.362311591700153,-0.9055116926880639,11.755817122324649,0.7531792347511719,11.002637887573476,1
phase6v2-r05-load-downstream-a01,D4-SM,INPUT,-1.6320621025234492,-2.4474414815999403,-2.26586344647923,2.4474414815999403,-2.360458772116517,-2.459241213691808,-2.265916921783219,2.6866850141535488,-2.4098499929041624,0.771074926858629,-3.1809249197627913,4
phase6v2-r05-load-downstream-a01,D4-SM,OUTPUT,0.7641246331852337,1.7070261465000938,-0.9245161264981564,0.0,2.452403011549504,1.9971090622190877,-1.459110171339578,-1.3495137830642598,2.224756036884296,2.0265286378121123,0.19822739907218345,3
phase6v2-r05-load-downstream-a01,D4-SM,LOAD,3.5667469392058586,3.656515797871178,3.2086877304949044,0.09348420212882169,9.570763847358613,10.503418700708272,10.499191205479665,-0.7083738491431845,10.037091274033443,0.9553695240624717,9.081721749970972,2
phase6v2-r05-load-downstream-a01,D4-SM,DOWNSTREAM,-1.3733513653473763,5.0,0.15549670673665927,0.0,-1.9449826588270362,22.870568470345567,0.4163340928613609,-0.9055116926880639,10.462792905759265,0.7531792347511719,9.709613671008093,1
phase6v2-r05-output-downstream-control-a01,D4-SM,INPUT,0.3923964811132158,0.4546723225815632,0.5761904523624861,0.0,0.5705391476029236,0.4568644124175753,0.5762040506928019,-0.536576583591329,0.5137017800102495,0.771074926858629,-0.25737314684837953,2
phase6v2-r05-output-downstream-control-a01,D4-SM,OUTPUT,0.10808673025080943,-0.04042439175530024,0.7541124093117388,0.47122942125134326,0.34369834850492287,-0.04729389721108176,1.190171869611349,0.12011745459111002,0.14820222564692057,2.0265286378121123,-1.8783264121651917,4
phase6v2-r05-output-downstream-control-a01,D4-SM,LOAD,0.10026081437565734,-0.41386952207718875,-0.2237149187575874,0.47332746234085943,0.27173733345112083,-1.1888489256273929,-0.7320206591720844,1.0937480570623082,-0.458555796088136,0.9553695240624717,-1.4139253201506077,3
phase6v2-r05-output-downstream-control-a01,D4-SM,DOWNSTREAM,0.4866674425893169,5.0,0.0,0.0,0.687672878587281,22.870568470345567,-1.415506002947695e-17,-0.9055116926880639,11.779120674466425,0.7531792347511719,11.025941439715252,1
phase6v2-r05-output-load-control-a01,D4-SM,INPUT,-0.44451975210435,-0.6242067848522517,-0.7101485056208309,0.6242067848522517,-0.6411427106318023,-0.6272162430503564,-0.7101652654159872,0.2854989486705456,-0.6341794768410793,0.771074926858629,-1.4052544036997083,3
phase6v2-r05-output-load-control-a01,D4-SM,OUTPUT,-0.03880978640550999,0.6384921209337115,-0.22813214967860115,0.0,-0.12847157989805488,0.7469940653730526,-0.36004773790852174,-1.3495137830642598,0.30926124273749883,2.0265286378121123,-1.7172673950746136,4
phase6v2-r05-output-load-control-a01,D4-SM,LOAD,2.980470441544688,3.4904833615301794,2.987311148706906,0.25951663846982054,7.998047125032457,10.026487027719602,9.774821850830994,0.07934761919024405,9.01226707637603,0.9553695240624717,8.05689755231356,1
phase6v2-r05-output-load-control-a01,D4-SM,DOWNSTREAM,-0.5003964231188044,-0.11348280658598037,0.21062261100516255,0.11348280658598037,-0.7094093125980203,-0.5190832596463294,0.5639307450892292,1.2890516287579024,-0.6142462861221749,0.7531792347511719,-1.3674255208733468,2
phase6v2-r05-input-medium-a01,D4-SM,INPUT,0.6178240041480747,0.4732094327287941,0.5824805374925098,0.0,0.8969116436387625,0.475490894643828,0.582494284271407,-0.536576583591329,0.6862012691412953,0.771074926858629,-0.08487365771733368,1
phase6v2-r05-input-medium-a01,D4-SM,OUTPUT,-0.34277594259904465,-0.7461861262126037,0.18897717040361012,0.7461861262126037,-1.1055109370845773,-0.8729890153216024,0.2982517054962698,0.9776296225300674,-0.9892499762030899,2.0265286378121123,-3.0157786140152023,4
phase6v2-r05-input-medium-a01,D4-SM,LOAD,0.14051248442261335,0.256392510999336,0.011597599263212096,0.05432962313916871,0.3797144992371325,0.7364928920366868,0.03794866388266862,-0.8941381680522995,0.5581036956369096,0.9553695240624717,-0.397265828425562,3
phase6v2-r05-input-medium-a01,D4-SM,DOWNSTREAM,0.4858447976148483,0.03744088246084488,-0.2720296566703889,0.0034473467905430212,0.6865085135614438,0.17125885318218262,-0.7283448165436499,-0.8388459038304518,0.4288836833718132,0.7531792347511719,-0.32429555137935867,2
phase6v2-r05-output-control-a01,D4-SM,INPUT,0.5742852636461321,0.6468978360650917,0.5775924373523267,0.0,0.8338765394040487,0.6500166935388102,0.5776060687700616,-0.536576583591329,0.7419466164714295,0.771074926858629,-0.02912831038719954,1
phase6v2-r05-output-control-a01,D4-SM,OUTPUT,0.014860064609580908,0.007302014800818657,0.7537187626735593,0.4548527712560866,0.04403958842653302,0.008542880237114334,1.1895505999577227,0.06904331678098222,0.026291234331823676,2.0265286378121123,-2.0002374034802886,4
phase6v2-r05-output-control-a01,D4-SM,LOAD,-0.47505956708800884,-0.08061545355372499,0.22203131479158825,0.260815074328027,-1.271589046222203,-0.2315695895298044,0.7265117155047607,0.08550789620179439,-0.7515793178760037,0.9553695240624717,-1.7069488419384755,3
phase6v2-r05-output-control-a01,D4-SM,DOWNSTREAM,0.6055038991208056,0.10499602512901078,-0.15724557099993597,0.0,0.8558730354885803,0.4802637563654329,-0.42101658313314555,-0.9055116926880639,0.6680683959270066,0.7531792347511719,-0.08511083882416526,2
phase6v2-r05-baseline-a01,D4-SM,INPUT,0.5670065199068227,0.6531244593833269,0.5792669881378452,0.0,0.8233384217411212,0.6562733369770543,0.5792806590756634,-0.536576583591329,0.7398058793590877,0.771074926858629,-0.03126904749954129,1
phase6v2-r05-baseline-a01,D4-SM,OUTPUT,-0.24411632699400704,-0.7878485625963094,0.41923213856190766,0.7878485625963094,-0.7883890291125554,-0.921731343859814,0.6616497646667525,1.107562973855484,-0.8550601864861846,2.0265286378121123,-2.881588824298297,4
phase6v2-r05-baseline-a01,D4-SM,LOAD,-0.4368937317757399,0.24204710245395267,-0.01276028852625463,0.03652904456429575,-1.1692072389067043,0.6952854036203636,-0.04175311539386597,-0.978590930423293,-0.23696091764317034,0.9553695240624717,-1.192330441705642,3
phase6v2-r05-baseline-a01,D4-SM,DOWNSTREAM,0.7015131364543505,0.07350287321867216,-0.3674820237522747,0.0043622624811563105,0.9917637314485135,0.33621049894295413,-0.9839134102104479,-0.8211529997048028,0.6639871151957338,0.7531792347511719,-0.08919211955543804,2
phase6v2-r05-input-load-a01,D4-SM,INPUT,-3.0267992411345195,-4.903754573120246,-4.7631018670110015,4.903754573120246,-4.37975009517288,-4.927396809570885,-4.763214278162991,5.921630453894841,-4.653573452371882,0.771074926858629,-5.424648379230511,4
phase6v2-r05-input-load-a01,D4-SM,OUTPUT,1.8608272333864428,3.9373651179482687,-2.0080453360826622,0.0,5.977537575685457,4.606459938790036,-3.1691814673770935,-1.3495137830642598,5.291998757237747,2.0265286378121123,3.2654701194256344,2
phase6v2-r05-input-load-a01,D4-SM,LOAD,3.2335839759043457,3.378628209469642,3.546835424556189,0.0,8.677037140362343,9.705180745764737,11.605648920856623,-1.1518987084402736,9.19110894306354,0.9553695240624717,8.235739419001069,1
phase6v2-r05-input-load-a01,D4-SM,DOWNSTREAM,-2.8126896647862405,-0.13113139916094754,0.36623674957100877,0.13113139916094754,-3.982210415912814,-0.5998099286245332,0.9805792553752652,1.6303452141506996,-2.2910101722686735,0.7531792347511719,-3.0441894070198456,3
phase6v2-r05-downstream-medium-a01,D4-SM,INPUT,0.3903087057130078,0.4499331377475658,0.5770406289295585,0.0,0.567516480009567,0.45210237877930803,0.5770542473243889,-0.536576583591329,0.5098094293944375,0.771074926858629,-0.2612654974641915,2
phase6v2-r05-downstream-medium-a01,D4-SM,OUTPUT,-0.1377858811180679,-0.7141199023282245,0.28632019868894,0.7141199023282245,-0.4466107476454635,-0.8354736284355022,0.4518825601770986,0.8776241428870664,-0.6410421880404829,2.0265286378121123,-2.667570825852595,4
phase6v2-r05-downstream-medium-a01,D4-SM,LOAD,0.20452925880219017,0.08568982729312302,-0.20824885460117856,0.17719960444494004,0.5514427741684732,0.2461458350528805,-0.6814139381655169,-0.3111959176025111,0.3987943046106769,0.9553695240624717,-0.5565752194517948,3
phase6v2-r05-downstream-medium-a01,D4-SM,DOWNSTREAM,0.5392115876056772,5.0,-0.33140404561942505,0.0,0.7620434353503447,22.870568470345567,-0.8873165586536503,-0.9055116926880639,11.816305952847957,0.7531792347511719,11.063126718096784,1
phase6v2-r05-load-medium-a01,D4-SM,INPUT,-1.3341034392933577,-2.1144685360934794,-2.003128072976927,2.1144685360934794,-1.9290761648611046,-2.1246629217121606,-2.0031753476186527,2.248162207210944,-2.0268695432866326,0.771074926858629,-2.7979444701452616,4
phase6v2-r05-load-medium-a01,D4-SM,OUTPUT,0.570207072286076,1.6012430262877801,-1.1827610478319894,0.0,1.829093195020261,1.8733497229500502,-1.8666831499118846,-1.3495137830642598,1.8512214589851554,2.0265286378121123,-0.1753071788269569,2
phase6v2-r05-load-medium-a01,D4-SM,LOAD,3.5976375260800317,4.091946468977691,3.789261958636922,0.0,9.653629428246282,11.754202481384073,12.39889611359693,-1.1518987084402736,10.703915954815177,0.9553695240624717,9.748546430752706,1
phase6v2-r05-load-medium-a01,D4-SM,DOWNSTREAM,-1.198324083078279,-0.12341679228998559,0.3263378579712589,0.12341679228998559,-1.6972504628416283,-0.5645224396917066,0.8737521129298141,1.4811579162003183,-1.1308864512666674,0.7531792347511719,-1.8840656860178393,3
phase6v2-r05-output-medium-a01,D4-SM,INPUT,-0.2742494946913437,0.6497744942322895,0.5863264443190742,0.0,-0.3946265436420492,0.6529072207998957,0.5863402818629454,-0.536576583591329,0.12914033857892326,0.771074926858629,-0.6419345882797057,3
phase6v2-r05-output-medium-a01,D4-SM,OUTPUT,1.199866889528266,2.6715881247748263,0.5052412907242195,0.0,3.8530106955356613,3.1255835567861414,0.7973930201399418,-1.3495137830642598,3.4892971261609014,2.0265286378121123,1.462768488348789,1
phase6v2-r05-output-medium-a01,D4-SM,LOAD,0.6082803322758664,0.09148685994560418,0.456461569500676,0.29341037537711556,1.634525700812016,0.2627979335358507,1.4935941726562951,0.24015248836103112,0.9486618171739334,0.9553695240624717,-0.0067077068885382785,2
phase6v2-r05-output-medium-a01,D4-SM,DOWNSTREAM,-0.08184490154159062,-0.03892073160483457,0.3849620927557266,0.04976507045640726,-0.11699488309245379,-0.1780278514168624,1.0307153574956147,0.05685962679512681,-0.14751136725465808,0.7531792347511719,-0.90069060200583,4
phase6v2-r05-output-load-a01,D4-SM,INPUT,-3.2073729902830386,-5.0,-5.0,5.0,-4.641183590225914,-5.0241062599056585,-5.00011800204481,6.048384940468827,-4.832644925065786,0.771074926858629,-5.603719851924415,4
phase6v2-r05-output-load-a01,D4-SM,OUTPUT,2.181149578714048,5.0,-3.0560718057609852,0.0,7.007150682258074,5.849673323146658,-4.82322084853201,-1.3495137830642598,6.428412002702366,2.0265286378121123,4.401883364890254,2
phase6v2-r05-output-load-a01,D4-SM,LOAD,3.102529509131976,3.052167871930422,3.3908557671327983,0.0,8.32547682325824,8.767416545116319,11.095265740876437,-1.1518987084402736,8.54644668418728,0.9553695240624717,7.591077160124809,1
phase6v2-r05-output-load-a01,D4-SM,DOWNSTREAM,-3.080652850995335,-0.1432532275612755,-0.671942637261761,0.1432532275612755,-4.3614833366953265,-0.6552565499076293,-1.7990903743898543,1.8647606361562055,-2.508369943301478,0.7531792347511719,-3.2615491780526495,3
phase6v2-r05-output-downstream-a01,D4-SMT,INPUT,0.35152710497207224,0.4665710728120144,0.5763105078839303,0.0,-0.13279368001115655,0.21600649630751934,0.6154093047466563,-0.536576583591329,0.23287404034767303,0.9049871839602045,-0.6721131436125315,4
phase6v2-r05-output-downstream-a01,D4-SMT,OUTPUT,1.1775409011571845,2.611450949340891,2.7130455144348162,0.0,2.403311567085207,3.8529301607798527,9.11419674420927,-1.3495137830642598,5.123479490691444,1.3466409474700514,3.776838543221392,2
phase6v2-r05-output-downstream-a01,D4-SMT,LOAD,1.5692767541491612,0.372676827113802,0.496902436151736,0.4561218148897153,3.751528442691637,0.7462839680055869,1.947067416889378,1.012117875800577,2.148293275862201,1.3821264253710783,0.7661668504911225,3
phase6v2-r05-output-downstream-a01,D4-SMT,DOWNSTREAM,0.21277060052787045,5.0,0.0,0.0,-0.688141858150616,22.88238722960732,-1.23606352077124,-0.9055116926880639,6.986060616895156,0.6707382288265091,6.315322388068647,1
phase6v2-r05-input-downstream-a01,D4-SMT,INPUT,0.36672782375423746,0.2772132387038464,0.582404207643835,0.0,-0.06503122794396293,-0.47555326752593763,0.6384623287175875,-0.536576583591329,0.032625944415895614,0.9049871839602045,-0.8723612395443089,2
phase6v2-r05-input-downstream-a01,D4-SMT,OUTPUT,0.1225403048770959,0.0,0.38051531176206077,0.7358997684712132,-0.864700214291932,-0.7652225609624791,0.042187490785962796,0.9455493831037975,-0.5292450948228161,1.3466409474700514,-1.8758860422928674,4
phase6v2-r05-input-downstream-a01,D4-SMT,LOAD,0.645273329011876,0.25953654607222726,0.030226477149760133,0.0647141262266083,0.8066788889250299,0.09620924933233395,-0.7425820785726646,-0.8448701081465195,0.05343535322823312,1.3821264253710783,-1.328691072142845,3
phase6v2-r05-input-downstream-a01,D4-SMT,DOWNSTREAM,0.45403824951308314,5.0,0.021174517620093623,0.0,0.20203894217734938,22.88238722960732,-1.1685498537668912,-0.9055116926880639,7.305292106005926,0.6707382288265091,6.6345538771794175,1
phase6v2-r05-load-downstream-a01,D4-SMT,INPUT,0.01733765687935415,0.0,0.0,2.4474414815999403,-1.6225585248364107,-1.487972546572129,-1.5648260984422142,2.6866850141535488,-1.5584523899502514,0.9049871839602045,-2.4634395739104558,4
phase6v2-r05-load-downstream-a01,D4-SMT,OUTPUT,1.3127636399436828,1.7070261465000938,0.2136697532491075,0.0,2.822182897606275,2.253523568094402,-0.6067320597466256,-1.3495137830642598,1.489658135318017,1.3466409474700514,0.14301718784796558,3
phase6v2-r05-load-downstream-a01,D4-SMT,LOAD,3.60018647247196,3.75,3.3333333333333335,0.09348420212882169,10.224149014259934,20.151507211846443,18.294609612619094,-0.7083738491431845,16.223421946241825,1.3821264253710783,14.841295520870746,1
phase6v2-r05-load-downstream-a01,D4-SMT,DOWNSTREAM,0.07276545039681939,5.0,2.5,0.0,-1.2047046759088085,22.88238722960732,6.735035067595336,-0.9055116926880639,9.470905873764616,0.6707382288265091,8.800167644938107,2
phase6v2-r05-output-downstream-control-a01,D4-SMT,INPUT,0.43152997715121294,0.4546723225815632,0.5761904523624861,0.0,0.22384674396915166,0.17255069244263366,0.6149551237199004,-0.536576583591329,0.3371175200438952,0.9049871839602045,-0.5678696639163092,2
phase6v2-r05-output-downstream-control-a01,D4-SMT,OUTPUT,0.34562051287714596,0.430805029496043,0.7729005568573157,0.47122942125134326,-0.17367809496160413,-0.0033765764497023522,1.5683081688084715,0.12011745459111002,0.463751165799055,1.3466409474700514,-0.8828897816709964,3
phase6v2-r05-output-downstream-control-a01,D4-SMT,LOAD,0.35020474012425334,0.05945794026367074,0.07927725368489431,0.47332746234085943,-0.13372087440610145,-1.0533905411767575,-0.45988185839872053,1.0937480570623082,-0.5489977579938597,1.3821264253710783,-1.931124183364938,4
phase6v2-r05-output-downstream-control-a01,D4-SMT,DOWNSTREAM,0.5018532760332948,5.0,2.5,0.0,0.3784572011295624,22.88238722960732,6.735035067595336,-0.9055116926880639,9.998626499444073,0.6707382288265091,9.327888270617564,1
phase6v2-r05-output-load-control-a01,D4-SMT,INPUT,0.12178966880634948,0.0,0.0,0.6242067848522517,-1.1569276192880902,-1.487972546572129,-1.5648260984422142,0.2854989486705456,-1.403242088100811,0.9049871839602045,-2.3082292720610154,4
phase6v2-r05-output-load-control-a01,D4-SMT,OUTPUT,0.3642897581385766,0.6384921209337115,0.12831649494547084,0.0,-0.1158474987715172,0.36390227549874965,-0.9387001295504601,-1.3495137830642598,-0.23021511760774258,1.3466409474700514,-1.5768560650777939,3
phase6v2-r05-output-load-control-a01,D4-SMT,LOAD,2.9825482676365307,3.75,3.3333333333333335,0.25951663846982054,8.255702207227175,20.151507211846443,18.294609612619094,0.07934761919024405,15.567273010564236,1.3821264253710783,14.185146585193158,1
phase6v2-r05-output-load-control-a01,D4-SMT,DOWNSTREAM,0.052385506005052415,0.0,0.260263597163077,0.11348280658598037,-1.2798984919285206,-0.21631849658163724,-0.4062288039913159,1.2890516287579024,-0.6341485975004911,0.6707382288265091,-1.3048868263270004,2
phase6v2-r05-input-medium-a01,D4-SMT,INPUT,0.680957489977571,0.4732094327287941,0.5824805374925098,0.0,1.3357559980214049,0.24025066153000094,0.6387510915218817,-0.536576583591329,0.7382525836910959,0.9049871839602045,-0.16673460026910858,1
phase6v2-r05-input-medium-a01,D4-SMT,OUTPUT,0.19190266424260014,0.0,0.2921213763638917,0.7461861262126037,-0.6498406128946991,-0.7652225609624791,-0.3016068141965896,0.9776296225300674,-0.5722233293512559,1.3466409474700514,-1.9188642768213073,4
phase6v2-r05-input-medium-a01,D4-SMT,LOAD,0.4383465723076491,0.31072213413850475,0.0840370967821037,0.05432962313916871,0.1471919751700557,0.3903083664282448,-0.4324488841090946,-0.8941381680522995,0.03501715249640197,1.3821264253710783,-1.3471092728746763,3
phase6v2-r05-input-medium-a01,D4-SMT,DOWNSTREAM,0.6134046072059224,0.040888229251387895,0.0,0.0034473467905430212,0.7900368458874293,-0.027425461553085156,-1.23606352077124,-0.8388459038304518,-0.15781737881229863,0.6707382288265091,-0.8285556076388078,2
phase6v2-r05-output-control-a01,D4-SMT,INPUT,0.5985720203054744,0.6468978360650917,0.5775924373523267,0.0,0.968494323117011,0.8745835992591346,0.6202589612654156,-0.536576583591329,0.821112294547187,0.9049871839602045,-0.08387488941301746,2
phase6v2-r05-output-control-a01,D4-SMT,OUTPUT,0.39075776281929986,0.46215478605690524,0.7537187626735593,0.4548527712560866,-0.0338591554178374,0.05206308770483454,1.493703598144006,0.06904331678098222,0.5039691768103344,1.3466409474700514,-0.842671770659717,3
phase6v2-r05-output-control-a01,D4-SMT,LOAD,0.04090990937792005,0.18019962077430196,0.24026616103240261,0.260815074328027,-1.1194604501769707,-0.3596401521244103,0.46796480922955097,0.08550789620179439,-0.3370452643572767,1.3821264253710783,-1.719171689728355,4
phase6v2-r05-output-control-a01,D4-SMT,DOWNSTREAM,0.6238789841020852,0.10499602512901078,0.8159576443376084,0.0,0.8286830931053247,0.268735960793275,1.3655680100073309,-0.9055116926880639,0.8209956879686434,0.6707382288265091,0.1502574591421343,1
phase6v2-r05-baseline-a01,D4-SMT,INPUT,0.6243655134166161,0.6531244593833269,0.5792669881378452,0.0,1.0834777239440776,0.8973240481648759,0.6265939401649508,-0.536576583591329,0.8691319040913014,0.9049871839602045,-0.035855279868903134,1
phase6v2-r05-baseline-a01,D4-SMT,OUTPUT,0.21617973129212764,0.0,0.41923213856190766,0.7878485625963094,-0.5746390050331661,-0.7652225609624791,0.19277049742353042,1.107562973855484,-0.38236368952403826,1.3466409474700514,-1.7290046369940897,3
phase6v2-r05-baseline-a01,D4-SMT,LOAD,0.19618092919615063,0.2785761470182484,0.03594510422613971,0.03652904456429575,-0.6246032007499293,0.2056058595819369,-0.7096232296454268,-0.978590930423293,-0.37620685693780637,1.3821264253710783,-1.7583332823088846,4
phase6v2-r05-baseline-a01,D4-SMT,DOWNSTREAM,0.7015131364543505,0.07786513569982846,0.0,0.0043622624811563105,1.1151219595028599,0.14339827459038434,-1.23606352077124,-0.8211529997048028,0.007485571107334721,0.6707382288265091,-0.6632526577191744,2
phase6v2-r05-input-load-a01,D4-SMT,INPUT,0.0,0.0,0.0,4.903754573120246,-1.6998471162563842,-1.487972546572129,-1.5648260984422142,5.921630453894841,-1.5842152537569092,0.9049871839602045,-2.489202437717114,4
phase6v2-r05-input-load-a01,D4-SMT,OUTPUT,2.620360610789152,3.9373651179482687,0.3068529749121764,0.0,6.872647249080028,6.197708693991954,-0.24431057932056635,-1.3495137830642598,4.275348454583805,1.3466409474700514,2.928707507113754,2
phase6v2-r05-input-load-a01,D4-SMT,LOAD,3.31938362549567,3.378628209469642,3.546835424556189,0.0,9.329214952200955,18.01770119660867,19.525111807687626,-1.1518987084402736,15.624009318832416,1.3821264253710783,14.241882893461337,1
phase6v2-r05-input-load-a01,D4-SMT,DOWNSTREAM,0.07041197254683716,0.0,0.5191912516606114,0.13113139916094754,-1.213388064688295,-0.21631849658163724,0.4193463405104301,1.6303452141506996,-0.3367867402531674,0.6707382288265091,-1.0075249690796766,3
phase6v2-r05-downstream-medium-a01,D4-SMT,INPUT,0.44737612694984513,0.4499331377475658,0.5770406289295585,0.0,0.2944864276293235,0.15524256489671898,0.6181714194929876,-0.536576583591329,0.35596680400634334,0.9049871839602045,-0.5490203799538611,2
phase6v2-r05-downstream-medium-a01,D4-SMT,OUTPUT,0.1590657971179619,0.0,0.2886647807856778,0.7141199023282245,-0.7515573977052583,-0.7652225609624791,-0.3150506988823982,0.8776241428870664,-0.6106102191833785,1.3466409474700514,-1.95725116665343,4
phase6v2-r05-downstream-medium-a01,D4-SMT,LOAD,0.39919346110337545,0.26288943173806306,0.02801728465874152,0.17719960444494004,0.022408864067032692,0.11547406099707484,-0.7553145824744171,-0.3111959176025111,-0.2058105524701032,1.3821264253710783,-1.5879369778411816,3
phase6v2-r05-downstream-medium-a01,D4-SMT,DOWNSTREAM,0.5392115876056772,5.0,0.6952721848577127,0.0,0.5162943783652187,22.88238722960732,0.9807697317287035,-0.9055116926880639,8.126483779900415,0.6707382288265091,7.455745551073906,1
phase6v2-r05-load-medium-a01,D4-SMT,INPUT,0.05400502258103747,0.0,0.0,2.1144685360934794,-1.45910108269849,-1.487972546572129,-1.5648260984422142,2.248162207210944,-1.503966575904278,0.9049871839602045,-2.4089537598644823,4
phase6v2-r05-load-medium-a01,D4-SMT,OUTPUT,1.091913249980826,1.6012430262877801,0.0,0.0,2.1380679512591363,2.0664541518964104,-1.437766948997545,-1.3495137830642598,0.9222517180526673,1.3466409474700514,-0.4243892294173841,3
phase6v2-r05-load-medium-a01,D4-SMT,LOAD,3.6300653130515053,4.091946468977691,3.789261958636922,0.0,10.319374516627162,22.11624295914675,20.922317711482844,-1.1518987084402736,17.785978395752252,1.3821264253710783,16.403851970381176,1
phase6v2-r05-load-medium-a01,D4-SMT,DOWNSTREAM,0.05033183345109688,0.0,1.302003654967948,0.12341679228998559,-1.2874757194821564,-0.21631849658163724,2.915296277694013,1.4811579162003183,0.47050068721007304,0.6707382288265091,-0.2002375416164361,2
phase6v2-r05-output-medium-a01,D4-SMT,INPUT,0.2272758338991279,0.6497744942322895,0.5863264443190742,0.0,-0.6866866189586771,0.8850895339731983,0.6533005090770622,-0.536576583591329,0.28390114136386113,0.9049871839602045,-0.6210860425963434,4
phase6v2-r05-output-medium-a01,D4-SMT,OUTPUT,1.199866889528266,2.6715881247748263,0.5972715512218931,0.0,2.472469436080585,3.9592781894411684,0.8852267825660218,-1.3495137830642598,2.4389914693625916,1.3466409474700514,1.0923505218925402,1
phase6v2-r05-output-medium-a01,D4-SMT,LOAD,1.1173306727217642,0.38489723532271974,0.5131963137636263,0.29341037537711556,2.311151513330911,0.8164992649391815,2.0409758748945084,0.24015248836103112,1.722875551054867,1.3821264253710783,0.3407491256837887,2
phase6v2-r05-output-medium-a01,D4-SMT,DOWNSTREAM,0.3108130292507391,0.010844338851572693,0.7150583891020461,0.04976507045640726,-0.32640464210152254,-0.16622045819612616,1.043856845617159,0.05685962679512681,0.18374391510650345,0.6707382288265091,-0.4869943137200057,3
phase6v2-r05-output-load-a01,D4-SMT,INPUT,0.033372717232248515,0.0,0.0,5.0,-1.5510767071586555,-1.487972546572129,-1.5648260984422142,6.048384940468827,-1.5346251173909995,0.9049871839602045,-2.439612301351204,4
phase6v2-r05-output-load-a01,D4-SMT,OUTPUT,2.9283782697860095,5.0,0.0,0.0,7.826774992726057,8.076897799191933,-1.437766948997545,-1.3495137830642598,4.821968614306815,1.3466409474700514,3.4753276668367636,2
phase6v2-r05-output-load-a01,D4-SMT,LOAD,3.3231521257062275,3.052167871930422,3.3908557671327983,0.0,9.341225368895872,16.141944745148205,18.626135550611163,-1.1518987084402736,14.703101888218413,1.3821264253710783,13.320975462847334,1
phase6v2-r05-output-load-a01,D4-SMT,DOWNSTREAM,0.0705064301408208,0.0,0.0,0.1432532275612755,-1.2130395540737844,-0.21631849658163724,-1.23606352077124,1.8647606361562055,-0.8884738571422206,0.6707382288265091,-1.5592120859687297,3
phase6v2-r05-output-downstream-a01,D4-FULL,INPUT,-0.102382601955317,0.4665710728120144,0.5763105078839303,0.0,-0.14579877845604317,0.468820529521148,0.5763241090476056,-0.536576583591329,0.8363585369622324,1.2444220766577452,-0.4080635396955128,3
phase6v2-r05-output-downstream-a01,D4-FULL,OUTPUT,1.0151901079558028,2.611450949340891,2.7130455144348162,0.0,3.2594035446133995,3.0552269906130847,4.281842351861833,-1.3495137830642598,4.8816714120936995,2.218311459483782,2.6633599526099174,2
phase6v2-r05-output-downstream-a01,D4-FULL,LOAD,1.2859032296146253,-0.0834449877759133,0.22547178020336234,0.4561218148897153,3.4522838172079346,-0.23969748622340806,0.7377693096454295,1.012117875800577,0.3046673377427416,1.6709964763916172,-1.3663291386488756,4
phase6v2-r05-output-downstream-a01,D4-FULL,DOWNSTREAM,-0.3310734868915997,5.0,-1.2239404691564402,0.0,-0.4697510017423949,22.870568470345567,-3.277034965155447,-0.9055116926880639,7.280105860503972,1.7554251823093905,5.524680678194581,1
phase6v2-r05-input-downstream-a01,D4-FULL,INPUT,0.3213988132194436,0.2772132387038464,0.582404207643835,0.0,0.46774918756937944,0.2785497535801432,0.5824179526213167,-0.536576583591329,0.9794822148482754,1.2444220766577452,-0.2649398618094698,3
phase6v2-r05-input-downstream-a01,D4-FULL,OUTPUT,-0.12447100135880682,-0.7358997684712132,0.38051531176206077,0.7358997684712132,-0.40381268840125817,-0.8609546488271714,0.6005452428888276,0.9455493831037975,-1.1669567478836649,2.218311459483782,-3.3852682073674467,4
phase6v2-r05-input-downstream-a01,D4-FULL,LOAD,0.5463371870714092,0.19482241984561893,-0.05605902448571759,0.0647141262266083,1.468360042312724,0.5596315074353209,-0.18343150418611606,-0.8448701081465195,1.4597234566671626,1.6709964763916172,-0.21127301972445456,2
phase6v2-r05-input-downstream-a01,D4-FULL,DOWNSTREAM,0.4537386794758494,5.0,-1.2557904541004534,0.0,0.6410657743037286,22.870568470345567,-3.362311591700153,-0.9055116926880639,7.621952577004445,1.7554251823093905,5.866527394695055,1
phase6v2-r05-load-downstream-a01,D4-FULL,INPUT,-1.6320621025234492,-2.4474414815999403,-2.26586344647923,2.4474414815999403,-2.360458772116517,-2.459241213691808,-2.265916921783219,2.6866850141535488,-5.048557316684063,1.2444220766577452,-6.292979393341808,4
phase6v2-r05-load-downstream-a01,D4-FULL,OUTPUT,0.7641246331852337,1.7070261465000938,-0.9245161264981564,0.0,2.452403011549504,1.9971090622190877,-1.459110171339578,-1.3495137830642598,2.3463144172072643,2.218311459483782,0.12800295772348225,3
phase6v2-r05-load-downstream-a01,D4-FULL,LOAD,3.5667469392058586,3.656515797871178,3.2086877304949044,0.09348420212882169,9.570763847358613,10.503418700708272,10.499191205479665,-0.7083738491431845,10.899498433658701,1.6709964763916172,9.228501957267085,1
phase6v2-r05-load-downstream-a01,D4-FULL,DOWNSTREAM,-1.3733513653473763,5.0,0.15549670673665927,0.0,-1.9449826588270362,22.870568470345567,0.4163340928613609,-0.9055116926880639,8.019484994148028,1.7554251823093905,6.264059811838638,2
phase6v2-r05-output-downstream-control-a01,D4-FULL,INPUT,0.3923964811132158,0.4546723225815632,0.5761904523624861,0.0,0.5705391476029236,0.4568644124175753,0.5762040506928019,-0.536576583591329,1.071112453829096,1.2444220766577452,-0.17330962282864926,2
phase6v2-r05-output-downstream-control-a01,D4-FULL,OUTPUT,0.10808673025080943,-0.04042439175530024,0.7541124093117388,0.47122942125134326,0.34369834850492287,-0.04729389721108176,1.190171869611349,0.12011745459111002,0.37540798571062,2.218311459483782,-1.842903473773162,3
phase6v2-r05-output-downstream-control-a01,D4-FULL,LOAD,0.10026081437565734,-0.41386952207718875,-0.2237149187575874,0.47332746234085943,0.27173733345112083,-1.1888489256273929,-0.7320206591720844,1.0937480570623082,-1.6434588075117604,1.6709964763916172,-3.314455283903378,4
phase6v2-r05-output-downstream-control-a01,D4-FULL,DOWNSTREAM,0.4866674425893169,5.0,0.0,0.0,0.687672878587281,22.870568470345567,-1.415506002947695e-17,-0.9055116926880639,8.758258808999013,1.7554251823093905,7.002833626689623,1
phase6v2-r05-output-load-control-a01,D4-FULL,INPUT,-0.44451975210435,-0.6242067848522517,-0.7101485056208309,0.6242067848522517,-0.6411427106318023,-0.6272162430503564,-0.7101652654159872,0.2854989486705456,-0.9450070217032609,1.2444220766577452,-2.189429098361006,3
phase6v2-r05-output-load-control-a01,D4-FULL,OUTPUT,-0.03880978640550999,0.6384921209337115,-0.22813214967860115,0.0,-0.12847157989805488,0.7469940653730526,-0.36004773790852174,-1.3495137830642598,1.4356720322530852,2.218311459483782,-0.7826394272306969,2
phase6v2-r05-output-load-control-a01,D4-FULL,LOAD,2.980470441544688,3.4904833615301794,2.987311148706906,0.25951663846982054,7.998047125032457,10.026487027719602,9.774821850830994,0.07934761919024405,9.187104382004108,1.6709964763916172,7.516107905612491,1
phase6v2-r05-output-load-control-a01,D4-FULL,DOWNSTREAM,-0.5003964231188044,-0.11348280658598037,0.21062261100516255,0.11348280658598037,-0.7094093125980203,-0.5190832596463294,0.5639307450892292,1.2890516287579024,-1.5105722378096091,1.7554251823093905,-3.2659974201189996,4
phase6v2-r05-input-medium-a01,D4-FULL,INPUT,0.6178240041480747,0.4732094327287941,0.5824805374925098,0.0,0.8969116436387625,0.475490894643828,0.582494284271407,-0.536576583591329,1.1882088577759948,1.2444220766577452,-0.05621321888175035,1
phase6v2-r05-input-medium-a01,D4-FULL,OUTPUT,-0.34277594259904465,-0.7461861262126037,0.18897717040361012,0.7461861262126037,-1.1055109370845773,-0.8729890153216024,0.2982517054962698,0.9776296225300674,-1.5377123715000374,2.218311459483782,-3.7560238309838194,4
phase6v2-r05-input-medium-a01,D4-FULL,LOAD,0.14051248442261335,0.256392510999336,0.011597599263212096,0.05432962313916871,0.3797144992371325,0.7364928920366868,0.03794866388266862,-0.8941381680522995,1.2788568531044622,1.6709964763916172,-0.392139623287155,2
phase6v2-r05-input-medium-a01,D4-FULL,DOWNSTREAM,0.4858447976148483,0.03744088246084488,-0.2720296566703889,0.0034473467905430212,0.6865085135614438,0.17125885318218262,-0.7283448165436499,-0.8388459038304518,0.8819867538971106,1.7554251823093905,-0.8734384284122799,3
phase6v2-r05-output-control-a01,D4-FULL,INPUT,0.5742852636461321,0.6468978360650917,0.5775924373523267,0.0,0.8338765394040487,0.6500166935388102,0.5776060687700616,-0.536576583591329,1.2237430174956359,1.2444220766577452,-0.020679059162109326,1
phase6v2-r05-output-control-a01,D4-FULL,OUTPUT,0.014860064609580908,0.007302014800818657,0.7537187626735593,0.4548527712560866,0.04403958842653302,0.008542880237114334,1.1895505999577227,0.06904331678098222,0.34500103942614113,2.218311459483782,-1.873310420057641,3
phase6v2-r05-output-control-a01,D4-FULL,LOAD,-0.47505956708800884,-0.08061545355372499,0.22203131479158825,0.260815074328027,-1.271589046222203,-0.2315695895298044,0.7265117155047607,0.08550789620179439,-0.34439020295087663,1.6709964763916172,-2.0153866793424937,4
phase6v2-r05-output-control-a01,D4-FULL,DOWNSTREAM,0.6055038991208056,0.10499602512901078,-0.15724557099993597,0.0,0.8558730354885803,0.4802637563654329,-0.42101658313314555,-0.9055116926880639,1.2105517622616864,1.7554251823093905,-0.5448734200477041,2
phase6v2-r05-baseline-a01,D4-FULL,INPUT,0.5670065199068227,0.6531244593833269,0.5792669881378452,0.0,0.8233384217411212,0.6562733369770543,0.5792806590756634,-0.536576583591329,1.2228740561892752,1.2444220766577452,-0.02154802046846993,1
phase6v2-r05-baseline-a01,D4-FULL,OUTPUT,-0.24411632699400704,-0.7878485625963094,0.41923213856190766,0.7878485625963094,-0.7883890291125554,-0.921731343859814,0.6616497646667525,1.107562973855484,-1.457053176624023,2.218311459483782,-3.6753646361078047,4
phase6v2-r05-baseline-a01,D4-FULL,LOAD,-0.4368937317757399,0.24204710245395267,-0.01276028852625463,0.03652904456429575,-1.1692072389067043,0.6952854036203636,-0.04175311539386597,-0.978590930423293,0.8066992801965575,1.6709964763916172,-0.8642971961950597,3
phase6v2-r05-baseline-a01,D4-FULL,DOWNSTREAM,0.7015131364543505,0.07350287321867216,-0.3674820237522747,0.0043622624811563105,0.9917637314485135,0.33621049894295413,-0.9839134102104479,-0.8211529997048028,0.9358399397651428,1.7554251823093905,-0.8195852425442477,2
phase6v2-r05-input-load-a01,D4-FULL,INPUT,-3.0267992411345195,-4.903754573120246,-4.7631018670110015,4.903754573120246,-4.37975009517288,-4.927396809570885,-4.763214278162991,5.921630453894841,-10.611750848197094,1.2444220766577452,-11.856172924854839,4
phase6v2-r05-input-load-a01,D4-FULL,OUTPUT,1.8608272333864428,3.9373651179482687,-2.0080453360826622,0.0,5.977537575685457,4.606459938790036,-3.1691814673770935,-1.3495137830642598,3.82111913209706,2.218311459483782,1.6028076726132778,2
phase6v2-r05-input-load-a01,D4-FULL,LOAD,3.2335839759043457,3.378628209469642,3.546835424556189,0.0,8.677037140362343,9.705180745764737,11.605648920856623,-1.1518987084402736,11.147854310768174,1.6709964763916172,9.476857834376558,1
phase6v2-r05-input-load-a01,D4-FULL,DOWNSTREAM,-2.8126896647862405,-0.13113139916094754,0.36623674957100877,0.13113139916094754,-3.982210415912814,-0.5998099286245332,0.9805792553752652,1.6303452141506996,-2.8308255772047266,1.7554251823093905,-4.586250759514117,3
phase6v2-r05-downstream-medium-a01,D4-FULL,INPUT,0.3903087057130078,0.4499331377475658,0.5770406289295585,0.0,0.567516480009567,0.45210237877930803,0.5770542473243889,-0.536576583591329,1.0688009522957502,1.2444220766577452,-0.17562112436199495,2
phase6v2-r05-downstream-medium-a01,D4-FULL,OUTPUT,-0.1377858811180679,-0.7141199023282245,0.28632019868894,0.7141199023282245,-0.4466107476454635,-0.8354736284355022,0.4518825601770986,0.8776241428870664,-1.1543580815216887,2.218311459483782,-3.372669541005471,4
phase6v2-r05-downstream-medium-a01,D4-FULL,LOAD,0.20452925880219017,0.08568982729312302,-0.20824885460117856,0.17719960444494004,0.5514427741684732,0.2461458350528805,-0.6814139381655169,-0.3111959176025111,0.34992080795445674,1.6709964763916172,-1.3210756684371605,3
phase6v2-r05-downstream-medium-a01,D4-FULL,DOWNSTREAM,0.5392115876056772,5.0,-0.33140404561942505,0.0,0.7620434353503447,22.870568470345567,-0.8873165586536503,-0.9055116926880639,8.487276808368817,1.7554251823093905,6.731851626059426,1
phase6v2-r05-load-medium-a01,D4-FULL,INPUT,-1.3341034392933577,-2.1144685360934794,-2.003128072976927,2.1144685360934794,-1.9290761648611046,-2.1246629217121606,-2.0031753476186527,2.248162207210944,-4.267133685274917,1.2444220766577452,-5.511555761932662,4
phase6v2-r05-load-medium-a01,D4-FULL,OUTPUT,0.570207072286076,1.6012430262877801,-1.1827610478319894,0.0,1.829093195020261,1.8733497229500502,-1.8666831499118846,-1.3495137830642598,1.961433705750402,2.218311459483782,-0.25687775373337995,2
phase6v2-r05-load-medium-a01,D4-FULL,LOAD,3.5976375260800317,4.091946468977691,3.789261958636922,0.0,9.653629428246282,11.754202481384073,12.39889611359693,-1.1518987084402736,12.420808049516033,1.6709964763916172,10.749811573124417,1
phase6v2-r05-load-medium-a01,D4-FULL,DOWNSTREAM,-1.198324083078279,-0.12341679228998559,0.3263378579712589,0.12341679228998559,-1.6972504628416283,-0.5645224396917066,0.8737521129298141,1.4811579162003183,-1.9438315127348254,1.7554251823093905,-3.699256695044216,3
phase6v2-r05-output-medium-a01,D4-FULL,INPUT,-0.2742494946913437,0.6497744942322895,0.5863264443190742,0.0,-0.3946265436420492,0.6529072207998957,0.5863402818629454,-0.536576583591329,0.8181169032649263,1.2444220766577452,-0.4263051733928189,2
phase6v2-r05-output-medium-a01,D4-FULL,OUTPUT,1.199866889528266,2.6715881247748263,0.5052412907242195,0.0,3.8530106955356613,3.1255835567861414,0.7973930201399418,-1.3495137830642598,3.9415095405515084,2.218311459483782,1.7231980810677263,1
phase6v2-r05-output-medium-a01,D4-FULL,LOAD,0.6082803322758664,0.09148685994560418,0.456461569500676,0.29341037537711556,1.634525700812016,0.2627979335358507,1.4935941726562951,0.24015248836103112,0.890153447307023,1.6709964763916172,-0.7808430290845942,3
phase6v2-r05-output-medium-a01,D4-FULL,DOWNSTREAM,-0.08184490154159062,-0.03892073160483457,0.3849620927557266,0.04976507045640726,-0.11699488309245379,-0.1780278514168624,1.0307153574956147,0.05685962679512681,0.18837124753363937,1.7554251823093905,-1.567053934775751,4
phase6v2-r05-output-load-a01,D4-FULL,INPUT,-3.2073729902830386,-5.0,-5.0,5.0,-4.641183590225914,-5.0241062599056585,-5.00011800204481,6.048384940468827,-10.936854224527622,1.2444220766577452,-12.181276301185367,4
phase6v2-r05-output-load-a01,D4-FULL,OUTPUT,2.181149578714048,5.0,-3.0560718057609852,0.0,7.007150682258074,5.849673323146658,-4.82322084853201,-1.3495137830642598,4.027381502021834,2.218311459483782,1.809070042538052,2
phase6v2-r05-output-load-a01,D4-FULL,LOAD,3.102529509131976,3.052167871930422,3.3908557671327983,0.0,8.32547682325824,8.767416545116319,11.095265740876437,-1.1518987084402736,10.547951744857272,1.6709964763916172,8.876955268465656,1
phase6v2-r05-output-load-a01,D4-FULL,DOWNSTREAM,-3.080652850995335,-0.1432532275612755,-0.671942637261761,0.1432532275612755,-4.3614833366953265,-0.6552565499076293,-1.7990903743898543,1.8647606361562055,-4.136704056487142,1.7554251823093905,-5.8921292387965325,3
phase6v2-r05-output-downstream-a01,D4-FULL,INPUT,-0.102382601955317,0.025333096160390516,0.5763105078839303,0.28571428571428575,-0.14579877845604317,0.03916492026967752,0.5763241090476056,-0.3134914704391656,0.47005488739291224,1.8118438010655913,-1.341788913672679,3
phase6v2-r05-output-downstream-a01,D4-FULL,OUTPUT,1.0151901079558028,3.4076339662272606,2.7130455144348162,0.0,3.2594035446133995,5.980063652186414,4.281842351861833,-1.3495137830642603,5.856616965951476,2.2183114594837825,3.6383055064676935,2
phase6v2-r05-output-downstream-a01,D4-FULL,LOAD,1.2859032296146253,-0.0834449877759133,0.22547178020336234,0.4561218148897153,3.4522838172079346,-0.23969748622340806,0.7377693096454295,1.012117875800577,0.3046673377427416,1.6709964763916172,-1.3663291386488756,4
phase6v2-r05-output-downstream-a01,D4-FULL,DOWNSTREAM,-0.3310734868915997,5.0,-1.2239404691564402,0.0,-0.4697510017423949,22.870568470345567,-3.277034965155447,-0.9055116926880639,7.280105860503972,1.7554251823093905,5.524680678194581,1
phase6v2-r05-input-downstream-a01,D4-FULL,INPUT,0.3213988132194436,1.8514754924692312,0.582404207643835,0.0,0.46774918756937944,2.862377720619746,0.5824179526213167,-0.9139478510442602,2.2181294713144073,1.8118438010655913,0.406285670248816,2
phase6v2-r05-input-downstream-a01,D4-FULL,OUTPUT,-0.12447100135880682,-0.49059984564747544,0.38051531176206077,0.49059984564747544,-0.40381268840125817,-0.8609546488271714,0.6005452428888276,0.9455493831037975,-1.1669567478836649,2.2183114594837825,-3.3852682073674476,4
phase6v2-r05-input-downstream-a01,D4-FULL,LOAD,0.5463371870714092,0.19482241984561893,-0.05605902448571759,0.0647141262266083,1.468360042312724,0.5596315074353209,-0.18343150418611606,-0.8448701081465195,1.4597234566671626,1.6709964763916172,-0.21127301972445456,3
phase6v2-r05-input-downstream-a01,D4-FULL,DOWNSTREAM,0.4537386794758494,5.0,-1.2557904541004534,0.0,0.6410657743037286,22.870568470345567,-3.362311591700153,-0.9055116926880639,7.621952577004445,1.7554251823093905,5.866527394695055,1
phase6v2-r05-load-downstream-a01,D4-FULL,INPUT,-1.6320621025234492,-1.2506752734475792,-2.26586344647923,1.6316276543999602,-2.360458772116517,-1.933541682300098,-2.265916921783219,2.5150764744523704,-4.7017155998523155,1.8118438010655913,-6.513559400917907,4
phase6v2-r05-load-downstream-a01,D4-FULL,OUTPUT,0.7641246331852337,1.1380174310000626,-0.9245161264981564,0.0,2.452403011549504,1.9971090622190875,-1.459110171339578,-1.3495137830642603,2.3463144172072647,2.2183114594837825,0.12800295772348225,3
phase6v2-r05-load-downstream-a01,D4-FULL,LOAD,3.5667469392058586,3.656515797871178,3.2086877304949044,0.09348420212882169,9.570763847358613,10.503418700708272,10.499191205479665,-0.7083738491431845,10.899498433658701,1.6709964763916172,9.228501957267085,1
phase6v2-r05-load-downstream-a01,D4-FULL,DOWNSTREAM,-1.3733513653473763,5.0,0.15549670673665927,0.0,-1.9449826588270362,22.870568470345567,0.4163340928613609,-0.9055116926880639,8.019484994148028,1.7554251823093905,6.264059811838638,2
phase6v2-r05-output-downstream-control-a01,D4-FULL,INPUT,0.3923964811132158,0.017400596006756402,0.5761904523624861,0.28571428571428575,0.5705391476029236,0.02690128955950633,0.5762040506928019,-0.3134914704391656,0.7047062997242428,1.8118438010655913,-1.1071375013413485,2
phase6v2-r05-output-downstream-control-a01,D4-FULL,OUTPUT,0.10808673025080943,-0.026949594503533496,0.7541124093117388,0.3141529475008955,0.34369834850492287,-0.04729389721108176,1.190171869611349,0.12011745459110987,0.3754079857106202,2.2183114594837825,-1.8429034737731622,3
phase6v2-r05-output-downstream-control-a01,D4-FULL,LOAD,0.10026081437565734,-0.41386952207718875,-0.2237149187575874,0.47332746234085943,0.27173733345112083,-1.1888489256273929,-0.7320206591720844,1.0937480570623082,-1.6434588075117604,1.6709964763916172,-3.314455283903378,4
phase6v2-r05-output-downstream-control-a01,D4-FULL,DOWNSTREAM,0.4866674425893169,5.0,0.0,0.0,0.687672878587281,22.870568470345567,-1.415506002947695e-17,-0.9055116926880639,8.758258808999013,1.7554251823093905,7.002833626689623,1
phase6v2-r05-output-load-control-a01,D4-FULL,INPUT,-0.44451975210435,-0.7018521422824535,-0.7101485056208309,0.7018521422824535,-0.6411427106318023,-1.0850621266173315,-0.7101652654159872,0.5610627387177284,-1.3731861062727688,1.8118438010655913,-3.18502990733836,3
phase6v2-r05-output-load-control-a01,D4-FULL,OUTPUT,-0.03880978640550999,0.4256614139558077,-0.22813214967860115,0.0,-0.12847157989805488,0.7469940653730526,-0.36004773790852174,-1.3495137830642603,1.4356720322530856,2.2183114594837825,-0.7826394272306969,2
phase6v2-r05-output-load-control-a01,D4-FULL,LOAD,2.980470441544688,3.4904833615301794,2.987311148706906,0.25951663846982054,7.998047125032457,10.026487027719602,9.774821850830994,0.07934761919024405,9.187104382004108,1.6709964763916172,7.516107905612491,1
phase6v2-r05-output-load-control-a01,D4-FULL,DOWNSTREAM,-0.5003964231188044,-0.11348280658598037,0.21062261100516255,0.11348280658598037,-0.7094093125980203,-0.5190832596463294,0.5639307450892292,1.2890516287579024,-1.5105722378096091,1.7554251823093905,-3.2659974201189996,4
phase6v2-r05-input-medium-a01,D4-FULL,INPUT,0.6178240041480747,1.982139621819196,0.5824805374925098,0.0,0.8969116436387625,3.0643842253003535,0.582494284271407,-0.9139478510442602,2.428544568781101,1.8118438010655913,0.6167007677155096,1
phase6v2-r05-input-medium-a01,D4-FULL,OUTPUT,-0.34277594259904465,-0.49745741747506916,0.18897717040361012,0.49745741747506916,-1.1055109370845773,-0.8729890153216026,0.2982517054962698,0.9776296225300675,-1.5377123715000374,2.2183114594837825,-3.75602383098382,4
phase6v2-r05-input-medium-a01,D4-FULL,LOAD,0.14051248442261335,0.256392510999336,0.011597599263212096,0.05432962313916871,0.3797144992371325,0.7364928920366868,0.03794866388266862,-0.8941381680522995,1.2788568531044622,1.6709964763916172,-0.392139623287155,2
phase6v2-r05-input-medium-a01,D4-FULL,DOWNSTREAM,0.4858447976148483,0.03744088246084488,-0.2720296566703889,0.0034473467905430212,0.6865085135614438,0.17125885318218262,-0.7283448165436499,-0.8388459038304518,0.8819867538971106,1.7554251823093905,-0.8734384284122799,3
phase6v2-r05-output-control-a01,D4-FULL,INPUT,0.5742852636461321,0.1455509383291087,0.5775924373523267,0.28571428571428575,0.8338765394040487,0.22502148409910047,0.5776060687700616,-0.3134914704391656,0.8589928345302359,1.8118438010655913,-0.9528509665353554,2
phase6v2-r05-output-control-a01,D4-FULL,OUTPUT,0.014860064609580908,0.004868009867212438,0.7537187626735593,0.30323518083739104,0.04403958842653302,0.008542880237114333,1.1895505999577227,0.06904331678098197,0.3450010394261414,2.2183114594837825,-1.8733104200576411,3
phase6v2-r05-output-control-a01,D4-FULL,LOAD,-0.47505956708800884,-0.08061545355372499,0.22203131479158825,0.260815074328027,-1.271589046222203,-0.2315695895298044,0.7265117155047607,0.08550789620179439,-0.34439020295087663,1.6709964763916172,-2.0153866793424937,4
phase6v2-r05-output-control-a01,D4-FULL,DOWNSTREAM,0.6055038991208056,0.10499602512901078,-0.15724557099993597,0.0,0.8558730354885803,0.4802637563654329,-0.42101658313314555,-0.9055116926880639,1.2105517622616864,1.7554251823093905,-0.5448734200477041,1
phase6v2-r05-baseline-a01,D4-FULL,INPUT,0.5670065199068227,0.8163686872079322,0.5792669881378452,0.0,0.8233384217411212,1.262104495349894,0.5792806590756634,-0.9139478510442602,1.8021890430998195,1.8118438010655913,-0.009654757965771754,1
phase6v2-r05-baseline-a01,D4-FULL,OUTPUT,-0.24411632699400704,-0.5252323750642063,0.41923213856190766,0.5252323750642063,-0.7883890291125554,-0.921731343859814,0.6616497646667525,1.107562973855484,-1.457053176624023,2.2183114594837825,-3.6753646361078056,4
phase6v2-r05-baseline-a01,D4-FULL,LOAD,-0.4368937317757399,0.24204710245395267,-0.01276028852625463,0.03652904456429575,-1.1692072389067043,0.6952854036203636,-0.04175311539386597,-0.978590930423293,0.8066992801965575,1.6709964763916172,-0.8642971961950597,3
phase6v2-r05-baseline-a01,D4-FULL,DOWNSTREAM,0.7015131364543505,0.07350287321867216,-0.3674820237522747,0.0043622624811563105,0.9917637314485135,0.33621049894295413,-0.9839134102104479,-0.8211529997048028,0.9358399397651428,1.7554251823093905,-0.8195852425442477,2
phase6v2-r05-input-load-a01,D4-FULL,INPUT,-3.0267992411345195,-1.6025030487468304,-4.7631018670110015,3.269169715413497,-4.37975009517288,-2.4774667785857147,-4.763214278162991,5.956530501109154,-9.830007551749683,1.8118438010655913,-11.641851352815273,4
phase6v2-r05-input-load-a01,D4-FULL,OUTPUT,1.8608272333864428,2.6249100786321793,-2.0080453360826622,0.0,5.977537575685457,4.606459938790037,-3.1691814673770935,-1.3495137830642603,3.8211191320970608,2.2183114594837825,1.6028076726132783,2
phase6v2-r05-input-load-a01,D4-FULL,LOAD,3.2335839759043457,3.378628209469642,3.546835424556189,0.0,8.677037140362343,9.705180745764737,11.605648920856623,-1.1518987084402736,11.147854310768174,1.6709964763916172,9.476857834376558,1
phase6v2-r05-input-load-a01,D4-FULL,DOWNSTREAM,-2.8126896647862405,-0.13113139916094754,0.36623674957100877,0.13113139916094754,-3.982210415912814,-0.5998099286245332,0.9805792553752652,1.6303452141506996,-2.8308255772047266,1.7554251823093905,-4.586250759514117,3
phase6v2-r05-downstream-medium-a01,D4-FULL,INPUT,0.3903087057130078,0.6809078061174249,0.5770406289295585,0.0,0.567516480009567,1.0526822212630376,0.5770542473243889,-0.9139478510442602,1.6463655005765916,1.8118438010655913,-0.1654783004889997,2
phase6v2-r05-downstream-medium-a01,D4-FULL,OUTPUT,-0.1377858811180679,-0.476079934885483,0.28632019868894,0.476079934885483,-0.4466107476454635,-0.8354736284355022,0.4518825601770986,0.8776241428870662,-1.1543580815216887,2.2183114594837825,-3.3726695410054712,4
phase6v2-r05-downstream-medium-a01,D4-FULL,LOAD,0.20452925880219017,0.08568982729312302,-0.20824885460117856,0.17719960444494004,0.5514427741684732,0.2461458350528805,-0.6814139381655169,-0.3111959176025111,0.34992080795445674,1.6709964763916172,-1.3210756684371605,3
phase6v2-r05-downstream-medium-a01,D4-FULL,DOWNSTREAM,0.5392115876056772,5.0,-0.33140404561942505,0.0,0.7620434353503447,22.870568470345567,-0.8873165586536503,-0.9055116926880639,8.487276808368817,1.7554251823093905,6.731851626059426,1
phase6v2-r05-load-medium-a01,D4-FULL,INPUT,-1.3341034392933577,-1.0286933097766051,-2.003128072976927,1.4096456907289863,-1.9290761648611046,-1.5903579729960022,-2.0031753476186527,2.0485597718231743,-3.8894296003150943,1.8118438010655913,-5.701273401380686,4
phase6v2-r05-load-medium-a01,D4-FULL,OUTPUT,0.570207072286076,1.06749535085852,-1.1827610478319894,0.0,1.829093195020261,1.87334972295005,-1.8666831499118846,-1.3495137830642603,1.9614337057504025,2.2183114594837825,-0.25687775373337995,2
phase6v2-r05-load-medium-a01,D4-FULL,LOAD,3.5976375260800317,4.091946468977691,3.789261958636922,0.0,9.653629428246282,11.754202481384073,12.39889611359693,-1.1518987084402736,12.420808049516033,1.6709964763916172,10.749811573124417,1
phase6v2-r05-load-medium-a01,D4-FULL,DOWNSTREAM,-1.198324083078279,-0.12341679228998559,0.3263378579712589,0.12341679228998559,-1.6972504628416283,-0.5645224396917066,0.8737521129298141,1.4811579162003183,-1.9438315127348254,1.7554251823093905,-3.699256695044216,3
phase6v2-r05-output-medium-a01,D4-FULL,INPUT,-0.2742494946913437,0.14746871044057394,0.5863264443190742,0.28571428571428575,-0.3946265436420492,0.22798635627127437,0.5863402818629454,-0.3134914704391656,0.45339150193655575,1.8118438010655913,-1.3584522991290355,3
phase6v2-r05-output-medium-a01,D4-FULL,OUTPUT,1.199866889528266,3.447725416516551,0.5052412907242195,0.0,3.8530106955356613,6.050420218359471,0.7973930201399418,-1.3495137830642603,4.916455094409285,2.2183114594837825,2.6981436349255024,1
phase6v2-r05-output-medium-a01,D4-FULL,LOAD,0.6082803322758664,0.09148685994560418,0.456461569500676,0.29341037537711556,1.634525700812016,0.2627979335358507,1.4935941726562951,0.24015248836103112,0.890153447307023,1.6709964763916172,-0.7808430290845942,2
phase6v2-r05-output-medium-a01,D4-FULL,DOWNSTREAM,-0.08184490154159062,-0.03892073160483457,0.3849620927557266,0.04976507045640726,-0.11699488309245379,-0.1780278514168624,1.0307153574956147,0.05685962679512681,0.18837124753363937,1.7554251823093905,-1.567053934775751,4
phase6v2-r05-output-load-a01,D4-FULL,INPUT,-3.2073729902830386,-3.619047619047619,-5.0,3.619047619047619,-4.641183590225914,-5.595040991230402,-5.00011800204481,6.691832969953604,-11.770613831120647,1.8118438010655913,-13.582457632186237,4
phase6v2-r05-output-load-a01,D4-FULL,OUTPUT,2.181149578714048,5.0,-3.0560718057609852,0.0,7.007150682258074,8.774509984719987,-4.82322084853201,-1.3495137830642603,5.002327055879611,2.2183114594837825,2.784015596395829,2
phase6v2-r05-output-load-a01,D4-FULL,LOAD,3.102529509131976,3.052167871930422,3.3908557671327983,0.0,8.32547682325824,8.767416545116319,11.095265740876437,-1.1518987084402736,10.547951744857272,1.6709964763916172,8.876955268465656,1
phase6v2-r05-output-load-a01,D4-FULL,DOWNSTREAM,-3.080652850995335,-0.1432532275612755,-0.671942637261761,0.1432532275612755,-4.3614833366953265,-0.6552565499076293,-1.7990903743898543,1.8647606361562055,-4.136704056487142,1.7554251823093905,-5.8921292387965325,3
phase6v2-r06-baseline-a01,D4-S,INPUT,0.5853083758178282,0.6463289436240001,0.5770686002342936,0.0,0.8190037606083495,0.6493824385779303,0.5770826154323049,-0.5357531491962996,0.8190037606083495,0.8604953396015236,-0.04149157899317413,2
phase6v2-r06-baseline-a01,D4-S,OUTPUT,-0.22808044029945276,-0.7182370806455698,0.4841091628802885,0.7182370806455698,-0.7456939363309031,-0.8476796047051548,0.7397127141332231,0.9267280544200038,-0.7456939363309031,2.0787265640639885,-2.8244205003948917,4
phase6v2-r06-baseline-a01,D4-S,LOAD,-0.40243257314861136,0.5705459166681299,0.42445569309089515,0.007473383995245677,-1.0806526331311204,1.5840727564164694,1.1386182651787302,-1.1404402974415777,-1.0806526331311204,1.6207063164715967,-2.7013589496027173,3
phase6v2-r06-baseline-a01,D4-S,DOWNSTREAM,0.6811899260648069,0.06912864743934462,0.4211314602675975,0.0,0.9678931161670623,0.3162069437201567,0.4420394464225135,-0.9106821480779783,0.9678931161670623,1.00323543740991,-0.03534232124284764,1
phase6v2-r06-input-load-a01,D4-S,INPUT,-3.039581301774482,-4.90139190399764,-4.738739303832763,4.90139190399764,-4.253191342682809,-4.924547876809524,-4.73885439304337,5.91418688715312,-4.253191342682809,0.8604953396015236,-5.113686682284333,4
phase6v2-r06-input-load-a01,D4-S,OUTPUT,1.8576640355875789,3.8930520084221096,-2.02609917494604,0.0,6.04366978349048,4.594667800539738,-3.0958540649911823,-1.382682189761037,6.04366978349048,2.0787265640639885,3.9649432194264915,2
phase6v2-r06-input-load-a01,D4-S,LOAD,3.2325311149123275,2.9815803990533682,3.0038311656411008,0.2471266257691743,8.706098904956841,8.278107235938808,8.057889401378931,-0.011776282632082007,8.706098904956841,1.6207063164715967,7.085392588485244,1
phase6v2-r06-input-load-a01,D4-S,DOWNSTREAM,-2.800593877159971,-0.13740052648346462,-2.473145328007611,0.13740052648346462,-3.983815761470092,-0.6284948737496765,-2.59593000014828,1.7915899945123066,-3.983815761470092,1.00323543740991,-4.987051198880002,3
phase6v2-r06-output-downstream-control-a01,D4-S,INPUT,0.3278282179788807,0.448967803930795,0.5755422582056124,0.0,0.4587198038693414,0.45108889248377393,0.5755562363335323,-0.5357531491962996,0.4587198038693414,0.8604953396015236,-0.40177553573218217,2
phase6v2-r06-output-downstream-control-a01,D4-S,OUTPUT,0.2696691483844769,0.20760277320564663,0.7690082173868333,0.23865980256365,0.8745443229743195,0.2450174760797376,1.1750348873578982,-0.6152985391991387,0.8745443229743195,2.0787265640639885,-1.204182241089669,3
phase6v2-r06-output-downstream-control-a01,D4-S,LOAD,0.14166653433268966,0.33297925204929046,0.7735476262603265,0.24718146764595436,0.3842761072865029,0.9244888907513188,2.0750704268608873,-0.011518000906501737,0.3842761072865029,1.6207063164715967,-1.2364302091850938,4
phase6v2-r06-output-downstream-control-a01,D4-S,DOWNSTREAM,0.48212539011248884,5.0,0.9872614446952526,0.0,0.6847883383848048,22.87090485877113,1.036276183712505,-0.9106821480779783,0.6847883383848048,1.00323543740991,-0.31844709902510515,1
phase6v2-r06-input-medium-a01,D4-S,INPUT,0.5197440619835525,0.4725380251868503,0.5795245807696346,0.0,0.7272616605282872,0.4747704681088055,0.5795386556157597,-0.5357531491962996,0.7272616605282872,0.8604953396015236,-0.13323367907323636,1
phase6v2-r06-input-medium-a01,D4-S,OUTPUT,-0.2151003352322217,-0.7359280577260253,0.3937858182335897,0.7359280577260253,-0.7034420423708582,-0.8685588949318992,0.6016997791565682,0.9836113939190643,-0.7034420423708582,2.0787265640639885,-2.7821686064348468,4
phase6v2-r06-input-medium-a01,D4-S,LOAD,-0.054828527887762206,0.6038475708995055,0.4761171155838467,0.008192138514215408,-0.14476586326438912,1.67653199881993,1.2772019624010296,-1.137055271831083,-0.14476586326438912,1.6207063164715967,-1.7654721797359858,3
phase6v2-r06-input-medium-a01,D4-S,DOWNSTREAM,0.5908169533437209,0.08045647198876557,1.3112218763410723,0.0,0.8393668558900762,0.36802246322548837,1.3763203347159034,-0.9106821480779783,0.8393668558900762,1.00323543740991,-0.16386858151983374,2
phase6v2-r06-output-load-control-a01,D4-S,INPUT,-0.17208389994409584,-0.5949503452895133,-0.6818565891427597,0.5949503452895133,-0.24079163568681086,-0.597761108903153,-0.6818731493144763,0.2471660963741094,-0.24079163568681086,0.8604953396015236,-1.1012869752883345,2
phase6v2-r06-output-load-control-a01,D4-S,OUTPUT,-0.14982052671959717,0.6035074853003171,-0.216831014819243,0.0,-0.4909479575602003,0.712273148186881,-0.3313150644080364,-1.382682189761037,-0.4909479575602003,2.0787265640639885,-2.5696745216241887,4
phase6v2-r06-output-load-control-a01,D4-S,LOAD,3.04694314859058,3.339027784898789,2.7853703798650518,0.4109722151012112,8.206423125301699,9.270529842477893,7.47186017628231,0.7598661925353137,8.206423125301699,1.6207063164715967,6.585716808830102,1
phase6v2-r06-output-load-control-a01,D4-S,DOWNSTREAM,-0.5526696956249645,-0.10887616282111662,1.0532312689986976,0.10887616282111662,-0.7868722534749395,-0.4980192722539666,1.10552122324756,1.2305980152046159,-0.7868722534749395,1.00323543740991,-1.7901076908848494,3
phase6v2-r06-load-downstream-a01,D4-S,INPUT,-1.596645442582125,-2.4456891417697424,-2.291262402349814,2.4456891417697424,-2.234136185059377,-2.457243474168046,-2.291318049973427,2.682628204700291,-2.234136185059377,0.8604953396015236,-3.0946315246609006,4
phase6v2-r06-load-downstream-a01,D4-S,OUTPUT,0.7674300842389554,1.728958117483555,-0.7986632970719705,0.0,2.494819518763823,2.0405553724167342,-1.220347476260815,-1.382682189761037,2.494819518763823,2.0787265640639885,0.41609295469983465,2
phase6v2-r06-load-downstream-a01,D4-S,LOAD,3.5597916364392197,3.788836190504216,3.385114920672288,0.0,9.58721290973451,10.519385053093911,9.08069732871064,-1.1756367317641474,9.58721290973451,1.6207063164715967,7.966506593262912,1
phase6v2-r06-load-downstream-a01,D4-S,DOWNSTREAM,-1.3735507189137945,5.0,-0.06407887124426548,0.0,-1.954309429424361,22.87090485877113,-0.0672602060035979,-0.9106821480779783,-1.954309429424361,1.00323543740991,-2.957544866834271,3
phase6v2-r06-output-load-a01,D4-S,INPUT,-3.2240431612699245,-5.0,-4.899360098955471,5.0,-4.5113030712301505,-5.023621833619342,-4.899479089144657,6.043949272771594,-4.5113030712301505,0.8604953396015236,-5.3717984108316745,3
phase6v2-r06-output-load-a01,D4-S,OUTPUT,2.144373768209717,5.0,-1.5531251052805186,0.0,6.97694645246336,5.90111279094111,-2.373155633287599,-1.382682189761037,6.97694645246336,2.0787265640639885,4.898219888399371,2
phase6v2-r06-output-load-a01,D4-S,LOAD,3.1674494774697814,2.989863095644985,3.2874040877484987,0.034446934188625815,8.530873546465875,8.301103446475315,8.818584366430196,-1.0134064412350983,8.530873546465875,1.6207063164715967,6.910167229994278,1
phase6v2-r06-output-load-a01,D4-S,DOWNSTREAM,-3.0989935087800538,-0.15958965911312584,0.18136006544716043,0.15958965911312584,-4.4081925144460525,-0.7299919820040036,0.19036407985875164,2.2279862479181523,-4.4081925144460525,1.00323543740991,-5.411427951855963,4
phase6v2-r06-downstream-medium-a01,D4-S,INPUT,0.45635949091934663,0.4558908034392328,0.580144007532105,0.0,0.638569606542904,0.45804459878071874,0.5801580974221758,-0.5357531491962996,0.638569606542904,0.8604953396015236,-0.22192573305861962,2
phase6v2-r06-downstream-medium-a01,D4-S,OUTPUT,-0.16091492272807179,-0.7768012865947861,0.36034668213301074,0.7768012865947861,-0.5270616285415102,-0.9167984016688007,0.5506051996281363,1.1150346467778969,-0.5270616285415102,2.0787265640639885,-2.6057881926054987,4
phase6v2-r06-downstream-medium-a01,D4-S,LOAD,0.1922363493910171,0.21894134852054659,-0.030556282661410663,0.02317066219819653,0.520429933782338,0.6078722418518607,-0.08196837059927431,-1.066512847485207,0.520429933782338,1.6207063164715967,-1.1002763826892585,3
phase6v2-r06-downstream-medium-a01,D4-S,DOWNSTREAM,0.5516066173238346,5.0,-1.1605938120723065,0.0,0.7836028625068627,22.87090485877113,-1.2182140129921568,-0.9106821480779783,0.7836028625068627,1.00323543740991,-0.21963257490304722,1
phase6v2-r06-input-downstream-a01,D4-S,INPUT,0.32222952649625836,0.27720814769251984,0.5878114955454906,0.0,0.45088572944259725,0.2785177806410636,0.5878257716549514,-0.5357531491962996,0.45088572944259725,0.8604953396015236,-0.40960961015892633,3
phase6v2-r06-input-downstream-a01,D4-S,OUTPUT,-0.11398175344723249,-0.7299920210264241,0.24099195929076,0.7299920210264241,-0.3742881893904603,-0.8615530505127967,0.3682326837827959,0.9645247380872993,-0.3742881893904603,2.0787265640639885,-2.4530147534544486,4
phase6v2-r06-input-downstream-a01,D4-S,LOAD,0.5418545314201645,0.5685788085016514,0.44154122496137904,0.06408509581891088,1.4617395518001541,1.578611246020181,1.184450843171412,-0.8738234076420621,1.4617395518001541,1.6207063164715967,-0.15896676467144255,1
phase6v2-r06-input-downstream-a01,D4-S,DOWNSTREAM,0.456925921371466,5.0,3.580006758169659,0.0,0.6489502622351332,22.87090485877113,3.757743970409169,-0.9106821480779783,0.6489502622351332,1.00323543740991,-0.35428517517477676,2
phase6v2-r06-load-medium-a01,D4-S,INPUT,-1.2411072279876811,-1.8837255109492448,-1.9436443207437673,1.8837255109492448,-1.7366426469121334,-1.8926249210700754,-1.9436915258074419,1.943117512146791,-1.7366426469121334,0.8604953396015236,-2.597137986513657,4
phase6v2-r06-load-medium-a01,D4-S,OUTPUT,0.49804397189884814,1.4663122581266932,-0.7080606324359623,0.0,1.617933438570406,1.7305748043890345,-1.0819077438524107,-1.382682189761037,1.617933438570406,2.0787265640639885,-0.4607931254935824,2
phase6v2-r06-load-medium-a01,D4-S,LOAD,3.595308045775797,3.630956869678485,3.1746091595713133,0.11904313032151495,9.682837048936719,10.08104639600201,8.516007754706994,-0.6149946289925262,9.682837048936719,1.6207063164715967,8.062130732465121,1
phase6v2-r06-load-medium-a01,D4-S,DOWNSTREAM,-1.0713981854673134,-0.12541117338295216,0.905638760362474,0.12541117338295216,-1.5245953900627656,-0.5736534029336698,0.9506011639097702,1.5557939919759387,-1.5245953900627656,1.00323543740991,-2.5278308274726755,3
phase6v2-r06-output-medium-a01,D4-S,INPUT,-0.2880105112688673,0.6497725416223263,0.5681232840329091,0.0,-0.40300412836967797,0.6528423053960503,0.5681370819770657,-0.5357531491962996,-0.40300412836967797,0.8604953396015236,-1.2634994679712015,4
phase6v2-r06-output-medium-a01,D4-S,OUTPUT,1.1736599236931546,2.648296570976973,2.7063913095543985,0.0,3.8171493466907345,3.1255793538395396,4.135331893298824,-1.382682189761037,3.8171493466907345,2.0787265640639885,1.738422782626746,1
phase6v2-r06-output-medium-a01,D4-S,LOAD,0.5668783928249853,0.2541971788081853,0.6744595115127682,0.2516474548263908,1.5291136262364171,0.705757089735149,1.809262854597897,0.009514883872557679,1.5291136262364171,1.6207063164715967,-0.09159269023517957,2
phase6v2-r06-output-medium-a01,D4-S,DOWNSTREAM,-0.04935002802484866,-0.018231775062835236,0.5672502551141521,0.04096977615980587,-0.07106317192411199,-0.08339543857372414,0.5954126262482465,-0.10492479300607849,-0.07106317192411199,1.00323543740991,-1.0742986093340219,3
phase6v2-r06-output-control-a01,D4-S,INPUT,0.549169055610246,0.6397679558995254,0.5823200438515954,0.0,0.7684351366509651,0.6427904543413744,0.5823341865908074,-0.5357531491962996,0.7684351366509651,0.8604953396015236,-0.0920602029505585,1
phase6v2-r06-output-control-a01,D4-S,OUTPUT,0.05060039482577949,-0.08387798117102327,-0.6154036994004739,0.27472706126529867,0.1614476494590404,-0.09899468551332856,-0.9403291151581011,-0.49932834082084226,0.1614476494590404,2.0787265640639885,-1.917278914604948,3
phase6v2-r06-output-control-a01,D4-S,LOAD,-0.4793118536208918,-0.10767084686368811,0.18092088171484358,0.35072646914136113,-1.2876418855631167,-0.29893905151943645,0.48532702900664726,0.4761345600862067,-1.2876418855631167,1.6207063164715967,-2.9083482020347136,4
phase6v2-r06-output-control-a01,D4-S,DOWNSTREAM,0.6257117681652048,0.10222058685624019,0.27819018519830757,0.0,0.8889934191979451,0.46757546331936406,0.2920015412458084,-0.9106821480779783,0.8889934191979451,1.00323543740991,-0.11424201821196489,2
phase6v2-r06-output-downstream-a01,D4-S,INPUT,-0.34324376328179423,0.461626020425004,0.5792551790572769,0.0,-0.48029029576136967,0.4638069110347717,0.5792692473604738,-0.5357531491962996,-0.48029029576136967,0.8604953396015236,-1.3407856353628933,4
phase6v2-r06-output-downstream-a01,D4-S,OUTPUT,1.2522821388067513,2.649320754287596,1.4023976804408493,0.0,4.073074663063553,3.1267881180864565,2.1428460232419946,-1.382682189761037,4.073074663063553,2.0787265640639885,1.9943480989995641,1
phase6v2-r06-output-downstream-a01,D4-S,LOAD,1.205493328942141,0.014244459233355766,0.3570970842267192,0.25357835393668365,3.248516141540372,0.039548543144808324,0.9579262786694183,0.018608590787947802,3.248516141540372,1.6207063164715967,1.6278098250687751,2
phase6v2-r06-output-downstream-a01,D4-S,DOWNSTREAM,-0.2061615398225863,5.0,2.6312056793923677,0.0,-0.2940767187059058,22.87090485877113,2.7618376010268024,-0.9106821480779783,-0.2940767187059058,1.00323543740991,-1.2973121561158156,3
phase6v2-r06-baseline-a01,D4-SM,INPUT,0.5853083758178282,0.6463289436240001,0.5770686002342936,0.0,0.8190037606083495,0.6493824385779303,0.5770826154323049,-0.5357531491962996,0.7341930995931398,0.7593130843143557,-0.025119984721215904,1
phase6v2-r06-baseline-a01,D4-SM,OUTPUT,-0.22808044029945276,-0.7182370806455698,0.4841091628802885,0.7182370806455698,-0.7456939363309031,-0.8476796047051548,0.7397127141332231,0.9267280544200038,-0.7966867705180289,2.0247892656744537,-2.8214760361924824,4
phase6v2-r06-baseline-a01,D4-SM,LOAD,-0.40243257314861136,0.5705459166681299,0.42445569309089515,0.007473383995245677,-1.0806526331311204,1.5840727564164694,1.1386182651787302,-1.1404402974415777,0.2517100616426745,1.0554998402819964,-0.8037897786393219,3
phase6v2-r06-baseline-a01,D4-SM,DOWNSTREAM,0.6811899260648069,0.06912864743934462,0.4211314602675975,0.0,0.9678931161670623,0.3162069437201567,0.4420394464225135,-0.9106821480779783,0.6420500299436095,0.7564437628109518,-0.11439373286734233,2
phase6v2-r06-input-load-a01,D4-SM,INPUT,-3.039581301774482,-4.90139190399764,-4.738739303832763,4.90139190399764,-4.253191342682809,-4.924547876809524,-4.73885439304337,5.91418688715312,-4.588869609746167,0.7593130843143557,-5.348182694060523,4
phase6v2-r06-input-load-a01,D4-SM,OUTPUT,1.8576640355875789,3.8930520084221096,-2.02609917494604,0.0,6.04366978349048,4.594667800539738,-3.0958540649911823,-1.382682189761037,5.319168792015109,2.0247892656744537,3.2943795263406552,2
phase6v2-r06-input-load-a01,D4-SM,LOAD,3.2325311149123275,2.9815803990533682,3.0038311656411008,0.2471266257691743,8.706098904956841,8.278107235938808,8.057889401378931,-0.011776282632082007,8.492103070447826,1.0554998402819964,7.436603230165829,1
phase6v2-r06-input-load-a01,D4-SM,DOWNSTREAM,-2.800593877159971,-0.13740052648346462,-2.473145328007611,0.13740052648346462,-3.983815761470092,-0.6284948737496765,-2.59593000014828,1.7915899945123066,-2.3061553176098846,0.7564437628109518,-3.0625990804208363,3
phase6v2-r06-output-downstream-control-a01,D4-SM,INPUT,0.3278282179788807,0.448967803930795,0.5755422582056124,0.0,0.4587198038693414,0.45108889248377393,0.5755562363335323,-0.5357531491962996,0.45490434817655767,0.7593130843143557,-0.30440873613779806,2
phase6v2-r06-output-downstream-control-a01,D4-SM,OUTPUT,0.2696691483844769,0.20760277320564663,0.7690082173868333,0.23865980256365,0.8745443229743195,0.2450174760797376,1.1750348873578982,-0.6152985391991387,0.5597808995270286,2.0247892656744537,-1.4650083661474251,4
phase6v2-r06-output-downstream-control-a01,D4-SM,LOAD,0.14166653433268966,0.33297925204929046,0.7735476262603265,0.24718146764595436,0.3842761072865029,0.9244888907513188,2.0750704268608873,-0.011518000906501737,0.6543824990189109,1.0554998402819964,-0.4011173412630855,3
phase6v2-r06-output-downstream-control-a01,D4-SM,DOWNSTREAM,0.48212539011248884,5.0,0.9872614446952526,0.0,0.6847883383848048,22.87090485877113,1.036276183712505,-0.9106821480779783,11.777846598577968,0.7564437628109518,11.021402835767017,1
phase6v2-r06-input-medium-a01,D4-SM,INPUT,0.5197440619835525,0.4725380251868503,0.5795245807696346,0.0,0.7272616605282872,0.4747704681088055,0.5795386556157597,-0.5357531491962996,0.6010160643185464,0.7593130843143557,-0.15829701999580936,2
phase6v2-r06-input-medium-a01,D4-SM,OUTPUT,-0.2151003352322217,-0.7359280577260253,0.3937858182335897,0.7359280577260253,-0.7034420423708582,-0.8685588949318992,0.6016997791565682,0.9836113939190643,-0.7860004686513786,2.0247892656744537,-2.8107897343258323,4
phase6v2-r06-input-medium-a01,D4-SM,LOAD,-0.054828527887762206,0.6038475708995055,0.4761171155838467,0.008192138514215408,-0.14476586326438912,1.67653199881993,1.2772019624010296,-1.137055271831083,0.7658830677777705,1.0554998402819964,-0.2896167725042259,3
phase6v2-r06-input-medium-a01,D4-SM,DOWNSTREAM,0.5908169533437209,0.08045647198876557,1.3112218763410723,0.0,0.8393668558900762,0.36802246322548837,1.3763203347159034,-0.9106821480779783,0.6036946595577823,0.7564437628109518,-0.15274910325316948,1
phase6v2-r06-output-load-control-a01,D4-SM,INPUT,-0.17208389994409584,-0.5949503452895133,-0.6818565891427597,0.5949503452895133,-0.24079163568681086,-0.597761108903153,-0.6818731493144763,0.2471660963741094,-0.41927637229498194,0.7593130843143557,-1.1785894566093376,2
phase6v2-r06-output-load-control-a01,D4-SM,OUTPUT,-0.14982052671959717,0.6035074853003171,-0.216831014819243,0.0,-0.4909479575602003,0.712273148186881,-0.3313150644080364,-1.382682189761037,0.11066259531334036,2.0247892656744537,-1.9141266703611133,4
phase6v2-r06-output-load-control-a01,D4-SM,LOAD,3.04694314859058,3.339027784898789,2.7853703798650518,0.4109722151012112,8.206423125301699,9.270529842477893,7.47186017628231,0.7598661925353137,8.738476483889796,1.0554998402819964,7.6829766436078,1
phase6v2-r06-output-load-control-a01,D4-SM,DOWNSTREAM,-0.5526696956249645,-0.10887616282111662,1.0532312689986976,0.10887616282111662,-0.7868722534749395,-0.4980192722539666,1.10552122324756,1.2305980152046159,-0.6424457628644531,0.7564437628109518,-1.398889525675405,3
phase6v2-r06-load-downstream-a01,D4-SM,INPUT,-1.596645442582125,-2.4456891417697424,-2.291262402349814,2.4456891417697424,-2.234136185059377,-2.457243474168046,-2.291318049973427,2.682628204700291,-2.345689829613711,0.7593130843143557,-3.105002913928067,4
phase6v2-r06-load-downstream-a01,D4-SM,OUTPUT,0.7674300842389554,1.728958117483555,-0.7986632970719705,0.0,2.494819518763823,2.0405553724167342,-1.220347476260815,-1.382682189761037,2.267687445590279,2.0247892656744537,0.24289817991582519,3
phase6v2-r06-load-downstream-a01,D4-SM,LOAD,3.5597916364392197,3.788836190504216,3.385114920672288,0.0,9.58721290973451,10.519385053093911,9.08069732871064,-1.1756367317641474,10.05329898141421,1.0554998402819964,8.997799141132214,2
phase6v2-r06-load-downstream-a01,D4-SM,DOWNSTREAM,-1.3735507189137945,5.0,-0.06407887124426548,0.0,-1.954309429424361,22.87090485877113,-0.0672602060035979,-0.9106821480779783,10.458297714673385,0.7564437628109518,9.701853951862434,1
phase6v2-r06-output-load-a01,D4-SM,INPUT,-3.2240431612699245,-5.0,-4.899360098955471,5.0,-4.5113030712301505,-5.023621833619342,-4.899479089144657,6.043949272771594,-4.767462452424747,0.7593130843143557,-5.526775536739103,4
phase6v2-r06-output-load-a01,D4-SM,OUTPUT,2.144373768209717,5.0,-1.5531251052805186,0.0,6.97694645246336,5.90111279094111,-2.373155633287599,-1.382682189761037,6.439029621702235,2.0247892656744537,4.414240356027781,2
phase6v2-r06-output-load-a01,D4-SM,LOAD,3.1674494774697814,2.989863095644985,3.2874040877484987,0.034446934188625815,8.530873546465875,8.301103446475315,8.818584366430196,-1.0134064412350983,8.415988496470595,1.0554998402819964,7.360488656188599,1
phase6v2-r06-output-load-a01,D4-SM,DOWNSTREAM,-3.0989935087800538,-0.15958965911312584,0.18136006544716043,0.15958965911312584,-4.4081925144460525,-0.7299919820040036,0.19036407985875164,2.2279862479181523,-2.569092248225028,0.7564437628109518,-3.3255360110359797,3
phase6v2-r06-downstream-medium-a01,D4-SM,INPUT,0.45635949091934663,0.4558908034392328,0.580144007532105,0.0,0.638569606542904,0.45804459878071874,0.5801580974221758,-0.5357531491962996,0.5483071026618114,0.7593130843143557,-0.21100598165254436,2
phase6v2-r06-downstream-medium-a01,D4-SM,OUTPUT,-0.16091492272807179,-0.7768012865947861,0.36034668213301074,0.7768012865947861,-0.5270616285415102,-0.9167984016688007,0.5506051996281363,1.1150346467778969,-0.7219300151051554,2.0247892656744537,-2.746719280779609,4
phase6v2-r06-downstream-medium-a01,D4-SM,LOAD,0.1922363493910171,0.21894134852054659,-0.030556282661410663,0.02317066219819653,0.520429933782338,0.6078722418518607,-0.08196837059927431,-1.066512847485207,0.5641510878170994,1.0554998402819964,-0.49134875246489695,3
phase6v2-r06-downstream-medium-a01,D4-SM,DOWNSTREAM,0.5516066173238346,5.0,-1.1605938120723065,0.0,0.7836028625068627,22.87090485877113,-1.2182140129921568,-0.9106821480779783,11.827253860638997,0.7564437628109518,11.070810097828046,1
phase6v2-r06-input-downstream-a01,D4-SM,INPUT,0.32222952649625836,0.27720814769251984,0.5878114955454906,0.0,0.45088572944259725,0.2785177806410636,0.5878257716549514,-0.5357531491962996,0.36470175504183044,0.7593130843143557,-0.3946113292725253,3
phase6v2-r06-input-downstream-a01,D4-SM,OUTPUT,-0.11398175344723249,-0.7299920210264241,0.24099195929076,0.7299920210264241,-0.3742881893904603,-0.8615530505127967,0.3682326837827959,0.9645247380872993,-0.6179206199516285,2.0247892656744537,-2.6427098856260822,4
phase6v2-r06-input-downstream-a01,D4-SM,LOAD,0.5418545314201645,0.5685788085016514,0.44154122496137904,0.06408509581891088,1.4617395518001541,1.578611246020181,1.184450843171412,-0.8738234076420621,1.5201753989101676,1.0554998402819964,0.4646755586281712,2
phase6v2-r06-input-downstream-a01,D4-SM,DOWNSTREAM,0.456925921371466,5.0,3.580006758169659,0.0,0.6489502622351332,22.87090485877113,3.757743970409169,-0.9106821480779783,11.759927560503131,0.7564437628109518,11.00348379769218,1
phase6v2-r06-load-medium-a01,D4-SM,INPUT,-1.2411072279876811,-1.8837255109492448,-1.9436443207437673,1.8837255109492448,-1.7366426469121334,-1.8926249210700754,-1.9436915258074419,1.943117512146791,-1.8146337839911044,0.7593130843143557,-2.5739468683054603,4
phase6v2-r06-load-medium-a01,D4-SM,OUTPUT,0.49804397189884814,1.4663122581266932,-0.7080606324359623,0.0,1.617933438570406,1.7305748043890345,-1.0819077438524107,-1.382682189761037,1.6742541214797204,2.0247892656744537,-0.3505351441947333,2
phase6v2-r06-load-medium-a01,D4-SM,LOAD,3.595308045775797,3.630956869678485,3.1746091595713133,0.11904313032151495,9.682837048936719,10.08104639600201,8.516007754706994,-0.6149946289925262,9.881941722469364,1.0554998402819964,8.826441882187368,1
phase6v2-r06-load-medium-a01,D4-SM,DOWNSTREAM,-1.0713981854673134,-0.12541117338295216,0.905638760362474,0.12541117338295216,-1.5245953900627656,-0.5736534029336698,0.9506011639097702,1.5557939919759387,-1.0491243964982178,0.7564437628109518,-1.8055681593091695,3
phase6v2-r06-output-medium-a01,D4-SM,INPUT,-0.2880105112688673,0.6497725416223263,0.5681232840329091,0.0,-0.40300412836967797,0.6528423053960503,0.5681370819770657,-0.5357531491962996,0.12491908851318614,0.7593130843143557,-0.6343939958011696,3
phase6v2-r06-output-medium-a01,D4-SM,OUTPUT,1.1736599236931546,2.648296570976973,2.7063913095543985,0.0,3.8171493466907345,3.1255793538395396,4.135331893298824,-1.382682189761037,3.4713643502651372,2.0247892656744537,1.4465750845906835,1
phase6v2-r06-output-medium-a01,D4-SM,LOAD,0.5668783928249853,0.2541971788081853,0.6744595115127682,0.2516474548263908,1.5291136262364171,0.705757089735149,1.809262854597897,0.009514883872557679,1.117435357985783,1.0554998402819964,0.06193551770378658,2
phase6v2-r06-output-medium-a01,D4-SM,DOWNSTREAM,-0.04935002802484866,-0.018231775062835236,0.5672502551141521,0.04096977615980587,-0.07106317192411199,-0.08339543857372414,0.5954126262482465,-0.10492479300607849,-0.07722930524891806,0.7564437628109518,-0.8336730680598698,4
phase6v2-r06-output-control-a01,D4-SM,INPUT,0.549169055610246,0.6397679558995254,0.5823200438515954,0.0,0.7684351366509651,0.6427904543413744,0.5823341865908074,-0.5357531491962996,0.7056127954961697,0.7593130843143557,-0.053700288818186004,1
phase6v2-r06-output-control-a01,D4-SM,OUTPUT,0.05060039482577949,-0.08387798117102327,-0.6154036994004739,0.27472706126529867,0.1614476494590404,-0.09899468551332856,-0.9403291151581011,-0.49932834082084226,0.031226481972855914,2.0247892656744537,-1.993562783701598,4
phase6v2-r06-output-control-a01,D4-SM,LOAD,-0.4793118536208918,-0.10767084686368811,0.18092088171484358,0.35072646914136113,-1.2876418855631167,-0.29893905151943645,0.48532702900664726,0.4761345600862067,-0.7932904685412765,1.0554998402819964,-1.8487903088232729,3
phase6v2-r06-output-control-a01,D4-SM,DOWNSTREAM,0.6257117681652048,0.10222058685624019,0.27819018519830757,0.0,0.8889934191979451,0.46757546331936406,0.2920015412458084,-0.9106821480779783,0.6782844412586546,0.7564437628109518,-0.07815932155229721,2
phase6v2-r06-output-downstream-a01,D4-SM,INPUT,-0.34324376328179423,0.461626020425004,0.5792551790572769,0.0,-0.48029029576136967,0.4638069110347717,0.5792692473604738,-0.5357531491962996,-0.008241692363298997,0.7593130843143557,-0.7675547766776547,4
phase6v2-r06-output-downstream-a01,D4-SM,OUTPUT,1.2522821388067513,2.649320754287596,1.4023976804408493,0.0,4.073074663063553,3.1267881180864565,2.1428460232419946,-1.382682189761037,3.5999313905750046,2.0247892656744537,1.5751421249005508,2
phase6v2-r06-output-downstream-a01,D4-SM,LOAD,1.205493328942141,0.014244459233355766,0.3570970842267192,0.25357835393668365,3.248516141540372,0.039548543144808324,0.9579262786694183,0.018608590787947802,1.64403234234259,1.0554998402819964,0.5885325020605936,3
phase6v2-r06-output-downstream-a01,D4-SM,DOWNSTREAM,-0.2061615398225863,5.0,2.6312056793923677,0.0,-0.2940767187059058,22.87090485877113,2.7618376010268024,-0.9106821480779783,11.288414070032612,0.7564437628109518,10.53197030722166,1
phase6v2-r06-baseline-a01,D4-SMT,INPUT,0.6121405718240372,0.6463289436240001,0.5770686002342936,0.0,1.0037390417210386,0.8749563623882851,0.6177737590261997,-0.5357531491962996,0.8321563877118412,0.8814004802039145,-0.04924409249207329,1
phase6v2-r06-baseline-a01,D4-SMT,OUTPUT,0.2040548935867618,0.0,0.4841091628802885,0.7182370806455698,-0.6132354361350453,-0.76110574144709,0.42159745584441144,0.9267280544200038,-0.31758124057924125,1.3550518708492174,-1.6726331114284587,4
phase6v2-r06-baseline-a01,D4-SMT,LOAD,0.1950174406830861,0.5780193006633756,0.43442020508455603,0.007473383995245677,-0.6342535928751719,1.7543463326762752,1.2244344093403352,-1.1404402974415777,0.7815090497138127,1.5232121623969888,-0.741703112683176,3
phase6v2-r06-baseline-a01,D4-SMT,DOWNSTREAM,0.6811899260648069,0.06912864743934462,0.45898398427717657,0.0,1.039361963286352,0.10542910558299852,0.13468148710119773,-0.9106821480779783,0.4264908519901827,0.7475025636848852,-0.3210117116947025,2
phase6v2-r06-input-load-a01,D4-SMT,INPUT,0.0,0.0,0.0,4.90139190399764,-1.7412804593665787,-1.4891819243201712,-1.5648455579629477,5.91418688715312,-1.5984359805498993,0.8814004802039145,-2.479836460753814,4
phase6v2-r06-input-load-a01,D4-SMT,OUTPUT,2.6193344218322916,3.8930520084221096,0.2823363497498943,0.0,6.874790175680181,6.129320688639181,-0.31057106344445506,-1.382682189761037,4.231179933624969,1.3550518708492174,2.876128062775752,2
phase6v2-r06-input-load-a01,D4-SMT,LOAD,3.3242965954775916,3.2287070248225427,3.3333333333333335,0.2471266257691743,9.411138719560347,15.914928230498466,14.55664135586901,-0.011776282632082007,13.29423610197594,1.5232121623969888,11.771023939578951,1
phase6v2-r06-input-load-a01,D4-SMT,DOWNSTREAM,0.08092442119810928,0.0,0.0,0.13740052648346462,-1.1820057386018825,-0.21389372916937366,-0.8695942604803988,1.7915899945123066,-0.7551645760838849,0.7475025636848852,-1.50266713976877,3
phase6v2-r06-output-downstream-control-a01,D4-SMT,INPUT,0.3769920930390895,0.448967803930795,0.5755422582056124,0.0,-0.050736334731084326,0.15304992254832822,0.612000747646306,-0.5357531491962996,0.23810477848784994,0.8814004802039145,-0.6432957017160645,3
phase6v2-r06-output-downstream-control-a01,D4-SMT,OUTPUT,0.38563161967141546,0.4462625757692966,0.7690082173868333,0.23865980256365,-0.050298037158662025,0.02874742264804893,1.455404318367821,-0.6152985391991387,0.4779512346190693,1.3550518708492174,-0.8771006362301481,4
phase6v2-r06-output-downstream-control-a01,D4-SMT,LOAD,0.3575406954439567,0.5801607196952449,0.7735476262603265,0.24718146764595436,-0.11253284723141689,1.7657862843921865,2.784093757631766,-0.011518000906501737,1.4791157315975119,1.5232121623969888,-0.04409643079947689,2
phase6v2-r06-output-downstream-control-a01,D4-SMT,DOWNSTREAM,0.48212539011248884,5.0,1.281735852012966,0.0,0.30269539295919656,22.88238014430362,1.93489625569656,-0.9106821480779783,8.37332393098646,0.7475025636848852,7.625821367301575,1
phase6v2-r06-input-medium-a01,D4-SMT,INPUT,0.5298274986992616,0.4725380251868503,0.5795245807696346,0.0,0.6346228593894566,0.23926494207876509,0.627062898231501,-0.5357531491962996,0.5003168998999076,0.8814004802039145,-0.3810835803040069,2
phase6v2-r06-input-medium-a01,D4-SMT,OUTPUT,0.16406861450773194,0.0,0.3937858182335897,0.7359280577260253,-0.7372038126162824,-0.76110574144709,0.09384314404595248,0.9836113939190643,-0.46815547000580665,1.3550518708492174,-1.823207340855024,4
phase6v2-r06-input-medium-a01,D4-SMT,LOAD,0.21093272115374945,0.6120397094137209,0.4870399669361339,0.008192138514215408,-0.583163476531507,1.9360911605999296,1.4664346085343303,-1.137055271831083,0.9397874308675842,1.5232121623969888,-0.5834247315294045,3
phase6v2-r06-input-medium-a01,D4-SMT,DOWNSTREAM,0.5908169533437209,0.08045647198876557,1.3112218763410723,0.0,0.7049239502760453,0.15775521321981395,1.9994128840315384,-0.9106821480779783,0.9540306825091326,0.7475025636848852,0.20652811882424738,1
phase6v2-r06-output-load-control-a01,D4-SMT,INPUT,0.36475233687785125,0.0,0.0,0.5949503452895133,-0.10562302399437055,-1.4891819243201712,-1.5648455579629477,0.2471660963741094,-1.0532168354258298,0.8814004802039145,-1.9346173156297444,4
phase6v2-r06-output-load-control-a01,D4-SMT,OUTPUT,0.32978280503410623,0.6035074853003171,0.1294131219158755,0.0,-0.223444602391827,0.30705977971008935,-0.8654801790533582,-1.382682189761037,-0.26062166724503194,1.3550518708492174,-1.6156735380942493,3
phase6v2-r06-output-load-control-a01,D4-SMT,LOAD,3.048528802661084,3.75,3.3333333333333335,0.4109722151012112,8.525888305984454,18.69979488999959,14.55664135586901,0.7598661925353137,13.927441517284352,1.5232121623969888,12.404229354887363,1
phase6v2-r06-output-load-control-a01,D4-SMT,DOWNSTREAM,0.04079537655790747,0.0,1.0532312689986976,0.10887616282111662,-1.3305089641723262,-0.21389372916937366,1.4349188734925364,1.2305980152046159,-0.036494606616387815,0.7475025636848852,-0.783997170301273,2
phase6v2-r06-load-downstream-a01,D4-SMT,INPUT,0.01685318792445245,0.0,0.0,2.4456891417697424,-1.665705776626199,-1.4891819243201712,-1.5648455579629477,2.682628204700291,-1.5732444196364392,0.8814004802039145,-2.454644899840354,4
phase6v2-r06-load-downstream-a01,D4-SMT,OUTPUT,1.3149424004851897,1.728958117483555,0.35413606764565647,0.0,2.830818970910537,2.299027717712488,-0.05003302404503473,-1.382682189761037,1.6932712215259969,1.3550518708492174,0.33821935067677944,3
phase6v2-r06-load-downstream-a01,D4-SMT,LOAD,3.595920783070414,3.788836190504216,3.385114920672288,0.0,10.283087622468518,18.907266728806565,14.794786759984564,-1.1756367317641474,14.661713703753216,1.5232121623969888,13.138501541356227,1
phase6v2-r06-load-downstream-a01,D4-SMT,DOWNSTREAM,0.07409103798929219,5.0,0.03305626356638118,0.0,-1.207293643090185,22.88238014430362,-0.7972658025328683,-0.9106821480779783,6.959273566226855,0.7475025636848852,6.21177100254197,2
phase6v2-r06-output-load-a01,D4-SMT,INPUT,0.0,0.0,0.0,5.0,-1.7412804593665787,-1.4891819243201712,-1.5648455579629477,6.043949272771594,-1.5984359805498993,0.8814004802039145,-2.479836460753814,4
phase6v2-r06-output-load-a01,D4-SMT,OUTPUT,2.8934987918795074,5.0,0.8465206219538932,0.0,7.724774535979881,8.088540262741569,1.7366718568330162,-1.382682189761037,5.849995551851489,1.3550518708492174,4.494943681002272,2
phase6v2-r06-output-load-a01,D4-SMT,LOAD,3.3296034427514565,3.024310029833611,3.3333333333333335,0.034446934188625815,9.42817438821473,14.822992594010902,14.55664135586901,-1.0134064412350983,12.935936112698215,1.5232121623969888,11.412723950301226,1
phase6v2-r06-output-load-a01,D4-SMT,DOWNSTREAM,0.036752651293249054,0.0,0.18136006544716043,0.15958965911312584,-1.3454696428348691,-0.21389372916937366,-0.4727710127254091,2.2279862479181523,-0.6773781282432173,0.7475025636848852,-1.4248806919281025,3
phase6v2-r06-downstream-medium-a01,D4-SMT,INPUT,0.4608600078715558,0.4558908034392328,0.580144007532105,0.0,0.3253522180088132,0.1783728302692657,0.6294057268253267,-0.5357531491962996,0.3777102583678018,0.8814004802039145,-0.5036902218361127,2
phase6v2-r06-downstream-medium-a01,D4-SMT,OUTPUT,0.15860993647107816,0.0,0.36034668213301074,0.7768012865947861,-0.7541272040776461,-0.76110574144709,-0.027496705387765705,1.1150346467778969,-0.5142432169708339,1.3550518708492174,-1.8692950878200514,4
phase6v2-r06-downstream-medium-a01,D4-SMT,LOAD,0.39560822926032785,0.24211201071874314,0.00033793360285137766,0.02317066219819653,0.009668878033795302,-0.04014746830337154,-0.7719257502031138,-1.066512847485207,-0.26746811349089666,1.5232121623969888,-1.7906802758878855,3
phase6v2-r06-downstream-medium-a01,D4-SMT,DOWNSTREAM,0.5516066173238346,5.0,0.026567508827524573,0.0,0.5598205363557289,22.88238014430362,-0.8114634635394964,-0.9106821480779783,7.5435790723732845,0.7475025636848852,6.796076508688399,1
phase6v2-r06-input-downstream-a01,D4-SMT,INPUT,0.36581048179296716,0.27720814769251984,0.5878114955454906,0.0,-0.10087798901275717,-0.4752115585915533,0.6584061046729578,-0.5357531491962996,0.027438852356215793,0.8814004802039145,-0.8539616278476987,3
phase6v2-r06-input-downstream-a01,D4-SMT,OUTPUT,0.12790730701202743,0.0,0.29402025819553623,0.7299920210264241,-0.849313733442405,-0.76110574144709,-0.2681739247346726,0.9645247380872993,-0.6261977998747226,1.3550518708492174,-1.98124967072394,4
phase6v2-r06-input-downstream-a01,D4-SMT,LOAD,0.6511616463562013,0.6326639043205624,0.5269880193865936,0.06408509581891088,0.8300285214290788,2.0462703410417222,1.6501571551640903,-0.8738234076420621,1.5088186725449637,1.5232121623969888,-0.014393489852025043,2
phase6v2-r06-input-downstream-a01,D4-SMT,DOWNSTREAM,0.457104388449395,5.0,3.580006758169659,0.0,0.21010162484714845,22.88238014430362,6.963607085466396,-0.9106821480779783,10.018696284872389,0.7475025636848852,9.271193721187505,1
phase6v2-r06-load-medium-a01,D4-SMT,INPUT,0.021585940949664397,0.0,0.0,1.8837255109492448,-1.644482711294446,-1.4891819243201712,-1.5648455579629477,1.943117512146791,-1.5661700645258552,0.8814004802039145,-2.4475705447297695,4
phase6v2-r06-load-medium-a01,D4-SMT,OUTPUT,0.9554431322424828,1.4663122581266932,0.26746632496686285,0.0,1.7162731402730127,1.8341631417576578,-0.36452959164391574,-1.382682189761037,1.061968896795585,1.3550518708492174,-0.2930829740536325,2
phase6v2-r06-load-medium-a01,D4-SMT,LOAD,3.605670147424401,3.75,3.3333333333333335,0.11904313032151495,10.314384347652855,18.69979488999959,14.55664135586901,-0.6149946289925262,14.523606864507151,1.5232121623969888,13.000394702110162,1
phase6v2-r06-load-medium-a01,D4-SMT,DOWNSTREAM,0.04412364654272242,0.0,0.905638760362474,0.12541117338295216,-1.3181922286819638,-0.21389372916937366,1.1119804224232381,1.5557939919759387,-0.1400351784760331,0.7475025636848852,-0.8875377421609183,3
phase6v2-r06-output-medium-a01,D4-SMT,INPUT,0.2366439951367815,0.6497725416223263,0.5681232840329091,0.0,-0.6800987449605012,0.8875523353091758,0.5839403119632495,-0.5357531491962996,0.26379796743730805,0.8814004802039145,-0.6176025127666065,4
phase6v2-r06-output-medium-a01,D4-SMT,OUTPUT,1.1844122382002522,2.648296570976973,2.7063913095543985,0.0,2.426139849146934,3.92619169200349,8.485543254731475,-1.382682189761037,4.945958265293966,1.3550518708492174,3.5909063944447492,1
phase6v2-r06-output-medium-a01,D4-SMT,LOAD,1.0577052443400832,0.5058446336345761,0.6744595115127682,0.2516474548263908,2.135086246176983,1.3687727043328741,2.3283839128342176,0.009514883872557679,1.9440809544480249,1.5232121623969888,0.4208687920510361,2
phase6v2-r06-output-medium-a01,D4-SMT,DOWNSTREAM,0.3186132354749434,0.022738001096970634,0.8197988198292616,0.04096977615980587,-0.30240454404061357,-0.10886110903518104,0.9241591184029826,-0.10492479300607849,0.17096448844239598,0.7475025636848852,-0.5765380752424892,3
phase6v2-r06-output-control-a01,D4-SMT,INPUT,0.5927500109069548,0.6397679558995254,0.5823200438515954,0.0,0.9167860274880281,0.8509576192853021,0.6376360462422234,-0.5357531491962996,0.8017932310051846,0.8814004802039145,-0.07960724919872986,1
phase6v2-r06-output-control-a01,D4-SMT,OUTPUT,0.3296080756786039,0.19084908009427543,0.30363795831427437,0.27472706126529867,-0.2239863110735082,-0.4233163816352128,-0.2332743902252828,-0.49932834082084226,-0.29352569431133463,1.3550518708492174,-1.648577565160552,3
phase6v2-r06-output-control-a01,D4-SMT,LOAD,0.05501297000470971,0.24305562227767302,0.32407416303689734,0.35072646914136113,-1.0836861183513216,-0.03510647888837097,0.7169489472980629,0.4761345600862067,-0.13394788331387655,1.5232121623969888,-1.6571600457108653,4
phase6v2-r06-output-control-a01,D4-SMT,DOWNSTREAM,0.6392932465666671,0.10222058685624019,0.27819018519830757,0.0,0.8843173540276565,0.2582892047383978,-0.26090274665803825,-0.9106821480779783,0.293901270702672,0.7475025636848852,-0.4536012929822132,2
phase6v2-r06-output-downstream-a01,D4-SMT,INPUT,0.17291777270132544,0.461626020425004,0.5792551790572769,0.0,-0.9658659875968192,0.19935107392120133,0.6260439528562313,-0.5357531491962996,-0.0468236536064622,0.8814004802039145,-0.9282241338103767,4
phase6v2-r06-output-downstream-a01,D4-SMT,OUTPUT,1.2522821388067513,2.649320754287596,1.4023976804408493,0.0,2.6365550611625745,3.928004423951972,3.7537705754598285,-1.382682189761037,3.439443353524792,1.3550518708492174,2.0843914826755743,2
phase6v2-r06-output-downstream-a01,D4-SMT,LOAD,1.524533918972779,0.2678228131700394,0.3570970842267192,0.25357835393668365,3.6336668928395826,0.09720553652325305,0.8688225633065483,0.018608590787947802,1.533231664223128,1.5232121623969888,0.01001950182613931,3
phase6v2-r06-output-downstream-a01,D4-SMT,DOWNSTREAM,0.24628128429474447,5.0,2.6312056793923677,0.0,-0.5700791961130031,22.88238014430362,4.887591482883047,-0.9106821480779783,9.066630810357887,0.7475025636848852,8.319128246673003,1
phase6v2-r06-baseline-a01,D4-FULL,INPUT,0.5853083758178282,0.6463289436240001,0.5770686002342936,0.0,0.8190037606083495,0.6493824385779303,0.5770826154323049,-0.5357531491962996,1.2175760874024943,1.2355717724632562,-0.01799568506076188,1
phase6v2-r06-baseline-a01,D4-FULL,OUTPUT,-0.22808044029945276,-0.7182370806455698,0.4841091628802885,0.7182370806455698,-0.7456939363309031,-0.8476796047051548,0.7397127141332231,0.9267280544200038,-1.2112816633876153,2.2695965375587517,-3.480878200946367,4
phase6v2-r06-baseline-a01,D4-FULL,LOAD,-0.40243257314861136,0.5705459166681299,0.42445569309089515,0.007473383995245677,-1.0806526331311204,1.5840727564164694,1.1386182651787302,-1.1404402974415777,1.6877864269296041,1.9828383505374503,-0.29505192360784616,3
phase6v2-r06-baseline-a01,D4-FULL,DOWNSTREAM,0.6811899260648069,0.06912864743934462,0.4211314602675975,0.0,0.9678931161670623,0.3162069437201567,0.4420394464225135,-0.9106821480779783,1.4860619835145559,1.6245216369189361,-0.13845965340438027,2
phase6v2-r06-input-load-a01,D4-FULL,INPUT,-3.039581301774482,-4.90139190399764,-4.738739303832763,4.90139190399764,-4.253191342682809,-4.924547876809524,-4.73885439304337,5.91418688715312,-10.553051424665021,1.2355717724632562,-11.788623197128278,4
phase6v2-r06-input-load-a01,D4-FULL,OUTPUT,1.8576640355875789,3.8930520084221096,-2.02609917494604,0.0,6.04366978349048,4.594667800539738,-3.0958540649911823,-1.382682189761037,3.896843362774049,2.2695965375587517,1.6272468252152974,2
phase6v2-r06-input-load-a01,D4-FULL,LOAD,3.2325311149123275,2.9815803990533682,3.0038311656411008,0.2471266257691743,8.706098904956841,8.278107235938808,8.057889401378931,-0.011776282632082007,8.359141463390277,1.9828383505374503,6.376303112852826,1
phase6v2-r06-input-load-a01,D4-FULL,DOWNSTREAM,-2.800593877159971,-0.13740052648346462,-2.473145328007611,0.13740052648346462,-3.983815761470092,-0.6284948737496765,-2.59593000014828,1.7915899945123066,-4.194336872968323,1.6245216369189361,-5.818858509887259,3
phase6v2-r06-output-downstream-control-a01,D4-FULL,INPUT,0.3278282179788807,0.448967803930795,0.5755422582056124,0.0,0.4587198038693414,0.45108889248377393,0.5755562363335323,-0.5357531491962996,1.030874793425182,1.2355717724632562,-0.20469697903807416,2
phase6v2-r06-output-downstream-control-a01,D4-FULL,OUTPUT,0.2696691483844769,0.20760277320564663,0.7690082173868333,0.23865980256365,0.8745443229743195,0.2450174760797376,1.1750348873578982,-0.6152985391991387,1.3801641013364572,2.2695965375587517,-0.8894324362222945,4
phase6v2-r06-output-downstream-control-a01,D4-FULL,LOAD,0.14166653433268966,0.33297925204929046,0.7735476262603265,0.24718146764595436,0.3842761072865029,0.9244888907513188,2.0750704268608873,-0.011518000906501737,1.1394631425394046,1.9828383505374503,-0.8433752079980457,3
phase6v2-r06-output-downstream-control-a01,D4-FULL,DOWNSTREAM,0.48212539011248884,5.0,0.9872614446952526,0.0,0.6847883383848048,22.87090485877113,1.036276183712505,-0.9106821480779783,9.108005275034126,1.6245216369189361,7.48348363811519,1
phase6v2-r06-input-medium-a01,D4-FULL,INPUT,0.5197440619835525,0.4725380251868503,0.5795245807696346,0.0,0.7272616605282872,0.4747704681088055,0.5795386556157597,-0.5357531491962996,1.1296100772805837,1.2355717724632562,-0.10596169518267251,3
phase6v2-r06-input-medium-a01,D4-FULL,OUTPUT,-0.2151003352322217,-0.7359280577260253,0.3937858182335897,0.7359280577260253,-0.7034420423708582,-0.8685588949318992,0.6016997791565682,0.9836113939190643,-1.3070451133011272,2.2695965375587517,-3.576641650859879,4
phase6v2-r06-input-medium-a01,D4-FULL,LOAD,-0.054828527887762206,0.6038475708995055,0.4761171155838467,0.008192138514215408,-0.14476586326438912,1.67653199881993,1.2772019624010296,-1.137055271831083,2.07337797114994,1.9828383505374503,0.09053962061248955,2
phase6v2-r06-input-medium-a01,D4-FULL,DOWNSTREAM,0.5908169533437209,0.08045647198876557,1.3112218763410723,0.0,0.8393668558900762,0.36802246322548837,1.3763203347159034,-0.9106821480779783,1.7719186993551341,1.6245216369189361,0.147397062436198,1
phase6v2-r06-output-load-control-a01,D4-FULL,INPUT,-0.17208389994409584,-0.5949503452895133,-0.6818565891427597,0.5949503452895133,-0.24079163568681086,-0.597761108903153,-0.6818731493144763,0.2471660963741094,-0.7539747276755895,1.2355717724632562,-1.9895465001388457,3
phase6v2-r06-output-load-control-a01,D4-FULL,OUTPUT,-0.14982052671959717,0.6035074853003171,-0.216831014819243,0.0,-0.4909479575602003,0.712273148186881,-0.3313150644080364,-1.382682189761037,1.3460188985005852,2.2695965375587517,-0.9235776390581665,2
phase6v2-r06-output-load-control-a01,D4-FULL,LOAD,3.04694314859058,3.339027784898789,2.7853703798650518,0.4109722151012112,8.206423125301699,9.270529842477893,7.47186017628231,0.7598661925353137,7.55640485548532,1.9828383505374503,5.57356650494787,1
phase6v2-r06-output-load-control-a01,D4-FULL,DOWNSTREAM,-0.5526696956249645,-0.10887616282111662,1.0532312689986976,0.10887616282111662,-0.7868722534749395,-0.4980192722539666,1.10552122324756,1.2305980152046159,-1.2903881160317312,1.6245216369189361,-2.9149097529506673,4
phase6v2-r06-load-downstream-a01,D4-FULL,INPUT,-1.596645442582125,-2.4456891417697424,-2.291262402349814,2.4456891417697424,-2.234136185059377,-2.457243474168046,-2.291318049973427,2.682628204700291,-5.010194107767241,1.2355717724632562,-6.245765880230497,4
phase6v2-r06-load-downstream-a01,D4-FULL,OUTPUT,0.7674300842389554,1.728958117483555,-0.7986632970719705,0.0,2.494819518763823,2.0405553724167342,-1.220347476260815,-1.382682189761037,2.4876913280676183,2.2695965375587517,0.2180947905088666,3
phase6v2-r06-load-downstream-a01,D4-FULL,LOAD,3.5597916364392197,3.788836190504216,3.385114920672288,0.0,9.58721290973451,10.519385053093911,9.08069732871064,-1.1756367317641474,10.904735162277166,1.9828383505374503,8.921896811739716,1
phase6v2-r06-load-downstream-a01,D4-FULL,DOWNSTREAM,-1.3735507189137945,5.0,-0.06407887124426548,0.0,-1.954309429424361,22.87090485877113,-0.0672602060035979,-0.9106821480779783,7.860460555859035,1.6245216369189361,6.235938918940099,2
phase6v2-r06-output-load-a01,D4-FULL,INPUT,-3.2240431612699245,-5.0,-4.899360098955471,5.0,-4.5113030712301505,-5.023621833619342,-4.899479089144657,6.043949272771594,-10.855417270769644,1.2355717724632562,-12.0909890432329,4
phase6v2-r06-output-load-a01,D4-FULL,OUTPUT,2.144373768209717,5.0,-1.5531251052805186,0.0,6.97694645246336,5.90111279094111,-2.373155633287599,-1.382682189761037,4.884316726466661,2.2695965375587517,2.6147201889079095,2
phase6v2-r06-output-load-a01,D4-FULL,LOAD,3.1674494774697814,2.989863095644985,3.2874040877484987,0.034446934188625815,8.530873546465875,8.301103446475315,8.818584366430196,-1.0134064412350983,9.563593561025561,1.9828383505374503,7.58075521048811,1
phase6v2-r06-output-load-a01,D4-FULL,DOWNSTREAM,-3.0989935087800538,-0.15958965911312584,0.18136006544716043,0.15958965911312584,-4.4081925144460525,-0.7299919820040036,0.19036407985875164,2.2279862479181523,-3.877259720115254,1.6245216369189361,-5.50178135703419,3
phase6v2-r06-downstream-medium-a01,D4-FULL,INPUT,0.45635949091934663,0.4558908034392328,0.580144007532105,0.0,0.638569606542904,0.45804459878071874,0.5801580974221758,-0.5357531491962996,1.0946772501115658,1.2355717724632562,-0.14089452235169042,2
phase6v2-r06-downstream-medium-a01,D4-FULL,OUTPUT,-0.16091492272807179,-0.7768012865947861,0.36034668213301074,0.7768012865947861,-0.5270616285415102,-0.9167984016688007,0.5506051996281363,1.1150346467778969,-1.4127862569719551,2.2695965375587517,-3.6823827945307066,4
phase6v2-r06-downstream-medium-a01,D4-FULL,LOAD,0.1922363493910171,0.21894134852054659,-0.030556282661410663,0.02317066219819653,0.520429933782338,0.6078722418518607,-0.08196837059927431,-1.066512847485207,1.4152907824968486,1.9828383505374503,-0.5675475680406017,3
phase6v2-r06-downstream-medium-a01,D4-FULL,DOWNSTREAM,0.5516066173238346,5.0,-1.1605938120723065,0.0,0.7836028625068627,22.87090485877113,-1.2182140129921568,-0.9106821480779783,8.38944671750659,1.6245216369189361,6.764925080587655,1
phase6v2-r06-input-downstream-a01,D4-FULL,INPUT,0.32222952649625836,0.27720814769251984,0.5878114955454906,0.0,0.45088572944259725,0.2785177806410636,0.5878257716549514,-0.5357531491962996,0.9748295764425037,1.2355717724632562,-0.26074219602075255,3
phase6v2-r06-input-downstream-a01,D4-FULL,OUTPUT,-0.11398175344723249,-0.7299920210264241,0.24099195929076,0.7299920210264241,-0.3742881893904603,-0.8615530505127967,0.3682326837827959,0.9645247380872993,-1.2537275901274532,2.2695965375587517,-3.523324127686205,4
phase6v2-r06-input-downstream-a01,D4-FULL,LOAD,0.5418545314201645,0.5685788085016514,0.44154122496137904,0.06408509581891088,1.4617395518001541,1.578611246020181,1.184450843171412,-0.8738234076420621,2.2820906213059775,1.9828383505374503,0.29925227076852723,2
phase6v2-r06-input-downstream-a01,D4-FULL,DOWNSTREAM,0.456925921371466,5.0,3.580006758169659,0.0,0.6489502622351332,22.87090485877113,3.757743970409169,-0.9106821480779783,10.00321517854979,1.6245216369189361,8.378693541630852,1
phase6v2-r06-load-medium-a01,D4-FULL,INPUT,-1.2411072279876811,-1.8837255109492448,-1.9436443207437673,1.8837255109492448,-1.7366426469121334,-1.8926249210700754,-1.9436915258074419,1.943117512146791,-3.8007705434100076,1.2355717724632562,-5.036342315873264,4
phase6v2-r06-load-medium-a01,D4-FULL,OUTPUT,0.49804397189884814,1.4663122581266932,-0.7080606324359623,0.0,1.617933438570406,1.7305748043890345,-1.0819077438524107,-1.382682189761037,2.1382156894633804,2.2695965375587517,-0.13138084809537132,2
phase6v2-r06-load-medium-a01,D4-FULL,LOAD,3.595308045775797,3.630956869678485,3.1746091595713133,0.11904313032151495,9.682837048936719,10.08104639600201,8.516007754706994,-0.6149946289925262,10.041625028874433,1.9828383505374503,8.058786678336983,1
phase6v2-r06-load-medium-a01,D4-FULL,DOWNSTREAM,-1.0713981854673134,-0.12541117338295216,0.905638760362474,0.12541117338295216,-1.5245953900627656,-0.5736534029336698,0.9506011639097702,1.5557939919759387,-1.9383432016714939,1.6245216369189361,-3.5628648385904302,3
phase6v2-r06-output-medium-a01,D4-FULL,INPUT,-0.2880105112688673,0.6497725416223263,0.5681232840329091,0.0,-0.40300412836967797,0.6528423053960503,0.5681370819770657,-0.5357531491962996,0.8084115688641123,1.2355717724632562,-0.427160203599144,2
phase6v2-r06-output-medium-a01,D4-FULL,OUTPUT,1.1736599236931546,2.648296570976973,2.7063913095543985,0.0,3.8171493466907345,3.1255793538395396,4.135331893298824,-1.382682189761037,5.075369054370737,2.2695965375587517,2.805772516811985,1
phase6v2-r06-output-medium-a01,D4-FULL,LOAD,0.5668783928249853,0.2541971788081853,0.6744595115127682,0.2516474548263908,1.5291136262364171,0.705757089735149,1.809262854597897,0.009514883872557679,1.3385296396505968,1.9828383505374503,-0.6443087108868535,3
phase6v2-r06-output-medium-a01,D4-FULL,DOWNSTREAM,-0.04935002802484866,-0.018231775062835236,0.5672502551141521,0.04096977615980587,-0.07106317192411199,-0.08339543857372414,0.5954126262482465,-0.10492479300607849,0.2519094649228819,1.6245216369189361,-1.3726121719960542,4
phase6v2-r06-output-control-a01,D4-FULL,INPUT,0.549169055610246,0.6397679558995254,0.5823200438515954,0.0,0.7684351366509651,0.6427904543413744,0.5823341865908074,-0.5357531491962996,1.2002730750573485,1.2355717724632562,-0.03529869740590774,1
phase6v2-r06-output-control-a01,D4-FULL,OUTPUT,0.05060039482577949,-0.08387798117102327,-0.6154036994004739,0.27472706126529867,0.1614476494590404,-0.09899468551332856,-0.9403291151581011,-0.49932834082084226,0.20670295708337916,2.2695965375587517,-2.0628935804753725,3
phase6v2-r06-output-control-a01,D4-FULL,LOAD,-0.4793118536208918,-0.10767084686368811,0.18092088171484358,0.35072646914136113,-1.2876418855631167,-0.29893905151943645,0.48532702900664726,0.4761345600862067,-0.8432191961115086,1.9828383505374503,-2.826057546648959,4
phase6v2-r06-output-control-a01,D4-FULL,DOWNSTREAM,0.6257117681652048,0.10222058685624019,0.27819018519830757,0.0,0.8889934191979451,0.46757546331936406,0.2920015412458084,-0.9106821480779783,1.460205622665684,1.6245216369189361,-0.16431601425325204,2
phase6v2-r06-output-downstream-a01,D4-FULL,INPUT,-0.34324376328179423,0.461626020425004,0.5792551790572769,0.0,-0.48029029576136967,0.4638069110347717,0.5792692473604738,-0.5357531491962996,0.7233484367409249,1.2355717724632562,-0.5122233357223314,3
phase6v2-r06-output-downstream-a01,D4-FULL,OUTPUT,1.2522821388067513,2.649320754287596,1.4023976804408493,0.0,4.073074663063553,3.1267881180864565,2.1428460232419946,-1.382682189761037,4.496918457891705,2.2695965375587517,2.2273219203329533,2
phase6v2-r06-output-downstream-a01,D4-FULL,LOAD,1.205493328942141,0.014244459233355766,0.3570970842267192,0.25357835393668365,3.248516141540372,0.039548543144808324,0.9579262786694183,0.018608590787947802,1.3967217303302517,1.9828383505374503,-0.5861166202071986,4
phase6v2-r06-output-downstream-a01,D4-FULL,DOWNSTREAM,-0.2061615398225863,5.0,2.6312056793923677,0.0,-0.2940767187059058,22.87090485877113,2.7618376010268024,-0.9106821480779783,9.35690406177532,1.6245216369189361,7.732382424856383,1
phase6v2-r06-baseline-a01,D4-FULL,INPUT,0.5853083758178282,0.811838343368381,0.5770686002342936,0.0,0.8190037606083495,1.25635601784726,0.5770826154323049,-0.9134897191351147,1.7976371837644196,1.792139593617666,0.00549759014675355,1
phase6v2-r06-baseline-a01,D4-FULL,OUTPUT,-0.22808044029945276,-0.4788247204303799,0.4841091628802885,0.4788247204303799,-0.7456939363309031,-0.8476796047051549,0.7397127141332231,0.9267280544200038,-1.2112816633876153,2.2695965375587512,-3.480878200946367,4
phase6v2-r06-baseline-a01,D4-FULL,LOAD,-0.40243257314861136,0.5705459166681299,0.42445569309089515,0.007473383995245677,-1.0806526331311204,1.5840727564164694,1.1386182651787302,-1.1404402974415777,1.6877864269296041,1.9828383505374503,-0.29505192360784616,3
phase6v2-r06-baseline-a01,D4-FULL,DOWNSTREAM,0.6811899260648069,0.06912864743934462,0.4211314602675975,0.0,0.9678931161670623,0.3162069437201567,0.4420394464225135,-0.9106821480779783,1.4860619835145559,1.6245216369189361,-0.13845965340438027,2
phase6v2-r06-input-load-a01,D4-FULL,INPUT,-3.039581301774482,-1.6009279359984265,-4.738739303832763,3.2675946026650933,-4.253191342682809,-2.477507330075379,-4.73885439304337,5.953395045149953,-9.77657940041714,1.792139593617666,-11.568718994034805,4
phase6v2-r06-input-load-a01,D4-FULL,OUTPUT,1.8576640355875789,2.59536800561474,-2.02609917494604,0.0,6.04366978349048,4.594667800539739,-3.0958540649911823,-1.3826821897610366,3.8968433627740486,2.2695965375587512,1.6272468252152974,2
phase6v2-r06-input-load-a01,D4-FULL,LOAD,3.2325311149123275,2.9815803990533682,3.0038311656411008,0.2471266257691743,8.706098904956841,8.278107235938808,8.057889401378931,-0.011776282632082007,8.359141463390277,1.9828383505374503,6.376303112852826,1
phase6v2-r06-input-load-a01,D4-FULL,DOWNSTREAM,-2.800593877159971,-0.13740052648346462,-2.473145328007611,0.13740052648346462,-3.983815761470092,-0.6284948737496765,-2.59593000014828,1.7915899945123066,-4.194336872968323,1.6245216369189361,-5.818858509887259,3
phase6v2-r06-output-downstream-control-a01,D4-FULL,INPUT,0.3278282179788807,0.013597583572910965,0.5755422582056124,0.2857142857142857,0.4587198038693414,0.02104286658736426,0.5755562363335323,-0.31305811298978287,0.6648310819198622,1.792139593617666,-1.1273085116978039,4
phase6v2-r06-output-downstream-control-a01,D4-FULL,OUTPUT,0.2696691483844769,0.1384018488037644,0.7690082173868333,0.15910653504243333,0.8745443229743195,0.24501747607973756,1.1750348873578982,-0.6152985391991385,1.3801641013364567,2.2695965375587512,-0.8894324362222945,3
phase6v2-r06-output-downstream-control-a01,D4-FULL,LOAD,0.14166653433268966,0.33297925204929046,0.7735476262603265,0.24718146764595436,0.3842761072865029,0.9244888907513188,2.0750704268608873,-0.011518000906501737,1.1394631425394046,1.9828383505374503,-0.8433752079980457,2
phase6v2-r06-output-downstream-control-a01,D4-FULL,DOWNSTREAM,0.48212539011248884,5.0,0.9872614446952526,0.0,0.6847883383848048,22.87090485877113,1.036276183712505,-0.9106821480779783,9.108005275034126,1.6245216369189361,7.48348363811519,1
phase6v2-r06-input-medium-a01,D4-FULL,INPUT,0.5197440619835525,1.9816920167912333,0.5795245807696346,0.0,0.7272616605282872,3.066756714748819,0.5795386556157597,-0.9134897191351147,2.37134206276607,1.792139593617666,0.5792024691484039,1
phase6v2-r06-input-medium-a01,D4-FULL,OUTPUT,-0.2151003352322217,-0.49061870515068357,0.3937858182335897,0.49061870515068357,-0.7034420423708582,-0.8685588949318993,0.6016997791565682,0.9836113939190643,-1.3070451133011274,2.2695965375587512,-3.5766416508598784,4
phase6v2-r06-input-medium-a01,D4-FULL,LOAD,-0.054828527887762206,0.6038475708995055,0.4761171155838467,0.008192138514215408,-0.14476586326438912,1.67653199881993,1.2772019624010296,-1.137055271831083,2.07337797114994,1.9828383505374503,0.09053962061248955,3
phase6v2-r06-input-medium-a01,D4-FULL,DOWNSTREAM,0.5908169533437209,0.08045647198876557,1.3112218763410723,0.0,0.8393668558900762,0.36802246322548837,1.3763203347159034,-0.9106821480779783,1.7719186993551341,1.6245216369189361,0.147397062436198,2
phase6v2-r06-output-load-control-a01,D4-FULL,INPUT,-0.17208389994409584,-0.682347849240628,-0.6818565891427597,0.682347849240628,-0.24079163568681086,-1.0559637071362138,-0.6818731493144763,0.5204715336076557,-1.1800143643201562,1.792139593617666,-2.972153957937822,4
phase6v2-r06-output-load-control-a01,D4-FULL,OUTPUT,-0.14982052671959717,0.4023383235335447,-0.216831014819243,0.0,-0.4909479575602003,0.7122731481868811,-0.3313150644080364,-1.3826821897610366,1.3460188985005848,2.2695965375587512,-0.9235776390581665,2
phase6v2-r06-output-load-control-a01,D4-FULL,LOAD,3.04694314859058,3.339027784898789,2.7853703798650518,0.4109722151012112,8.206423125301699,9.270529842477893,7.47186017628231,0.7598661925353137,7.55640485548532,1.9828383505374503,5.57356650494787,1
phase6v2-r06-output-load-control-a01,D4-FULL,DOWNSTREAM,-0.5526696956249645,-0.10887616282111662,1.0532312689986976,0.10887616282111662,-0.7868722534749395,-0.4980192722539666,1.10552122324756,1.2305980152046159,-1.2903881160317312,1.6245216369189361,-2.9149097529506673,3
phase6v2-r06-load-downstream-a01,D4-FULL,INPUT,-1.596645442582125,-1.2495070468941138,-2.291262402349814,1.630459427846495,-2.234136185059377,-1.9336678422882179,-2.291318049973427,2.5129380864232296,-4.66597877886357,1.792139593617666,-6.458118372481236,4
phase6v2-r06-load-downstream-a01,D4-FULL,OUTPUT,0.7674300842389554,1.1526387449890367,-0.7986632970719705,0.0,2.494819518763823,2.0405553724167342,-1.220347476260815,-1.3826821897610366,2.4876913280676174,2.2695965375587512,0.21809479050886615,3
phase6v2-r06-load-downstream-a01,D4-FULL,LOAD,3.5597916364392197,3.788836190504216,3.385114920672288,0.0,9.58721290973451,10.519385053093911,9.08069732871064,-1.1756367317641474,10.904735162277166,1.9828383505374503,8.921896811739716,1
phase6v2-r06-load-downstream-a01,D4-FULL,DOWNSTREAM,-1.3735507189137945,5.0,-0.06407887124426548,0.0,-1.954309429424361,22.87090485877113,-0.0672602060035979,-0.9106821480779783,7.860460555859035,1.6245216369189361,6.235938918940099,2
phase6v2-r06-output-load-a01,D4-FULL,INPUT,-3.2240431612699245,-3.619047619047619,-4.899360098955471,3.619047619047619,-4.5113030712301505,-5.600637481842991,-4.899479089144657,6.691977292039088,-11.69578383944502,1.792139593617666,-13.487923433062686,4
phase6v2-r06-output-load-a01,D4-FULL,OUTPUT,2.144373768209717,5.0,-1.5531251052805186,0.0,6.97694645246336,8.851669186411668,-2.373155633287599,-1.3826821897610366,5.867835524956847,2.2695965375587512,3.598238987398096,2
phase6v2-r06-output-load-a01,D4-FULL,LOAD,3.1674494774697814,2.989863095644985,3.2874040877484987,0.034446934188625815,8.530873546465875,8.301103446475315,8.818584366430196,-1.0134064412350983,9.563593561025561,1.9828383505374503,7.58075521048811,1
phase6v2-r06-output-load-a01,D4-FULL,DOWNSTREAM,-3.0989935087800538,-0.15958965911312584,0.18136006544716043,0.15958965911312584,-4.4081925144460525,-0.7299919820040036,0.19036407985875164,2.2279862479181523,-3.877259720115254,1.6245216369189361,-5.50178135703419,3
phase6v2-r06-downstream-medium-a01,D4-FULL,INPUT,0.45635949091934663,0.6848795832452028,0.580144007532105,0.0,0.638569606542904,1.0598816783409721,0.5801580974221758,-0.9134897191351147,1.6730261799037986,1.792139593617666,-0.11911341371386741,2
phase6v2-r06-downstream-medium-a01,D4-FULL,OUTPUT,-0.16091492272807179,-0.5178675243965241,0.36034668213301074,0.5178675243965241,-0.5270616285415102,-0.9167984016688009,0.5506051996281363,1.1150346467778967,-1.412786256971955,2.2695965375587512,-3.682382794530706,4
phase6v2-r06-downstream-medium-a01,D4-FULL,LOAD,0.1922363493910171,0.21894134852054659,-0.030556282661410663,0.02317066219819653,0.520429933782338,0.6078722418518607,-0.08196837059927431,-1.066512847485207,1.4152907824968486,1.9828383505374503,-0.5675475680406017,3
phase6v2-r06-downstream-medium-a01,D4-FULL,DOWNSTREAM,0.5516066173238346,5.0,-1.1605938120723065,0.0,0.7836028625068627,22.87090485877113,-1.2182140129921568,-0.9106821480779783,8.38944671750659,1.6245216369189361,6.764925080587655,1
phase6v2-r06-input-downstream-a01,D4-FULL,INPUT,0.32222952649625836,1.85147209846168,0.5878114955454906,0.0,0.45088572944259725,2.865235587576982,0.5878257716549514,-0.9134897191351147,2.214805415359958,1.792139593617666,0.42266582174229206,2
phase6v2-r06-input-downstream-a01,D4-FULL,OUTPUT,-0.11398175344723249,-0.4866613473509494,0.24099195929076,0.4866613473509494,-0.3742881893904603,-0.8615530505127967,0.3682326837827959,0.9645247380872991,-1.2537275901274527,2.2695965375587512,-3.523324127686204,4
phase6v2-r06-input-downstream-a01,D4-FULL,LOAD,0.5418545314201645,0.5685788085016514,0.44154122496137904,0.06408509581891088,1.4617395518001541,1.578611246020181,1.184450843171412,-0.8738234076420621,2.2820906213059775,1.9828383505374503,0.29925227076852723,3
phase6v2-r06-input-downstream-a01,D4-FULL,DOWNSTREAM,0.456925921371466,5.0,3.580006758169659,0.0,0.6489502622351332,22.87090485877113,3.757743970409169,-0.9106821480779783,10.00321517854979,1.6245216369189361,8.378693541630852,1
phase6v2-r06-load-medium-a01,D4-FULL,INPUT,-1.2411072279876811,-0.8748646263471155,-1.9436443207437673,1.2558170072994965,-1.7366426469121334,-1.3538919996713499,-1.9436915258074419,1.7256230603759974,-3.403698451172972,1.792139593617666,-5.195838044790638,4
phase6v2-r06-load-medium-a01,D4-FULL,OUTPUT,0.49804397189884814,0.9775415054177955,-0.7080606324359623,0.0,1.617933438570406,1.7305748043890348,-1.0819077438524107,-1.3826821897610366,2.13821568946338,2.2695965375587512,-0.13138084809537132,2
phase6v2-r06-load-medium-a01,D4-FULL,LOAD,3.595308045775797,3.630956869678485,3.1746091595713133,0.11904313032151495,9.682837048936719,10.08104639600201,8.516007754706994,-0.6149946289925262,10.041625028874433,1.9828383505374503,8.058786678336983,1
phase6v2-r06-load-medium-a01,D4-FULL,DOWNSTREAM,-1.0713981854673134,-0.12541117338295216,0.905638760362474,0.12541117338295216,-1.5245953900627656,-0.5736534029336698,0.9506011639097702,1.5557939919759387,-1.9383432016714939,1.6245216369189361,-3.5628648385904302,3
phase6v2-r06-output-medium-a01,D4-FULL,INPUT,-0.2880105112688673,0.14746740870059852,0.5681232840329091,0.2857142857142857,-0.40300412836967797,0.22821238719599277,0.5681370819770657,-0.31305811298978287,0.4441732265909097,1.792139593617666,-1.3479663670267563,3
phase6v2-r06-output-medium-a01,D4-FULL,OUTPUT,1.1736599236931546,3.4321977139846482,2.7063913095543985,0.0,3.8171493466907345,6.076135749310095,4.135331893298824,-1.3826821897610366,6.058887852860922,2.2695965375587512,3.7892913153021706,1
phase6v2-r06-output-medium-a01,D4-FULL,LOAD,0.5668783928249853,0.2541971788081853,0.6744595115127682,0.2516474548263908,1.5291136262364171,0.705757089735149,1.809262854597897,0.009514883872557679,1.3385296396505968,1.9828383505374503,-0.6443087108868535,2
phase6v2-r06-output-medium-a01,D4-FULL,DOWNSTREAM,-0.04935002802484866,-0.018231775062835236,0.5672502551141521,0.04096977615980587,-0.07106317192411199,-0.08339543857372414,0.5954126262482465,-0.10492479300607849,0.2519094649228819,1.6245216369189361,-1.3726121719960542,4
phase6v2-r06-output-control-a01,D4-FULL,INPUT,0.549169055610246,0.1407976848853979,0.5823200438515954,0.2857142857142857,0.7684351366509651,0.2178906923400451,0.5823341865908074,-0.31305811298978287,0.8359447848503887,1.792139593617666,-0.9561948087672774,2
phase6v2-r06-output-control-a01,D4-FULL,OUTPUT,0.05060039482577949,-0.05591865411401551,-0.6154036994004739,0.18315137417686578,0.1614476494590404,-0.09899468551332861,-0.9403291151581011,-0.4993283408208421,0.206702957083379,2.2695965375587512,-2.062893580475372,3
phase6v2-r06-output-control-a01,D4-FULL,LOAD,-0.4793118536208918,-0.10767084686368811,0.18092088171484358,0.35072646914136113,-1.2876418855631167,-0.29893905151943645,0.48532702900664726,0.4761345600862067,-0.8432191961115086,1.9828383505374503,-2.826057546648959,4
phase6v2-r06-output-control-a01,D4-FULL,DOWNSTREAM,0.6257117681652048,0.10222058685624019,0.27819018519830757,0.0,0.8889934191979451,0.46757546331936406,0.2920015412458084,-0.9106821480779783,1.460205622665684,1.6245216369189361,-0.16431601425325204,1
phase6v2-r06-output-downstream-a01,D4-FULL,INPUT,-0.34324376328179423,0.022036394569050304,0.5792551790572769,0.2857142857142857,-0.48029029576136967,0.03410230269934455,0.5792692473604738,-0.31305811298978287,0.35741853108926575,1.792139593617666,-1.4347210625284004,4
phase6v2-r06-output-downstream-a01,D4-FULL,OUTPUT,1.2522821388067513,3.432880502858397,1.4023976804408493,0.0,4.073074663063553,6.077344513557012,2.1428460232419946,-1.3826821897610366,5.48043725638189,2.2695965375587512,3.210840718823139,2
phase6v2-r06-output-downstream-a01,D4-FULL,LOAD,1.205493328942141,0.014244459233355766,0.3570970842267192,0.25357835393668365,3.248516141540372,0.039548543144808324,0.9579262786694183,0.018608590787947802,1.3967217303302517,1.9828383505374503,-0.5861166202071986,3
phase6v2-r06-output-downstream-a01,D4-FULL,DOWNSTREAM,-0.2061615398225863,5.0,2.6312056793923677,0.0,-0.2940767187059058,22.87090485877113,2.7618376010268024,-0.9106821480779783,9.35690406177532,1.6245216369189361,7.732382424856383,1
phase6v2-r07-output-load-a01,D4-S,INPUT,-3.3243927641669617,-5.0,-4.766946597788198,5.0,-4.688642238141083,-5.023330101793576,-4.767047248587078,6.048775532381668,-4.688642238141083,0.8717826459852714,-5.560424884126354,4
phase6v2-r07-output-load-a01,D4-S,OUTPUT,2.186812485087713,5.0,-4.725178671269239,0.0,7.094918521000801,5.887599716755382,-7.16326104453809,-1.352139024254161,7.094918521000801,2.077052827440597,5.0178656935602035,2
phase6v2-r07-output-load-a01,D4-S,LOAD,3.1229643040465427,3.28236183747865,3.646358601771007,0.0,8.491596386700381,9.939049013026988,12.199025308394946,-1.1400982126030326,8.491596386700381,1.5817236328251096,6.909872753875272,1
phase6v2-r07-output-load-a01,D4-S,DOWNSTREAM,-3.0456343069462437,-0.13147325161106777,-1.4359955196047824,0.13301206201473267,-4.325139354218179,-0.6013847561145463,-1.5304385081896204,1.7068935715783466,-4.325139354218179,1.0088525210404957,-5.3339918752586755,3
phase6v2-r07-load-downstream-a01,D4-S,INPUT,-1.4623611343444514,-2.2329894906055476,-1.9816986531336265,2.2329894906055476,-2.0624783737373535,-2.24340866502951,-1.9817404953377469,2.4041252550215493,-2.0624783737373535,0.8717826459852714,-2.934261019722625,4
phase6v2-r07-load-downstream-a01,D4-S,OUTPUT,0.7199136827476694,1.54584024141954,-1.2808528769421856,0.0,2.33354757654402,1.8202577135061508,-1.9417431922674708,-1.352139024254161,2.33354757654402,2.077052827440597,0.25649474910342285,2
phase6v2-r07-load-downstream-a01,D4-S,LOAD,3.5369290985522635,3.5940061683254454,3.1253415577672605,0.15599383167455463,9.616839521242982,10.882713493752735,10.455943839989777,-0.38874151247146993,9.616839521242982,1.5817236328251096,8.035115888417872,1
phase6v2-r07-load-downstream-a01,D4-S,DOWNSTREAM,-1.2331088846733915,5.0,-0.9506548085900444,0.0,-1.751679242555881,22.870992720770296,-1.0131777621856801,-0.9107639536915095,-1.751679242555881,1.0088525210404957,-2.7605317635963766,3
phase6v2-r07-baseline-a01,D4-S,INPUT,0.5713728103533336,0.6561956495878771,0.581285211302911,0.0,0.8058502356352345,0.6592574718481545,0.5812974847403607,-0.5371233375104698,0.8058502356352345,0.8717826459852714,-0.06593241035003694,2
phase6v2-r07-baseline-a01,D4-S,OUTPUT,-0.2511964949429843,-0.8093201788881215,0.29588057436893567,0.8093201788881215,-0.8185551973804547,-0.9529906511972239,0.44854807398071095,1.1826088065653768,-0.8185551973804547,2.077052827440597,-2.8956080248210516,4
phase6v2-r07-baseline-a01,D4-S,LOAD,-0.4553878829778902,0.4211111248329449,0.22520626490924667,0.02724203189384743,-1.2351153647963973,1.2751318461771475,0.7534357492712475,-1.0088847987845762,-1.2351153647963973,1.5817236328251096,-2.816838997621507,3
phase6v2-r07-baseline-a01,D4-S,DOWNSTREAM,0.712129729871334,0.08254436600879649,0.6775173702666892,0.003225716598251467,1.0102097332791278,0.37757431882555675,0.7220765380304834,-0.8472823325520253,1.0102097332791278,1.0088525210404957,0.001357212238632055,1
phase6v2-r07-input-downstream-a01,D4-S,INPUT,0.32131716194970616,0.2766844738071108,0.5834600641199226,0.0,0.45317786562278406,0.27797548919483517,0.5834723834778938,-0.5371233375104698,0.45317786562278406,0.8717826459852714,-0.4186047803624874,3
phase6v2-r07-input-downstream-a01,D4-S,OUTPUT,-0.11699057943502725,-0.7548154656961615,0.17723719041141134,0.7548154656961615,-0.3829394987007307,-0.8888102644070606,0.26868746137305627,1.0119029386818332,-0.3829394987007307,2.077052827440597,-2.459992326141328,4
phase6v2-r07-input-downstream-a01,D4-S,LOAD,0.5239500033092587,0.3250061949949885,0.1174257933536695,0.07327723751720182,1.4269304119655384,0.984124438905224,0.3928522620578309,-0.7871525686333016,1.4269304119655384,1.5817236328251096,-0.15479322085957126,1
phase6v2-r07-input-downstream-a01,D4-S,DOWNSTREAM,0.4703560645622577,5.0,-3.4139337758007917,0.0,0.6669346122366403,22.870992720770296,-3.6384624071339062,-0.9107639536915095,0.6669346122366403,1.0088525210404957,-0.3419179088038554,2
phase6v2-r07-output-downstream-control-a01,D4-S,INPUT,0.4315681657195308,0.4541246234685539,0.5773369541972504,0.0,0.6086731845407294,0.4562435782070521,0.5773491442699669,-0.5371233375104698,0.6086731845407294,0.8717826459852714,-0.26310946144454206,1
phase6v2-r07-output-downstream-control-a01,D4-S,OUTPUT,0.07901019280500689,-0.15456280667377623,0.4412220862432952,0.47093119819127627,0.25325461403974464,-0.18200078735868852,0.6688824280008548,0.12279248520174799,0.25325461403974464,2.077052827440597,-1.8237982134008524,4
phase6v2-r07-output-downstream-control-a01,D4-S,LOAD,0.07367986833005993,-0.37486006363907465,-0.1717465569595411,0.3821601870873135,0.20300174750054178,-1.1350828245057591,-0.5745843521702839,0.7006067307221201,0.20300174750054178,1.5817236328251096,-1.378721885324568,3
phase6v2-r07-output-downstream-control-a01,D4-S,DOWNSTREAM,0.5099414104027914,5.0,-0.9383077613281214,0.0,0.7231386837906972,22.870992720770296,-1.0000186705770346,-0.9107639536915095,0.7231386837906972,1.0088525210404957,-0.2857138372497985,2
phase6v2-r07-output-load-control-a01,D4-S,INPUT,-0.13679138926284776,-0.5474789221339298,-0.7172708193868527,0.5474789221339298,-0.19292722942516155,-0.5500334699305741,-0.7172859640668912,0.184004825403853,-0.19292722942516155,0.8717826459852714,-1.064709875410433,2
phase6v2-r07-output-load-control-a01,D4-S,OUTPUT,-0.18375450947051158,0.5955104913469903,0.04791957848777395,0.0,-0.5996469062612221,0.7012254800358796,0.07264496725579966,-1.352139024254161,-0.5996469062612221,2.077052827440597,-2.676699733701819,4
phase6v2-r07-output-load-control-a01,D4-S,LOAD,2.9120199478205846,3.614031726384674,3.152042301846232,0.13596827361532585,7.918205383977111,10.943351233562913,10.545272150324955,-0.4851962059690045,7.918205383977111,1.5817236328251096,6.336481751152001,1
phase6v2-r07-output-load-control-a01,D4-S,DOWNSTREAM,-0.517935010639375,-0.09386183131541255,-1.137711216586867,0.09386183131541255,-0.7362609675274163,-0.4293426521545939,-1.2125365527205951,0.9364228755088791,-0.7362609675274163,1.0088525210404957,-1.745113488567912,3
phase6v2-r07-downstream-medium-a01,D4-S,INPUT,0.4263013820937091,0.4416072115791417,0.579382882867164,0.0,0.6012450417432386,0.4436677598189254,0.5793951161382571,-0.5371233375104698,0.6012450417432386,0.8717826459852714,-0.2705376042420329,2
phase6v2-r07-downstream-medium-a01,D4-S,OUTPUT,-0.10688796591523528,-0.6360017203815823,0.8045889064541248,0.6360017203815823,-0.3501476725710212,-0.7489047097549081,1.219738082183926,0.6397845965673129,-0.3501476725710212,2.077052827440597,-2.4272005000116184,4
phase6v2-r07-downstream-medium-a01,D4-S,LOAD,0.24510508401411535,0.46773790618743005,0.3017448054944437,0.0014030936681283972,0.6689714376677626,1.4163185550617177,1.009498220256121,-1.1333401003293382,0.6689714376677626,1.5817236328251096,-0.9127521951573471,3
phase6v2-r07-downstream-medium-a01,D4-S,DOWNSTREAM,0.5266170664302177,5.0,-3.251671611201318,0.0,0.7468151161844396,22.870992720770296,-3.4655285353112535,-0.9107639536915095,0.7468151161844396,1.0088525210404957,-0.2620374048560561,1
phase6v2-r07-output-control-a01,D4-S,INPUT,0.6087953258448157,0.6523229366751024,0.5832590079439005,0.0,0.8586300361095083,0.6553666887780853,0.5832713230567088,-0.5371233375104698,0.8586300361095083,0.8717826459852714,-0.013152609875763166,1
phase6v2-r07-output-control-a01,D4-S,OUTPUT,-0.027337403252861523,-0.2585834259336448,-0.8669594496310105,0.48702215000341875,-0.09193644690801746,-0.3044871410569129,-1.3142903760436748,0.1731884919560638,-0.09193644690801746,2.077052827440597,-2.1689892743486143,3
phase6v2-r07-output-control-a01,D4-S,LOAD,-0.5727565821801763,-0.46519438215853537,-0.2957554635099849,0.4839511542495847,-1.554148105600502,-1.4086167198464952,-0.9894606588342798,1.190891021897204,-1.554148105600502,1.5817236328251096,-3.1358717384256116,4
phase6v2-r07-output-control-a01,D4-S,DOWNSTREAM,0.679692165766903,0.12345463908812504,0.3206631276316752,0.0,0.9641542262410169,0.5647060303859665,0.34175259740302355,-0.9107639536915095,0.9641542262410169,1.0088525210404957,-0.044698294799478844,2
phase6v2-r07-input-load-a01,D4-S,INPUT,-2.988695242988789,-4.9184884716192,-4.792235765568817,4.9184884716192,-4.215182665613812,-4.941438238961881,-4.792336950331081,5.941410195852409,-4.215182665613812,0.8717826459852714,-5.086965311599083,4
phase6v2-r07-input-load-a01,D4-S,OUTPUT,1.8419560198506821,3.9812064609063036,-2.5150793161136518,0.0,5.975557355139657,4.68795000631533,-3.8128017885514294,-1.352139024254161,5.975557355139657,2.077052827440597,3.8985045276990595,2
phase6v2-r07-input-load-a01,D4-S,LOAD,3.275142556972828,3.2642410767173384,3.3996657779465767,0.0,8.90524879532235,9.884179032726962,11.373705494876882,-1.1400982126030326,8.90524879532235,1.5817236328251096,7.323525162497241,1
phase6v2-r07-input-load-a01,D4-S,DOWNSTREAM,-2.850670705098229,-0.1333253427729017,-2.0301162357815774,0.1333253427729017,-4.0483261043644365,-0.6098565888106477,-2.163633535706428,1.7130588901345885,-4.0483261043644365,1.0088525210404957,-5.057178625404932,3
phase6v2-r07-output-medium-a01,D4-S,INPUT,-0.11777185482889577,0.660699193025392,0.5791777296784477,0.0,-0.16610254328758597,0.6637820289110352,0.5791899586178724,-0.5371233375104698,-0.16610254328758597,0.8717826459852714,-1.0378851892728573,4
phase6v2-r07-output-medium-a01,D4-S,OUTPUT,1.1238548102994106,2.5862640025309886,2.7187114690380683,0.0,3.644690202693718,3.045377441751218,4.121503399630843,-1.352139024254161,3.644690202693718,2.077052827440597,1.567637375253121,1
phase6v2-r07-output-medium-a01,D4-S,LOAD,0.36264962628101227,0.012089996008824183,0.34909415200672317,0.35398963846276615,0.9884821568019968,0.0366087192237486,1.1679071809542585,0.5649210422033978,0.9884821568019968,1.5817236328251096,-0.5932414760231128,2
phase6v2-r07-output-medium-a01,D4-S,DOWNSTREAM,0.06975771312073265,-0.02327654570497372,-0.043465819537676115,0.03668833542216409,0.09815700196748765,-0.10647154147662613,-0.04632449273155707,-0.1887429891806732,0.09815700196748765,1.0088525210404957,-0.910695519073008,3
phase6v2-r07-load-medium-a01,D4-S,INPUT,-1.4231335533734044,-1.964138901034855,-1.9538606113143868,1.964138901034855,-2.007152753063577,-1.9733036131344281,-1.9539018657374,2.0500006962168573,-2.007152753063577,0.8717826459852714,-2.8789353990488484,4
phase6v2-r07-load-medium-a01,D4-S,OUTPUT,0.5873471512078182,1.520411861247743,-0.8383920215045719,0.0,1.9032531141895934,1.7903152887267468,-1.2709828189591104,-1.352139024254161,1.9032531141895934,2.077052827440597,-0.17379971325100363,2
phase6v2-r07-load-medium-a01,D4-S,LOAD,3.5151019216325987,4.084381340860789,3.7791751211477194,0.0,9.557508676443424,12.367578086970223,12.643367804073376,-1.1400982126030326,9.557508676443424,1.5817236328251096,7.975785043618314,1
phase6v2-r07-load-medium-a01,D4-S,DOWNSTREAM,-1.0578109400537692,-0.13233858693294237,0.07313454087628452,0.13233858693294237,-1.502787689040846,-0.6053429716840703,0.07794447552777793,1.6936396825007165,-1.502787689040846,1.0088525210404957,-2.5116402100813415,3
phase6v2-r07-input-medium-a01,D4-S,INPUT,0.5862868389608195,0.4731867603264984,0.5808729584465702,0.0,0.8268846167780489,0.4753946593836564,0.5808852231795844,-0.5371233375104698,0.8268846167780489,0.8717826459852714,-0.04489802920722252,1
phase6v2-r07-input-medium-a01,D4-S,OUTPUT,-0.24309873382443375,-0.7636306045863301,0.45679037643547993,0.7636306045863301,-0.7922708726243693,-0.8991902662536438,0.6924835940989372,1.0395114856612564,-0.7922708726243693,2.077052827440597,-2.8693237000649665,4
phase6v2-r07-input-medium-a01,D4-S,LOAD,-0.03803957022817771,0.07657802207208689,-0.2270664850699524,0.17174054479694612,-0.10067511802303972,0.23187958926544883,-0.7596591834690287,-0.3128962160097359,-0.10067511802303972,1.5817236328251096,-1.6823987508481493,3
phase6v2-r07-input-medium-a01,D4-S,DOWNSTREAM,0.5842622123180563,0.08219478066584571,-1.2275922652712143,0.0,0.8286608556981417,0.3759752460587737,-1.3083289254578374,-0.9107639536915095,0.8286608556981417,1.0088525210404957,-0.18019166534235398,2
phase6v2-r07-output-downstream-a01,D4-S,INPUT,-0.2690284268960547,0.4591534126184965,0.5721096648014538,0.0,-0.37943111271377505,0.46129583178954797,0.5721217445035497,-0.5371233375104698,-0.37943111271377505,0.8717826459852714,-1.2512137586990466,4
phase6v2-r07-output-downstream-a01,D4-S,OUTPUT,1.1916165812516193,2.6090573661868626,-0.10828211106070473,0.0,3.8646364776801714,3.072217082032063,-0.16415316370949914,-1.352139024254161,3.8646364776801714,2.077052827440597,1.7875836502395743,1
phase6v2-r07-output-downstream-a01,D4-S,LOAD,1.0968533467645485,-0.4014896882263091,-0.20026231972826122,0.4895795108527379,2.984201857594854,-1.2157177931886574,-0.669984873538327,1.2180004492323278,2.984201857594854,1.5817236328251096,1.4024782247697443,2
phase6v2-r07-output-downstream-a01,D4-S,DOWNSTREAM,-0.14369416589404557,5.0,-2.2543916911512474,0.0,-0.20490627629267633,22.870992720770296,-2.402659207202933,-0.9107639536915095,-0.20490627629267633,1.0088525210404957,-1.213758797333172,3
phase6v2-r07-output-load-a01,D4-SM,INPUT,-3.3243927641669617,-5.0,-4.766946597788198,5.0,-4.688642238141083,-5.023330101793576,-4.767047248587078,6.048775532381668,-4.855986169967329,0.7657747158819018,-5.6217608858492305,4
phase6v2-r07-output-load-a01,D4-SM,OUTPUT,2.186812485087713,5.0,-4.725178671269239,0.0,7.094918521000801,5.887599716755382,-7.16326104453809,-1.352139024254161,6.491259118878091,2.020261648339888,4.470997470538203,2
phase6v2-r07-output-load-a01,D4-SM,LOAD,3.1229643040465427,3.28236183747865,3.646358601771007,0.0,8.491596386700381,9.939049013026988,12.199025308394946,-1.1400982126030326,9.215322699863684,0.917816567625419,8.297506132238265,1
phase6v2-r07-output-load-a01,D4-SM,DOWNSTREAM,-3.0456343069462437,-0.13147325161106777,-1.4359955196047824,0.13301206201473267,-4.325139354218179,-0.6013847561145463,-1.5304385081896204,1.7068935715783466,-2.463262055166363,0.7412172498233075,-3.2044793049896705,3
phase6v2-r07-load-downstream-a01,D4-SM,INPUT,-1.4623611343444514,-2.2329894906055476,-1.9816986531336265,2.2329894906055476,-2.0624783737373535,-2.24340866502951,-1.9817404953377469,2.4041252550215493,-2.152943519383432,0.7657747158819018,-2.9187182352653336,4
phase6v2-r07-load-downstream-a01,D4-SM,OUTPUT,0.7199136827476694,1.54584024141954,-1.2808528769421856,0.0,2.33354757654402,1.8202577135061508,-1.9417431922674708,-1.352139024254161,2.0769026450250854,2.020261648339888,0.05664099668519729,3
phase6v2-r07-load-downstream-a01,D4-SM,LOAD,3.5369290985522635,3.5940061683254454,3.1253415577672605,0.15599383167455463,9.616839521242982,10.882713493752735,10.455943839989777,-0.38874151247146993,10.24977650749786,0.917816567625419,9.33195993987244,2
phase6v2-r07-load-downstream-a01,D4-SM,DOWNSTREAM,-1.2331088846733915,5.0,-0.9506548085900444,0.0,-1.751679242555881,22.870992720770296,-1.0131777621856801,-0.9107639536915095,10.559656739107208,0.7412172498233075,9.8184394892839,1
phase6v2-r07-baseline-a01,D4-SM,INPUT,0.5713728103533336,0.6561956495878771,0.581285211302911,0.0,0.8058502356352345,0.6592574718481545,0.5812974847403607,-0.5371233375104698,0.7325538537416945,0.7657747158819018,-0.03322086214020736,1
phase6v2-r07-baseline-a01,D4-SM,OUTPUT,-0.2511964949429843,-0.8093201788881215,0.29588057436893567,0.8093201788881215,-0.8185551973804547,-0.9529906511972239,0.44854807398071095,1.1826088065653768,-0.8857729242888392,2.020261648339888,-2.9060345726287276,4
phase6v2-r07-baseline-a01,D4-SM,LOAD,-0.4553878829778902,0.4211111248329449,0.22520626490924667,0.02724203189384743,-1.2351153647963973,1.2751318461771475,0.7534357492712475,-1.0088847987845762,0.0200082406903751,0.917816567625419,-0.8978083269350439,3
phase6v2-r07-baseline-a01,D4-SM,DOWNSTREAM,0.712129729871334,0.08254436600879649,0.6775173702666892,0.003225716598251467,1.0102097332791278,0.37757431882555675,0.7220765380304834,-0.8472823325520253,0.6938920260523422,0.7412172498233075,-0.04732522377096526,2
phase6v2-r07-input-downstream-a01,D4-SM,INPUT,0.32131716194970616,0.2766844738071108,0.5834600641199226,0.0,0.45317786562278406,0.27797548919483517,0.5834723834778938,-0.5371233375104698,0.3655766774088096,0.7657747158819018,-0.4001980384730922,3
phase6v2-r07-input-downstream-a01,D4-SM,OUTPUT,-0.11699057943502725,-0.7548154656961615,0.17723719041141134,0.7548154656961615,-0.3829394987007307,-0.8888102644070606,0.26868746137305627,1.0119029386818332,-0.6358748815538956,2.020261648339888,-2.6561365298937836,4
phase6v2-r07-input-downstream-a01,D4-SM,LOAD,0.5239500033092587,0.3250061949949885,0.1174257933536695,0.07327723751720182,1.4269304119655384,0.984124438905224,0.3928522620578309,-0.7871525686333016,1.2055274254353812,0.917816567625419,0.2877108578099622,2
phase6v2-r07-input-downstream-a01,D4-SM,DOWNSTREAM,0.4703560645622577,5.0,-3.4139337758007917,0.0,0.6669346122366403,22.870992720770296,-3.6384624071339062,-0.9107639536915095,11.768963666503469,0.7412172498233075,11.027746416680161,1
phase6v2-r07-output-downstream-control-a01,D4-SM,INPUT,0.4315681657195308,0.4541246234685539,0.5773369541972504,0.0,0.6086731845407294,0.4562435782070521,0.5773491442699669,-0.5371233375104698,0.5324583813738908,0.7657747158819018,-0.23331633450801104,2
phase6v2-r07-output-downstream-control-a01,D4-SM,OUTPUT,0.07901019280500689,-0.15456280667377623,0.4412220862432952,0.47093119819127627,0.25325461403974464,-0.18200078735868852,0.6688824280008548,0.12279248520174799,0.03562691334052806,2.020261648339888,-1.98463473499936,4
phase6v2-r07-output-downstream-control-a01,D4-SM,LOAD,0.07367986833005993,-0.37486006363907465,-0.1717465569595411,0.3821601870873135,0.20300174750054178,-1.1350828245057591,-0.5745843521702839,0.7006067307221201,-0.4660405385026087,0.917816567625419,-1.3838571061280276,3
phase6v2-r07-output-downstream-control-a01,D4-SM,DOWNSTREAM,0.5099414104027914,5.0,-0.9383077613281214,0.0,0.7231386837906972,22.870992720770296,-1.0000186705770346,-0.9107639536915095,11.797065702280497,0.7412172498233075,11.05584845245719,1
phase6v2-r07-output-load-control-a01,D4-SM,INPUT,-0.13679138926284776,-0.5474789221339298,-0.7172708193868527,0.5474789221339298,-0.19292722942516155,-0.5500334699305741,-0.7172859640668912,0.184004825403853,-0.3714803496778678,0.7657747158819018,-1.1372550655597697,2
phase6v2-r07-output-load-control-a01,D4-SM,OUTPUT,-0.18375450947051158,0.5955104913469903,0.04791957848777395,0.0,-0.5996469062612221,0.7012254800358796,0.07264496725579966,-1.352139024254161,0.050789286887328755,2.020261648339888,-1.9694723614525593,4
phase6v2-r07-output-load-control-a01,D4-SM,LOAD,2.9120199478205846,3.614031726384674,3.152042301846232,0.13596827361532585,7.918205383977111,10.943351233562913,10.545272150324955,-0.4851962059690045,9.430778308770012,0.917816567625419,8.512961741144593,1
phase6v2-r07-output-load-control-a01,D4-SM,DOWNSTREAM,-0.517935010639375,-0.09386183131541255,-1.137711216586867,0.09386183131541255,-0.7362609675274163,-0.4293426521545939,-1.2125365527205951,0.9364228755088791,-0.582801809841005,0.7412172498233075,-1.3240190596643124,3
phase6v2-r07-downstream-medium-a01,D4-SM,INPUT,0.4263013820937091,0.4416072115791417,0.579382882867164,0.0,0.6012450417432386,0.4436677598189254,0.5793951161382571,-0.5371233375104698,0.522456400781082,0.7657747158819018,-0.2433183151008198,3
phase6v2-r07-downstream-medium-a01,D4-SM,OUTPUT,-0.10688796591523528,-0.6360017203815823,0.8045889064541248,0.6360017203815823,-0.3501476725710212,-0.7489047097549081,1.219738082183926,0.6397845965673129,-0.5495261911629646,2.020261648339888,-2.569787839502853,4
phase6v2-r07-downstream-medium-a01,D4-SM,LOAD,0.24510508401411535,0.46773790618743005,0.3017448054944437,0.0014030936681283972,0.6689714376677626,1.4163185550617177,1.009498220256121,-1.1333401003293382,1.0426449963647402,0.917816567625419,0.1248284287393212,2
phase6v2-r07-downstream-medium-a01,D4-SM,DOWNSTREAM,0.5266170664302177,5.0,-3.251671611201318,0.0,0.7468151161844396,22.870992720770296,-3.4655285353112535,-0.9107639536915095,11.808903918477368,0.7412172498233075,11.06768666865406,1
phase6v2-r07-output-control-a01,D4-SM,INPUT,0.6087953258448157,0.6523229366751024,0.5832590079439005,0.0,0.8586300361095083,0.6553666887780853,0.5832713230567088,-0.5371233375104698,0.7569983624437968,0.7657747158819018,-0.008776353438105011,2
phase6v2-r07-output-control-a01,D4-SM,OUTPUT,-0.027337403252861523,-0.2585834259336448,-0.8669594496310105,0.48702215000341875,-0.09193644690801746,-0.3044871410569129,-1.3142903760436748,0.1731884919560638,-0.19821179398246516,2.020261648339888,-2.2184734423223533,3
phase6v2-r07-output-control-a01,D4-SM,LOAD,-0.5727565821801763,-0.46519438215853537,-0.2957554635099849,0.4839511542495847,-1.554148105600502,-1.4086167198464952,-0.9894606588342798,1.190891021897204,-1.4813824127234985,0.917816567625419,-2.3991989803489173,4
phase6v2-r07-output-control-a01,D4-SM,DOWNSTREAM,0.679692165766903,0.12345463908812504,0.3206631276316752,0.0,0.9641542262410169,0.5647060303859665,0.34175259740302355,-0.9107639536915095,0.7644301283134917,0.7412172498233075,0.023212878490184163,1
phase6v2-r07-input-load-a01,D4-SM,INPUT,-2.988695242988789,-4.9184884716192,-4.792235765568817,4.9184884716192,-4.215182665613812,-4.941438238961881,-4.792336950331081,5.941410195852409,-4.578310452287846,0.7657747158819018,-5.344085168169748,4
phase6v2-r07-input-load-a01,D4-SM,OUTPUT,1.8419560198506821,3.9812064609063036,-2.5150793161136518,0.0,5.975557355139657,4.68795000631533,-3.8128017885514294,-1.352139024254161,5.331753680727493,2.020261648339888,3.311492032387605,2
phase6v2-r07-input-load-a01,D4-SM,LOAD,3.275142556972828,3.2642410767173384,3.3996657779465767,0.0,8.90524879532235,9.884179032726962,11.373705494876882,-1.1400982126030326,9.394713914024656,0.917816567625419,8.476897346399237,1
phase6v2-r07-input-load-a01,D4-SM,DOWNSTREAM,-2.850670705098229,-0.1333253427729017,-2.0301162357815774,0.1333253427729017,-4.0483261043644365,-0.6098565888106477,-2.163633535706428,1.7130588901345885,-2.3290913465875422,0.7412172498233075,-3.07030859641085,3
phase6v2-r07-output-medium-a01,D4-SM,INPUT,-0.11777185482889577,0.660699193025392,0.5791777296784477,0.0,-0.16610254328758597,0.6637820289110352,0.5791899586178724,-0.5371233375104698,0.2488397428117246,0.7657747158819018,-0.5169349730701772,3
phase6v2-r07-output-medium-a01,D4-SM,OUTPUT,1.1238548102994106,2.5862640025309886,2.7187114690380683,0.0,3.644690202693718,3.045377441751218,4.121503399630843,-1.352139024254161,3.345033822222468,2.020261648339888,1.3247721738825797,1
phase6v2-r07-output-medium-a01,D4-SM,LOAD,0.36264962628101227,0.012089996008824183,0.34909415200672317,0.35398963846276615,0.9884821568019968,0.0366087192237486,1.1679071809542585,0.5649210422033978,0.5125454380128727,0.917816567625419,-0.4052711296125463,2
phase6v2-r07-output-medium-a01,D4-SM,DOWNSTREAM,0.06975771312073265,-0.02327654570497372,-0.043465819537676115,0.03668833542216409,0.09815700196748765,-0.10647154147662613,-0.04632449273155707,-0.1887429891806732,-0.004157269754569239,0.7412172498233075,-0.7453745195778767,4
phase6v2-r07-load-medium-a01,D4-SM,INPUT,-1.4231335533734044,-1.964138901034855,-1.9538606113143868,1.964138901034855,-2.007152753063577,-1.9733036131344281,-1.9539018657374,2.0500006962168573,-1.9902281830990025,0.7657747158819018,-2.7560028989809044,4
phase6v2-r07-load-medium-a01,D4-SM,OUTPUT,0.5873471512078182,1.520411861247743,-0.8383920215045719,0.0,1.9032531141895934,1.7903152887267468,-1.2709828189591104,-1.352139024254161,1.8467842014581701,2.020261648339888,-0.17347744688171796,2
phase6v2-r07-load-medium-a01,D4-SM,LOAD,3.5151019216325987,4.084381340860789,3.7791751211477194,0.0,9.557508676443424,12.367578086970223,12.643367804073376,-1.1400982126030326,10.962543381706823,0.917816567625419,10.044726814081404,1
phase6v2-r07-load-medium-a01,D4-SM,DOWNSTREAM,-1.0578109400537692,-0.13233858693294237,0.07313454087628452,0.13233858693294237,-1.502787689040846,-0.6053429716840703,0.07794447552777793,1.6936396825007165,-1.054065330362458,0.7412172498233075,-1.7952825801857655,3
phase6v2-r07-input-medium-a01,D4-SM,INPUT,0.5862868389608195,0.4731867603264984,0.5808729584465702,0.0,0.8268846167780489,0.4753946593836564,0.5808852231795844,-0.5371233375104698,0.6511396380808526,0.7657747158819018,-0.1146350778010492,1
phase6v2-r07-input-medium-a01,D4-SM,OUTPUT,-0.24309873382443375,-0.7636306045863301,0.45679037643547993,0.7636306045863301,-0.7922708726243693,-0.8991902662536438,0.6924835940989372,1.0395114856612564,-0.8457305694390066,2.020261648339888,-2.865992217778895,4
phase6v2-r07-input-medium-a01,D4-SM,LOAD,-0.03803957022817771,0.07657802207208689,-0.2270664850699524,0.17174054479694612,-0.10067511802303972,0.23187958926544883,-0.7596591834690287,-0.3128962160097359,0.06560223562120455,0.917816567625419,-0.8522143320042144,3
phase6v2-r07-input-medium-a01,D4-SM,DOWNSTREAM,0.5842622123180563,0.08219478066584571,-1.2275922652712143,0.0,0.8286608556981417,0.3759752460587737,-1.3083289254578374,-0.9107639536915095,0.6023180508784577,0.7412172498233075,-0.1388991989448498,2
phase6v2-r07-output-downstream-a01,D4-SM,INPUT,-0.2690284268960547,0.4591534126184965,0.5721096648014538,0.0,-0.37943111271377505,0.46129583178954797,0.5721217445035497,-0.5371233375104698,0.04093235953788646,0.7657747158819018,-0.7248423563440154,4
phase6v2-r07-output-downstream-a01,D4-SM,OUTPUT,1.1916165812516193,2.6090573661868626,-0.10828211106070473,0.0,3.8646364776801714,3.072217082032063,-0.16415316370949914,-1.352139024254161,3.4684267798561175,2.020261648339888,1.4481651315162294,2
phase6v2-r07-output-downstream-a01,D4-SM,LOAD,1.0968533467645485,-0.4014896882263091,-0.20026231972826122,0.4895795108527379,2.984201857594854,-1.2157177931886574,-0.669984873538327,1.2180004492323278,0.8842420322030983,0.917816567625419,-0.033574535422320695,3
phase6v2-r07-output-downstream-a01,D4-SM,DOWNSTREAM,-0.14369416589404557,5.0,-2.2543916911512474,0.0,-0.20490627629267633,22.870992720770296,-2.402659207202933,-0.9107639536915095,11.33304322223881,0.7412172498233075,10.591825972415503,1
phase6v2-r07-output-load-a01,D4-SMT,INPUT,0.0,0.0,0.0,5.0,-1.7349366277749492,-1.4905115764433372,-1.5648170810146267,6.048775532381668,-1.5967550950776375,0.8821374264662705,-2.4788925215439077,4
phase6v2-r07-output-load-a01,D4-SMT,OUTPUT,2.948053147757008,5.0,0.0,0.0,7.997786458925182,8.14058593865224,-1.323552937736849,-1.352139024254161,4.93827315328019,1.3347821629954995,3.6034909902846906,2
phase6v2-r07-output-load-a01,D4-SMT,LOAD,3.3416477530410833,3.28236183747865,3.646358601771007,0.0,9.44649661290249,18.91003264819564,20.706291640611227,-1.1400982126030326,16.35427363390312,1.5120345297875026,14.842239104115617,1
phase6v2-r07-output-load-a01,D4-SMT,DOWNSTREAM,0.08405624709961577,0.0015388104036649097,0.0,0.13301206201473267,-1.1631471195245537,-0.20666588663129518,-0.9066774202510167,1.7068935715783466,-0.7588301421356219,0.8798187046618566,-1.6386488467974787,3
phase6v2-r07-load-downstream-a01,D4-SMT,INPUT,0.020173784904393813,0.0,0.0,2.2329894906055476,-1.644940327624604,-1.4905115764433372,-1.5648170810146267,2.4041252550215493,-1.5667563283608559,0.8821374264662705,-2.448893754827126,4
phase6v2-r07-load-downstream-a01,D4-SMT,OUTPUT,1.246660282159544,1.54584024141954,0.0,0.0,2.651763806982153,1.9853341469778931,-1.323552937736849,-1.352139024254161,1.1045150054077324,1.3347821629954995,-0.23026715758776706,3
phase6v2-r07-load-downstream-a01,D4-SMT,LOAD,3.5992383688844534,3.75,3.3333333333333335,0.15599383167455463,10.271663565624925,21.813526775568505,18.851975005745967,-0.38874151247146993,16.979055115646464,1.5120345297875026,15.467020585858961,1
phase6v2-r07-load-downstream-a01,D4-SMT,DOWNSTREAM,0.10575909730556991,5.0,0.0,0.0,-1.0834374301287801,22.882446080778827,-0.9066774202510167,-0.9107639536915095,6.96411041013301,0.8798187046618566,6.084291705471154,2
phase6v2-r07-baseline-a01,D4-SMT,INPUT,0.632663563805625,0.6561956495878771,0.581285211302911,0.0,1.0874083239667156,0.9079884689472536,0.6352445561558082,-0.5371233375104698,0.8768804496899257,0.8821374264662705,-0.005256976776344735,1
phase6v2-r07-baseline-a01,D4-SMT,OUTPUT,0.21748735673437108,0.0,0.34551504353899365,0.8093201788881215,-0.5820464924147251,-0.7693259094956616,-0.07722172655683505,1.1826088065653768,-0.4761980428224073,1.3347821629954995,-1.8109802058179068,4
phase6v2-r07-baseline-a01,D4-SMT,LOAD,0.1966498123192971,0.4483531567267923,0.26152897410104325,0.02724203189384743,-0.6282041232521719,1.3141043836561552,0.6550481224767738,-1.0088847987845762,0.44698279429358573,1.5120345297875026,-1.0650517354939169,3
phase6v2-r07-baseline-a01,D4-SMT,DOWNSTREAM,0.712129729871334,0.08577008260704795,0.6775173702666892,0.003225716598251467,1.1436255741247159,0.182418913928769,0.666399238299839,-0.8472823325520253,0.6641479087844413,0.8798187046618566,-0.21567079587741533,2
phase6v2-r07-input-downstream-a01,D4-SMT,INPUT,0.3713703216913809,0.2766844738071108,0.5834600641199226,0.0,-0.07823437302906282,-0.4791855742029725,0.6434759891187669,-0.5371233375104698,0.02868534729557722,0.8821374264662705,-0.8534520791706932,3
phase6v2-r07-input-downstream-a01,D4-SMT,OUTPUT,0.1349145322055418,0.0,0.29328488773572003,0.7548154656961615,-0.8415022590938823,-0.7693259094956616,-0.26562473406602416,1.0119029386818332,-0.6254843008851894,1.3347821629954995,-1.9602664638806888,4
phase6v2-r07-input-downstream-a01,D4-SMT,LOAD,0.644236573231738,0.39828343251219034,0.2151287767099386,0.07327723751720182,0.8055973464628609,1.003229091886873,0.3801800317542877,-0.7871525686333016,0.7296688233680072,1.5120345297875026,-0.7823657064194954,2
phase6v2-r07-input-downstream-a01,D4-SMT,DOWNSTREAM,0.4705083618353855,5.0,0.0,0.0,0.2562046126031028,22.882446080778827,-0.9066774202510167,-0.9107639536915095,7.410657757710304,0.8798187046618566,6.530839053048448,1
phase6v2-r07-output-downstream-control-a01,D4-SMT,INPUT,0.43979030943513125,0.4541246234685539,0.5773369541972504,0.0,0.22699073879060333,0.1693865510227524,0.6203011018532646,-0.5371233375104698,0.3388927972222067,0.8821374264662705,-0.5432446292440638,2
phase6v2-r07-output-downstream-control-a01,D4-SMT,OUTPUT,0.3158034615551054,0.31636839151750007,0.4412220862432952,0.47093119819127627,-0.2731230602961354,-0.20556301350340797,0.26800976678231847,0.12279248520174799,-0.07022543567240831,1.3347821629954995,-1.4050075986679078,3
phase6v2-r07-output-downstream-control-a01,D4-SMT,LOAD,0.3128853532057726,0.007300123448238852,0.009733497930985135,0.3821601870873135,-0.25585466185075895,-1.4243267253015153,-0.8365520361184872,0.7006067307221201,-0.8389111410902538,1.5120345297875026,-2.3509456708777563,4
phase6v2-r07-output-downstream-control-a01,D4-SMT,DOWNSTREAM,0.5139364664939453,5.0,0.0,0.0,0.4157062771554967,22.882446080778827,-0.9066774202510167,-0.9107639536915095,7.463824979227769,0.8798187046618566,6.584006274565912,1
phase6v2-r07-output-load-control-a01,D4-SMT,INPUT,0.36388623684382476,0.0,0.0,0.5474789221339298,-0.11162126346550326,-1.4905115764433372,-1.5648170810146267,0.184004825403853,-1.0556499736411558,0.8821374264662705,-1.9377874001074262,4
phase6v2-r07-output-load-control-a01,D4-SMT,OUTPUT,0.28804226138405803,0.5955104913469903,0.41428775608724977,0.0,-0.36035276953053225,0.29186328701412395,0.1708530815570688,-1.352139024254161,0.03412119968022017,1.3347821629954995,-1.3006609633152793,2
phase6v2-r07-output-load-control-a01,D4-SMT,LOAD,2.9147329986487445,3.75,3.3333333333333335,0.13596827361532585,8.078915943083455,21.813526775568505,18.851975005745967,-0.4851962059690045,16.248139241465974,1.5120345297875026,14.736104711678472,1
phase6v2-r07-output-load-control-a01,D4-SMT,DOWNSTREAM,0.041681293231472204,0.0,0.0,0.09386183131541255,-1.3187807980016462,-0.2137740273888518,-0.9066774202510167,0.9364228755088791,-0.8130774152138383,0.8798187046618566,-1.6928961198756949,3
phase6v2-r07-downstream-medium-a01,D4-SMT,INPUT,0.4314041669929177,0.4416072115791417,0.579382882867164,0.0,0.1895797226669695,0.1236334086424518,0.62804457973906,-0.5371233375104698,0.3137525703494938,0.8821374264662705,-0.5683848561167767,2
phase6v2-r07-downstream-medium-a01,D4-SMT,OUTPUT,0.15729837840249475,0.0,0.8045889064541248,0.6360017203815823,-0.7711689743915876,-0.7693259094956616,1.5787353563177093,0.6397845965673129,0.012746824143486712,1.3347821629954995,-1.3220353388520127,4
phase6v2-r07-downstream-medium-a01,D4-SMT,LOAD,0.4197954293704568,0.46914099985555846,0.30361559705194824,0.0014030936681283972,0.08662156336149031,1.4431729355461331,0.9043632190907843,-1.1333401003293382,0.8113859059994692,1.5120345297875026,-0.7006486237880334,3
phase6v2-r07-downstream-medium-a01,D4-SMT,DOWNSTREAM,0.5266170664302177,5.0,0.0,0.0,0.4622792697661647,22.882446080778827,-0.9066774202510167,-0.9107639536915095,7.479349310097991,0.8798187046618566,6.599530605436135,1
phase6v2-r07-output-control-a01,D4-SMT,INPUT,0.6195169075993324,0.6523229366751024,0.5832590079439005,0.0,1.0287604091841396,0.8938330838835022,0.6427150270795111,-0.5371233375104698,0.8551028400490509,0.8821374264662705,-0.027034586417219564,1
phase6v2-r07-output-control-a01,D4-SMT,OUTPUT,0.34970566808394804,0.22843872406977395,0.3126031181248181,0.48702215000341875,-0.1665974202051278,-0.36225213066264794,-0.19594060907948965,0.1731884919560638,-0.2415967199824218,1.3347821629954995,-1.5763788829779213,3
phase6v2-r07-output-control-a01,D4-SMT,LOAD,0.0026637094697866052,0.01875677209104931,0.02500902945473241,0.4839511542495847,-1.2496200891822506,-1.3531941387854272,-0.7460619860587324,1.190891021897204,-1.116292071342137,1.5120345297875026,-2.62832660112964,4
phase6v2-r07-output-control-a01,D4-SMT,DOWNSTREAM,0.679692165766903,0.12345463908812504,0.3736808282823547,0.0,1.0244896940452255,0.3564930761618957,-0.039055991611427206,-0.9107639536915095,0.4473089261985646,0.8798187046618566,-0.432509778463292,2
phase6v2-r07-input-load-a01,D4-SMT,INPUT,0.0,0.0,0.0,4.9184884716192,-1.7349366277749492,-1.4905115764433372,-1.5648170810146267,5.941410195852409,-1.5967550950776375,0.8821374264662705,-2.4788925215439077,4
phase6v2-r07-input-load-a01,D4-SMT,OUTPUT,2.6008446841666526,3.9812064609063036,0.08750891578047902,0.0,6.906807209609618,6.325113813694749,-1.0078934750500221,-1.352139024254161,4.074675849418115,1.3347821629954995,2.739893686422615,2
phase6v2-r07-input-load-a01,D4-SMT,LOAD,3.3165417878296757,3.2642410767173384,3.3996657779465767,0.0,9.366072049527675,18.797523604514684,19.2449188600601,-1.1400982126030326,15.802838171367489,1.5120345297875026,14.290803641579986,1
phase6v2-r07-input-load-a01,D4-SMT,DOWNSTREAM,0.04285926990692344,0.0,0.0,0.1333253427729017,-1.3144543545149778,-0.2137740273888518,-0.9066774202510167,1.7130588901345885,-0.8116352673849487,0.8798187046618566,-1.6914539720468054,3
phase6v2-r07-output-medium-a01,D4-SMT,INPUT,0.2579013325829865,0.660699193025392,0.5791777296784477,0.0,-0.5844254150150018,0.9244496404684028,0.6272681112319287,-0.5371233375104698,0.3224307788951099,0.8821374264662705,-0.5597066475711605,3
phase6v2-r07-output-medium-a01,D4-SMT,OUTPUT,1.1238548102994106,2.5862640025309886,2.7187114690380683,0.0,2.265891238910533,3.839350946222193,8.483299242558466,-1.352139024254161,4.862847142563731,1.3347821629954995,3.5280649795682315,1
phase6v2-r07-output-medium-a01,D4-SMT,LOAD,0.8315196208621456,0.3660796344715903,0.48810617929545375,0.35398963846276615,1.4055407147559178,0.8032806146585736,1.9972588736095696,0.5649210422033978,1.402026734341354,1.5120345297875026,-0.11000779544614869,2
phase6v2-r07-output-medium-a01,D4-SMT,DOWNSTREAM,0.3521304698796849,0.01341178971719037,0.016729026378247743,0.03668833542216409,-0.17857076987300324,-0.15182169791831404,-0.8678355512882411,-0.1887429891806732,-0.3994093396931861,0.8798187046618566,-1.2792280443550428,4
phase6v2-r07-load-medium-a01,D4-SMT,INPUT,0.01884310697817762,0.0,0.0,1.964138901034855,-1.65087655082807,-1.4905115764433372,-1.5648170810146267,2.0500006962168573,-1.5687350694286781,0.8821374264662705,-2.4508724958949486,4
phase6v2-r07-load-medium-a01,D4-SMT,OUTPUT,1.0590699943066049,1.520411861247743,0.1426430879371353,0.0,2.0623279697781696,1.9400212218235127,-0.8090151892955618,-1.352139024254161,1.0644446674353736,1.3347821629954995,-0.2703374955601259,2
phase6v2-r07-load-medium-a01,D4-SMT,LOAD,3.6060159619508605,4.084381340860789,3.7791751211477194,0.0,10.293374938141696,23.88964959295734,21.493077584424512,-1.1400982126030326,18.558700705174516,1.5120345297875026,17.046666175387013,1
phase6v2-r07-load-medium-a01,D4-SMT,DOWNSTREAM,0.09691508803170035,0.0,0.11163669124580351,0.13233858693294237,-1.115919487809853,-0.2137740273888518,-0.6474765776696729,1.6936396825007165,-0.6590566976227926,0.8798187046618566,-1.5388754022846491,3
phase6v2-r07-input-medium-a01,D4-SMT,INPUT,0.5862868389608195,0.4731867603264984,0.5808729584465702,0.0,0.8805193505339681,0.23906170986864886,0.633684252063405,-0.5371233375104698,0.5844217708220073,0.8821374264662705,-0.29771565564426317,1
phase6v2-r07-input-medium-a01,D4-SMT,OUTPUT,0.16728325244013784,0.0,0.45679037643547993,0.7636306045863301,-0.7397950549039841,-0.7693259094956616,0.3241672231190576,1.0395114856612564,-0.39498458042686274,1.3347821629954995,-1.7297667434223623,3
phase6v2-r07-input-medium-a01,D4-SMT,LOAD,0.24596506005097205,0.248318566869033,0.0019209079926424436,0.17174054479694612,-0.4702274339218349,0.07212008153682792,-0.8828326944064118,-0.3128962160097359,-0.42698001559713955,1.5120345297875026,-1.9390145453846421,4
phase6v2-r07-input-medium-a01,D4-SMT,DOWNSTREAM,0.5970252678977304,0.08219478066584571,0.0,0.0,0.7208727640137906,0.16590372181133575,-0.9066774202510167,-0.9107639536915095,-0.00663364480863012,0.8798187046618566,-0.8864523494704868,2
phase6v2-r07-output-downstream-a01,D4-SMT,INPUT,0.17564903624984063,0.4591534126184965,0.5721096648014538,0.0,-0.9513571724385034,0.1877675796259933,0.6005167367215545,-0.5371233375104698,-0.05435761869698519,0.8821374264662705,-0.9364950451632557,4
phase6v2-r07-output-downstream-a01,D4-SMT,OUTPUT,1.1916165812516193,2.6090573661868626,1.0098564994412365,0.0,2.478808531424906,3.879968318401516,2.319170288363615,-1.352139024254161,2.8926490460633456,1.3347821629954995,1.5578668830678462,2
phase6v2-r07-output-downstream-a01,D4-SMT,LOAD,1.3836132362597549,0.08808982262642877,0.11745309683523836,0.4895795108527379,3.174119918402724,-0.9227157877951367,-0.19843663685338958,1.2180004492323278,0.6843224979180658,1.5120345297875026,-0.8277120318694369,3
phase6v2-r07-output-downstream-a01,D4-SMT,DOWNSTREAM,0.23621128562332602,5.0,0.0,0.0,-0.604315871756021,22.882446080778827,-0.9066774202510167,-0.9107639536915095,7.123817596257262,0.8798187046618566,6.243998891595405,1
phase6v2-r07-output-load-a01,D4-FULL,INPUT,-3.3243927641669617,-5.0,-4.766946597788198,5.0,-4.688642238141083,-5.023330101793576,-4.767047248587078,6.048775532381668,-10.875115395222245,1.2412753605796771,-12.116390755801923,4
phase6v2-r07-output-load-a01,D4-FULL,OUTPUT,2.186812485087713,5.0,-4.725178671269239,0.0,7.094918521000801,5.887599716755382,-7.16326104453809,-1.352139024254161,3.291891421993525,2.2334286132745174,1.0584628087190078,2
phase6v2-r07-output-load-a01,D4-FULL,LOAD,3.1229643040465427,3.28236183747865,3.646358601771007,0.0,8.491596386700381,9.939049013026988,12.199025308394946,-1.1400982126030326,11.349988448643803,1.622159271091914,9.72782917755189,1
phase6v2-r07-output-load-a01,D4-FULL,DOWNSTREAM,-3.0456343069462437,-0.13147325161106777,-1.4359955196047824,0.13301206201473267,-4.325139354218179,-0.6013847561145463,-1.5304385081896204,1.7068935715783466,-3.8592144444191288,1.6620134519963432,-5.521227896415472,3
phase6v2-r07-load-downstream-a01,D4-FULL,INPUT,-1.4623611343444514,-2.2329894906055476,-1.9816986531336265,2.2329894906055476,-2.0624783737373535,-2.24340866502951,-1.9817404953377469,2.4041252550215493,-4.500001099723086,1.2412753605796771,-5.741276460302763,4
phase6v2-r07-load-downstream-a01,D4-FULL,OUTPUT,0.7199136827476694,1.54584024141954,-1.2808528769421856,0.0,2.33354757654402,1.8202577135061508,-1.9417431922674708,-1.352139024254161,2.0894930568483945,2.2334286132745174,-0.14393555642612288,3
phase6v2-r07-load-downstream-a01,D4-FULL,LOAD,3.5369290985522635,3.5940061683254454,3.1253415577672605,0.15599383167455463,9.616839521242982,10.882713493752735,10.455943839989777,-0.38874151247146993,10.707240464133301,1.622159271091914,9.085081193041388,1
phase6v2-r07-load-downstream-a01,D4-FULL,DOWNSTREAM,-1.2331088846733915,5.0,-0.9506548085900444,0.0,-1.751679242555881,22.870992720770296,-1.0131777621856801,-0.9107639536915095,7.612809192367754,1.6620134519963432,5.950795740371411,2
phase6v2-r07-baseline-a01,D4-FULL,INPUT,0.5713728103533336,0.6561956495878771,0.581285211302911,0.0,0.8058502356352345,0.6592574718481545,0.5812974847403607,-0.5371233375104698,1.2192584015850532,1.2412753605796771,-0.02201695899462397,1
phase6v2-r07-baseline-a01,D4-FULL,OUTPUT,-0.2511964949429843,-0.8093201788881215,0.29588057436893567,0.8093201788881215,-0.8185551973804547,-0.9529906511972239,0.44854807398071095,1.1826088065653768,-1.623608064764366,2.2334286132745174,-3.8570366780388836,4
phase6v2-r07-baseline-a01,D4-FULL,LOAD,-0.4553878829778902,0.4211111248329449,0.22520626490924667,0.02724203189384743,-1.2351153647963973,1.2751318461771475,0.7534357492712475,-1.0088847987845762,1.2733688756685755,1.622159271091914,-0.34879039542333845,3
phase6v2-r07-baseline-a01,D4-FULL,DOWNSTREAM,0.712129729871334,0.08254436600879649,0.6775173702666892,0.003225716598251467,1.0102097332791278,0.37757431882555675,0.7220765380304834,-0.8472823325520253,1.5505691959304144,1.6620134519963432,-0.11144425606592878,2
phase6v2-r07-input-downstream-a01,D4-FULL,INPUT,0.32131716194970616,0.2766844738071108,0.5834600641199226,0.0,0.45317786562278406,0.27797548919483517,0.5834723834778938,-0.5371233375104698,0.9753319169423076,1.2412753605796771,-0.26594344363736955,3
phase6v2-r07-input-downstream-a01,D4-FULL,OUTPUT,-0.11699057943502725,-0.7548154656961615,0.17723719041141134,0.7548154656961615,-0.3829394987007307,-0.8888102644070606,0.26868746137305627,1.0119029386818332,-1.3462570392600781,2.2334286132745174,-3.5796856525345957,4
phase6v2-r07-input-downstream-a01,D4-FULL,LOAD,0.5239500033092587,0.3250061949949885,0.1174257933536695,0.07327723751720182,1.4269304119655384,0.984124438905224,0.3928522620578309,-0.7871525686333016,1.7217882729428329,1.622159271091914,0.09962900185091894,2
phase6v2-r07-input-downstream-a01,D4-FULL,DOWNSTREAM,0.4703560645622577,5.0,-3.4139337758007917,0.0,0.6669346122366403,22.870992720770296,-3.6384624071339062,-0.9107639536915095,7.543918928982519,1.6620134519963432,5.881905476986176,1
phase6v2-r07-output-downstream-control-a01,D4-FULL,INPUT,0.4315681657195308,0.4541246234685539,0.5773369541972504,0.0,0.6086731845407294,0.4562435782070521,0.5773491442699669,-0.5371233375104698,1.084545306516386,1.2412753605796771,-0.1567300540632912,2
phase6v2-r07-output-downstream-control-a01,D4-FULL,OUTPUT,0.07901019280500689,-0.15456280667377623,0.4412220862432952,0.47093119819127627,0.25325461403974464,-0.18200078735868852,0.6688824280008548,0.12279248520174799,0.12391959969222235,2.2334286132745174,-2.109509013582295,3
phase6v2-r07-output-downstream-control-a01,D4-FULL,LOAD,0.07367986833005993,-0.37486006363907465,-0.1717465569595411,0.3821601870873135,0.20300174750054178,-1.1350828245057591,-0.5745843521702839,0.7006067307221201,-1.2028285404472872,1.622159271091914,-2.8249878115392013,4
phase6v2-r07-output-downstream-control-a01,D4-FULL,DOWNSTREAM,0.5099414104027914,5.0,-0.9383077613281214,0.0,0.7231386837906972,22.870992720770296,-1.0000186705770346,-0.9107639536915095,8.442134865019495,1.6620134519963432,6.780121413023152,1
phase6v2-r07-output-load-control-a01,D4-FULL,INPUT,-0.13679138926284776,-0.5474789221339298,-0.7172708193868527,0.5474789221339298,-0.19292722942516155,-0.5500334699305741,-0.7172859640668912,0.184004825403853,-0.6707537132113952,1.2412753605796771,-1.9120290737910723,3
phase6v2-r07-output-load-control-a01,D4-FULL,OUTPUT,-0.18375450947051158,0.5955104913469903,0.04791957848777395,0.0,-0.5996469062612221,0.7012254800358796,0.07264496725579966,-1.352139024254161,1.4102135379309801,2.2334286132745174,-0.8232150753435372,2
phase6v2-r07-output-load-control-a01,D4-FULL,LOAD,2.9120199478205846,3.614031726384674,3.152042301846232,0.13596827361532585,7.918205383977111,10.943351233562913,10.545272150324955,-0.4851962059690045,10.287472461923997,1.622159271091914,8.665313190832084,1
phase6v2-r07-output-load-control-a01,D4-FULL,DOWNSTREAM,-0.517935010639375,-0.09386183131541255,-1.137711216586867,0.09386183131541255,-0.7362609675274163,-0.4293426521545939,-1.2125365527205951,0.9364228755088791,-1.7291362663097476,1.6620134519963432,-3.3911497183060906,4
phase6v2-r07-downstream-medium-a01,D4-FULL,INPUT,0.4263013820937091,0.4416072115791417,0.579382882867164,0.0,0.6012450417432386,0.4436677598189254,0.5793951161382571,-0.5371233375104698,1.078559310077277,1.2412753605796771,-0.16271605050240012,3
phase6v2-r07-downstream-medium-a01,D4-FULL,OUTPUT,-0.10688796591523528,-0.6360017203815823,0.8045889064541248,0.6360017203815823,-0.3501476725710212,-0.7489047097549081,1.219738082183926,0.6397845965673129,-0.5995560299479806,2.2334286132745174,-2.832984643222498,4
phase6v2-r07-downstream-medium-a01,D4-FULL,LOAD,0.24510508401411535,0.46773790618743005,0.3017448054944437,0.0014030936681283972,0.6689714376677626,1.4163185550617177,1.009498220256121,-1.1333401003293382,2.1649361713245385,1.622159271091914,0.5427769002326246,2
phase6v2-r07-downstream-medium-a01,D4-FULL,DOWNSTREAM,0.5266170664302177,5.0,-3.251671611201318,0.0,0.7468151161844396,22.870992720770296,-3.4655285353112535,-0.9107639536915095,7.628190387572671,1.6620134519963432,5.9661769355763274,1
phase6v2-r07-output-control-a01,D4-FULL,INPUT,0.6087953258448157,0.6523229366751024,0.5832590079439005,0.0,0.8586300361095083,0.6553666887780853,0.5832713230567088,-0.5371233375104698,1.2362126868252372,1.2412753605796771,-0.005062673754439917,1
phase6v2-r07-output-control-a01,D4-FULL,OUTPUT,-0.027337403252861523,-0.2585834259336448,-0.8669594496310105,0.48702215000341875,-0.09193644690801746,-0.3044871410569129,-1.3142903760436748,0.1731884919560638,-0.7434264799589322,2.2334286132745174,-2.9768550932334494,3
phase6v2-r07-output-control-a01,D4-FULL,LOAD,-0.5727565821801763,-0.46519438215853537,-0.2957554635099849,0.4839511542495847,-1.554148105600502,-1.4086167198464952,-0.9894606588342798,1.190891021897204,-2.5082995166576296,1.622159271091914,-4.130458787749544,4
phase6v2-r07-output-control-a01,D4-FULL,DOWNSTREAM,0.679692165766903,0.12345463908812504,0.3206631276316752,0.0,0.9641542262410169,0.5647060303859665,0.34175259740302355,-0.9107639536915095,1.5343015717015118,1.6620134519963432,-0.12771188029483138,2
phase6v2-r07-input-load-a01,D4-FULL,INPUT,-2.988695242988789,-4.9184884716192,-4.792235765568817,4.9184884716192,-4.215182665613812,-4.941438238961881,-4.792336950331081,5.941410195852409,-10.591062814154668,1.2412753605796771,-11.832338174734346,4
phase6v2-r07-input-load-a01,D4-FULL,OUTPUT,1.8419560198506821,3.9812064609063036,-2.5150793161136518,0.0,5.975557355139657,4.68795000631533,-3.8128017885514294,-1.352139024254161,3.635707548555347,2.2334286132745174,1.4022789352808296,2
phase6v2-r07-input-load-a01,D4-FULL,LOAD,3.275142556972828,3.2642410767173384,3.3996657779465767,0.0,8.90524879532235,9.884179032726962,11.373705494876882,-1.1400982126030326,11.194475986911764,1.622159271091914,9.57231671581985,1
phase6v2-r07-input-load-a01,D4-FULL,DOWNSTREAM,-2.850670705098229,-0.1333253427729017,-2.0301162357815774,0.1333253427729017,-4.0483261043644365,-0.6098565888106477,-2.163633535706428,1.7130588901345885,-3.986997633095093,1.6620134519963432,-5.649011085091436,3
phase6v2-r07-output-medium-a01,D4-FULL,INPUT,-0.11777185482889577,0.660699193025392,0.5791777296784477,0.0,-0.16610254328758597,0.6637820289110352,0.5791899586178724,-0.5371233375104698,0.8960798189242436,1.2412753605796771,-0.34519554165543354,2
phase6v2-r07-output-medium-a01,D4-FULL,OUTPUT,1.1238548102994106,2.5862640025309886,2.7187114690380683,0.0,3.644690202693718,3.045377441751218,4.121503399630843,-1.352139024254161,4.955996038946087,2.2334286132745174,2.7225674256715697,1
phase6v2-r07-output-medium-a01,D4-FULL,LOAD,0.36264962628101227,0.012089996008824183,0.34909415200672317,0.35398963846276615,0.9884821568019968,0.0366087192237486,1.1679071809542585,0.5649210422033978,0.16607831012327023,1.622159271091914,-1.4560809609686438,3
phase6v2-r07-output-medium-a01,D4-FULL,DOWNSTREAM,0.06975771312073265,-0.02327654570497372,-0.043465819537676115,0.03668833542216409,0.09815700196748765,-0.10647154147662613,-0.04632449273155707,-0.1887429891806732,0.17052997843377468,1.6620134519963432,-1.4914834735625686,4
phase6v2-r07-load-medium-a01,D4-FULL,INPUT,-1.4231335533734044,-1.964138901034855,-1.9538606113143868,1.964138901034855,-2.007152753063577,-1.9733036131344281,-1.9539018657374,2.0500006962168573,-4.0281201068619925,1.2412753605796771,-5.26939546744167,4
phase6v2-r07-load-medium-a01,D4-FULL,OUTPUT,0.5873471512078182,1.520411861247743,-0.8383920215045719,0.0,1.9032531141895934,1.7903152887267468,-1.2709828189591104,-1.352139024254161,2.1596675522399043,2.2334286132745174,-0.0737610610346131,2
phase6v2-r07-load-medium-a01,D4-FULL,LOAD,3.5151019216325987,4.084381340860789,3.7791751211477194,0.0,9.557508676443424,12.367578086970223,12.643367804073376,-1.1400982126030326,12.662916401765374,1.622159271091914,11.04075713067346,1
phase6v2-r07-load-medium-a01,D4-FULL,DOWNSTREAM,-1.0578109400537692,-0.13233858693294237,0.07313454087628452,0.13233858693294237,-1.502787689040846,-0.6053429716840703,0.07794447552777793,1.6936396825007165,-2.3703684108997627,1.6620134519963432,-4.032381862896106,3
phase6v2-r07-input-medium-a01,D4-FULL,INPUT,0.5862868389608195,0.4731867603264984,0.5808729584465702,0.0,0.8268846167780489,0.4753946593836564,0.5808852231795844,-0.5371233375104698,1.1648448372908997,1.2412753605796771,-0.07643052328877742,1
phase6v2-r07-input-medium-a01,D4-FULL,OUTPUT,-0.24309873382443375,-0.7636306045863301,0.45679037643547993,0.7636306045863301,-0.7922708726243693,-0.8991902662536438,0.6924835940989372,1.0395114856612564,-1.372504000587615,2.2334286132745174,-3.6059326138621324,4
phase6v2-r07-input-medium-a01,D4-FULL,LOAD,-0.03803957022817771,0.07657802207208689,-0.2270664850699524,0.17174054479694612,-0.10067511802303972,0.23187958926544883,-0.7596591834690287,-0.3128962160097359,0.103411311934196,1.622159271091914,-1.518747959157718,3
phase6v2-r07-input-medium-a01,D4-FULL,DOWNSTREAM,0.5842622123180563,0.08219478066584571,-1.2275922652712143,0.0,0.8286608556981417,0.3759752460587737,-1.3083289254578374,-0.9107639536915095,0.8761996791245356,1.6620134519963432,-0.7858137728718076,2
phase6v2-r07-output-downstream-a01,D4-FULL,INPUT,-0.2690284268960547,0.4591534126184965,0.5721096648014538,0.0,-0.37943111271377505,0.46129583178954797,0.5721217445035497,-0.5371233375104698,0.755118825370244,1.2412753605796771,-0.48615653520943314,3
phase6v2-r07-output-downstream-a01,D4-FULL,OUTPUT,1.1916165812516193,2.6090573661868626,-0.10828211106070473,0.0,3.8646364776801714,3.072217082032063,-0.16415316370949914,-1.352139024254161,3.6097058229217396,2.2334286132745174,1.3762772096472222,2
phase6v2-r07-output-downstream-a01,D4-FULL,LOAD,1.0968533467645485,-0.4014896882263091,-0.20026231972826122,0.4895795108527379,2.984201857594854,-1.2157177931886574,-0.669984873538327,1.2180004492323278,-0.8518340522763712,1.622159271091914,-2.473993323368285,4
phase6v2-r07-output-downstream-a01,D4-FULL,DOWNSTREAM,-0.14369416589404557,5.0,-2.2543916911512474,0.0,-0.20490627629267633,22.870992720770296,-2.402659207202933,-0.9107639536915095,7.665239699449739,1.6620134519963432,6.003226247453395,1
phase6v2-r07-output-load-a01,D4-FULL,INPUT,-3.3243927641669617,-3.619047619047619,-4.766946597788198,3.619047619047619,-4.688642238141083,-5.593070827860853,-4.767047248587078,6.69279332344165,-11.709046761637989,1.7984509367449648,-13.507497698382954,4
phase6v2-r07-output-load-a01,D4-FULL,OUTPUT,2.186812485087713,5.0,-4.725178671269239,0.0,7.094918521000801,8.831399575133071,-7.16326104453809,-1.3521390242541607,4.273158041452755,2.233428613274517,2.0397294281782377,2
phase6v2-r07-output-load-a01,D4-FULL,LOAD,3.1229643040465427,3.28236183747865,3.646358601771007,0.0,8.491596386700381,9.939049013026988,12.199025308394946,-1.1400982126030326,11.349988448643803,1.622159271091914,9.72782917755189,1
phase6v2-r07-output-load-a01,D4-FULL,DOWNSTREAM,-3.0456343069462437,-0.13147325161106777,-1.4359955196047824,0.13301206201473267,-4.325139354218179,-0.6013847561145463,-1.5304385081896204,1.7068935715783466,-3.8592144444191288,1.6620134519963432,-5.521227896415472,3
phase6v2-r07-load-downstream-a01,D4-FULL,INPUT,-1.4623611343444514,-1.1077072794513174,-1.9816986531336265,1.4886596604036983,-2.0624783737373535,-1.7119104036930752,-1.9817404953377469,2.214598319524315,-4.133308077113707,1.7984509367449648,-5.931759013858672,4
phase6v2-r07-load-downstream-a01,D4-FULL,OUTPUT,0.7199136827476694,1.03056016094636,-1.2808528769421856,0.0,2.33354757654402,1.8202577135061506,-1.9417431922674708,-1.3521390242541607,2.089493056848394,2.233428613274517,-0.14393555642612288,3
phase6v2-r07-load-downstream-a01,D4-FULL,LOAD,3.5369290985522635,3.5940061683254454,3.1253415577672605,0.15599383167455463,9.616839521242982,10.882713493752735,10.455943839989777,-0.38874151247146993,10.707240464133301,1.622159271091914,9.085081193041388,1
phase6v2-r07-load-downstream-a01,D4-FULL,DOWNSTREAM,-1.2331088846733915,5.0,-0.9506548085900444,0.0,-1.751679242555881,22.870992720770296,-1.0131777621856801,-0.9107639536915095,7.612809192367754,1.6620134519963432,5.950795740371411,2
phase6v2-r07-baseline-a01,D4-FULL,INPUT,0.5713728103533336,0.8184161473442991,0.581285211302911,0.0,0.8058502356352345,1.2648243296578294,0.5812974847403607,-0.9146478005094392,1.7986384838539138,1.7984509367449648,0.00018754710894897109,1
phase6v2-r07-baseline-a01,D4-FULL,OUTPUT,-0.2511964949429843,-0.5395467859254143,0.29588057436893567,0.5395467859254143,-0.8185551973804547,-0.9529906511972237,0.44854807398071095,1.1826088065653768,-1.623608064764366,2.233428613274517,-3.8570366780388827,4
phase6v2-r07-baseline-a01,D4-FULL,LOAD,-0.4553878829778902,0.4211111248329449,0.22520626490924667,0.02724203189384743,-1.2351153647963973,1.2751318461771475,0.7534357492712475,-1.0088847987845762,1.2733688756685755,1.622159271091914,-0.34879039542333845,3
phase6v2-r07-baseline-a01,D4-FULL,DOWNSTREAM,0.712129729871334,0.08254436600879649,0.6775173702666892,0.003225716598251467,1.0102097332791278,0.37757431882555675,0.7220765380304834,-0.8472823325520253,1.5505691959304144,1.6620134519963432,-0.11144425606592878,2
phase6v2-r07-input-downstream-a01,D4-FULL,INPUT,0.32131716194970616,1.851122982538074,0.5834600641199226,0.0,0.45317786562278406,2.86082501316771,0.5834723834778938,-0.9146478005094392,2.2138062212655685,1.7984509367449648,0.41535528452060366,2
phase6v2-r07-input-downstream-a01,D4-FULL,OUTPUT,-0.11699057943502725,-0.5032103104641077,0.17723719041141134,0.5032103104641077,-0.3829394987007307,-0.8888102644070605,0.26868746137305627,1.0119029386818335,-1.3462570392600783,2.233428613274517,-3.5796856525345953,4
phase6v2-r07-input-downstream-a01,D4-FULL,LOAD,0.5239500033092587,0.3250061949949885,0.1174257933536695,0.07327723751720182,1.4269304119655384,0.984124438905224,0.3928522620578309,-0.7871525686333016,1.7217882729428329,1.622159271091914,0.09962900185091894,3
phase6v2-r07-input-downstream-a01,D4-FULL,DOWNSTREAM,0.4703560645622577,5.0,-3.4139337758007917,0.0,0.6669346122366403,22.870992720770296,-3.6384624071339062,-0.9107639536915095,7.543918928982519,1.6620134519963432,5.881905476986176,1
phase6v2-r07-output-downstream-control-a01,D4-FULL,INPUT,0.4315681657195308,0.01703546326475025,0.5773369541972504,0.2857142857142857,0.6086731845407294,0.026327521120112666,0.5773491442699669,-0.31406034335540584,0.7181769599990089,1.7984509367449648,-1.080273976745956,2
phase6v2-r07-output-downstream-control-a01,D4-FULL,OUTPUT,0.07901019280500689,-0.10304187111585082,0.4412220862432952,0.3139541321275175,0.25325461403974464,-0.18200078735868852,0.6688824280008548,0.12279248520174822,0.12391959969222212,2.233428613274517,-2.109509013582295,3
phase6v2-r07-output-downstream-control-a01,D4-FULL,LOAD,0.07367986833005993,-0.37486006363907465,-0.1717465569595411,0.3821601870873135,0.20300174750054178,-1.1350828245057591,-0.5745843521702839,0.7006067307221201,-1.2028285404472872,1.622159271091914,-2.8249878115392013,4
phase6v2-r07-output-downstream-control-a01,D4-FULL,DOWNSTREAM,0.5099414104027914,5.0,-0.9383077613281214,0.0,0.7231386837906972,22.870992720770296,-1.0000186705770346,-0.9107639536915095,8.442134865019495,1.6620134519963432,6.780121413023152,1
phase6v2-r07-output-load-control-a01,D4-FULL,INPUT,-0.13679138926284776,-0.6507002338035722,-0.7172708193868527,0.6507002338035722,-0.19292722942516155,-1.0056271368782752,-0.7172859640668912,0.4531605952542394,-1.0917740387110153,1.7984509367449648,-2.89022497545598,3
phase6v2-r07-output-load-control-a01,D4-FULL,OUTPUT,-0.18375450947051158,0.39700699423132685,0.04791957848777395,0.0,-0.5996469062612221,0.7012254800358794,0.07264496725579966,-1.3521390242541607,1.4102135379309797,2.233428613274517,-0.8232150753435372,2
phase6v2-r07-output-load-control-a01,D4-FULL,LOAD,2.9120199478205846,3.614031726384674,3.152042301846232,0.13596827361532585,7.918205383977111,10.943351233562913,10.545272150324955,-0.4851962059690045,10.287472461923997,1.622159271091914,8.665313190832084,1
phase6v2-r07-output-load-control-a01,D4-FULL,DOWNSTREAM,-0.517935010639375,-0.09386183131541255,-1.137711216586867,0.09386183131541255,-0.7362609675274163,-0.4293426521545939,-1.2125365527205951,0.9364228755088791,-1.7291362663097476,1.6620134519963432,-3.3911497183060906,4
phase6v2-r07-downstream-medium-a01,D4-FULL,INPUT,0.4263013820937091,0.6753571886718088,0.579382882867164,0.0,0.6012450417432386,1.0437333210167716,0.5793951161382571,-0.9146478005094392,1.6561056268088614,1.7984509367449648,-0.1423453099361034,3
phase6v2-r07-downstream-medium-a01,D4-FULL,OUTPUT,-0.10688796591523528,-0.4240011469210549,0.8045889064541248,0.4240011469210549,-0.3501476725710212,-0.748904709754908,1.219738082183926,0.6397845965673132,-0.5995560299479809,2.233428613274517,-2.8329846432224977,4
phase6v2-r07-downstream-medium-a01,D4-FULL,LOAD,0.24510508401411535,0.46773790618743005,0.3017448054944437,0.0014030936681283972,0.6689714376677626,1.4163185550617177,1.009498220256121,-1.1333401003293382,2.1649361713245385,1.622159271091914,0.5427769002326246,2
phase6v2-r07-downstream-medium-a01,D4-FULL,DOWNSTREAM,0.5266170664302177,5.0,-3.251671611201318,0.0,0.7468151161844396,22.870992720770296,-3.4655285353112535,-0.9107639536915095,7.628190387572671,1.6620134519963432,5.9661769355763274,1
phase6v2-r07-output-control-a01,D4-FULL,INPUT,0.6087953258448157,0.14916767206911594,0.5832590079439005,0.2857142857142857,0.8586300361095083,0.23053174285925543,0.5832713230567088,-0.31406034335540584,0.8715380440305633,1.7984509367449648,-0.9269128927144015,2
phase6v2-r07-output-control-a01,D4-FULL,OUTPUT,-0.027337403252861523,-0.17238895062242987,-0.8669594496310105,0.3246814333356125,-0.09193644690801746,-0.3044871410569128,-1.3142903760436748,0.17318849195606414,-0.7434264799589325,2.233428613274517,-2.9768550932334494,3
phase6v2-r07-output-control-a01,D4-FULL,LOAD,-0.5727565821801763,-0.46519438215853537,-0.2957554635099849,0.4839511542495847,-1.554148105600502,-1.4086167198464952,-0.9894606588342798,1.190891021897204,-2.5082995166576296,1.622159271091914,-4.130458787749544,4
phase6v2-r07-output-control-a01,D4-FULL,DOWNSTREAM,0.679692165766903,0.12345463908812504,0.3206631276316752,0.0,0.9641542262410169,0.5647060303859665,0.34175259740302355,-0.9107639536915095,1.5343015717015118,1.6620134519963432,-0.12771188029483138,1
phase6v2-r07-input-load-a01,D4-FULL,INPUT,-2.988695242988789,-1.6123256477461332,-4.792235765568817,3.2789923144128,-4.215182665613812,-2.491774769129418,-4.792336950331081,5.977977995983369,-9.811076124341472,1.7984509367449648,-11.609527061086437,4
phase6v2-r07-input-load-a01,D4-FULL,OUTPUT,1.8419560198506821,2.6541376406042025,-2.5150793161136518,0.0,5.975557355139657,4.687950006315329,-3.8128017885514294,-1.3521390242541607,3.6357075485553465,2.233428613274517,1.4022789352808296,2
phase6v2-r07-input-load-a01,D4-FULL,LOAD,3.275142556972828,3.2642410767173384,3.3996657779465767,0.0,8.90524879532235,9.884179032726962,11.373705494876882,-1.1400982126030326,11.194475986911764,1.622159271091914,9.57231671581985,1
phase6v2-r07-input-load-a01,D4-FULL,DOWNSTREAM,-2.850670705098229,-0.1333253427729017,-2.0301162357815774,0.1333253427729017,-4.0483261043644365,-0.6098565888106477,-2.163633535706428,1.7130588901345885,-3.986997633095093,1.6620134519963432,-5.649011085091436,3
phase6v2-r07-output-medium-a01,D4-FULL,INPUT,-0.11777185482889577,0.154751842969309,0.5791777296784477,0.2857142857142857,-0.16610254328758597,0.2391618208928455,0.5791899586178724,-0.31406034335540584,0.5314767554297831,1.7984509367449648,-1.2669741813151818,2
phase6v2-r07-output-medium-a01,D4-FULL,OUTPUT,1.1238548102994106,3.3908426683539923,2.7187114690380683,0.0,3.644690202693718,5.989177300128907,4.121503399630843,-1.3521390242541607,5.9372626584053165,2.233428613274517,3.7038340451307996,1
phase6v2-r07-output-medium-a01,D4-FULL,LOAD,0.36264962628101227,0.012089996008824183,0.34909415200672317,0.35398963846276615,0.9884821568019968,0.0366087192237486,1.1679071809542585,0.5649210422033978,0.16607831012327023,1.622159271091914,-1.4560809609686438,3
phase6v2-r07-output-medium-a01,D4-FULL,DOWNSTREAM,0.06975771312073265,-0.02327654570497372,-0.043465819537676115,0.03668833542216409,0.09815700196748765,-0.10647154147662613,-0.04632449273155707,-0.1887429891806732,0.17052997843377468,1.6620134519963432,-1.4914834735625686,4
phase6v2-r07-load-medium-a01,D4-FULL,INPUT,-1.4231335533734044,-0.9284735530708556,-1.9538606113143868,1.3094259340232366,-2.007152753063577,-1.4349129635070956,-1.9539018657374,1.8378389716535235,-3.6364948324228807,1.7984509367449648,-5.434945769167846,4
phase6v2-r07-load-medium-a01,D4-FULL,OUTPUT,0.5873471512078182,1.0136079074984954,-0.8383920215045719,0.0,1.9032531141895934,1.7903152887267466,-1.2709828189591104,-1.3521390242541607,2.159667552239904,2.233428613274517,-0.0737610610346131,2
phase6v2-r07-load-medium-a01,D4-FULL,LOAD,3.5151019216325987,4.084381340860789,3.7791751211477194,0.0,9.557508676443424,12.367578086970223,12.643367804073376,-1.1400982126030326,12.662916401765374,1.622159271091914,11.04075713067346,1
phase6v2-r07-load-medium-a01,D4-FULL,DOWNSTREAM,-1.0578109400537692,-0.13233858693294237,0.07313454087628452,0.13233858693294237,-1.502787689040846,-0.6053429716840703,0.07794447552777793,1.6936396825007165,-2.3703684108997627,1.6620134519963432,-4.032381862896106,3
phase6v2-r07-input-medium-a01,D4-FULL,INPUT,0.5862868389608195,1.9821245068843323,0.5808729584465702,0.0,0.8268846167780489,3.0632818143355207,0.5808852231795844,-0.9146478005094392,2.4049983519404905,1.7984509367449648,0.6065474151955257,1
phase6v2-r07-input-medium-a01,D4-FULL,OUTPUT,-0.24309873382443375,-0.5090870697242201,0.45679037643547993,0.5090870697242201,-0.7922708726243693,-0.8991902662536437,0.6924835940989372,1.0395114856612566,-1.3725040005876152,2.233428613274517,-3.605932613862132,4
phase6v2-r07-input-medium-a01,D4-FULL,LOAD,-0.03803957022817771,0.07657802207208689,-0.2270664850699524,0.17174054479694612,-0.10067511802303972,0.23187958926544883,-0.7596591834690287,-0.3128962160097359,0.103411311934196,1.622159271091914,-1.518747959157718,3
phase6v2-r07-input-medium-a01,D4-FULL,DOWNSTREAM,0.5842622123180563,0.08219478066584571,-1.2275922652712143,0.0,0.8286608556981417,0.3759752460587737,-1.3083289254578374,-0.9107639536915095,0.8761996791245356,1.6620134519963432,-0.7858137728718076,2
phase6v2-r07-output-downstream-a01,D4-FULL,INPUT,-0.2690284268960547,0.020387989364711978,0.5721096648014538,0.2857142857142857,-0.37943111271377505,0.03150869525848239,0.5721217445035497,-0.31406034335540584,0.3887934523714915,1.7984509367449648,-1.4096574843734733,3
phase6v2-r07-output-downstream-a01,D4-FULL,OUTPUT,1.1916165812516193,3.406038244124575,-0.10828211106070473,0.0,3.8646364776801714,6.016016940409752,-0.16415316370949914,-1.3521390242541607,4.590972442380968,2.233428613274517,2.357543829106451,2
phase6v2-r07-output-downstream-a01,D4-FULL,LOAD,1.0968533467645485,-0.4014896882263091,-0.20026231972826122,0.4895795108527379,2.984201857594854,-1.2157177931886574,-0.669984873538327,1.2180004492323278,-0.8518340522763712,1.622159271091914,-2.473993323368285,4
phase6v2-r07-output-downstream-a01,D4-FULL,DOWNSTREAM,-0.14369416589404557,5.0,-2.2543916911512474,0.0,-0.20490627629267633,22.870992720770296,-2.402659207202933,-0.9107639536915095,7.665239699449739,1.6620134519963432,6.003226247453395,1
phase6v2-r08-output-load-control-a01,D4-S,INPUT,-0.06888571862666301,-0.4331519741700469,-0.4229388380343726,0.4331519741700469,-0.09738277323749957,-0.43520249494047025,-0.4229493338292573,0.03135474880841311,-0.09738277323749957,0.8586153472128697,-0.9559981204503692,2
phase6v2-r08-output-load-control-a01,D4-S,OUTPUT,-0.27114446520025076,0.45067712573442864,-1.1765544791609783,0.0,-0.888357463009433,0.5301711638857259,-1.8455840177987535,-1.3523331792660294,-0.888357463009433,2.0631457737832393,-2.9515032367926723,4
phase6v2-r08-output-load-control-a01,D4-S,LOAD,2.7748733073124936,3.5660292165367125,3.088038955382283,0.18397078346328777,7.495323319196754,10.392900186407338,10.028900129992667,-0.2809792946861995,7.495323319196754,1.5420953237699098,5.953227995426845,1
phase6v2-r08-output-load-control-a01,D4-S,DOWNSTREAM,-0.5272897518904369,-0.07035905785682935,-3.0467042601786694,0.08379333862449738,-0.7473852541496728,-0.321830574650049,-3.2784325453687955,0.7193900889914219,-0.7473852541496728,1.0017935520247787,-1.7491788061744515,3
phase6v2-r08-input-medium-a01,D4-S,INPUT,0.46788647318138493,0.4749341370962614,0.5856396145498428,0.0,0.6614445378099039,0.4771824526316227,0.5856541479828545,-0.540985144016274,0.6614445378099039,0.8586153472128697,-0.19717080940296583,2
phase6v2-r08-input-medium-a01,D4-S,OUTPUT,-0.23768213618606163,-0.7615353999778307,0.387897244891493,0.7615353999778307,-0.7792048080714109,-0.8958611083011653,0.6084690240866938,1.0257762948058413,-0.7792048080714109,2.0631457737832393,-2.8423505818546504,4
phase6v2-r08-input-medium-a01,D4-S,LOAD,-0.05631351576653737,0.26931053605441563,0.02933059769248782,0.03172824355971064,-0.14887961580957876,0.7848835077912442,0.09525580449633256,-1.056744091853823,-0.14887961580957876,1.5420953237699098,-1.6909749395794886,3
phase6v2-r08-input-medium-a01,D4-S,DOWNSTREAM,0.5824785252541387,0.029618633709570616,-0.5344403432441287,0.006768332115296783,0.8234411959237844,0.13547910102061145,-0.5750891669238913,-0.7706711043774312,0.8234411959237844,1.0017935520247787,-0.1783523561009943,1
phase6v2-r08-output-medium-a01,D4-S,INPUT,-0.18007046904837803,0.6478959633606577,0.5782086720106182,0.0,-0.2545630938271283,0.6509630719257057,0.5782230210348179,-0.540985144016274,-0.2545630938271283,0.8586153472128697,-1.1131784410399979,3
phase6v2-r08-output-medium-a01,D4-S,OUTPUT,1.1469187476941507,2.6490035031854338,1.5677931952557809,0.0,3.737302767984393,3.11625594073034,2.4592945890963853,-1.3523331792660294,3.737302767984393,2.0631457737832393,1.6741569942011538,1
phase6v2-r08-output-medium-a01,D4-S,LOAD,0.6238801468935519,-1.0156221114710773,-1.0207246875112188,1.1307462183777997,1.687642916046603,-2.9599474908055643,-3.3149665853229924,4.5433953754613485,1.687642916046603,1.5420953237699098,0.14554759227669334,2
phase6v2-r08-output-medium-a01,D4-S,DOWNSTREAM,-0.08070311699953292,-0.0435269823455732,0.7265111101558102,0.050059828927237586,-0.11526221298570165,-0.19909751733121958,0.7817685816237195,0.06680989466174556,-0.11526221298570165,1.0017935520247787,-1.1170557650104804,4
phase6v2-r08-output-control-a01,D4-S,INPUT,0.7037521767744376,0.6577174174068079,0.586297681058811,0.0,0.9948845713238318,0.6608310202665106,0.5863122308226263,-0.540985144016274,0.9948845713238318,0.8586153472128697,0.1362692241109621,1
phase6v2-r08-output-control-a01,D4-S,OUTPUT,-0.045404522770536825,-0.10980230302598856,-0.04510349034350991,0.47405916288668426,-0.1520036356559541,-0.12917011196819794,-0.07075089373191104,0.12805051210829554,-0.1520036356559541,2.0631457737832393,-2.2151494094391935,3
phase6v2-r08-output-control-a01,D4-S,LOAD,-0.4780937738318121,0.030762085866631456,0.3656336182346717,0.3213489786288418,-1.2876860910120458,0.08965358064230584,1.1874536216753928,0.4190429709391533,-1.2876860910120458,1.5420953237699098,-2.8297814147819556,4
phase6v2-r08-output-control-a01,D4-S,DOWNSTREAM,0.6070937636076671,0.12498667585468151,0.007759010353213802,0.0,0.8582829446716158,0.5717037001229147,0.00834915038991607,-0.9016055824891752,0.8582829446716158,1.0017935520247787,-0.1435106073531629,2
phase6v2-r08-baseline-a01,D4-S,INPUT,0.6313208266462047,0.6603858792344198,0.5855604897124429,0.0,0.8924893886147489,0.663512114465043,0.5855750211818657,-0.540985144016274,0.8924893886147489,0.8586153472128697,0.03387404140187922,1
phase6v2-r08-baseline-a01,D4-S,OUTPUT,-0.27351983086300974,-0.7885491660334767,0.22501302761362574,0.7885491660334767,-0.8961058019976968,-0.9276397786015924,0.3529632115772158,1.1101344126151553,-0.8961058019976968,2.0631457737832393,-2.959251575780936,4
phase6v2-r08-baseline-a01,D4-S,LOAD,-0.4076858383010623,0.4720878705417639,0.2933593987761291,0.038058123835734,-1.097584702066414,1.3758614469567205,0.9527315409647346,-1.0244896490973197,-1.097584702066414,1.5420953237699098,-2.6396800258363236,3
phase6v2-r08-baseline-a01,D4-S,DOWNSTREAM,0.6811868853423378,0.08004759220214734,1.795223186386524,0.0062891389704963436,0.9631583837937334,0.36614706595690044,1.9317654809413976,-0.7799411731713914,0.9631583837937334,1.0017935520247787,-0.03863516823104529,2
phase6v2-r08-input-load-a01,D4-S,INPUT,-3.0245677313692787,-4.902946627021895,-4.762328208164341,4.902946627021895,-4.2757889356094685,-4.926156942325775,-4.762446391730264,5.937461485279782,-4.2757889356094685,0.8586153472128697,-5.134404282822338,4
phase6v2-r08-input-load-a01,D4-S,OUTPUT,1.8060322197022018,3.9230747241852413,-2.4287855086144625,0.0,5.887302110366982,4.6150580399272165,-3.8098768877720293,-1.3523331792660294,5.887302110366982,2.0631457737832393,3.824156336583743,2
phase6v2-r08-input-load-a01,D4-S,LOAD,3.2910630661605333,3.734001952754845,4.014961799341549,0.0,8.889035396916555,10.882442973509965,13.03923023417539,-1.2184180526611832,8.889035396916555,1.5420953237699098,7.346940073146644,1
phase6v2-r08-input-load-a01,D4-S,DOWNSTREAM,-2.859737002398429,-0.13442573592616405,-1.8187724458993362,0.13442573592616405,-4.0488581020906595,-0.6148790668701926,-1.9571058658994083,1.6988819938370958,-4.0488581020906595,1.0017935520247787,-5.0506516541154385,3
phase6v2-r08-output-load-a01,D4-S,INPUT,-3.3356934373147453,-5.0,-4.929434759236609,5.0,-4.715622977766315,-5.023669761338987,-4.9295570897758685,6.06570173443251,-4.715622977766315,0.8586153472128697,-5.574238324979184,4
phase6v2-r08-output-load-a01,D4-S,OUTPUT,2.2107516267735736,5.0,-3.535644869621733,0.0,7.2074791299656535,5.88194001439227,-5.546134734567799,-1.3523331792660294,7.2074791299656535,2.0631457737832393,5.144333356182415,2
phase6v2-r08-output-load-a01,D4-S,LOAD,3.0709267434596765,3.0829351020941127,3.4070475226832593,0.0,8.29466744126843,8.984961942727193,11.06493144575613,-1.2184180526611832,8.29466744126843,1.5420953237699098,6.75257211749852,1
phase6v2-r08-output-load-a01,D4-S,DOWNSTREAM,-3.0504003057698306,-0.15810098643163,0.015992040128602697,0.15810098643163,-4.318733323938581,-0.7231724367254628,0.017208373490566614,2.1568835393126844,-4.318733323938581,1.0017935520247787,-5.32052687596336,3
phase6v2-r08-downstream-medium-a01,D4-S,INPUT,0.45840730499372384,0.45748883938322515,0.5856893773619374,0.0,0.6480439708345914,0.4596545697119154,0.5857039120298801,-0.540985144016274,0.6480439708345914,0.8586153472128697,-0.21057137637827827,1
phase6v2-r08-downstream-medium-a01,D4-S,OUTPUT,-0.17487098901213685,-0.7965588319972492,0.28356978681953166,0.7965588319972492,-0.5743175908418642,-0.9370622535484383,0.44481736779238534,1.1351468578844794,-0.5743175908418642,2.0631457737832393,-2.6374633646251033,4
phase6v2-r08-downstream-medium-a01,D4-S,LOAD,0.19821415389717964,-0.5124489783354933,-1.0059946186068056,0.7561055893352668,0.5383449585714655,-1.4934905910949283,-3.2671283319574407,2.634382219322441,0.5383449585714655,1.5420953237699098,-1.0037503651984443,3
phase6v2-r08-downstream-medium-a01,D4-S,DOWNSTREAM,0.5473380476153323,5.0,-0.599909975749798,0.0,0.7737014503570072,22.87058585299198,-0.6455383328456713,-0.9016055824891752,0.7737014503570072,1.0017935520247787,-0.2280921016677715,2
phase6v2-r08-output-downstream-control-a01,D4-S,INPUT,0.4394798296019106,0.45453064302150137,0.583649176657481,0.0,0.6212864646230519,0.45668236938981643,0.5836636606951051,-0.540985144016274,0.6212864646230519,0.8586153472128697,-0.23732888258981777,1
phase6v2-r08-output-downstream-control-a01,D4-S,OUTPUT,-0.025276005258583097,-0.23547073735816998,0.4422213281447468,0.4920516120510433,-0.08634529114967107,-0.277004950457095,0.6936836585210219,0.18423701876414422,-0.08634529114967107,2.0631457737832393,-2.1494910649329104,4
phase6v2-r08-output-downstream-control-a01,D4-S,LOAD,0.1343432354416139,-0.3509340265904607,-0.13990125998921113,0.37108758410883624,0.36589351229474026,-1.0227684881143002,-0.45435170500245403,0.6724902611382425,0.36589351229474026,1.5420953237699098,-1.1762018114751696,3
phase6v2-r08-output-downstream-control-a01,D4-S,DOWNSTREAM,0.4428081380995456,5.0,1.2505625044930375,0.0,0.6257441244243684,22.87058585299198,1.3456786299656973,-0.9016055824891752,0.6257441244243684,1.0017935520247787,-0.37604942760041027,2
phase6v2-r08-load-medium-a01,D4-S,INPUT,-1.4996047731176312,-2.1328143066663903,-2.16245384051172,2.1328143066663903,-2.1199702126626487,-2.1429109477902246,-2.162507504705964,2.2771821147878617,-2.1199702126626487,0.8586153472128697,-2.978585559875518,4
phase6v2-r08-load-medium-a01,D4-S,OUTPUT,0.6400964238756638,1.6289359945961577,-0.9969949491045147,0.0,2.0840704958616776,1.9162607614998013,-1.563920733365052,-1.3523331792660294,2.0840704958616776,2.0631457737832393,0.020924722078438318,2
phase6v2-r08-load-medium-a01,D4-S,LOAD,3.5446950640697787,3.613887174385735,3.1518495658476464,0.13611282561426538,9.57384165803105,10.532378286234358,10.236135287591829,-0.5248435850948963,9.57384165803105,1.5420953237699098,8.03174633426114,1
phase6v2-r08-load-medium-a01,D4-S,DOWNSTREAM,-1.1788560092528548,-0.1370452917953423,0.9746288900144762,0.1370452917953423,-1.669647614787432,-0.6268612223507427,1.048757870740215,1.7495577252835823,-1.669647614787432,1.0017935520247787,-2.671441166812211,3
phase6v2-r08-output-downstream-a01,D4-S,INPUT,-0.35068799673276946,0.4608527012918795,0.5870338402817985,0.0,-0.495762697171337,0.46303435598228077,0.587048408314393,-0.540985144016274,-0.495762697171337,0.8586153472128697,-1.3543780443842066,4
phase6v2-r08-output-downstream-a01,D4-S,OUTPUT,1.22407236257995,2.624350684504798,2.441288337171516,0.0,3.98897448812317,3.0872546605973024,3.829489256745059,-1.3523331792660294,3.98897448812317,2.0631457737832393,1.9258287143399309,1
phase6v2-r08-output-downstream-a01,D4-S,LOAD,1.1456334522384857,0.20999601904632031,0.616962769950213,0.2656391947187031,3.09637656638532,0.6120162042897926,2.0036852167845636,0.13516903371587244,3.09637656638532,1.5420953237699098,1.5542812426154105,2
phase6v2-r08-output-downstream-a01,D4-S,DOWNSTREAM,-0.17423159730155718,5.0,-0.7862245856834846,0.0,-0.24764751694447967,22.87058585299198,-0.8460237849021404,-0.9016055824891752,-0.24764751694447967,1.0017935520247787,-1.2494410689692583,3
phase6v2-r08-input-downstream-a01,D4-S,INPUT,0.4162416742482578,0.2778976358993085,0.5895711241130833,0.0009166641455130559,0.588435010673254,0.27921319004298956,0.5895857551117814,-0.5397739214198528,0.588435010673254,0.8586153472128697,-0.2701803365396157,2
phase6v2-r08-input-downstream-a01,D4-S,OUTPUT,-0.14029961903658425,-0.7620092281216353,0.29108083619758857,0.7620092281216353,-0.4615472927530469,-0.8964185140449631,0.45659945942908076,1.0272559570748527,-0.4615472927530469,2.0631457737832393,-2.5246930665362863,4
phase6v2-r08-input-downstream-a01,D4-S,LOAD,0.5598105679330198,-0.1998590854902427,-0.5828254524328733,0.437119089324655,1.5146550865108308,-0.5824729413922229,-1.8928188213038541,1.0089594062462117,1.5146550865108308,1.5420953237699098,-0.02744023725907896,1
phase6v2-r08-input-downstream-a01,D4-S,DOWNSTREAM,0.45219690580574273,5.0,-3.8095602561884476,0.0,0.6390334974855959,22.87058585299198,-4.0993103566603715,-0.9016055824891752,0.6390334974855959,1.0017935520247787,-0.3627600545391828,3
phase6v2-r08-load-downstream-a01,D4-S,INPUT,-1.6238939359715978,-2.429971861107336,-2.237548035671325,2.429971861107336,-2.2956760571161845,-2.4414752319099096,-2.237603563428804,2.6698274979392473,-2.2956760571161845,0.8586153472128697,-3.1542914043290544,4
phase6v2-r08-load-downstream-a01,D4-S,OUTPUT,0.7668638301162011,1.6886211578725296,-0.984002684534775,0.0,2.4975802352732437,1.986473671527967,-1.5435406181475877,-1.3523331792660294,2.4975802352732437,2.0631457737832393,0.4344344614900044,2
phase6v2-r08-load-downstream-a01,D4-S,LOAD,3.547928750976573,3.912330972558833,3.549774630078444,0.0,9.582572610980641,11.402168301212878,11.528460541920607,-1.2184180526611832,9.582572610980641,1.5420953237699098,8.04047728721073,1
phase6v2-r08-load-downstream-a01,D4-S,DOWNSTREAM,-1.360155246166259,5.0,-0.7544379898411775,0.0,-1.926268427065893,22.87058585299198,-0.8118195427385794,-0.9016055824891752,-1.926268427065893,1.0017935520247787,-2.9280619790906717,3
phase6v2-r08-output-load-control-a01,D4-SM,INPUT,-0.06888571862666301,-0.4331519741700469,-0.4229388380343726,0.4331519741700469,-0.09738277323749957,-0.43520249494047025,-0.4229493338292573,0.03135474880841311,-0.2662926340889849,0.7575824701103927,-1.0238751041993777,2
phase6v2-r08-output-load-control-a01,D4-SM,OUTPUT,-0.27114446520025076,0.45067712573442864,-1.1765544791609783,0.0,-0.888357463009433,0.5301711638857259,-1.8455840177987535,-1.3523331792660294,-0.17909314956185352,2.025274280611223,-2.2043674301730767,4
phase6v2-r08-output-load-control-a01,D4-SM,LOAD,2.7748733073124936,3.5660292165367125,3.088038955382283,0.18397078346328777,7.495323319196754,10.392900186407338,10.028900129992667,-0.2809792946861995,8.944111752802046,1.0157777047147298,7.928334048087316,1
phase6v2-r08-output-load-control-a01,D4-SM,DOWNSTREAM,-0.5272897518904369,-0.07035905785682935,-3.0467042601786694,0.08379333862449738,-0.7473852541496728,-0.321830574650049,-3.2784325453687955,0.7193900889914219,-0.5346079143998609,0.7572715582577748,-1.2918794726576357,3
phase6v2-r08-input-medium-a01,D4-SM,INPUT,0.46788647318138493,0.4749341370962614,0.5856396145498428,0.0,0.6614445378099039,0.4771824526316227,0.5856541479828545,-0.540985144016274,0.5693134952207632,0.7575824701103927,-0.18826897488962946,1
phase6v2-r08-input-medium-a01,D4-SM,OUTPUT,-0.23768213618606163,-0.7615353999778307,0.387897244891493,0.7615353999778307,-0.7792048080714109,-0.8958611083011653,0.6084690240866938,1.0257762948058413,-0.837532958186288,2.025274280611223,-2.862807238797511,4
phase6v2-r08-input-medium-a01,D4-SM,LOAD,-0.05631351576653737,0.26931053605441563,0.02933059769248782,0.03172824355971064,-0.14887961580957876,0.7848835077912442,0.09525580449633256,-1.056744091853823,0.3180019459908327,1.0157777047147298,-0.6977757587238971,3
phase6v2-r08-input-medium-a01,D4-SM,DOWNSTREAM,0.5824785252541387,0.029618633709570616,-0.5344403432441287,0.006768332115296783,0.8234411959237844,0.13547910102061145,-0.5750891669238913,-0.7706711043774312,0.4794601484721979,0.7572715582577748,-0.2778114097855769,2
phase6v2-r08-output-medium-a01,D4-SM,INPUT,-0.18007046904837803,0.6478959633606577,0.5782086720106182,0.0,-0.2545630938271283,0.6509630719257057,0.5782230210348179,-0.540985144016274,0.1981999890492887,0.7575824701103927,-0.559382481061104,2
phase6v2-r08-output-medium-a01,D4-SM,OUTPUT,1.1469187476941507,2.6490035031854338,1.5677931952557809,0.0,3.737302767984393,3.11625594073034,2.4592945890963853,-1.3523331792660294,3.4267793543573664,2.025274280611223,1.4015050737461432,1
phase6v2-r08-output-medium-a01,D4-SM,LOAD,0.6238801468935519,-1.0156221114710773,-1.0207246875112188,1.1307462183777997,1.687642916046603,-2.9599474908055643,-3.3149665853229924,4.5433953754613485,-0.6361522873794806,1.0157777047147298,-1.6519299920942103,4
phase6v2-r08-output-medium-a01,D4-SM,DOWNSTREAM,-0.08070311699953292,-0.0435269823455732,0.7265111101558102,0.050059828927237586,-0.11526221298570165,-0.19909751733121958,0.7817685816237195,0.06680989466174556,-0.1571798651584606,0.7572715582577748,-0.9144514234162354,3
phase6v2-r08-output-control-a01,D4-SM,INPUT,0.7037521767744376,0.6577174174068079,0.586297681058811,0.0,0.9948845713238318,0.6608310202665106,0.5863122308226263,-0.540985144016274,0.8278577957951712,0.7575824701103927,0.07027532568477846,1
phase6v2-r08-output-control-a01,D4-SM,OUTPUT,-0.045404522770536825,-0.10980230302598856,-0.04510349034350991,0.47405916288668426,-0.1520036356559541,-0.12917011196819794,-0.07075089373191104,0.12805051210829554,-0.14058687381207602,2.025274280611223,-2.165861154423299,4
phase6v2-r08-output-control-a01,D4-SM,LOAD,-0.4780937738318121,0.030762085866631456,0.3656336182346717,0.3213489786288418,-1.2876860910120458,0.08965358064230584,1.1874536216753928,0.4190429709391533,-0.59901625518487,1.0157777047147298,-1.6147939598996,3
phase6v2-r08-output-control-a01,D4-SM,DOWNSTREAM,0.6070937636076671,0.12498667585468151,0.007759010353213802,0.0,0.8582829446716158,0.5717037001229147,0.00834915038991607,-0.9016055824891752,0.7149933223972653,0.7572715582577748,-0.042278235860509494,2
phase6v2-r08-baseline-a01,D4-SM,INPUT,0.6313208266462047,0.6603858792344198,0.5855604897124429,0.0,0.8924893886147489,0.663512114465043,0.5855750211818657,-0.540985144016274,0.7780007515398959,0.7575824701103927,0.020418281429503193,1
phase6v2-r08-baseline-a01,D4-SM,OUTPUT,-0.27351983086300974,-0.7885491660334767,0.22501302761362574,0.7885491660334767,-0.8961058019976968,-0.9276397786015924,0.3529632115772158,1.1101344126151553,-0.9118727902996446,2.025274280611223,-2.937147070910868,4
phase6v2-r08-baseline-a01,D4-SM,LOAD,-0.4076858383010623,0.4720878705417639,0.2933593987761291,0.038058123835734,-1.097584702066414,1.3758614469567205,0.9527315409647346,-1.0244896490973197,0.13913837244515326,1.0157777047147298,-0.8766393322695766,3
phase6v2-r08-baseline-a01,D4-SM,DOWNSTREAM,0.6811868853423378,0.08004759220214734,1.795223186386524,0.0062891389704963436,0.9631583837937334,0.36614706595690044,1.9317654809413976,-0.7799411731713914,0.6646527248753169,0.7572715582577748,-0.09261883338245791,2
phase6v2-r08-input-load-a01,D4-SM,INPUT,-3.0245677313692787,-4.902946627021895,-4.762328208164341,4.902946627021895,-4.2757889356094685,-4.926156942325775,-4.762446391730264,5.937461485279782,-4.600972938967622,0.7575824701103927,-5.358555409078015,4
phase6v2-r08-input-load-a01,D4-SM,OUTPUT,1.8060322197022018,3.9230747241852413,-2.4287855086144625,0.0,5.887302110366982,4.6150580399272165,-3.8098768877720293,-1.3523331792660294,5.251180075147099,2.025274280611223,3.225905794535876,2
phase6v2-r08-input-load-a01,D4-SM,LOAD,3.2910630661605333,3.734001952754845,4.014961799341549,0.0,8.889035396916555,10.882442973509965,13.03923023417539,-1.2184180526611832,9.88573918521326,1.0157777047147298,8.869961480498532,1
phase6v2-r08-input-load-a01,D4-SM,DOWNSTREAM,-2.859737002398429,-0.13442573592616405,-1.8187724458993362,0.13442573592616405,-4.0488581020906595,-0.6148790668701926,-1.9571058658994083,1.6988819938370958,-2.331868584480426,0.7572715582577748,-3.089140142738201,3
phase6v2-r08-output-load-a01,D4-SM,INPUT,-3.3356934373147453,-5.0,-4.929434759236609,5.0,-4.715622977766315,-5.023669761338987,-4.9295570897758685,6.06570173443251,-4.869646369552651,0.7575824701103927,-5.627228839663044,4
phase6v2-r08-output-load-a01,D4-SM,OUTPUT,2.2107516267735736,5.0,-3.535644869621733,0.0,7.2074791299656535,5.88194001439227,-5.546134734567799,-1.3523331792660294,6.544709572178961,2.025274280611223,4.5194352915677385,2
phase6v2-r08-output-load-a01,D4-SM,LOAD,3.0709267434596765,3.0829351020941127,3.4070475226832593,0.0,8.29466744126843,8.984961942727193,11.06493144575613,-1.2184180526611832,8.639814691997811,1.0157777047147298,7.624036987283081,1
phase6v2-r08-output-load-a01,D4-SM,DOWNSTREAM,-3.0504003057698306,-0.15810098643163,0.015992040128602697,0.15810098643163,-4.318733323938581,-0.7231724367254628,0.017208373490566614,2.1568835393126844,-2.520952880332022,0.7572715582577748,-3.2782244385897967,3
phase6v2-r08-downstream-medium-a01,D4-SM,INPUT,0.45840730499372384,0.45748883938322515,0.5856893773619374,0.0,0.6480439708345914,0.4596545697119154,0.5857039120298801,-0.540985144016274,0.5538492702732534,0.7575824701103927,-0.20373319983713933,2
phase6v2-r08-downstream-medium-a01,D4-SM,OUTPUT,-0.17487098901213685,-0.7965588319972492,0.28356978681953166,0.7965588319972492,-0.5743175908418642,-0.9370622535484383,0.44481736779238534,1.1351468578844794,-0.7556899221951512,2.025274280611223,-2.7809642028063744,4
phase6v2-r08-downstream-medium-a01,D4-SM,LOAD,0.19821415389717964,-0.5124489783354933,-1.0059946186068056,0.7561055893352668,0.5383449585714655,-1.4934905910949283,-3.2671283319574407,2.634382219322441,-0.4775728162617314,1.0157777047147298,-1.4933505209764613,3
phase6v2-r08-downstream-medium-a01,D4-SM,DOWNSTREAM,0.5473380476153323,5.0,-0.599909975749798,0.0,0.7737014503570072,22.87058585299198,-0.6455383328456713,-0.9016055824891752,11.822143651674493,0.7572715582577748,11.064872093416717,1
phase6v2-r08-output-downstream-control-a01,D4-SM,INPUT,0.4394798296019106,0.45453064302150137,0.583649176657481,0.0,0.6212864646230519,0.45668236938981643,0.5836636606951051,-0.540985144016274,0.5389844170064342,0.7575824701103927,-0.21859805310395852,2
phase6v2-r08-output-downstream-control-a01,D4-SM,OUTPUT,-0.025276005258583097,-0.23547073735816998,0.4422213281447468,0.4920516120510433,-0.08634529114967107,-0.277004950457095,0.6936836585210219,0.18423701876414422,-0.18167512080338305,2.025274280611223,-2.2069494014146063,4
phase6v2-r08-output-downstream-control-a01,D4-SM,LOAD,0.1343432354416139,-0.3509340265904607,-0.13990125998921113,0.37108758410883624,0.36589351229474026,-1.0227684881143002,-0.45435170500245403,0.6724902611382425,-0.32843748790978,1.0157777047147298,-1.3442151926245098,3
phase6v2-r08-output-downstream-control-a01,D4-SM,DOWNSTREAM,0.4428081380995456,5.0,1.2505625044930375,0.0,0.6257441244243684,22.87058585299198,1.3456786299656973,-0.9016055824891752,11.748164988708174,0.7572715582577748,10.990893430450399,1
phase6v2-r08-load-medium-a01,D4-SM,INPUT,-1.4996047731176312,-2.1328143066663903,-2.16245384051172,2.1328143066663903,-2.1199702126626487,-2.1429109477902246,-2.162507504705964,2.2771821147878617,-2.1314405802264367,0.7575824701103927,-2.8890230503368293,4
phase6v2-r08-load-medium-a01,D4-SM,OUTPUT,0.6400964238756638,1.6289359945961577,-0.9969949491045147,0.0,2.0840704958616776,1.9162607614998013,-1.563920733365052,-1.3523331792660294,2.0001656286807394,2.025274280611223,-0.025108651930483727,2
phase6v2-r08-load-medium-a01,D4-SM,LOAD,3.5446950640697787,3.613887174385735,3.1518495658476464,0.13611282561426538,9.57384165803105,10.532378286234358,10.236135287591829,-0.5248435850948963,10.053109972132704,1.0157777047147298,9.037332267417975,1
phase6v2-r08-load-medium-a01,D4-SM,DOWNSTREAM,-1.1788560092528548,-0.1370452917953423,0.9746288900144762,0.1370452917953423,-1.669647614787432,-0.6268612223507427,1.048757870740215,1.7495577252835823,-1.1482544185690873,0.7572715582577748,-1.905525976826862,3
phase6v2-r08-output-downstream-a01,D4-SM,INPUT,-0.35068799673276946,0.4608527012918795,0.5870338402817985,0.0,-0.495762697171337,0.46303435598228077,0.587048408314393,-0.540985144016274,-0.016364170594528105,0.7575824701103927,-0.7739466407049208,4
phase6v2-r08-output-downstream-a01,D4-SM,OUTPUT,1.22407236257995,2.624350684504798,2.441288337171516,0.0,3.98897448812317,3.0872546605973024,3.829489256745059,-1.3523331792660294,3.538114574360236,2.025274280611223,1.5128402937490129,2
phase6v2-r08-output-downstream-a01,D4-SM,LOAD,1.1456334522384857,0.20999601904632031,0.616962769950213,0.2656391947187031,3.09637656638532,0.6120162042897926,2.0036852167845636,0.13516903371587244,1.8541963853375565,1.0157777047147298,0.8384186806228267,3
phase6v2-r08-output-downstream-a01,D4-SM,DOWNSTREAM,-0.17423159730155718,5.0,-0.7862245856834846,0.0,-0.24764751694447967,22.87058585299198,-0.8460237849021404,-0.9016055824891752,11.31146916802375,0.7572715582577748,10.554197609765975,1
phase6v2-r08-input-downstream-a01,D4-SM,INPUT,0.4162416742482578,0.2778976358993085,0.5895711241130833,0.0009166641455130559,0.588435010673254,0.27921319004298956,0.5895857551117814,-0.5397739214198528,0.4338241003581218,0.7575824701103927,-0.3237583697522709,2
phase6v2-r08-input-downstream-a01,D4-SM,OUTPUT,-0.14029961903658425,-0.7620092281216353,0.29108083619758857,0.7620092281216353,-0.4615472927530469,-0.8964185140449631,0.45659945942908076,1.0272559570748527,-0.678982903399005,2.025274280611223,-2.704257184010228,4
phase6v2-r08-input-downstream-a01,D4-SM,LOAD,0.5598105679330198,-0.1998590854902427,-0.5828254524328733,0.437119089324655,1.5146550865108308,-0.5824729413922229,-1.8928188213038541,1.0089594062462117,0.46609107255930393,1.0157777047147298,-0.5496866321554259,3
phase6v2-r08-input-downstream-a01,D4-SM,DOWNSTREAM,0.45219690580574273,5.0,-3.8095602561884476,0.0,0.6390334974855959,22.87058585299198,-4.0993103566603715,-0.9016055824891752,11.754809675238787,0.7572715582577748,10.997538116981012,1
phase6v2-r08-load-downstream-a01,D4-SM,INPUT,-1.6238939359715978,-2.429971861107336,-2.237548035671325,2.429971861107336,-2.2956760571161845,-2.4414752319099096,-2.237603563428804,2.6698274979392473,-2.3685756445130473,0.7575824701103927,-3.12615811462344,4
phase6v2-r08-load-downstream-a01,D4-SM,OUTPUT,0.7668638301162011,1.6886211578725296,-0.984002684534775,0.0,2.4975802352732437,1.986473671527967,-1.5435406181475877,-1.3523331792660294,2.242026953400605,2.025274280611223,0.21675267278938204,3
phase6v2-r08-load-downstream-a01,D4-SM,LOAD,3.547928750976573,3.912330972558833,3.549774630078444,0.0,9.582572610980641,11.402168301212878,11.528460541920607,-1.2184180526611832,10.49237045609676,1.0157777047147298,9.47659275138203,2
phase6v2-r08-load-downstream-a01,D4-SM,DOWNSTREAM,-1.360155246166259,5.0,-0.7544379898411775,0.0,-1.926268427065893,22.87058585299198,-0.8118195427385794,-0.9016055824891752,10.472158712963044,0.7572715582577748,9.714887154705268,1
phase6v2-r08-output-load-control-a01,D4-SMT,INPUT,0.37497519405667806,0.0,0.0,0.4331519741700469,-0.059804842001202736,-1.4890432940271343,-1.5648216248441988,0.03135474880841311,-1.0378899202908454,0.8770964782650315,-1.9149863985558768,3
phase6v2-r08-output-load-control-a01,D4-SMT,OUTPUT,0.27434177710244156,0.45067712573442864,0.0,0.0,-0.40036476742943145,0.03148993418079693,-1.3838225804538455,-1.3523331792660294,-0.58423247123416,1.3319067191546154,-1.9161391903887754,4
phase6v2-r08-output-load-control-a01,D4-SMT,LOAD,2.780586142699378,3.75,3.3333333333333335,0.18397078346328777,7.6283893199408235,19.25868540719813,16.23155451929528,-0.2809792946861995,14.372876415478077,1.507258044192495,12.865618371285581,1
phase6v2-r08-output-load-control-a01,D4-SMT,DOWNSTREAM,0.04450427212925983,0.013434280767668033,0.0,0.08379333862449738,-1.305374915722204,-0.15323951412231618,-0.9113446046771422,0.7193900889914219,-0.7899863448405542,0.8038255511614569,-1.5938118960020111,2
phase6v2-r08-input-medium-a01,D4-SMT,INPUT,0.5359469581934551,0.4749341370962614,0.5856396145498428,0.0,0.6630076201055904,0.23826195352049476,0.6331445783598085,-0.540985144016274,0.5114713839952979,0.8770964782650315,-0.36562509426973355,1
phase6v2-r08-input-medium-a01,D4-SMT,OUTPUT,0.1683588616034723,0.0,0.387897244891493,0.7615353999778307,-0.7336848582949008,-0.7737993664356133,0.08274747935051623,1.0257762948058413,-0.47491224845999924,1.3319067191546154,-1.8068189676146147,4
phase6v2-r08-input-medium-a01,D4-SMT,LOAD,0.23441153892337713,0.3010387796141263,0.07163492243876868,0.03172824355971064,-0.5024406940147834,0.3396915348063824,-0.42136024321319976,-1.056744091853823,-0.19470313414053356,1.507258044192495,-1.7019611783330286,3
phase6v2-r08-input-medium-a01,D4-SMT,DOWNSTREAM,0.5910985552288487,0.0363869658248674,0.12661562146953206,0.006768332115296783,0.6972968890140141,-0.04720850123593642,-0.6249666394517336,-0.7706711043774312,0.008373916108781354,0.8038255511614569,-0.7954516350526756,2
phase6v2-r08-output-medium-a01,D4-SMT,INPUT,0.24487184167931825,0.6478959633606577,0.5782086720106182,0.0,-0.6440086926859818,0.8673131140845955,0.6052554804344212,-0.540985144016274,0.276186633944345,0.8770964782650315,-0.6009098443206864,2
phase6v2-r08-output-medium-a01,D4-SMT,OUTPUT,1.1469187476941507,2.6490035031854338,1.5677931952557809,0.0,2.343921269196661,3.9595541955724616,4.543722898169809,-1.3523331792660294,3.6157327876463103,1.3319067191546154,2.283826068491695,1
phase6v2-r08-output-medium-a01,D4-SMT,LOAD,1.0374780920848523,0.11512410690672231,0.15349880920896308,1.1307462183777997,2.0620329379057236,-0.6801281526256413,-0.0033963002691931744,4.5433953754613485,0.45950282833696304,1.507258044192495,-1.0477552158555319,4
phase6v2-r08-output-medium-a01,D4-SMT,DOWNSTREAM,0.28935402790836834,0.006532846581664382,0.7265111101558102,0.050059828927237586,-0.40826765086991584,-0.18512101536223877,0.7318710667014399,0.06680989466174556,0.04616080015642843,0.8038255511614569,-0.7576647510050285,3
phase6v2-r08-output-control-a01,D4-SMT,INPUT,0.7120273069145778,0.6577174174068079,0.586297681058811,0.0,1.4536622486999202,0.9030331177385437,0.6356143702083061,-0.540985144016274,0.9974365788822567,0.8770964782650315,0.12034010061722522,1
phase6v2-r08-output-control-a01,D4-SMT,OUTPUT,0.3759167091058772,0.3642568598606957,0.3004188943353572,0.47405916288668426,-0.08090794360419605,-0.12292951932737155,-0.24799250784012922,0.12805051210829554,-0.1506099902572323,1.3319067191546154,-1.4825167094118477,4
phase6v2-r08-output-control-a01,D4-SMT,LOAD,0.07607281703220627,0.3521110644954733,0.46948141932729776,0.3213489786288418,-1.0080718594560056,0.6198443643041714,1.609883289026861,0.4190429709391533,0.40721859795834225,1.507258044192495,-1.1000394462341527,3
phase6v2-r08-output-control-a01,D4-SMT,DOWNSTREAM,0.6511985219634313,0.12498667585468151,0.01766992967191123,0.0,0.9174977080975969,0.3620820446191376,-0.8713789318289804,-0.9016055824891752,0.13606694029591804,0.8038255511614569,-0.6677586108655389,2
phase6v2-r08-baseline-a01,D4-SMT,INPUT,0.6313208266462047,0.6603858792344198,0.5855604897124429,0.0,1.0912654642477815,0.9127381436730775,0.6328476146399401,-0.540985144016274,0.8789504075202664,0.8770964782650315,0.0018539292552349762,2
phase6v2-r08-baseline-a01,D4-SMT,OUTPUT,0.18875466303579472,0.0,0.294126699637564,0.7885491660334767,-0.6695393273412642,-0.7737993664356133,-0.2717821698595761,1.1101344126151553,-0.5717069545454846,1.3319067191546154,-1.9036136737001002,4
phase6v2-r08-baseline-a01,D4-SMT,LOAD,0.20086230050920778,0.5101459943774979,0.34410356389044106,0.038058123835734,-0.6095751985529798,1.486732009311491,0.9697545963426566,-1.0244896490973197,0.6156371357003892,1.507258044192495,-0.8916209084921057,3
phase6v2-r08-baseline-a01,D4-SMT,DOWNSTREAM,0.6811868853423378,0.08633673117264369,1.795223186386524,0.0062891389704963436,1.027372347599046,0.1835367993710831,3.1490735117916824,-0.7799411731713914,1.453327552920604,0.8038255511614569,0.6495020017591471,1
phase6v2-r08-input-load-a01,D4-SMT,INPUT,0.0,0.0,0.0,4.902946627021895,-1.743558167924756,-1.4890432940271343,-1.5648216248441988,5.937461485279782,-1.5991410289320296,0.8770964782650315,-2.476237507197061,4
phase6v2-r08-input-load-a01,D4-SMT,OUTPUT,2.584722262450396,3.9230747241852413,0.03399409543350446,0.0,6.865865168634903,6.236119532280989,-1.2552969896447235,-1.3523331792660294,3.9488959037570566,1.3319067191546154,2.616989184602441,2
phase6v2-r08-input-load-a01,D4-SMT,LOAD,3.346938031234816,3.734001952754845,4.014961799341549,0.0,9.43694986678441,19.17092943127925,19.711674172976267,-1.2184180526611832,16.106517823679976,1.507258044192495,14.59925977948748,1
phase6v2-r08-input-load-a01,D4-SMT,DOWNSTREAM,0.03448595783423462,0.0,0.0,0.13442573592616405,-1.34208110931036,-0.215299808752162,-0.9113446046771422,1.6988819938370958,-0.822908507579888,0.8038255511614569,-1.626734058741345,3
phase6v2-r08-output-load-a01,D4-SMT,INPUT,0.0,0.0,0.0,5.0,-1.743558167924756,-1.4890432940271343,-1.5648216248441988,6.06570173443251,-1.5991410289320296,0.8770964782650315,-2.476237507197061,4
phase6v2-r08-output-load-a01,D4-SMT,OUTPUT,2.9422195244836167,5.0,0.0,0.0,7.990206948666691,8.160416002317588,-1.3838225804538455,-1.3523331792660294,4.922266790176811,1.3319067191546154,3.5903600710221952,2
phase6v2-r08-output-load-a01,D4-SMT,LOAD,3.307221562599613,3.0829351020941127,3.4070475226832593,0.0,9.310121229522641,15.599555625925277,16.607909398683116,-1.2184180526611832,13.839195418043678,1.507258044192495,12.331937373851183,1
phase6v2-r08-output-load-a01,D4-SMT,DOWNSTREAM,0.07809147327312856,0.0,0.16272998254091786,0.15810098643163,-1.182314461541467,-0.215299808752162,-0.5432835333783816,2.1568835393126844,-0.6469659345573369,0.8038255511614569,-1.4507914857187938,3
phase6v2-r08-downstream-medium-a01,D4-SMT,INPUT,0.4647092017541007,0.45748883938322515,0.5856893773619374,0.0,0.3431283021207191,0.17481451537887585,0.6333313433539156,-0.540985144016274,0.3837580536178368,0.8770964782650315,-0.49333842464719463,2
phase6v2-r08-downstream-medium-a01,D4-SMT,OUTPUT,0.15073938507064247,0.0,0.29558765357253763,0.7965588319972492,-0.7890987473285721,-0.7737993664356133,-0.26625856450273716,1.1351468578844794,-0.6097188927556408,1.3319067191546154,-1.9416256119102564,4
phase6v2-r08-downstream-medium-a01,D4-SMT,LOAD,0.3956968965660455,0.24365661099977348,0.0021461671735501496,0.7561055893352668,0.012600114572254508,0.024926355661216225,-0.7761417627182853,2.634382219322441,-0.24620509749493816,1.507258044192495,-1.7534631416874331,3
phase6v2-r08-downstream-medium-a01,D4-SMT,DOWNSTREAM,0.5473380476153323,5.0,0.0,0.0,0.5369623639956354,22.88243638684861,-0.9113446046771422,-0.9016055824891752,7.502684715389034,0.8038255511614569,6.698859164227577,1
phase6v2-r08-output-downstream-control-a01,D4-SMT,INPUT,0.45139614347607776,0.45453064302150137,0.583649176657481,0.0,0.2833485979986192,0.16405574337288265,0.6256742585448644,-0.540985144016274,0.3576928666387887,0.8770964782650315,-0.5194036116262428,2
phase6v2-r08-output-downstream-control-a01,D4-SMT,OUTPUT,0.2804645543613436,0.25658087469287333,0.4610475280488946,0.4920516120510433,-0.3811084121699264,-0.31532960763377166,0.3593156080436344,0.18423701876414422,-0.11237413725335459,1.3319067191546154,-1.44428085640797,3
phase6v2-r08-output-downstream-control-a01,D4-SMT,LOAD,0.36211660168972115,0.020153557518375487,0.02687141002450065,0.37108758410883624,-0.09463356416014007,-1.20108131130882,-0.6499046586672477,0.6724902611382425,-0.6485398447120693,1.507258044192495,-2.1557978889045644,4
phase6v2-r08-output-downstream-control-a01,D4-SMT,DOWNSTREAM,0.49734256937913823,5.0,1.3004946670780952,0.0,0.3537834729539107,22.88243638684861,2.030101420874608,-0.9016055824891752,8.422107093559044,0.8038255511614569,7.618281542397587,1
phase6v2-r08-load-medium-a01,D4-SMT,INPUT,0.018268265082980694,0.0,0.0,2.1328143066663903,-1.6615280694546355,-1.4890432940271343,-1.5648216248441988,2.2771821147878617,-1.5717976627753227,0.8770964782650315,-2.448894141040354,4
phase6v2-r08-load-medium-a01,D4-SMT,OUTPUT,1.1479606562611795,1.6289359945961577,0.08210818855364252,0.0,2.347198109209983,2.1368536330916412,-1.073386214680668,-1.3523331792660294,1.1368885092069851,1.3319067191546154,-0.1950182099476303,2
phase6v2-r08-load-medium-a01,D4-SMT,LOAD,3.6215873965379473,3.75,3.3333333333333335,0.13611282561426538,10.314001778074708,19.25868540719813,16.23155451929528,-0.5248435850948963,15.26808056818937,1.507258044192495,13.760822523996875,1
phase6v2-r08-load-medium-a01,D4-SMT,DOWNSTREAM,0.0812113998874571,0.0,0.9746288900144762,0.1370452917953423,-1.1708833338173894,-0.215299808752162,1.2930614167347407,1.7495577252835823,-0.031040575278270238,0.8038255511614569,-0.8348661264397271,3
phase6v2-r08-output-downstream-a01,D4-SMT,INPUT,0.17652891083843084,0.4608527012918795,0.5870338402817985,0.0,-0.9508893582089235,0.18704866717594187,0.6383772521105956,-0.540985144016274,-0.041821146307462,0.8770964782650315,-0.9189176245724935,4
phase6v2-r08-output-downstream-a01,D4-SMT,OUTPUT,1.2253163291052849,2.624350684504798,2.441288337171516,0.0,2.590484489660684,3.915503477264537,7.846251697714459,-1.3523331792660294,4.784079888213227,1.3319067191546154,3.4521731690586113,2
phase6v2-r08-output-downstream-a01,D4-SMT,LOAD,1.4572023196735355,0.4756352137650235,0.6341802850200313,0.2656391947187031,3.40235985115092,1.2974259530184575,2.4507691792433928,0.13516903371587244,2.3835183278042567,1.507258044192495,0.8762602836117617,3
phase6v2-r08-output-downstream-a01,D4-SMT,DOWNSTREAM,0.24036774872455943,5.0,0.0,0.0,-0.5877489282518026,22.88243638684861,-0.9113446046771422,-0.9016055824891752,7.127780951306555,0.8038255511614569,6.323955400145098,1
phase6v2-r08-input-downstream-a01,D4-SMT,INPUT,0.4165035782898329,0.27881430004482155,0.5895711241130833,0.0009166641455130559,0.12667030670486526,-0.4750134192676212,0.6478999414412802,-0.5397739214198528,0.0998522762928414,0.8770964782650315,-0.77724420197219,2
phase6v2-r08-input-downstream-a01,D4-SMT,OUTPUT,0.12813100383740464,0.0,0.3002694856020632,0.7620092281216353,-0.8602029215391532,-0.7737993664356133,-0.24855739552058584,1.0272559570748527,-0.6275198944984507,1.3319067191546154,-1.9594266136530663,4
phase6v2-r08-input-downstream-a01,D4-SMT,LOAD,0.6764675508031501,0.2372600038344123,0.0,0.437119089324655,0.9091994519167721,-0.010161708260832176,-0.7870992255198268,1.0089594062462117,0.03731283937870437,1.507258044192495,-1.4699452048137907,3
phase6v2-r08-input-downstream-a01,D4-SMT,DOWNSTREAM,0.4618601267756456,5.0,0.0,0.0,0.22377902621468476,22.88243638684861,-0.9113446046771422,-0.9016055824891752,7.398290269462051,0.8038255511614569,6.594464718300594,1
phase6v2-r08-load-downstream-a01,D4-SMT,INPUT,0.01739493198967259,0.0,0.0,2.429971861107336,-1.665449602195477,-1.4890432940271343,-1.5648216248441988,2.6698274979392473,-1.5731048403556034,0.8770964782650315,-2.4502013186206346,4
phase6v2-r08-load-downstream-a01,D4-SMT,OUTPUT,1.3157550470322223,1.6886211578725296,0.1489733875072374,0.0,2.874917518656348,2.243501653697703,-0.8205808645018201,-1.3523331792660294,1.4326127692840769,1.3319067191546154,0.10070605012946143,3
phase6v2-r08-load-downstream-a01,D4-SMT,LOAD,3.594251477582901,3.912330972558833,3.549774630078444,0.0,10.22670858538905,20.149138641924946,17.336616364910423,-1.2184180526611832,15.904154530741474,1.507258044192495,14.396896486548979,1
phase6v2-r08-load-downstream-a01,D4-SMT,DOWNSTREAM,0.08098189667155206,5.0,0.0021138937171132997,0.0,-1.1717242127541083,22.88243638684861,-0.9065634206938108,-0.9016055824891752,6.9347162511335645,0.8038255511614569,6.130890699972108,2
phase6v2-r08-output-load-control-a01,D4-FULL,INPUT,-0.06888571862666301,-0.4331519741700469,-0.4229388380343726,0.4331519741700469,-0.09738277323749957,-0.43520249494047025,-0.4229493338292573,0.03135474880841311,-0.3498662828108221,1.2412376901612858,-1.591103972972108,2
phase6v2-r08-output-load-control-a01,D4-FULL,OUTPUT,-0.27114446520025076,0.45067712573442864,-1.1765544791609783,0.0,-0.888357463009433,0.5301711638857259,-1.8455840177987535,-1.3523331792660294,0.6177430736252093,2.209974103141127,-1.5922310295159177,3
phase6v2-r08-output-load-control-a01,D4-FULL,LOAD,2.7748733073124936,3.5660292165367125,3.088038955382283,0.18397078346328777,7.495323319196754,10.392900186407338,10.028900129992667,-0.2809792946861995,9.586687173218452,1.8403124438698553,7.746374729348597,1
phase6v2-r08-output-load-control-a01,D4-FULL,DOWNSTREAM,-0.5272897518904369,-0.07035905785682935,-3.0467042601786694,0.08379333862449738,-0.7473852541496728,-0.321830574650049,-3.2784325453687955,0.7193900889914219,-2.168606213714261,1.6296480253927497,-3.7982542391070107,4
phase6v2-r08-input-medium-a01,D4-FULL,INPUT,0.46788647318138493,0.4749341370962614,0.5856396145498428,0.0,0.6614445378099039,0.4771824526316227,0.5856541479828545,-0.540985144016274,1.1157455234910676,1.2412376901612858,-0.12549216667021823,1
phase6v2-r08-input-medium-a01,D4-FULL,OUTPUT,-0.23768213618606163,-0.7615353999778307,0.387897244891493,0.7615353999778307,-0.7792048080714109,-0.8958611083011653,0.6084690240866938,1.0257762948058413,-1.3813085922344688,2.209974103141127,-3.591282695375596,4
phase6v2-r08-input-medium-a01,D4-FULL,LOAD,-0.05631351576653737,0.26931053605441563,0.02933059769248782,0.03172824355971064,-0.14887961580957876,0.7848835077912442,0.09525580449633256,-1.056744091853823,1.3004973240131554,1.8403124438698553,-0.5398151198566998,2
phase6v2-r08-input-medium-a01,D4-FULL,DOWNSTREAM,0.5824785252541387,0.029618633709570616,-0.5344403432441287,0.006768332115296783,0.8234411959237844,0.13547910102061145,-0.5750891669238913,-0.7706711043774312,0.898614814384266,1.6296480253927497,-0.7310332110084836,3
phase6v2-r08-output-medium-a01,D4-FULL,INPUT,-0.18007046904837803,0.6478959633606577,0.5782086720106182,0.0,-0.2545630938271283,0.6509630719257057,0.5782230210348179,-0.540985144016274,0.8658594770607391,1.2412376901612858,-0.37537821310054675,2
phase6v2-r08-output-medium-a01,D4-FULL,OUTPUT,1.1469187476941507,2.6490035031854338,1.5677931952557809,0.0,3.737302767984393,3.11625594073034,2.4592945890963853,-1.3523331792660294,4.456617611869735,2.209974103141127,2.246643508728608,1
phase6v2-r08-output-medium-a01,D4-FULL,LOAD,0.6238801468935519,-1.0156221114710773,-1.0207246875112188,1.1307462183777997,1.687642916046603,-2.9599474908055643,-3.3149665853229924,4.5433953754613485,-6.072485762155333,1.8403124438698553,-7.9127982060251885,4
phase6v2-r08-output-medium-a01,D4-FULL,DOWNSTREAM,-0.08070311699953292,-0.0435269823455732,0.7265111101558102,0.050059828927237586,-0.11526221298570165,-0.19909751733121958,0.7817685816237195,0.06680989466174556,0.08899305577385389,1.6296480253927497,-1.5406549696188958,3
phase6v2-r08-output-control-a01,D4-FULL,INPUT,0.7037521767744376,0.6577174174068079,0.586297681058811,0.0,0.9948845713238318,0.6608310202665106,0.5863122308226263,-0.540985144016274,1.2883277514872635,1.2412376901612858,0.047090061325977706,1
phase6v2-r08-output-control-a01,D4-FULL,OUTPUT,-0.045404522770536825,-0.10980230302598856,-0.04510349034350991,0.47405916288668426,-0.1520036356559541,-0.12917011196819794,-0.07075089373191104,0.12805051210829554,-0.24535872589364988,2.209974103141127,-2.455332829034777,4
phase6v2-r08-output-control-a01,D4-FULL,LOAD,-0.4780937738318121,0.030762085866631456,0.3656336182346717,0.3213489786288418,-1.2876860910120458,0.08965358064230584,1.1874536216753928,0.4190429709391533,-0.4225692671706024,1.8403124438698553,-2.2628817110404578,3
phase6v2-r08-output-control-a01,D4-FULL,DOWNSTREAM,0.6070937636076671,0.12498667585468151,0.007759010353213802,0.0,0.8582829446716158,0.5717037001229147,0.00834915038991607,-0.9016055824891752,1.3810508475506573,1.6296480253927497,-0.24859717784209234,2
phase6v2-r08-baseline-a01,D4-FULL,INPUT,0.6313208266462047,0.6603858792344198,0.5855604897124429,0.0,0.8924893886147489,0.663512114465043,0.5855750211818657,-0.540985144016274,1.2548439854368265,1.2412376901612858,0.013606295275540692,2
phase6v2-r08-baseline-a01,D4-FULL,OUTPUT,-0.27351983086300974,-0.7885491660334767,0.22501302761362574,0.7885491660334767,-0.8961058019976968,-0.9276397786015924,0.3529632115772158,1.1101344126151553,-1.6003952022891799,2.209974103141127,-3.810369305430307,4
phase6v2-r08-baseline-a01,D4-FULL,LOAD,-0.4076858383010623,0.4720878705417639,0.2933593987761291,0.038058123835734,-1.097584702066414,1.3758614469567205,0.9527315409647346,-1.0244896490973197,1.4348257443823333,1.8403124438698553,-0.4054866994875219,3
phase6v2-r08-baseline-a01,D4-FULL,DOWNSTREAM,0.6811868853423378,0.08004759220214734,1.795223186386524,0.0062891389704963436,0.9631583837937334,0.36614706595690044,1.9317654809413976,-0.7799411731713914,1.8669648167354018,1.6296480253927497,0.23731679134265216,1
phase6v2-r08-input-load-a01,D4-FULL,INPUT,-3.0245677313692787,-4.902946627021895,-4.762328208164341,4.902946627021895,-4.2757889356094685,-4.926156942325775,-4.762446391730264,5.937461485279782,-10.592258908501618,1.2412376901612858,-11.833496598662904,4
phase6v2-r08-input-load-a01,D4-FULL,OUTPUT,1.8060322197022018,3.9230747241852413,-2.4287855086144625,0.0,5.887302110366982,4.6150580399272165,-3.8098768877720293,-1.3523331792660294,3.5831609334400856,2.209974103141127,1.3731868302989585,2
phase6v2-r08-input-load-a01,D4-FULL,LOAD,3.2910630661605333,3.734001952754845,4.014961799341549,0.0,8.889035396916555,10.882442973509965,13.03923023417539,-1.2184180526611832,12.155320920861822,1.8403124438698553,10.315008476991967,1
phase6v2-r08-input-load-a01,D4-FULL,DOWNSTREAM,-2.859737002398429,-0.13442573592616405,-1.8187724458993362,0.13442573592616405,-4.0488581020906595,-0.6148790668701926,-1.9571058658994083,1.6988819938370958,-3.9058296721238492,1.6296480253927497,-5.535477697516599,3
phase6v2-r08-output-load-a01,D4-FULL,INPUT,-3.3356934373147453,-5.0,-4.929434759236609,5.0,-4.715622977766315,-5.023669761338987,-4.9295570897758685,6.06570173443251,-10.955318344059567,1.2412376901612858,-12.196556034220853,4
phase6v2-r08-output-load-a01,D4-FULL,OUTPUT,2.2107516267735736,5.0,-3.535644869621733,0.0,7.2074791299656535,5.88194001439227,-5.546134734567799,-1.3523331792660294,3.866761315862737,2.209974103141127,1.6567872127216101,2
phase6v2-r08-output-load-a01,D4-FULL,LOAD,3.0709267434596765,3.0829351020941127,3.4070475226832593,0.0,8.29466744126843,8.984961942727193,11.06493144575613,-1.2184180526611832,10.666604995911769,1.8403124438698553,8.826292552041913,1
phase6v2-r08-output-load-a01,D4-FULL,DOWNSTREAM,-3.0504003057698306,-0.15810098643163,0.015992040128602697,0.15810098643163,-4.318733323938581,-0.7231724367254628,0.017208373490566614,2.1568835393126844,-3.83178266837051,1.6296480253927497,-5.46143069376326,3
phase6v2-r08-downstream-medium-a01,D4-FULL,INPUT,0.45840730499372384,0.45748883938322515,0.5856893773619374,0.0,0.6480439708345914,0.4596545697119154,0.5857039120298801,-0.540985144016274,1.105452628208403,1.2412376901612858,-0.13578506195288287,2
phase6v2-r08-downstream-medium-a01,D4-FULL,OUTPUT,-0.17487098901213685,-0.7965588319972492,0.28356978681953166,0.7965588319972492,-0.5743175908418642,-0.9370622535484383,0.44481736779238534,1.1351468578844794,-1.4906676834171184,2.209974103141127,-3.7006417865582453,3
phase6v2-r08-downstream-medium-a01,D4-FULL,LOAD,0.19821415389717964,-0.5124489783354933,-1.0059946186068056,0.7561055893352668,0.5383449585714655,-1.4934905910949283,-3.2671283319574407,2.634382219322441,-4.041806874149409,1.8403124438698553,-5.882119318019265,4
phase6v2-r08-downstream-medium-a01,D4-FULL,DOWNSTREAM,0.5473380476153323,5.0,-0.599909975749798,0.0,0.7737014503570072,22.87058585299198,-0.6455383328456713,-0.9016055824891752,8.567855239323613,1.6296480253927497,6.9382072139308635,1
phase6v2-r08-output-downstream-control-a01,D4-FULL,INPUT,0.4394798296019106,0.45453064302150137,0.583649176657481,0.0,0.6212864646230519,0.45668236938981643,0.5836636606951051,-0.540985144016274,1.0948626422522652,1.2412376901612858,-0.14637504790902067,2
phase6v2-r08-output-downstream-control-a01,D4-FULL,OUTPUT,-0.025276005258583097,-0.23547073735816998,0.4422213281447468,0.4920516120510433,-0.08634529114967107,-0.277004950457095,0.6936836585210219,0.18423701876414422,-0.07412587979272563,2.209974103141127,-2.284099982933853,3
phase6v2-r08-output-downstream-control-a01,D4-FULL,LOAD,0.1343432354416139,-0.3509340265904607,-0.13990125998921113,0.37108758410883624,0.36589351229474026,-1.0227684881143002,-0.45435170500245403,0.6724902611382425,-1.0428991547455806,1.8403124438698553,-2.8832115986154356,4
phase6v2-r08-output-downstream-control-a01,D4-FULL,DOWNSTREAM,0.4428081380995456,5.0,1.2505625044930375,0.0,0.6257441244243684,22.87058585299198,1.3456786299656973,-0.9016055824891752,9.18227511828319,1.6296480253927497,7.55262709289044,1
phase6v2-r08-load-medium-a01,D4-FULL,INPUT,-1.4996047731176312,-2.1328143066663903,-2.16245384051172,2.1328143066663903,-2.1199702126626487,-2.1429109477902246,-2.162507504705964,2.2771821147878617,-4.4189783365074735,1.2412376901612858,-5.66021602666876,4
phase6v2-r08-load-medium-a01,D4-FULL,OUTPUT,0.6400964238756638,1.6289359945961577,-0.9969949491045147,0.0,2.0840704958616776,1.9162607614998013,-1.563920733365052,-1.3523331792660294,2.1644700205981717,2.209974103141127,-0.04550408254295535,2
phase6v2-r08-load-medium-a01,D4-FULL,LOAD,3.5446950640697787,3.613887174385735,3.1518495658476464,0.13611282561426538,9.57384165803105,10.532378286234358,10.236135287591829,-0.5248435850948963,10.638961995713975,1.8403124438698553,8.79864955184412,1
phase6v2-r08-load-medium-a01,D4-FULL,DOWNSTREAM,-1.1788560092528548,-0.1370452917953423,0.9746288900144762,0.1370452917953423,-1.669647614787432,-0.6268612223507427,1.048757870740215,1.7495577252835823,-2.1654747140829023,1.6296480253927497,-3.795122739475652,3
phase6v2-r08-output-downstream-a01,D4-FULL,INPUT,-0.35068799673276946,0.4608527012918795,0.5870338402817985,0.0,-0.495762697171337,0.46303435598228077,0.587048408314393,-0.540985144016274,0.7257584997247195,1.2412376901612858,-0.5154791904365663,4
phase6v2-r08-output-downstream-a01,D4-FULL,OUTPUT,1.22407236257995,2.624350684504798,2.441288337171516,0.0,3.98897448812317,3.0872546605973024,3.829489256745059,-1.3523331792660294,4.98757264775454,2.209974103141127,2.777598544613413,2
phase6v2-r08-output-downstream-a01,D4-FULL,LOAD,1.1456334522384857,0.20999601904632031,0.616962769950213,0.2656391947187031,3.09637656638532,0.6120162042897926,2.0036852167845636,0.13516903371587244,1.7688569621040198,1.8403124438698553,-0.0714554817658355,3
phase6v2-r08-output-downstream-a01,D4-FULL,DOWNSTREAM,-0.17423159730155718,5.0,-0.7862245856834846,0.0,-0.24764751694447967,22.87058585299198,-0.8460237849021404,-0.9016055824891752,8.16057709953763,1.6296480253927497,6.53092907414488,1
phase6v2-r08-input-downstream-a01,D4-FULL,INPUT,0.4162416742482578,0.2778976358993085,0.5895711241130833,0.0009166641455130559,0.588435010673254,0.27921319004298956,0.5895857551117814,-0.5397739214198528,1.0255185733625278,1.2412376901612858,-0.215719116798758,2
phase6v2-r08-input-downstream-a01,D4-FULL,OUTPUT,-0.14029961903658425,-0.7620092281216353,0.29108083619758857,0.7620092281216353,-0.4615472927530469,-0.8964185140449631,0.45659945942908076,1.0272559570748527,-1.3277114061978292,2.209974103141127,-3.5376855093389565,4
phase6v2-r08-input-downstream-a01,D4-FULL,LOAD,0.5598105679330198,-0.1998590854902427,-0.5828254524328733,0.437119089324655,1.5146550865108308,-0.5824729413922229,-1.8928188213038541,1.0089594062462117,-1.3291716316412938,1.8403124438698553,-3.169484075511149,3
phase6v2-r08-input-downstream-a01,D4-FULL,DOWNSTREAM,0.45219690580574273,5.0,-3.8095602561884476,0.0,0.6390334974855959,22.87058585299198,-4.0993103566603715,-0.9016055824891752,7.371708580428243,1.6296480253927497,5.7420605550354935,1
phase6v2-r08-load-downstream-a01,D4-FULL,INPUT,-1.6238939359715978,-2.429971861107336,-2.237548035671325,2.429971861107336,-2.2956760571161845,-2.4414752319099096,-2.237603563428804,2.6698274979392473,-4.99474578209088,1.2412376901612858,-6.235983472252165,4
phase6v2-r08-load-downstream-a01,D4-FULL,OUTPUT,0.7668638301162011,1.6886211578725296,-0.984002684534775,0.0,2.4975802352732437,1.986473671527967,-1.5435406181475877,-1.3523331792660294,2.332504275483904,2.209974103141127,0.12253017234277674,3
phase6v2-r08-load-downstream-a01,D4-FULL,LOAD,3.547928750976573,3.912330972558833,3.549774630078444,0.0,9.582572610980641,11.402168301212878,11.528460541920607,-1.2184180526611832,12.056151870699225,1.8403124438698553,10.215839426829369,1
phase6v2-r08-load-downstream-a01,D4-FULL,DOWNSTREAM,-1.360155246166259,5.0,-0.7544379898411775,0.0,-1.926268427065893,22.87058585299198,-0.8118195427385794,-0.9016055824891752,7.612438210218344,1.6296480253927497,5.982790184825594,2
phase6v2-r08-output-load-control-a01,D4-FULL,INPUT,-0.06888571862666301,-0.574482268494317,-0.4229388380343726,0.574482268494317,-0.09738277323749957,-0.8862155445606547,-0.4229493338292573,0.2911457659417921,-0.7599949831509293,1.8062327637050846,-2.566227746856014,3
phase6v2-r08-output-load-control-a01,D4-FULL,OUTPUT,-0.27114446520025076,0.30045141715628576,-1.1765544791609783,0.0,-0.888357463009433,0.5301711638857258,-1.8455840177987535,-1.35233317926603,0.6177430736252097,2.209974103141128,-1.592231029515918,2
phase6v2-r08-output-load-control-a01,D4-FULL,LOAD,2.7748733073124936,3.5660292165367125,3.088038955382283,0.18397078346328777,7.495323319196754,10.392900186407338,10.028900129992667,-0.2809792946861995,9.586687173218452,1.8403124438698553,7.746374729348597,1
phase6v2-r08-output-load-control-a01,D4-FULL,DOWNSTREAM,-0.5272897518904369,-0.07035905785682935,-3.0467042601786694,0.08379333862449738,-0.7473852541496728,-0.321830574650049,-3.2784325453687955,0.7193900889914219,-2.168606213714261,1.6296480253927497,-3.7982542391070107,4
phase6v2-r08-input-medium-a01,D4-FULL,INPUT,0.46788647318138493,1.983289424730841,0.5856396145498428,0.0,0.6614445378099039,3.0594885411622004,0.5856541479828545,-0.9185141223725567,2.3540431980242094,1.8062327637050846,0.5478104343191248,1
phase6v2-r08-input-medium-a01,D4-FULL,OUTPUT,-0.23768213618606163,-0.5076902666518871,0.387897244891493,0.5076902666518871,-0.7792048080714109,-0.895861108301165,0.6084690240866938,1.025776294805841,-1.3813085922344686,2.209974103141128,-3.5912826953755967,4
phase6v2-r08-input-medium-a01,D4-FULL,LOAD,-0.05631351576653737,0.26931053605441563,0.02933059769248782,0.03172824355971064,-0.14887961580957876,0.7848835077912442,0.09525580449633256,-1.056744091853823,1.3004973240131554,1.8403124438698553,-0.5398151198566998,2
phase6v2-r08-input-medium-a01,D4-FULL,DOWNSTREAM,0.5824785252541387,0.029618633709570616,-0.5344403432441287,0.006768332115296783,0.8234411959237844,0.13547910102061145,-0.5750891669238913,-0.7706711043774312,0.898614814384266,1.6296480253927497,-0.7310332110084836,3
phase6v2-r08-output-medium-a01,D4-FULL,INPUT,-0.18007046904837803,0.14621635652615275,0.5782086720106182,0.2857142857142857,-0.2545630938271283,0.22555823761474553,0.5782230210348179,-0.3168991902828368,0.4999719118903152,1.8062327637050846,-1.3062608518147694,2
phase6v2-r08-output-medium-a01,D4-FULL,OUTPUT,1.1469187476941507,3.4326690021236224,1.5677931952557809,0.0,3.737302767984393,6.057225947926473,2.4592945890963853,-1.35233317926603,5.436940947601781,2.209974103141128,3.226966844460653,1
phase6v2-r08-output-medium-a01,D4-FULL,LOAD,0.6238801468935519,-1.0156221114710773,-1.0207246875112188,1.1307462183777997,1.687642916046603,-2.9599474908055643,-3.3149665853229924,4.5433953754613485,-6.072485762155333,1.8403124438698553,-7.9127982060251885,4
phase6v2-r08-output-medium-a01,D4-FULL,DOWNSTREAM,-0.08070311699953292,-0.0435269823455732,0.7265111101558102,0.050059828927237586,-0.11526221298570165,-0.19909751733121958,0.7817685816237195,0.06680989466174556,0.08899305577385389,1.6296480253927497,-1.5406549696188958,3
phase6v2-r08-output-control-a01,D4-FULL,INPUT,0.7037521767744376,0.15276399255691955,0.586297681058811,0.2857142857142857,0.9948845713238318,0.2356588397548242,0.5863122308226263,-0.3168991902828368,0.9225177375832643,1.8062327637050846,-0.8837150261218203,2
phase6v2-r08-output-control-a01,D4-FULL,OUTPUT,-0.045404522770536825,-0.07320153535065904,-0.04510349034350991,0.31603944192445615,-0.1520036356559541,-0.12917011196819794,-0.07075089373191104,0.12805051210829504,-0.24535872589364938,2.209974103141128,-2.455332829034777,4
phase6v2-r08-output-control-a01,D4-FULL,LOAD,-0.4780937738318121,0.030762085866631456,0.3656336182346717,0.3213489786288418,-1.2876860910120458,0.08965358064230584,1.1874536216753928,0.4190429709391533,-0.4225692671706024,1.8403124438698553,-2.2628817110404578,3
phase6v2-r08-output-control-a01,D4-FULL,DOWNSTREAM,0.6070937636076671,0.12498667585468151,0.007759010353213802,0.0,0.8582829446716158,0.5717037001229147,0.00834915038991607,-0.9016055824891752,1.3810508475506573,1.6296480253927497,-0.24859717784209234,1
phase6v2-r08-baseline-a01,D4-FULL,INPUT,0.6313208266462047,0.8212096337753275,0.5855604897124429,0.0,0.8924893886147489,1.266825423005822,0.5855750211818657,-0.9185141223725567,1.833477399973369,1.8062327637050846,0.027244636268284328,2
phase6v2-r08-baseline-a01,D4-FULL,OUTPUT,-0.27351983086300974,-0.5256994440223178,0.22501302761362574,0.5256994440223178,-0.8961058019976968,-0.9276397786015923,0.3529632115772158,1.1101344126151553,-1.6003952022891799,2.209974103141128,-3.810369305430308,4
phase6v2-r08-baseline-a01,D4-FULL,LOAD,-0.4076858383010623,0.4720878705417639,0.2933593987761291,0.038058123835734,-1.097584702066414,1.3758614469567205,0.9527315409647346,-1.0244896490973197,1.4348257443823333,1.8403124438698553,-0.4054866994875219,3
phase6v2-r08-baseline-a01,D4-FULL,DOWNSTREAM,0.6811868853423378,0.08004759220214734,1.795223186386524,0.0062891389704963436,0.9631583837937334,0.36614706595690044,1.9317654809413976,-0.7799411731713914,1.8669648167354018,1.6296480253927497,0.23731679134265216,1
phase6v2-r08-input-load-a01,D4-FULL,INPUT,-3.0245677313692787,-1.6019644180145967,-4.762328208164341,3.2686310846812634,-4.2757889356094685,-2.4712438432582218,-4.762446391730264,5.964086315756473,-9.800579372622458,1.8062327637050846,-11.606812136327543,4
phase6v2-r08-input-load-a01,D4-FULL,OUTPUT,1.8060322197022018,2.6153831494568274,-2.4287855086144625,0.0,5.887302110366982,4.615058039927216,-3.8098768877720293,-1.35233317926603,3.5831609334400865,2.209974103141128,1.3731868302989585,2
phase6v2-r08-input-load-a01,D4-FULL,LOAD,3.2910630661605333,3.734001952754845,4.014961799341549,0.0,8.889035396916555,10.882442973509965,13.03923023417539,-1.2184180526611832,12.155320920861822,1.8403124438698553,10.315008476991967,1
phase6v2-r08-input-load-a01,D4-FULL,DOWNSTREAM,-2.859737002398429,-0.13442573592616405,-1.8187724458993362,0.13442573592616405,-4.0488581020906595,-0.6148790668701926,-1.9571058658994083,1.6988819938370958,-3.9058296721238492,1.6296480253927497,-5.535477697516599,3
phase6v2-r08-output-load-a01,D4-FULL,INPUT,-3.3356934373147453,-3.619047619047619,-4.929434759236609,3.619047619047619,-4.715622977766315,-5.582863793013575,-4.9295570897758685,6.701941684097229,-11.777956304282482,1.8062327637050846,-13.584189067987566,4
phase6v2-r08-output-load-a01,D4-FULL,OUTPUT,2.2107516267735736,5.0,-3.535644869621733,0.0,7.2074791299656535,8.822910021588402,-5.546134734567799,-1.35233317926603,4.847084651594781,2.209974103141128,2.6371105484536534,2
phase6v2-r08-output-load-a01,D4-FULL,LOAD,3.0709267434596765,3.0829351020941127,3.4070475226832593,0.0,8.29466744126843,8.984961942727193,11.06493144575613,-1.2184180526611832,10.666604995911769,1.8403124438698553,8.826292552041913,1
phase6v2-r08-output-load-a01,D4-FULL,DOWNSTREAM,-3.0504003057698306,-0.15810098643163,0.015992040128602697,0.15810098643163,-4.318733323938581,-0.7231724367254628,0.017208373490566614,2.1568835393126844,-3.83178266837051,1.6296480253927497,-5.46143069376326,3
phase6v2-r08-downstream-medium-a01,D4-FULL,INPUT,0.45840730499372384,0.6859449405411978,0.5856893773619374,0.0,0.6480439708345914,1.0581615871515047,0.5857039120298801,-0.9185141223725567,1.6824839457112155,1.8062327637050846,-0.12374881799386905,2
phase6v2-r08-downstream-medium-a01,D4-FULL,OUTPUT,-0.17487098901213685,-0.5310392213314995,0.28356978681953166,0.5310392213314995,-0.5743175908418642,-0.9370622535484382,0.44481736779238534,1.1351468578844794,-1.4906676834171184,2.209974103141128,-3.700641786558246,3
phase6v2-r08-downstream-medium-a01,D4-FULL,LOAD,0.19821415389717964,-0.5124489783354933,-1.0059946186068056,0.7561055893352668,0.5383449585714655,-1.4934905910949283,-3.2671283319574407,2.634382219322441,-4.041806874149409,1.8403124438698553,-5.882119318019265,4
phase6v2-r08-downstream-medium-a01,D4-FULL,DOWNSTREAM,0.5473380476153323,5.0,-0.599909975749798,0.0,0.7737014503570072,22.87058585299198,-0.6455383328456713,-0.9016055824891752,8.567855239323613,1.6296480253927497,6.9382072139308635,1
phase6v2-r08-output-downstream-control-a01,D4-FULL,INPUT,0.4394798296019106,0.017306142966715215,0.583649176657481,0.2857142857142857,0.6212864646230519,0.02669703445101841,0.5836636606951051,-0.3168991902828368,0.7274482435392287,1.8062327637050846,-1.078784520165856,2
phase6v2-r08-output-downstream-control-a01,D4-FULL,OUTPUT,-0.025276005258583097,-0.15698049157211333,0.4422213281447468,0.3280344080340289,-0.08634529114967107,-0.27700495045709495,0.6936836585210219,0.18423701876414392,-0.0741258797927253,2.209974103141128,-2.2840999829338533,3
phase6v2-r08-output-downstream-control-a01,D4-FULL,LOAD,0.1343432354416139,-0.3509340265904607,-0.13990125998921113,0.37108758410883624,0.36589351229474026,-1.0227684881143002,-0.45435170500245403,0.6724902611382425,-1.0428991547455806,1.8403124438698553,-2.8832115986154356,4
phase6v2-r08-output-downstream-control-a01,D4-FULL,DOWNSTREAM,0.4428081380995456,5.0,1.2505625044930375,0.0,0.6257441244243684,22.87058585299198,1.3456786299656973,-0.9016055824891752,9.18227511828319,1.6296480253927497,7.55262709289044,1
phase6v2-r08-load-medium-a01,D4-FULL,INPUT,-1.4996047731176312,-1.0409238234918792,-2.16245384051172,1.42187620444426,-2.1199702126626487,-1.6057638741397287,-2.162507504705964,2.0754627242459716,-4.038209921415419,1.8062327637050846,-5.844442685120503,4
phase6v2-r08-load-medium-a01,D4-FULL,OUTPUT,0.6400964238756638,1.0859573297307719,-0.9969949491045147,0.0,2.0840704958616776,1.9162607614998013,-1.563920733365052,-1.35233317926603,2.1644700205981726,2.209974103141128,-0.04550408254295535,2
phase6v2-r08-load-medium-a01,D4-FULL,LOAD,3.5446950640697787,3.613887174385735,3.1518495658476464,0.13611282561426538,9.57384165803105,10.532378286234358,10.236135287591829,-0.5248435850948963,10.638961995713975,1.8403124438698553,8.79864955184412,1
phase6v2-r08-load-medium-a01,D4-FULL,DOWNSTREAM,-1.1788560092528548,-0.1370452917953423,0.9746288900144762,0.1370452917953423,-1.669647614787432,-0.6268612223507427,1.048757870740215,1.7495577252835823,-2.1654747140829023,1.6296480253927497,-3.795122739475652,3
phase6v2-r08-output-downstream-a01,D4-FULL,INPUT,-0.35068799673276946,0.02152084848030063,0.5870338402817985,0.2857142857142857,-0.495762697171337,0.033198780016942424,0.587048408314393,-0.3168991902828368,0.35839402066950293,1.8062327637050846,-1.4478387430355817,4
phase6v2-r08-output-downstream-a01,D4-FULL,OUTPUT,1.22407236257995,3.416233789669865,2.441288337171516,0.0,3.98897448812317,6.0282246677934355,3.829489256745059,-1.35233317926603,5.967895983486585,2.209974103141128,3.757921880345457,2
phase6v2-r08-output-downstream-a01,D4-FULL,LOAD,1.1456334522384857,0.20999601904632031,0.616962769950213,0.2656391947187031,3.09637656638532,0.6120162042897926,2.0036852167845636,0.13516903371587244,1.7688569621040198,1.8403124438698553,-0.0714554817658355,3
phase6v2-r08-output-downstream-a01,D4-FULL,DOWNSTREAM,-0.17423159730155718,5.0,-0.7862245856834846,0.0,-0.24764751694447967,22.87058585299198,-0.8460237849021404,-0.9016055824891752,8.16057709953763,1.6296480253927497,6.53092907414488,1
phase6v2-r08-input-downstream-a01,D4-FULL,INPUT,0.4162416742482578,1.8519317572662057,0.5895711241130833,0.0006111094303420373,0.588435010673254,2.8568518138189947,0.5895857551117814,-0.9172273384180356,2.262184864952712,1.8062327637050846,0.45595210124762753,2
phase6v2-r08-input-downstream-a01,D4-FULL,OUTPUT,-0.14029961903658425,-0.5080061520810902,0.29108083619758857,0.5080061520810902,-0.4615472927530469,-0.8964185140449631,0.45659945942908076,1.0272559570748525,-1.327711406197829,2.209974103141128,-3.537685509338957,4
phase6v2-r08-input-downstream-a01,D4-FULL,LOAD,0.5598105679330198,-0.1998590854902427,-0.5828254524328733,0.437119089324655,1.5146550865108308,-0.5824729413922229,-1.8928188213038541,1.0089594062462117,-1.3291716316412938,1.8403124438698553,-3.169484075511149,3
phase6v2-r08-input-downstream-a01,D4-FULL,DOWNSTREAM,0.45219690580574273,5.0,-3.8095602561884476,0.0,0.6390334974855959,22.87058585299198,-4.0993103566603715,-0.9016055824891752,7.371708580428243,1.6296480253927497,5.7420605550354935,1
phase6v2-r08-load-downstream-a01,D4-FULL,INPUT,-1.6238939359715978,-1.239028859785843,-2.237548035671325,1.6199812407382241,-2.2956760571161845,-1.911367323101879,-2.237603563428804,2.492603042094158,-4.640818689976447,1.8062327637050846,-6.4470514536815315,4
phase6v2-r08-load-downstream-a01,D4-FULL,OUTPUT,0.7668638301162011,1.1257474385816864,-0.984002684534775,0.0,2.4975802352732437,1.9864736715279667,-1.5435406181475877,-1.35233317926603,2.3325042754839043,2.209974103141128,0.1225301723427763,3
phase6v2-r08-load-downstream-a01,D4-FULL,LOAD,3.547928750976573,3.912330972558833,3.549774630078444,0.0,9.582572610980641,11.402168301212878,11.528460541920607,-1.2184180526611832,12.056151870699225,1.8403124438698553,10.215839426829369,1
phase6v2-r08-load-downstream-a01,D4-FULL,DOWNSTREAM,-1.360155246166259,5.0,-0.7544379898411775,0.0,-1.926268427065893,22.87058585299198,-0.8118195427385794,-0.9016055824891752,7.612438210218344,1.6296480253927497,5.982790184825594,2
