run_id,condition_id,repetition,fold,method,truth_set,predicted_set,true_degree,predicted_count,true_INPUT,pred_INPUT,input_score,true_OUTPUT,pred_OUTPUT,output_score,true_LOAD,pred_LOAD,load_score,true_DOWNSTREAM,pred_DOWNSTREAM,downstream_score,diagnosis_set_margin
phase6v2-r01-input-medium-a01,INPUT_MEDIUM,1,1,M2/F2,INPUT,INPUT,1,1,1,1,0.7709531947096274,0,0,0.028129239180621143,0,0,0.246209827916009,0,0,0.03154557426105253,
phase6v2-r01-input-load-a01,INPUT_LOAD,1,1,M2/F2,INPUT+LOAD,LOAD,2,1,1,0,0.008506793824096807,0,0,0.06540043165843443,1,1,0.9999999999999203,0,0,0.02388642675314852,
phase6v2-r01-output-medium-a01,OUTPUT_MEDIUM,1,1,M2/F2,OUTPUT,OUTPUT,1,1,0,0,0.058698859151532994,1,1,0.9870055729643314,0,0,0.09222050275750532,0,0,0.024579196418258818,
phase6v2-r01-load-downstream-a01,LOAD_DOWNSTREAM,1,1,M2/F2,LOAD+DOWNSTREAM,LOAD+DOWNSTREAM,2,2,0,0,0.008821285280273886,0,0,0.04571944231361762,1,1,0.9999456663356849,1,1,0.9739827342587613,
phase6v2-r01-output-downstream-control-a01,OUTPUT_DOWNSTREAM_CONTROL,1,1,M2/F2,DOWNSTREAM,DOWNSTREAM,1,1,0,0,0.04612681367512861,0,0,0.08542139155974562,0,0,0.02172349925453034,1,1,0.9973713844498365,
phase6v2-r01-downstream-medium-a01,DOWNSTREAM_MEDIUM,1,1,M2/F2,DOWNSTREAM,DOWNSTREAM,1,1,0,0,0.16217490441908464,0,0,0.032054018198966354,0,0,0.0276681405121155,1,1,0.997556513795186,
phase6v2-r01-output-load-control-a01,OUTPUT_LOAD_CONTROL,1,1,M2/F2,LOAD,LOAD,1,1,0,0,0.3837491690646766,0,0,0.057690909039277864,1,1,0.9867430492817659,0,0,0.025242567840263335,
phase6v2-r01-input-downstream-a01,INPUT_DOWNSTREAM,1,1,M2/F2,INPUT+DOWNSTREAM,DOWNSTREAM,2,1,1,0,0.22313058023522545,0,0,0.0251627151917069,0,0,0.05369658622863225,1,1,0.9965503543340863,
phase6v2-r01-output-control-a01,OUTPUT_CONTROL,1,1,M2/F2,NONE,NONE,0,0,0,0,0.44851630458535496,0,0,0.11845569522847456,0,0,0.015298096274992009,0,0,0.04596854540611664,
phase6v2-r01-output-downstream-a01,OUTPUT_DOWNSTREAM,1,1,M2/F2,OUTPUT+DOWNSTREAM,OUTPUT+DOWNSTREAM,2,2,0,0,0.000740347040057323,1,1,0.988781173956042,0,0,0.06559198153155328,1,1,0.9877586290466884,
phase6v2-r01-baseline-a01,BASELINE,1,1,M2/F2,NONE,LOAD,0,1,0,0,0.48937724385000986,0,0,0.01572223786274608,0,1,0.801439664555821,0,0,0.021785218719384415,
phase6v2-r01-output-load-a01,OUTPUT_LOAD,1,1,M2/F2,OUTPUT+LOAD,LOAD,2,1,0,0,0.00023106285447170585,1,0,0.45712458909381287,1,1,1.0,0,0,0.018322141713565568,
phase6v2-r01-load-medium-a01,LOAD_MEDIUM,1,1,M2/F2,LOAD,LOAD,1,1,0,0,0.024839528041714794,0,0,0.07950542432489856,1,1,0.9999618606929574,0,0,0.029444060220116048,
phase6v2-r01-input-medium-a01,INPUT_MEDIUM,1,1,M2/F2T,INPUT,INPUT,1,1,1,1,0.9629574434259829,0,0,0.04706525899902712,0,0,0.0851704525787533,0,0,0.04426957763847489,
phase6v2-r01-input-load-a01,INPUT_LOAD,1,1,M2/F2T,INPUT+LOAD,INPUT+LOAD,2,2,1,1,0.9350524647982926,0,0,0.047017244739705054,1,1,1.0,0,0,0.048109621589177434,
phase6v2-r01-output-medium-a01,OUTPUT_MEDIUM,1,1,M2/F2T,OUTPUT,OUTPUT,1,1,0,0,0.13951583924828512,1,1,0.9989873445678665,0,0,0.03426979450009474,0,0,0.019058395067865067,
phase6v2-r01-load-downstream-a01,LOAD_DOWNSTREAM,1,1,M2/F2T,LOAD+DOWNSTREAM,LOAD+DOWNSTREAM,2,2,0,0,0.014162932560071803,0,0,0.021281995613486548,1,1,0.9999997365833727,1,1,0.9940454295455033,
phase6v2-r01-output-downstream-control-a01,OUTPUT_DOWNSTREAM_CONTROL,1,1,M2/F2T,DOWNSTREAM,DOWNSTREAM,1,1,0,0,0.13329925623431,0,0,0.21457425150267237,0,0,0.012784376004669194,1,1,0.9990886558187201,
phase6v2-r01-downstream-medium-a01,DOWNSTREAM_MEDIUM,1,1,M2/F2T,DOWNSTREAM,DOWNSTREAM,1,1,0,0,0.1668573302413527,0,0,0.03989085680129297,0,0,0.01927124606606313,1,1,0.9989273574919838,
phase6v2-r01-output-load-control-a01,OUTPUT_LOAD_CONTROL,1,1,M2/F2T,LOAD,LOAD,1,1,0,0,0.0977214323692879,0,0,0.06620887839049636,1,1,0.9972720047220214,0,0,0.017487279498047608,
phase6v2-r01-input-downstream-a01,INPUT_DOWNSTREAM,1,1,M2/F2T,INPUT+DOWNSTREAM,INPUT+DOWNSTREAM,2,2,1,1,0.735488611335679,0,0,0.03573077167795469,0,0,0.04404635875777181,1,1,0.9987711668484424,
phase6v2-r01-output-control-a01,OUTPUT_CONTROL,1,1,M2/F2T,NONE,NONE,0,0,0,0,0.15413665955035574,0,0,0.07236410570346302,0,0,0.01087595474371165,0,0,0.03187105049948444,
phase6v2-r01-output-downstream-a01,OUTPUT_DOWNSTREAM,1,1,M2/F2T,OUTPUT+DOWNSTREAM,OUTPUT+DOWNSTREAM,2,2,0,0,0.022050900472176553,1,1,0.997991793946061,0,0,0.040173608200915915,1,1,0.9959438211614565,
phase6v2-r01-baseline-a01,BASELINE,1,1,M2/F2T,NONE,INPUT,0,1,0,1,0.7216672997377366,0,0,0.06561640489206019,0,0,0.23009010973632435,0,0,0.02257986531616365,
phase6v2-r01-output-load-a01,OUTPUT_LOAD,1,1,M2/F2T,OUTPUT+LOAD,OUTPUT+LOAD,2,2,0,0,0.020505507623071847,1,1,0.8859877691864568,1,1,1.0,0,0,0.025703173049034495,
phase6v2-r01-load-medium-a01,LOAD_MEDIUM,1,1,M2/F2T,LOAD,LOAD,1,1,0,0,0.030649399966553928,0,0,0.06844241875223905,1,1,0.9999997431394037,0,0,0.026879456186281188,
phase6v2-r01-input-medium-a01,INPUT_MEDIUM,1,1,D4-S,INPUT,NONE,1,0,1,0,,0,0,,0,0,,0,0,,0.6399566750890224
phase6v2-r01-input-load-a01,INPUT_LOAD,1,1,D4-S,INPUT+LOAD,OUTPUT+LOAD,2,2,1,0,,0,1,,1,1,,0,0,,6.2782228686017305
phase6v2-r01-output-medium-a01,OUTPUT_MEDIUM,1,1,D4-S,OUTPUT,OUTPUT+LOAD,1,2,0,0,,1,1,,0,1,,0,0,,0.7552830223140559
phase6v2-r01-load-downstream-a01,LOAD_DOWNSTREAM,1,1,D4-S,LOAD+DOWNSTREAM,OUTPUT+LOAD,2,2,0,0,,0,1,,1,1,,1,0,,0.8282195378654427
phase6v2-r01-output-downstream-control-a01,OUTPUT_DOWNSTREAM_CONTROL,1,1,D4-S,DOWNSTREAM,NONE,1,0,0,0,,0,0,,0,0,,1,0,,0.31140961993661354
phase6v2-r01-downstream-medium-a01,DOWNSTREAM_MEDIUM,1,1,D4-S,DOWNSTREAM,NONE,1,0,0,0,,0,0,,0,0,,1,0,,0.25939389205566266
phase6v2-r01-output-load-control-a01,OUTPUT_LOAD_CONTROL,1,1,D4-S,LOAD,LOAD,1,1,0,0,,0,0,,1,1,,0,0,,1.3718812956237896
phase6v2-r01-input-downstream-a01,INPUT_DOWNSTREAM,1,1,D4-S,INPUT+DOWNSTREAM,NONE,2,0,1,0,,0,0,,0,0,,1,0,,0.27583322423755985
phase6v2-r01-output-control-a01,OUTPUT_CONTROL,1,1,D4-S,NONE,NONE,0,0,0,0,,0,0,,0,0,,0,0,,0.026789946880996007
phase6v2-r01-output-downstream-a01,OUTPUT_DOWNSTREAM,1,1,D4-S,OUTPUT+DOWNSTREAM,OUTPUT+LOAD,2,2,0,0,,1,1,,0,1,,1,0,,2.961506094967392
phase6v2-r01-baseline-a01,BASELINE,1,1,D4-S,NONE,NONE,0,0,0,0,,0,0,,0,0,,0,0,,0.5995473289433286
phase6v2-r01-output-load-a01,OUTPUT_LOAD,1,1,D4-S,OUTPUT+LOAD,OUTPUT+LOAD,2,2,0,0,,1,1,,1,1,,0,0,,8.688643478002255
phase6v2-r01-load-medium-a01,LOAD_MEDIUM,1,1,D4-S,LOAD,LOAD,1,1,0,0,,0,0,,1,1,,0,0,,0.0006472013755498551
phase6v2-r01-input-medium-a01,INPUT_MEDIUM,1,1,D4-SM,INPUT,NONE,1,0,1,0,,0,0,,0,0,,0,0,,0.195936921289373
phase6v2-r01-input-load-a01,INPUT_LOAD,1,1,D4-SM,INPUT+LOAD,OUTPUT+LOAD,2,2,1,0,,0,1,,1,1,,0,0,,5.728460503329067
phase6v2-r01-output-medium-a01,OUTPUT_MEDIUM,1,1,D4-SM,OUTPUT,OUTPUT+LOAD,1,2,0,0,,1,1,,0,1,,0,0,,0.23804853011652138
phase6v2-r01-load-downstream-a01,LOAD_DOWNSTREAM,1,1,D4-SM,LOAD+DOWNSTREAM,LOAD+DOWNSTREAM,2,2,0,0,,0,0,,1,1,,1,1,,18.465747592426084
phase6v2-r01-output-downstream-control-a01,OUTPUT_DOWNSTREAM_CONTROL,1,1,D4-SM,DOWNSTREAM,DOWNSTREAM,1,1,0,0,,0,0,,0,0,,1,1,,0.2905644868328423
phase6v2-r01-downstream-medium-a01,DOWNSTREAM_MEDIUM,1,1,D4-SM,DOWNSTREAM,DOWNSTREAM,1,1,0,0,,0,0,,0,0,,1,1,,0.15405590424811066
phase6v2-r01-output-load-control-a01,OUTPUT_LOAD_CONTROL,1,1,D4-SM,LOAD,LOAD,1,1,0,0,,0,0,,1,1,,0,0,,1.3544329361715555
phase6v2-r01-input-downstream-a01,INPUT_DOWNSTREAM,1,1,D4-SM,INPUT+DOWNSTREAM,LOAD+DOWNSTREAM,2,2,1,0,,0,0,,0,1,,1,1,,0.3859932089849245
phase6v2-r01-output-control-a01,OUTPUT_CONTROL,1,1,D4-SM,NONE,DOWNSTREAM,0,1,0,0,,0,0,,0,0,,0,1,,0.013561678429281687
phase6v2-r01-output-downstream-a01,OUTPUT_DOWNSTREAM,1,1,D4-SM,OUTPUT+DOWNSTREAM,OUTPUT+DOWNSTREAM,2,2,0,0,,1,1,,0,0,,1,1,,1.6711443008296918
phase6v2-r01-baseline-a01,BASELINE,1,1,D4-SM,NONE,LOAD,0,1,0,0,,0,0,,0,1,,0,0,,0.19071588962745323
phase6v2-r01-output-load-a01,OUTPUT_LOAD,1,1,D4-SM,OUTPUT+LOAD,OUTPUT+LOAD,2,2,0,0,,1,1,,1,1,,0,0,,8.289292210314102
phase6v2-r01-load-medium-a01,LOAD_MEDIUM,1,1,D4-SM,LOAD,OUTPUT+LOAD,1,2,0,0,,0,1,,1,1,,0,0,,0.06908494441834279
phase6v2-r01-input-medium-a01,INPUT_MEDIUM,1,1,D4-SMT,INPUT,NONE,1,0,1,0,,0,0,,0,0,,0,0,,0.3849330880292787
phase6v2-r01-input-load-a01,INPUT_LOAD,1,1,D4-SMT,INPUT+LOAD,OUTPUT+LOAD,2,2,1,0,,0,1,,1,1,,0,0,,5.488220964878483
phase6v2-r01-output-medium-a01,OUTPUT_MEDIUM,1,1,D4-SMT,OUTPUT,OUTPUT,1,1,0,0,,1,1,,0,0,,0,0,,0.19198593682810827
phase6v2-r01-load-downstream-a01,LOAD_DOWNSTREAM,1,1,D4-SMT,LOAD+DOWNSTREAM,LOAD+DOWNSTREAM,2,2,0,0,,0,0,,1,1,,1,1,,13.101957763355996
phase6v2-r01-output-downstream-control-a01,OUTPUT_DOWNSTREAM_CONTROL,1,1,D4-SMT,DOWNSTREAM,OUTPUT+DOWNSTREAM,1,2,0,0,,0,1,,0,0,,1,1,,1.9349429503081605
phase6v2-r01-downstream-medium-a01,DOWNSTREAM_MEDIUM,1,1,D4-SMT,DOWNSTREAM,DOWNSTREAM,1,1,0,0,,0,0,,0,0,,1,1,,0.5312317108057627
phase6v2-r01-output-load-control-a01,OUTPUT_LOAD_CONTROL,1,1,D4-SMT,LOAD,LOAD,1,1,0,0,,0,0,,1,1,,0,0,,1.0024242294144123
phase6v2-r01-input-downstream-a01,INPUT_DOWNSTREAM,1,1,D4-SMT,INPUT+DOWNSTREAM,DOWNSTREAM,2,1,1,0,,0,0,,0,0,,1,1,,0.8173490336569618
phase6v2-r01-output-control-a01,OUTPUT_CONTROL,1,1,D4-SMT,NONE,NONE,0,0,0,0,,0,0,,0,0,,0,0,,0.03245337877472487
phase6v2-r01-output-downstream-a01,OUTPUT_DOWNSTREAM,1,1,D4-SMT,OUTPUT+DOWNSTREAM,LOAD+DOWNSTREAM,2,2,0,0,,1,0,,0,1,,1,1,,0.31022909124276943
phase6v2-r01-baseline-a01,BASELINE,1,1,D4-SMT,NONE,LOAD,0,1,0,0,,0,0,,0,1,,0,0,,0.15283379370363648
phase6v2-r01-output-load-a01,OUTPUT_LOAD,1,1,D4-SMT,OUTPUT+LOAD,OUTPUT+LOAD,2,2,0,0,,1,1,,1,1,,0,0,,13.930572532637001
phase6v2-r01-load-medium-a01,LOAD_MEDIUM,1,1,D4-SMT,LOAD,OUTPUT+LOAD,1,2,0,0,,0,1,,1,1,,0,0,,0.9223096196652101
phase6v2-r01-input-medium-a01,INPUT_MEDIUM,1,1,D4-FULL,INPUT,NONE,1,0,1,0,,0,0,,0,0,,0,0,,0.031036448775155323
phase6v2-r01-input-load-a01,INPUT_LOAD,1,1,D4-FULL,INPUT+LOAD,OUTPUT+LOAD,2,2,1,0,,0,1,,1,1,,0,0,,2.322323901017768
phase6v2-r01-output-medium-a01,OUTPUT_MEDIUM,1,1,D4-FULL,OUTPUT,OUTPUT,1,1,0,0,,1,1,,0,0,,0,0,,0.6830346096386704
phase6v2-r01-load-downstream-a01,LOAD_DOWNSTREAM,1,1,D4-FULL,LOAD+DOWNSTREAM,LOAD+DOWNSTREAM,2,2,0,0,,0,0,,1,1,,1,1,,12.995450987639364
phase6v2-r01-output-downstream-control-a01,OUTPUT_DOWNSTREAM_CONTROL,1,1,D4-FULL,DOWNSTREAM,DOWNSTREAM,1,1,0,0,,0,0,,0,0,,1,1,,0.5175599887458606
phase6v2-r01-downstream-medium-a01,DOWNSTREAM_MEDIUM,1,1,D4-FULL,DOWNSTREAM,LOAD+DOWNSTREAM,1,2,0,0,,0,0,,0,1,,1,1,,0.21437626477643512
phase6v2-r01-output-load-control-a01,OUTPUT_LOAD_CONTROL,1,1,D4-FULL,LOAD,LOAD,1,1,0,0,,0,0,,1,1,,0,0,,0.7020903480108824
phase6v2-r01-input-downstream-a01,INPUT_DOWNSTREAM,1,1,D4-FULL,INPUT+DOWNSTREAM,LOAD+DOWNSTREAM,2,2,1,0,,0,0,,0,1,,1,1,,0.6112540484227065
phase6v2-r01-output-control-a01,OUTPUT_CONTROL,1,1,D4-FULL,NONE,NONE,0,0,0,0,,0,0,,0,0,,0,0,,0.25909655113361674
phase6v2-r01-output-downstream-a01,OUTPUT_DOWNSTREAM,1,1,D4-FULL,OUTPUT+DOWNSTREAM,OUTPUT+DOWNSTREAM,2,2,0,0,,1,1,,0,0,,1,1,,4.860157254251373
phase6v2-r01-baseline-a01,BASELINE,1,1,D4-FULL,NONE,LOAD,0,1,0,0,,0,0,,0,1,,0,0,,0.20571174681682836
phase6v2-r01-output-load-a01,OUTPUT_LOAD,1,1,D4-FULL,OUTPUT+LOAD,OUTPUT+LOAD,2,2,0,0,,1,1,,1,1,,0,0,,8.063307640070292
phase6v2-r01-load-medium-a01,LOAD_MEDIUM,1,1,D4-FULL,LOAD,OUTPUT+LOAD,1,2,0,0,,0,1,,1,1,,0,0,,0.2856500617363409
phase6v2-r01-input-medium-a01,INPUT_MEDIUM,1,1,D4-FULL-F3,INPUT,INPUT,1,1,1,1,,0,0,,0,0,,0,0,,0.031036448775155323
phase6v2-r01-input-load-a01,INPUT_LOAD,1,1,D4-FULL-F3,INPUT+LOAD,OUTPUT+LOAD,2,2,1,0,,0,1,,1,1,,0,0,,2.322323901017768
phase6v2-r01-output-medium-a01,OUTPUT_MEDIUM,1,1,D4-FULL-F3,OUTPUT,OUTPUT,1,1,0,0,,1,1,,0,0,,0,0,,0.6830346096386704
phase6v2-r01-load-downstream-a01,LOAD_DOWNSTREAM,1,1,D4-FULL-F3,LOAD+DOWNSTREAM,LOAD+DOWNSTREAM,2,2,0,0,,0,0,,1,1,,1,1,,12.995450987639364
phase6v2-r01-output-downstream-control-a01,OUTPUT_DOWNSTREAM_CONTROL,1,1,D4-FULL-F3,DOWNSTREAM,DOWNSTREAM,1,1,0,0,,0,0,,0,0,,1,1,,0.5175599887458606
phase6v2-r01-downstream-medium-a01,DOWNSTREAM_MEDIUM,1,1,D4-FULL-F3,DOWNSTREAM,LOAD+DOWNSTREAM,1,2,0,0,,0,0,,0,1,,1,1,,0.21437626477643512
phase6v2-r01-output-load-control-a01,OUTPUT_LOAD_CONTROL,1,1,D4-FULL-F3,LOAD,LOAD,1,1,0,0,,0,0,,1,1,,0,0,,0.7020903480108824
phase6v2-r01-input-downstream-a01,INPUT_DOWNSTREAM,1,1,D4-FULL-F3,INPUT+DOWNSTREAM,INPUT+DOWNSTREAM,2,2,1,1,,0,0,,0,0,,1,1,,0.6112540484227065
phase6v2-r01-output-control-a01,OUTPUT_CONTROL,1,1,D4-FULL-F3,NONE,NONE,0,0,0,0,,0,0,,0,0,,0,0,,0.25909655113361674
phase6v2-r01-output-downstream-a01,OUTPUT_DOWNSTREAM,1,1,D4-FULL-F3,OUTPUT+DOWNSTREAM,OUTPUT+DOWNSTREAM,2,2,0,0,,1,1,,0,0,,1,1,,4.860157254251373
phase6v2-r01-baseline-a01,BASELINE,1,1,D4-FULL-F3,NONE,LOAD,0,1,0,0,,0,0,,0,1,,0,0,,0.20571174681682836
phase6v2-r01-output-load-a01,OUTPUT_LOAD,1,1,D4-FULL-F3,OUTPUT+LOAD,OUTPUT+LOAD,2,2,0,0,,1,1,,1,1,,0,0,,8.063307640070292
phase6v2-r01-load-medium-a01,LOAD_MEDIUM,1,1,D4-FULL-F3,LOAD,OUTPUT+LOAD,1,2,0,0,,0,1,,1,1,,0,0,,0.2856500617363409
phase6v2-r02-output-control-a01,OUTPUT_CONTROL,2,2,M2/F2,NONE,INPUT,0,1,0,1,0.7277535472473452,0,0,0.27100366535096243,0,0,0.014996937397403338,0,0,0.05102540030821136,
phase6v2-r02-input-downstream-a01,INPUT_DOWNSTREAM,2,2,M2/F2,INPUT+DOWNSTREAM,DOWNSTREAM,2,1,1,0,0.33513954312388367,0,0,0.03388653538910634,0,0,0.05458303774529066,1,1,0.9973846411111269,
phase6v2-r02-baseline-a01,BASELINE,2,2,M2/F2,NONE,INPUT,0,1,0,1,0.8967006670326079,0,0,0.08963849519171505,0,0,0.018827737902975216,0,0,0.0525956308249662,
phase6v2-r02-output-medium-a01,OUTPUT_MEDIUM,2,2,M2/F2,OUTPUT,OUTPUT,1,1,0,0,0.033554510121234664,1,1,0.9951387748056296,0,0,0.04795130689200252,0,0,0.034817515002381186,
phase6v2-r02-input-medium-a01,INPUT_MEDIUM,2,2,M2/F2,INPUT,INPUT,1,1,1,1,0.9117873197111246,0,0,0.07513726166278228,0,0,0.039358121792161506,0,0,0.05151518792495629,
phase6v2-r02-output-load-a01,OUTPUT_LOAD,2,2,M2/F2,OUTPUT+LOAD,OUTPUT+LOAD,2,2,0,0,0.0005181988497722467,1,1,0.691139331381075,1,1,0.9999999999999998,0,0,0.025792514276268,
phase6v2-r02-output-downstream-a01,OUTPUT_DOWNSTREAM,2,2,M2/F2,OUTPUT+DOWNSTREAM,OUTPUT+DOWNSTREAM,2,2,0,0,0.0023329593489837086,1,1,0.9862089424261922,0,0,0.06050247959950046,1,1,0.9893544144268749,
phase6v2-r02-output-downstream-control-a01,OUTPUT_DOWNSTREAM_CONTROL,2,2,M2/F2,DOWNSTREAM,DOWNSTREAM,1,1,0,0,0.03823349801059099,0,0,0.10216224223422506,0,0,0.016691610507873315,1,1,0.9984418608552321,
phase6v2-r02-input-load-a01,INPUT_LOAD,2,2,M2/F2,INPUT+LOAD,LOAD,2,1,1,0,0.0030493409515070817,0,0,0.08359092292295864,1,1,0.999999999999958,0,0,0.027289737792865264,
phase6v2-r02-load-downstream-a01,LOAD_DOWNSTREAM,2,2,M2/F2,LOAD+DOWNSTREAM,LOAD+DOWNSTREAM,2,2,0,0,0.002201477265829407,0,0,0.03580005187218291,1,1,0.9999791938957155,1,1,0.9749860671691012,
phase6v2-r02-load-medium-a01,LOAD_MEDIUM,2,2,M2/F2,LOAD,LOAD,1,1,0,0,0.02308337906177218,0,0,0.06928916546540272,1,1,0.9999760826740138,0,0,0.028243247229010168,
phase6v2-r02-downstream-medium-a01,DOWNSTREAM_MEDIUM,2,2,M2/F2,DOWNSTREAM,DOWNSTREAM,1,1,0,0,0.0671986431117331,0,0,0.030703206909395517,0,0,0.027545280796402543,1,1,0.998020865420279,
phase6v2-r02-output-load-control-a01,OUTPUT_LOAD_CONTROL,2,2,M2/F2,LOAD,LOAD,1,1,0,0,0.05641726493552976,0,0,0.09278328487371294,1,1,0.9969135379700305,0,0,0.029959298712954587,
phase6v2-r02-output-control-a01,OUTPUT_CONTROL,2,2,M2/F2T,NONE,NONE,0,0,0,0,0.2864307365293713,0,0,0.18384519027308208,0,0,0.013858591791471813,0,0,0.04046639169617841,
phase6v2-r02-input-downstream-a01,INPUT_DOWNSTREAM,2,2,M2/F2T,INPUT+DOWNSTREAM,DOWNSTREAM,2,1,1,0,0.3530874139979799,0,0,0.030796879984061033,0,0,0.05455499538192697,1,1,0.9990825719149965,
phase6v2-r02-baseline-a01,BASELINE,2,2,M2/F2T,NONE,NONE,0,0,0,0,0.429402015406311,0,0,0.06261915016650957,0,0,0.011652435071920429,0,0,0.044166844496189225,
phase6v2-r02-output-medium-a01,OUTPUT_MEDIUM,2,2,M2/F2T,OUTPUT,OUTPUT,1,1,0,0,0.06383279271720045,1,1,0.9994311582038224,0,0,0.022569681708563778,0,0,0.03257110201465497,
phase6v2-r02-input-medium-a01,INPUT_MEDIUM,2,2,M2/F2T,INPUT,INPUT,1,1,1,1,0.8875515297157708,0,0,0.0544287537739098,0,0,0.03162386445899502,0,0,0.048119299846567334,
phase6v2-r02-output-load-a01,OUTPUT_LOAD,2,2,M2/F2T,OUTPUT+LOAD,OUTPUT+LOAD,2,2,0,0,0.007244327553432085,1,1,0.6013372369340806,1,1,1.0,0,0,0.02668684873991811,
phase6v2-r02-output-downstream-a01,OUTPUT_DOWNSTREAM,2,2,M2/F2T,OUTPUT+DOWNSTREAM,OUTPUT+DOWNSTREAM,2,2,0,0,0.011504049944506616,1,1,0.9981754984529482,0,0,0.031682234750096794,1,1,0.9971137600168469,
phase6v2-r02-output-downstream-control-a01,OUTPUT_DOWNSTREAM_CONTROL,2,2,M2/F2T,DOWNSTREAM,DOWNSTREAM,1,1,0,0,0.06653802141131575,0,0,0.04972441892935927,0,0,0.01089137258998229,1,1,0.9994580138131224,
phase6v2-r02-input-load-a01,INPUT_LOAD,2,2,M2/F2T,INPUT+LOAD,INPUT+LOAD,2,2,1,1,0.7042249305633859,0,0,0.04846782971449864,1,1,1.0,0,0,0.036341076495323435,
phase6v2-r02-load-downstream-a01,LOAD_DOWNSTREAM,2,2,M2/F2T,LOAD+DOWNSTREAM,LOAD+DOWNSTREAM,2,2,0,0,0.037960038445184786,0,0,0.02535734783861508,1,1,0.9999997669674457,1,1,0.9946236374297941,
phase6v2-r02-load-medium-a01,LOAD_MEDIUM,2,2,M2/F2T,LOAD,LOAD,1,1,0,0,0.02173521107963939,0,0,0.053868858215384854,1,1,0.99999986469725,0,0,0.024997900989944966,
phase6v2-r02-downstream-medium-a01,DOWNSTREAM_MEDIUM,2,2,M2/F2T,DOWNSTREAM,DOWNSTREAM,1,1,0,0,0.0474411951985224,0,0,0.03524404910703413,0,0,0.014404412244270757,1,1,0.9991432291730906,
phase6v2-r02-output-load-control-a01,OUTPUT_LOAD_CONTROL,2,2,M2/F2T,LOAD,LOAD,1,1,0,0,0.003974260133874235,0,0,0.05760130872904489,1,1,0.9997291534565077,0,0,0.014181515634787955,
phase6v2-r02-output-control-a01,OUTPUT_CONTROL,2,2,D4-S,NONE,NONE,0,0,0,0,,0,0,,0,0,,0,0,,0.09298044840573061
phase6v2-r02-input-downstream-a01,INPUT_DOWNSTREAM,2,2,D4-S,INPUT+DOWNSTREAM,NONE,2,0,1,0,,0,0,,0,0,,1,0,,0.20518700935021328
phase6v2-r02-baseline-a01,BASELINE,2,2,D4-S,NONE,DOWNSTREAM,0,1,0,0,,0,0,,0,0,,0,1,,0.01984359811430636
phase6v2-r02-output-medium-a01,OUTPUT_MEDIUM,2,2,D4-S,OUTPUT,OUTPUT,1,1,0,0,,1,1,,0,0,,0,0,,0.1313329823971372
phase6v2-r02-input-medium-a01,INPUT_MEDIUM,2,2,D4-S,INPUT,NONE,1,0,1,0,,0,0,,0,0,,0,0,,0.11072720837591554
phase6v2-r02-output-load-a01,OUTPUT_LOAD,2,2,D4-S,OUTPUT+LOAD,OUTPUT+LOAD,2,2,0,0,,1,1,,1,1,,0,0,,9.249636077065823
phase6v2-r02-output-downstream-a01,OUTPUT_DOWNSTREAM,2,2,D4-S,OUTPUT+DOWNSTREAM,OUTPUT+LOAD,2,2,0,0,,1,1,,0,1,,1,0,,2.5738958270953143
phase6v2-r02-output-downstream-control-a01,OUTPUT_DOWNSTREAM_CONTROL,2,2,D4-S,DOWNSTREAM,NONE,1,0,0,0,,0,0,,0,0,,1,0,,0.27192514791307454
phase6v2-r02-input-load-a01,INPUT_LOAD,2,2,D4-S,INPUT+LOAD,OUTPUT+LOAD,2,2,1,0,,0,1,,1,1,,0,0,,7.54845339718177
phase6v2-r02-load-downstream-a01,LOAD_DOWNSTREAM,2,2,D4-S,LOAD+DOWNSTREAM,OUTPUT+LOAD,2,2,0,0,,0,1,,1,1,,1,0,,0.2078149459025802
phase6v2-r02-load-medium-a01,LOAD_MEDIUM,2,2,D4-S,LOAD,LOAD,1,1,0,0,,0,0,,1,1,,0,0,,0.07778986951955247
phase6v2-r02-downstream-medium-a01,DOWNSTREAM_MEDIUM,2,2,D4-S,DOWNSTREAM,NONE,1,0,0,0,,0,0,,0,0,,1,0,,0.24246644702381448
phase6v2-r02-output-load-control-a01,OUTPUT_LOAD_CONTROL,2,2,D4-S,LOAD,LOAD,1,1,0,0,,0,0,,1,1,,0,0,,1.1501403100383314
phase6v2-r02-output-control-a01,OUTPUT_CONTROL,2,2,D4-SM,NONE,NONE,0,0,0,0,,0,0,,0,0,,0,0,,0.10143434912233784
phase6v2-r02-input-downstream-a01,INPUT_DOWNSTREAM,2,2,D4-SM,INPUT+DOWNSTREAM,LOAD+DOWNSTREAM,2,2,1,0,,0,0,,0,1,,1,1,,0.06684920719729348
phase6v2-r02-baseline-a01,BASELINE,2,2,D4-SM,NONE,NONE,0,0,0,0,,0,0,,0,0,,0,0,,0.08906654896966659
phase6v2-r02-output-medium-a01,OUTPUT_MEDIUM,2,2,D4-SM,OUTPUT,OUTPUT,1,1,0,0,,1,1,,0,0,,0,0,,0.3930251481666429
phase6v2-r02-input-medium-a01,INPUT_MEDIUM,2,2,D4-SM,INPUT,NONE,1,0,1,0,,0,0,,0,0,,0,0,,0.235878431669454
phase6v2-r02-output-load-a01,OUTPUT_LOAD,2,2,D4-SM,OUTPUT+LOAD,OUTPUT+LOAD,2,2,0,0,,1,1,,1,1,,0,0,,8.499744767615798
phase6v2-r02-output-downstream-a01,OUTPUT_DOWNSTREAM,2,2,D4-SM,OUTPUT+DOWNSTREAM,OUTPUT+DOWNSTREAM,2,2,0,0,,1,1,,0,0,,1,1,,2.6704915682688544
phase6v2-r02-output-downstream-control-a01,OUTPUT_DOWNSTREAM_CONTROL,2,2,D4-SM,DOWNSTREAM,DOWNSTREAM,1,1,0,0,,0,0,,0,0,,1,1,,0.2916714212397906
phase6v2-r02-input-load-a01,INPUT_LOAD,2,2,D4-SM,INPUT+LOAD,OUTPUT+LOAD,2,2,1,0,,0,1,,1,1,,0,0,,6.41760515672636
phase6v2-r02-load-downstream-a01,LOAD_DOWNSTREAM,2,2,D4-SM,LOAD+DOWNSTREAM,LOAD+DOWNSTREAM,2,2,0,0,,0,0,,1,1,,1,1,,17.480017490210493
phase6v2-r02-load-medium-a01,LOAD_MEDIUM,2,2,D4-SM,LOAD,LOAD,1,1,0,0,,0,0,,1,1,,0,0,,0.04270019829171012
phase6v2-r02-downstream-medium-a01,DOWNSTREAM_MEDIUM,2,2,D4-SM,DOWNSTREAM,DOWNSTREAM,1,1,0,0,,0,0,,0,0,,1,1,,0.27966621336661746
phase6v2-r02-output-load-control-a01,OUTPUT_LOAD_CONTROL,2,2,D4-SM,LOAD,LOAD,1,1,0,0,,0,0,,1,1,,0,0,,0.9443695239822478
phase6v2-r02-output-control-a01,OUTPUT_CONTROL,2,2,D4-SMT,NONE,NONE,0,0,0,0,,0,0,,0,0,,0,0,,0.1534492089813576
phase6v2-r02-input-downstream-a01,INPUT_DOWNSTREAM,2,2,D4-SMT,INPUT+DOWNSTREAM,DOWNSTREAM,2,1,1,0,,0,0,,0,0,,1,1,,0.8753730741273662
phase6v2-r02-baseline-a01,BASELINE,2,2,D4-SMT,NONE,DOWNSTREAM,0,1,0,0,,0,0,,0,0,,0,1,,0.06285392367435683
phase6v2-r02-output-medium-a01,OUTPUT_MEDIUM,2,2,D4-SMT,OUTPUT,OUTPUT,1,1,0,0,,1,1,,0,0,,0,0,,0.5061348415295499
phase6v2-r02-input-medium-a01,INPUT_MEDIUM,2,2,D4-SMT,INPUT,NONE,1,0,1,0,,0,0,,0,0,,0,0,,0.4004505191581655
phase6v2-r02-output-load-a01,OUTPUT_LOAD,2,2,D4-SMT,OUTPUT+LOAD,OUTPUT+LOAD,2,2,0,0,,1,1,,1,1,,0,0,,8.780433484192134
phase6v2-r02-output-downstream-a01,OUTPUT_DOWNSTREAM,2,2,D4-SMT,OUTPUT+DOWNSTREAM,OUTPUT+DOWNSTREAM,2,2,0,0,,1,1,,0,0,,1,1,,2.649409579457389
phase6v2-r02-output-downstream-control-a01,OUTPUT_DOWNSTREAM_CONTROL,2,2,D4-SMT,DOWNSTREAM,DOWNSTREAM,1,1,0,0,,0,0,,0,0,,1,1,,0.5798414012403068
phase6v2-r02-input-load-a01,INPUT_LOAD,2,2,D4-SMT,INPUT+LOAD,OUTPUT+LOAD,2,2,1,0,,0,1,,1,1,,0,0,,5.831672349476431
phase6v2-r02-load-downstream-a01,LOAD_DOWNSTREAM,2,2,D4-SMT,LOAD+DOWNSTREAM,LOAD+DOWNSTREAM,2,2,0,0,,0,0,,1,1,,1,1,,15.590455372134333
phase6v2-r02-load-medium-a01,LOAD_MEDIUM,2,2,D4-SMT,LOAD,OUTPUT+LOAD,1,2,0,0,,0,1,,1,1,,0,0,,0.27310651313256074
phase6v2-r02-downstream-medium-a01,DOWNSTREAM_MEDIUM,2,2,D4-SMT,DOWNSTREAM,DOWNSTREAM,1,1,0,0,,0,0,,0,0,,1,1,,0.5808468344641362
phase6v2-r02-output-load-control-a01,OUTPUT_LOAD_CONTROL,2,2,D4-SMT,LOAD,LOAD,1,1,0,0,,0,0,,1,1,,0,0,,0.9739116729527773
phase6v2-r02-output-control-a01,OUTPUT_CONTROL,2,2,D4-FULL,NONE,NONE,0,0,0,0,,0,0,,0,0,,0,0,,0.5754422156505639
phase6v2-r02-input-downstream-a01,INPUT_DOWNSTREAM,2,2,D4-FULL,INPUT+DOWNSTREAM,DOWNSTREAM,2,1,1,0,,0,0,,0,0,,1,1,,0.8471465465903645
phase6v2-r02-baseline-a01,BASELINE,2,2,D4-FULL,NONE,NONE,0,0,0,0,,0,0,,0,0,,0,0,,0.041172080514578546
phase6v2-r02-output-medium-a01,OUTPUT_MEDIUM,2,2,D4-FULL,OUTPUT,OUTPUT,1,1,0,0,,1,1,,0,0,,0,0,,1.2065965200262974
phase6v2-r02-input-medium-a01,INPUT_MEDIUM,2,2,D4-FULL,INPUT,NONE,1,0,1,0,,0,0,,0,0,,0,0,,0.6978412278283284
phase6v2-r02-output-load-a01,OUTPUT_LOAD,2,2,D4-FULL,OUTPUT+LOAD,OUTPUT+LOAD,2,2,0,0,,1,1,,1,1,,0,0,,6.836133946455092
phase6v2-r02-output-downstream-a01,OUTPUT_DOWNSTREAM,2,2,D4-FULL,OUTPUT+DOWNSTREAM,OUTPUT+DOWNSTREAM,2,2,0,0,,1,1,,0,0,,1,1,,5.40022771287295
phase6v2-r02-output-downstream-control-a01,OUTPUT_DOWNSTREAM_CONTROL,2,2,D4-FULL,DOWNSTREAM,DOWNSTREAM,1,1,0,0,,0,0,,0,0,,1,1,,1.1232569813096198
phase6v2-r02-input-load-a01,INPUT_LOAD,2,2,D4-FULL,INPUT+LOAD,OUTPUT+LOAD,2,2,1,0,,0,1,,1,1,,0,0,,3.0373448109254095
phase6v2-r02-load-downstream-a01,LOAD_DOWNSTREAM,2,2,D4-FULL,LOAD+DOWNSTREAM,LOAD+DOWNSTREAM,2,2,0,0,,0,0,,1,1,,1,1,,13.87433370041527
phase6v2-r02-load-medium-a01,LOAD_MEDIUM,2,2,D4-FULL,LOAD,OUTPUT+LOAD,1,2,0,0,,0,1,,1,1,,0,0,,0.13117406016059974
phase6v2-r02-downstream-medium-a01,DOWNSTREAM_MEDIUM,2,2,D4-FULL,DOWNSTREAM,DOWNSTREAM,1,1,0,0,,0,0,,0,0,,1,1,,0.17056555271999763
phase6v2-r02-output-load-control-a01,OUTPUT_LOAD_CONTROL,2,2,D4-FULL,LOAD,LOAD,1,1,0,0,,0,0,,1,1,,0,0,,0.6832183412514159
phase6v2-r02-output-control-a01,OUTPUT_CONTROL,2,2,D4-FULL-F3,NONE,NONE,0,0,0,0,,0,0,,0,0,,0,0,,0.5754422156505639
phase6v2-r02-input-downstream-a01,INPUT_DOWNSTREAM,2,2,D4-FULL-F3,INPUT+DOWNSTREAM,INPUT+DOWNSTREAM,2,2,1,1,,0,0,,0,0,,1,1,,0.8471465465903645
phase6v2-r02-baseline-a01,BASELINE,2,2,D4-FULL-F3,NONE,NONE,0,0,0,0,,0,0,,0,0,,0,0,,0.041172080514578546
phase6v2-r02-output-medium-a01,OUTPUT_MEDIUM,2,2,D4-FULL-F3,OUTPUT,OUTPUT,1,1,0,0,,1,1,,0,0,,0,0,,1.2065965200262974
phase6v2-r02-input-medium-a01,INPUT_MEDIUM,2,2,D4-FULL-F3,INPUT,INPUT,1,1,1,1,,0,0,,0,0,,0,0,,0.6978412278283284
phase6v2-r02-output-load-a01,OUTPUT_LOAD,2,2,D4-FULL-F3,OUTPUT+LOAD,OUTPUT+LOAD,2,2,0,0,,1,1,,1,1,,0,0,,6.836133946455092
phase6v2-r02-output-downstream-a01,OUTPUT_DOWNSTREAM,2,2,D4-FULL-F3,OUTPUT+DOWNSTREAM,OUTPUT+DOWNSTREAM,2,2,0,0,,1,1,,0,0,,1,1,,5.40022771287295
phase6v2-r02-output-downstream-control-a01,OUTPUT_DOWNSTREAM_CONTROL,2,2,D4-FULL-F3,DOWNSTREAM,DOWNSTREAM,1,1,0,0,,0,0,,0,0,,1,1,,1.1232569813096198
phase6v2-r02-input-load-a01,INPUT_LOAD,2,2,D4-FULL-F3,INPUT+LOAD,OUTPUT+LOAD,2,2,1,0,,0,1,,1,1,,0,0,,3.0373448109254095
phase6v2-r02-load-downstream-a01,LOAD_DOWNSTREAM,2,2,D4-FULL-F3,LOAD+DOWNSTREAM,LOAD+DOWNSTREAM,2,2,0,0,,0,0,,1,1,,1,1,,13.87433370041527
phase6v2-r02-load-medium-a01,LOAD_MEDIUM,2,2,D4-FULL-F3,LOAD,OUTPUT+LOAD,1,2,0,0,,0,1,,1,1,,0,0,,0.13117406016059974
phase6v2-r02-downstream-medium-a01,DOWNSTREAM_MEDIUM,2,2,D4-FULL-F3,DOWNSTREAM,DOWNSTREAM,1,1,0,0,,0,0,,0,0,,1,1,,0.17056555271999763
phase6v2-r02-output-load-control-a01,OUTPUT_LOAD_CONTROL,2,2,D4-FULL-F3,LOAD,LOAD,1,1,0,0,,0,0,,1,1,,0,0,,0.6832183412514159
phase6v2-r03-output-downstream-a01,OUTPUT_DOWNSTREAM,3,3,M2/F2,OUTPUT+DOWNSTREAM,OUTPUT+DOWNSTREAM,2,2,0,0,0.0004520241371050853,1,1,0.9869035445219758,0,0,0.07921353773465062,1,1,0.9875649456443006,
phase6v2-r03-input-medium-a01,INPUT_MEDIUM,3,3,M2/F2,INPUT,INPUT,1,1,1,1,0.8369942314095847,0,0,0.04543568357178132,0,0,0.08611834678301428,0,0,0.03918235079595037,
phase6v2-r03-output-load-a01,OUTPUT_LOAD,3,3,M2/F2,OUTPUT+LOAD,OUTPUT+LOAD,2,2,0,0,0.00017800228801143067,1,1,0.7164511936355791,1,1,1.0,0,0,0.025300745778475957,
phase6v2-r03-input-downstream-a01,INPUT_DOWNSTREAM,3,3,M2/F2,INPUT+DOWNSTREAM,DOWNSTREAM,2,1,1,0,0.12596465359429845,0,0,0.02631704226770185,0,0,0.060309770870380246,1,1,0.9971055135442921,
phase6v2-r03-input-load-a01,INPUT_LOAD,3,3,M2/F2,INPUT+LOAD,LOAD,2,1,1,0,0.006344275400465808,0,0,0.11745336865374711,1,1,0.999999999999972,0,0,0.029431437968116824,
phase6v2-r03-baseline-a01,BASELINE,3,3,M2/F2,NONE,INPUT,0,1,0,1,0.7482182025621257,0,0,0.052213234009765484,0,0,0.02381145862249312,0,0,0.04207821257855726,
phase6v2-r03-downstream-medium-a01,DOWNSTREAM_MEDIUM,3,3,M2/F2,DOWNSTREAM,DOWNSTREAM,1,1,0,0,0.0786831679339369,0,0,0.02861439002116192,0,0,0.02847906979046998,1,1,0.9980474129169633,
phase6v2-r03-output-load-control-a01,OUTPUT_LOAD_CONTROL,3,3,M2/F2,LOAD,LOAD,1,1,0,0,0.1748726222582906,0,0,0.07381886056278593,1,1,0.9973909623510997,0,0,0.02734810613631824,
phase6v2-r03-output-medium-a01,OUTPUT_MEDIUM,3,3,M2/F2,OUTPUT,OUTPUT,1,1,0,0,0.014392254286436106,1,1,0.9843183161935484,0,0,0.042553405347281456,0,0,0.031416013664234146,
phase6v2-r03-load-downstream-a01,LOAD_DOWNSTREAM,3,3,M2/F2,LOAD+DOWNSTREAM,LOAD+DOWNSTREAM,2,2,0,0,0.0031974131725635764,0,0,0.04561598390739432,1,1,0.9999752071710943,1,1,0.9764792700713182,
phase6v2-r03-output-downstream-control-a01,OUTPUT_DOWNSTREAM_CONTROL,3,3,M2/F2,DOWNSTREAM,DOWNSTREAM,1,1,0,0,0.02073474990172943,0,0,0.13211064918202056,0,0,0.023685173411901815,1,1,0.997236008929874,
phase6v2-r03-output-control-a01,OUTPUT_CONTROL,3,3,M2/F2,NONE,NONE,0,0,0,0,0.47041776101129734,0,0,0.11594590660410993,0,0,0.014418721402441773,0,0,0.045117785841262824,
phase6v2-r03-load-medium-a01,LOAD_MEDIUM,3,3,M2/F2,LOAD,LOAD,1,1,0,0,0.036171341681250586,0,0,0.07539203844365218,1,1,0.9999816306714445,0,0,0.02894947670073784,
phase6v2-r03-output-downstream-a01,OUTPUT_DOWNSTREAM,3,3,M2/F2T,OUTPUT+DOWNSTREAM,OUTPUT+DOWNSTREAM,2,2,0,0,0.027807705287671326,1,1,0.9978230302162493,0,0,0.034023623708079306,1,1,0.9975190186853996,
phase6v2-r03-input-medium-a01,INPUT_MEDIUM,3,3,M2/F2T,INPUT,INPUT,1,1,1,1,0.9551674403818756,0,0,0.045062776805443246,0,0,0.037825498732875384,0,0,0.04218931214084845,
phase6v2-r03-output-load-a01,OUTPUT_LOAD,3,3,M2/F2T,OUTPUT+LOAD,OUTPUT+LOAD,2,2,0,0,0.004751852009881149,1,1,0.8171894319700463,1,1,1.0,0,0,0.038704067769502734,
phase6v2-r03-input-downstream-a01,INPUT_DOWNSTREAM,3,3,M2/F2T,INPUT+DOWNSTREAM,INPUT+DOWNSTREAM,2,2,1,1,0.6061958734470445,0,0,0.032364251528738466,0,0,0.03608407101757959,1,1,0.9993075377524205,
phase6v2-r03-input-load-a01,INPUT_LOAD,3,3,M2/F2T,INPUT+LOAD,INPUT+LOAD,2,2,1,1,0.9547758716377294,0,0,0.05752908892288309,1,1,1.0,0,0,0.04543596810260552,
phase6v2-r03-baseline-a01,BASELINE,3,3,M2/F2T,NONE,NONE,0,0,0,0,0.43955650389912954,0,0,0.04850648453592281,0,0,0.01380611768372947,0,0,0.030203638163594212,
phase6v2-r03-downstream-medium-a01,DOWNSTREAM_MEDIUM,3,3,M2/F2T,DOWNSTREAM,DOWNSTREAM,1,1,0,0,0.027794380372518086,0,0,0.033032138503476825,0,0,0.016970267507221765,1,1,0.9991968498889184,
phase6v2-r03-output-load-control-a01,OUTPUT_LOAD_CONTROL,3,3,M2/F2T,LOAD,INPUT+LOAD,1,2,0,1,0.9576246189545192,0,0,0.05160405706864408,1,1,0.9995766835173002,0,0,0.04408695569058591,
phase6v2-r03-output-medium-a01,OUTPUT_MEDIUM,3,3,M2/F2T,OUTPUT,OUTPUT,1,1,0,0,0.054791847140476684,1,1,0.9974843044406704,0,0,0.020289791073089192,0,0,0.027131620825896298,
phase6v2-r03-load-downstream-a01,LOAD_DOWNSTREAM,3,3,M2/F2T,LOAD+DOWNSTREAM,LOAD+DOWNSTREAM,2,2,0,0,0.007047857852075347,0,0,0.04402712498903152,1,1,0.9999997525879615,1,1,0.9956584767803516,
phase6v2-r03-output-downstream-control-a01,OUTPUT_DOWNSTREAM_CONTROL,3,3,M2/F2T,DOWNSTREAM,DOWNSTREAM,1,1,0,0,0.05616798259450972,0,0,0.08567695902898398,0,0,0.016365665586893487,1,1,0.9990646349189756,
phase6v2-r03-output-control-a01,OUTPUT_CONTROL,3,3,M2/F2T,NONE,NONE,0,0,0,0,0.12387387352999107,0,0,0.05936806090667536,0,0,0.010933681835511126,0,0,0.030974351938703543,
phase6v2-r03-load-medium-a01,LOAD_MEDIUM,3,3,M2/F2T,LOAD,LOAD,1,1,0,0,0.0375011950616309,0,0,0.0486619680849266,1,1,0.9999999175664814,0,0,0.021709519209477134,
phase6v2-r03-output-downstream-a01,OUTPUT_DOWNSTREAM,3,3,D4-S,OUTPUT+DOWNSTREAM,OUTPUT+LOAD,2,2,0,0,,1,1,,0,1,,1,0,,3.2547521516833893
phase6v2-r03-input-medium-a01,INPUT_MEDIUM,3,3,D4-S,INPUT,INPUT,1,1,1,1,,0,0,,0,0,,0,0,,0.3573980069186927
phase6v2-r03-output-load-a01,OUTPUT_LOAD,3,3,D4-S,OUTPUT+LOAD,OUTPUT+LOAD,2,2,0,0,,1,1,,1,1,,0,0,,9.960181888170258
phase6v2-r03-input-downstream-a01,INPUT_DOWNSTREAM,3,3,D4-S,INPUT+DOWNSTREAM,NONE,2,0,1,0,,0,0,,0,0,,1,0,,0.16957797376864225
phase6v2-r03-input-load-a01,INPUT_LOAD,3,3,D4-S,INPUT+LOAD,OUTPUT+LOAD,2,2,1,0,,0,1,,1,1,,0,0,,7.809196102222837
phase6v2-r03-baseline-a01,BASELINE,3,3,D4-S,NONE,NONE,0,0,0,0,,0,0,,0,0,,0,0,,0.058633720384903776
phase6v2-r03-downstream-medium-a01,DOWNSTREAM_MEDIUM,3,3,D4-S,DOWNSTREAM,NONE,1,0,0,0,,0,0,,0,0,,1,0,,0.2724966842713237
phase6v2-r03-output-load-control-a01,OUTPUT_LOAD_CONTROL,3,3,D4-S,LOAD,LOAD,1,1,0,0,,0,0,,1,1,,0,0,,1.4221605004696682
phase6v2-r03-output-medium-a01,OUTPUT_MEDIUM,3,3,D4-S,OUTPUT,OUTPUT,1,1,0,0,,1,1,,0,0,,0,0,,0.5452022227482112
phase6v2-r03-load-downstream-a01,LOAD_DOWNSTREAM,3,3,D4-S,LOAD+DOWNSTREAM,OUTPUT+LOAD,2,2,0,0,,0,1,,1,1,,1,0,,0.5566654385410565
phase6v2-r03-output-downstream-control-a01,OUTPUT_DOWNSTREAM_CONTROL,3,3,D4-S,DOWNSTREAM,NONE,1,0,0,0,,0,0,,0,0,,1,0,,0.35927045556784
phase6v2-r03-output-control-a01,OUTPUT_CONTROL,3,3,D4-S,NONE,NONE,0,0,0,0,,0,0,,0,0,,0,0,,0.0017467690710182282
phase6v2-r03-load-medium-a01,LOAD_MEDIUM,3,3,D4-S,LOAD,OUTPUT+LOAD,1,2,0,0,,0,1,,1,1,,0,0,,0.2848059722585532
phase6v2-r03-output-downstream-a01,OUTPUT_DOWNSTREAM,3,3,D4-SM,OUTPUT+DOWNSTREAM,OUTPUT+DOWNSTREAM,2,2,0,0,,1,1,,0,0,,1,1,,2.9802572467220614
phase6v2-r03-input-medium-a01,INPUT_MEDIUM,3,3,D4-SM,INPUT,INPUT,1,1,1,1,,0,0,,0,0,,0,0,,0.14731782394277504
phase6v2-r03-output-load-a01,OUTPUT_LOAD,3,3,D4-SM,OUTPUT+LOAD,OUTPUT+LOAD,2,2,0,0,,1,1,,1,1,,0,0,,8.904586940439689
phase6v2-r03-input-downstream-a01,INPUT_DOWNSTREAM,3,3,D4-SM,INPUT+DOWNSTREAM,DOWNSTREAM,2,1,1,0,,0,0,,0,0,,1,1,,0.3828667443801983
phase6v2-r03-input-load-a01,INPUT_LOAD,3,3,D4-SM,INPUT+LOAD,OUTPUT+LOAD,2,2,1,0,,0,1,,1,1,,0,0,,6.636790845984927
phase6v2-r03-baseline-a01,BASELINE,3,3,D4-SM,NONE,NONE,0,0,0,0,,0,0,,0,0,,0,0,,0.04550864871618088
phase6v2-r03-downstream-medium-a01,DOWNSTREAM_MEDIUM,3,3,D4-SM,DOWNSTREAM,DOWNSTREAM,1,1,0,0,,0,0,,0,0,,1,1,,0.2583764063235865
phase6v2-r03-output-load-control-a01,OUTPUT_LOAD_CONTROL,3,3,D4-SM,LOAD,LOAD,1,1,0,0,,0,0,,1,1,,0,0,,1.4360172949591803
phase6v2-r03-output-medium-a01,OUTPUT_MEDIUM,3,3,D4-SM,OUTPUT,OUTPUT,1,1,0,0,,1,1,,0,0,,0,0,,0.31894475988027393
phase6v2-r03-load-downstream-a01,LOAD_DOWNSTREAM,3,3,D4-SM,LOAD+DOWNSTREAM,LOAD+DOWNSTREAM,2,2,0,0,,0,0,,1,1,,1,1,,18.667359543820368
phase6v2-r03-output-downstream-control-a01,OUTPUT_DOWNSTREAM_CONTROL,3,3,D4-SM,DOWNSTREAM,DOWNSTREAM,1,1,0,0,,0,0,,0,0,,1,1,,0.33248948482390794
phase6v2-r03-output-control-a01,OUTPUT_CONTROL,3,3,D4-SM,NONE,NONE,0,0,0,0,,0,0,,0,0,,0,0,,0.019233706503972936
phase6v2-r03-load-medium-a01,LOAD_MEDIUM,3,3,D4-SM,LOAD,OUTPUT+LOAD,1,2,0,0,,0,1,,1,1,,0,0,,0.23924551703509422
phase6v2-r03-output-downstream-a01,OUTPUT_DOWNSTREAM,3,3,D4-SMT,OUTPUT+DOWNSTREAM,OUTPUT+DOWNSTREAM,2,2,0,0,,1,1,,0,0,,1,1,,1.5245628173611427
phase6v2-r03-input-medium-a01,INPUT_MEDIUM,3,3,D4-SMT,INPUT,INPUT,1,1,1,1,,0,0,,0,0,,0,0,,0.18796344333454362
phase6v2-r03-output-load-a01,OUTPUT_LOAD,3,3,D4-SMT,OUTPUT+LOAD,OUTPUT+LOAD,2,2,0,0,,1,1,,1,1,,0,0,,10.369420002604206
phase6v2-r03-input-downstream-a01,INPUT_DOWNSTREAM,3,3,D4-SMT,INPUT+DOWNSTREAM,DOWNSTREAM,2,1,1,0,,0,0,,0,0,,1,1,,0.8718343020367119
phase6v2-r03-input-load-a01,INPUT_LOAD,3,3,D4-SMT,INPUT+LOAD,OUTPUT+LOAD,2,2,1,0,,0,1,,1,1,,0,0,,5.374190073087014
phase6v2-r03-baseline-a01,BASELINE,3,3,D4-SMT,NONE,NONE,0,0,0,0,,0,0,,0,0,,0,0,,0.03780937640282811
phase6v2-r03-downstream-medium-a01,DOWNSTREAM_MEDIUM,3,3,D4-SMT,DOWNSTREAM,DOWNSTREAM,1,1,0,0,,0,0,,0,0,,1,1,,0.530219199099462
phase6v2-r03-output-load-control-a01,OUTPUT_LOAD_CONTROL,3,3,D4-SMT,LOAD,LOAD,1,1,0,0,,0,0,,1,1,,0,0,,1.332279316244902
phase6v2-r03-output-medium-a01,OUTPUT_MEDIUM,3,3,D4-SMT,OUTPUT,OUTPUT+LOAD,1,2,0,0,,1,1,,0,1,,0,0,,0.11704821140729704
phase6v2-r03-load-downstream-a01,LOAD_DOWNSTREAM,3,3,D4-SMT,LOAD+DOWNSTREAM,LOAD+DOWNSTREAM,2,2,0,0,,0,0,,1,1,,1,1,,18.29850968717357
phase6v2-r03-output-downstream-control-a01,OUTPUT_DOWNSTREAM_CONTROL,3,3,D4-SMT,DOWNSTREAM,DOWNSTREAM,1,1,0,0,,0,0,,0,0,,1,1,,0.6925951961598775
phase6v2-r03-output-control-a01,OUTPUT_CONTROL,3,3,D4-SMT,NONE,NONE,0,0,0,0,,0,0,,0,0,,0,0,,0.036142331360881075
phase6v2-r03-load-medium-a01,LOAD_MEDIUM,3,3,D4-SMT,LOAD,LOAD,1,1,0,0,,0,0,,1,1,,0,0,,0.08047297932857056
phase6v2-r03-output-downstream-a01,OUTPUT_DOWNSTREAM,3,3,D4-FULL,OUTPUT+DOWNSTREAM,OUTPUT+DOWNSTREAM,2,2,0,0,,1,1,,0,0,,1,1,,4.7869991925695965
phase6v2-r03-input-medium-a01,INPUT_MEDIUM,3,3,D4-FULL,INPUT,INPUT,1,1,1,1,,0,0,,0,0,,0,0,,0.3836637482857077
phase6v2-r03-output-load-a01,OUTPUT_LOAD,3,3,D4-FULL,OUTPUT+LOAD,OUTPUT+LOAD,2,2,0,0,,1,1,,1,1,,0,0,,7.706525398453432
phase6v2-r03-input-downstream-a01,INPUT_DOWNSTREAM,3,3,D4-FULL,INPUT+DOWNSTREAM,DOWNSTREAM,2,1,1,0,,0,0,,0,0,,1,1,,0.8389676499017344
phase6v2-r03-input-load-a01,INPUT_LOAD,3,3,D4-FULL,INPUT+LOAD,OUTPUT+LOAD,2,2,1,0,,0,1,,1,1,,0,0,,2.897688862451667
phase6v2-r03-baseline-a01,BASELINE,3,3,D4-FULL,NONE,NONE,0,0,0,0,,0,0,,0,0,,0,0,,0.010732917304846712
phase6v2-r03-downstream-medium-a01,DOWNSTREAM_MEDIUM,3,3,D4-FULL,DOWNSTREAM,DOWNSTREAM,1,1,0,0,,0,0,,0,0,,1,1,,0.1547456739941131
phase6v2-r03-output-load-control-a01,OUTPUT_LOAD_CONTROL,3,3,D4-FULL,LOAD,LOAD,1,1,0,0,,0,0,,1,1,,0,0,,1.1096782702276684
phase6v2-r03-output-medium-a01,OUTPUT_MEDIUM,3,3,D4-FULL,OUTPUT,OUTPUT,1,1,0,0,,1,1,,0,0,,0,0,,0.9304721557557349
phase6v2-r03-load-downstream-a01,LOAD_DOWNSTREAM,3,3,D4-FULL,LOAD+DOWNSTREAM,LOAD+DOWNSTREAM,2,2,0,0,,0,0,,1,1,,1,1,,15.207453605920406
phase6v2-r03-output-downstream-control-a01,OUTPUT_DOWNSTREAM_CONTROL,3,3,D4-FULL,DOWNSTREAM,DOWNSTREAM,1,1,0,0,,0,0,,0,0,,1,1,,1.149174546645816
phase6v2-r03-output-control-a01,OUTPUT_CONTROL,3,3,D4-FULL,NONE,NONE,0,0,0,0,,0,0,,0,0,,0,0,,0.1527423041614242
phase6v2-r03-load-medium-a01,LOAD_MEDIUM,3,3,D4-FULL,LOAD,LOAD,1,1,0,0,,0,0,,1,1,,0,0,,0.004540166167556592
phase6v2-r03-output-downstream-a01,OUTPUT_DOWNSTREAM,3,3,D4-FULL-F3,OUTPUT+DOWNSTREAM,OUTPUT+DOWNSTREAM,2,2,0,0,,1,1,,0,0,,1,1,,4.7869991925695965
phase6v2-r03-input-medium-a01,INPUT_MEDIUM,3,3,D4-FULL-F3,INPUT,INPUT,1,1,1,1,,0,0,,0,0,,0,0,,0.3836637482857077
phase6v2-r03-output-load-a01,OUTPUT_LOAD,3,3,D4-FULL-F3,OUTPUT+LOAD,OUTPUT+LOAD,2,2,0,0,,1,1,,1,1,,0,0,,7.706525398453432
phase6v2-r03-input-downstream-a01,INPUT_DOWNSTREAM,3,3,D4-FULL-F3,INPUT+DOWNSTREAM,INPUT+DOWNSTREAM,2,2,1,1,,0,0,,0,0,,1,1,,0.8389676499017344
phase6v2-r03-input-load-a01,INPUT_LOAD,3,3,D4-FULL-F3,INPUT+LOAD,OUTPUT+LOAD,2,2,1,0,,0,1,,1,1,,0,0,,2.897688862451667
phase6v2-r03-baseline-a01,BASELINE,3,3,D4-FULL-F3,NONE,NONE,0,0,0,0,,0,0,,0,0,,0,0,,0.010732917304846712
phase6v2-r03-downstream-medium-a01,DOWNSTREAM_MEDIUM,3,3,D4-FULL-F3,DOWNSTREAM,DOWNSTREAM,1,1,0,0,,0,0,,0,0,,1,1,,0.1547456739941131
phase6v2-r03-output-load-control-a01,OUTPUT_LOAD_CONTROL,3,3,D4-FULL-F3,LOAD,LOAD,1,1,0,0,,0,0,,1,1,,0,0,,1.1096782702276684
phase6v2-r03-output-medium-a01,OUTPUT_MEDIUM,3,3,D4-FULL-F3,OUTPUT,OUTPUT,1,1,0,0,,1,1,,0,0,,0,0,,0.9304721557557349
phase6v2-r03-load-downstream-a01,LOAD_DOWNSTREAM,3,3,D4-FULL-F3,LOAD+DOWNSTREAM,LOAD+DOWNSTREAM,2,2,0,0,,0,0,,1,1,,1,1,,15.207453605920406
phase6v2-r03-output-downstream-control-a01,OUTPUT_DOWNSTREAM_CONTROL,3,3,D4-FULL-F3,DOWNSTREAM,DOWNSTREAM,1,1,0,0,,0,0,,0,0,,1,1,,1.149174546645816
phase6v2-r03-output-control-a01,OUTPUT_CONTROL,3,3,D4-FULL-F3,NONE,NONE,0,0,0,0,,0,0,,0,0,,0,0,,0.1527423041614242
phase6v2-r03-load-medium-a01,LOAD_MEDIUM,3,3,D4-FULL-F3,LOAD,LOAD,1,1,0,0,,0,0,,1,1,,0,0,,0.004540166167556592
phase6v2-r04-input-load-a01,INPUT_LOAD,4,4,M2/F2,INPUT+LOAD,LOAD,2,1,1,0,0.009497451112927206,0,0,0.12086484764557318,1,1,0.9999999999999705,0,0,0.028358673432622508,
phase6v2-r04-output-load-a01,OUTPUT_LOAD,4,4,M2/F2,OUTPUT+LOAD,OUTPUT+LOAD,2,2,0,0,0.0003971662783801408,1,1,0.683872063557136,1,1,1.0,0,0,0.026456714636151256,
phase6v2-r04-downstream-medium-a01,DOWNSTREAM_MEDIUM,4,4,M2/F2,DOWNSTREAM,DOWNSTREAM,1,1,0,0,0.09241332524810773,0,0,0.024440986212532604,0,0,0.026711295875667774,1,1,0.9982784329944315,
phase6v2-r04-output-control-a01,OUTPUT_CONTROL,4,4,M2/F2,NONE,INPUT,0,1,0,1,0.594276402364957,0,0,0.13548063983763772,0,0,0.027284602265725797,0,0,0.039459645491209776,
phase6v2-r04-output-load-control-a01,OUTPUT_LOAD_CONTROL,4,4,M2/F2,LOAD,LOAD,1,1,0,0,0.2371897839874951,0,0,0.06950533778545989,1,1,0.9916709189653896,0,0,0.02676580143234433,
phase6v2-r04-output-downstream-control-a01,OUTPUT_DOWNSTREAM_CONTROL,4,4,M2/F2,DOWNSTREAM,DOWNSTREAM,1,1,0,0,0.02184572000943598,0,0,0.05822983540483087,0,0,0.018103519694810635,1,1,0.9983424364638078,
phase6v2-r04-baseline-a01,BASELINE,4,4,M2/F2,NONE,INPUT,0,1,0,1,0.7587795979602768,0,0,0.04843982168646434,0,0,0.01962887665136334,0,0,0.04611440217192484,
phase6v2-r04-input-medium-a01,INPUT_MEDIUM,4,4,M2/F2,INPUT,INPUT,1,1,1,1,0.7990139261857558,0,0,0.04577504229770455,0,0,0.056220281601440075,0,0,0.0407647737909117,
phase6v2-r04-input-downstream-a01,INPUT_DOWNSTREAM,4,4,M2/F2,INPUT+DOWNSTREAM,DOWNSTREAM,2,1,1,0,0.1076417117961273,0,0,0.022823412202889807,0,0,0.060953560639526165,1,1,0.9970506681237341,
phase6v2-r04-output-downstream-a01,OUTPUT_DOWNSTREAM,4,4,M2/F2,OUTPUT+DOWNSTREAM,OUTPUT+DOWNSTREAM,2,2,0,0,0.0016106448779435098,1,1,0.9821542654905202,0,0,0.05592080334288013,1,1,0.9887862710705724,
phase6v2-r04-load-medium-a01,LOAD_MEDIUM,4,4,M2/F2,LOAD,LOAD,1,1,0,0,0.06702399591937235,0,0,0.07649760707606126,1,1,0.9999749207384869,0,0,0.031236301603698828,
phase6v2-r04-load-downstream-a01,LOAD_DOWNSTREAM,4,4,M2/F2,LOAD+DOWNSTREAM,LOAD+DOWNSTREAM,2,2,0,0,0.009504485634902258,0,0,0.04334948740467413,1,1,0.999971566686947,1,1,0.9773577993525268,
phase6v2-r04-output-medium-a01,OUTPUT_MEDIUM,4,4,M2/F2,OUTPUT,OUTPUT,1,1,0,0,0.013361396802569423,1,1,0.9941223919776013,0,0,0.04269032063390007,0,0,0.03198378600769313,
phase6v2-r04-input-load-a01,INPUT_LOAD,4,4,M2/F2T,INPUT+LOAD,INPUT+LOAD,2,2,1,1,0.9068555225832744,0,0,0.03863814507176914,1,1,1.0,0,0,0.04587424633522749,
phase6v2-r04-output-load-a01,OUTPUT_LOAD,4,4,M2/F2T,OUTPUT+LOAD,LOAD,2,1,0,0,0.0010973167009473987,1,0,0.40663062951486156,1,1,1.0,0,0,0.027761077586907185,
phase6v2-r04-downstream-medium-a01,DOWNSTREAM_MEDIUM,4,4,M2/F2T,DOWNSTREAM,DOWNSTREAM,1,1,0,0,0.10225923365770027,0,0,0.02454835184731255,0,0,0.013542646482097255,1,1,0.999294776052514,
phase6v2-r04-output-control-a01,OUTPUT_CONTROL,4,4,M2/F2T,NONE,NONE,0,0,0,0,0.30315236089431596,0,0,0.09766825404000438,0,0,0.01677494744632085,0,0,0.029496616342642556,
phase6v2-r04-output-load-control-a01,OUTPUT_LOAD_CONTROL,4,4,M2/F2T,LOAD,LOAD,1,1,0,0,0.05937076786957756,0,0,0.04980437963798235,1,1,0.9977932333615892,0,0,0.021885567292009703,
phase6v2-r04-output-downstream-control-a01,OUTPUT_DOWNSTREAM_CONTROL,4,4,M2/F2T,DOWNSTREAM,DOWNSTREAM,1,1,0,0,0.04326939176575226,0,0,0.01726031345235445,0,0,0.008469529781306787,1,1,0.9994198313617941,
phase6v2-r04-baseline-a01,BASELINE,4,4,M2/F2T,NONE,NONE,0,0,0,0,0.3699434801543782,0,0,0.05679447412751279,0,0,0.009880952059795708,0,0,0.03533229941377784,
phase6v2-r04-input-medium-a01,INPUT_MEDIUM,4,4,M2/F2T,INPUT,INPUT,1,1,1,1,0.9194515536914063,0,0,0.04104288537224337,0,0,0.02916430759439168,0,0,0.03981864807558607,
phase6v2-r04-input-downstream-a01,INPUT_DOWNSTREAM,4,4,M2/F2T,INPUT+DOWNSTREAM,DOWNSTREAM,2,1,1,0,0.4346958969377686,0,0,0.030829375550386572,0,0,0.04439633047662082,1,1,0.9992040891187833,
phase6v2-r04-output-downstream-a01,OUTPUT_DOWNSTREAM,4,4,M2/F2T,OUTPUT+DOWNSTREAM,OUTPUT+DOWNSTREAM,2,2,0,0,0.013748307885218393,1,1,0.9959608926680493,0,0,0.0325567005944606,1,1,0.9970886246619606,
phase6v2-r04-load-medium-a01,LOAD_MEDIUM,4,4,M2/F2T,LOAD,LOAD,1,1,0,0,0.041722012142588735,0,0,0.040167302883051925,1,1,0.9999998678424319,0,0,0.027283530479067602,
phase6v2-r04-load-downstream-a01,LOAD_DOWNSTREAM,4,4,M2/F2T,LOAD+DOWNSTREAM,LOAD+DOWNSTREAM,2,2,0,0,0.01068456013902227,0,0,0.022923406733918596,1,1,0.9999997787344993,1,1,0.9953145402075353,
phase6v2-r04-output-medium-a01,OUTPUT_MEDIUM,4,4,M2/F2T,OUTPUT,OUTPUT,1,1,0,0,0.019139824324794576,1,1,0.9985621443954075,0,0,0.028273735715172294,0,0,0.028063054547554662,
phase6v2-r04-input-load-a01,INPUT_LOAD,4,4,D4-S,INPUT+LOAD,OUTPUT+LOAD,2,2,1,0,,0,1,,1,1,,0,0,,7.213327295079505
phase6v2-r04-output-load-a01,OUTPUT_LOAD,4,4,D4-S,OUTPUT+LOAD,OUTPUT+LOAD,2,2,0,0,,1,1,,1,1,,0,0,,9.707392395655909
phase6v2-r04-downstream-medium-a01,DOWNSTREAM_MEDIUM,4,4,D4-S,DOWNSTREAM,NONE,1,0,0,0,,0,0,,0,0,,1,0,,0.18479103043678147
phase6v2-r04-output-control-a01,OUTPUT_CONTROL,4,4,D4-S,NONE,INPUT,0,1,0,1,,0,0,,0,0,,0,0,,0.27248629700279825
phase6v2-r04-output-load-control-a01,OUTPUT_LOAD_CONTROL,4,4,D4-S,LOAD,LOAD,1,1,0,0,,0,0,,1,1,,0,0,,1.4675372058812606
phase6v2-r04-output-downstream-control-a01,OUTPUT_DOWNSTREAM_CONTROL,4,4,D4-S,DOWNSTREAM,NONE,1,0,0,0,,0,0,,0,0,,1,0,,0.23297244376248905
phase6v2-r04-baseline-a01,BASELINE,4,4,D4-S,NONE,INPUT+DOWNSTREAM,0,2,0,1,,0,0,,0,0,,0,1,,0.09468555467033268
phase6v2-r04-input-medium-a01,INPUT_MEDIUM,4,4,D4-S,INPUT,NONE,1,0,1,0,,0,0,,0,0,,0,0,,0.11040468101972323
phase6v2-r04-input-downstream-a01,INPUT_DOWNSTREAM,4,4,D4-S,INPUT+DOWNSTREAM,NONE,2,0,1,0,,0,0,,0,0,,1,0,,0.11987568144927341
phase6v2-r04-output-downstream-a01,OUTPUT_DOWNSTREAM,4,4,D4-S,OUTPUT+DOWNSTREAM,OUTPUT+LOAD,2,2,0,0,,1,1,,0,1,,1,0,,2.4901610432665384
phase6v2-r04-load-medium-a01,LOAD_MEDIUM,4,4,D4-S,LOAD,OUTPUT+LOAD,1,2,0,0,,0,1,,1,1,,0,0,,0.2969001117825414
phase6v2-r04-load-downstream-a01,LOAD_DOWNSTREAM,4,4,D4-S,LOAD+DOWNSTREAM,OUTPUT+LOAD,2,2,0,0,,0,1,,1,1,,1,0,,0.4839432223676594
phase6v2-r04-output-medium-a01,OUTPUT_MEDIUM,4,4,D4-S,OUTPUT,OUTPUT,1,1,0,0,,1,1,,0,0,,0,0,,0.1813690432224897
phase6v2-r04-input-load-a01,INPUT_LOAD,4,4,D4-SM,INPUT+LOAD,OUTPUT+LOAD,2,2,1,0,,0,1,,1,1,,0,0,,6.341678224829732
phase6v2-r04-output-load-a01,OUTPUT_LOAD,4,4,D4-SM,OUTPUT+LOAD,OUTPUT+LOAD,2,2,0,0,,1,1,,1,1,,0,0,,8.792010423295794
phase6v2-r04-downstream-medium-a01,DOWNSTREAM_MEDIUM,4,4,D4-SM,DOWNSTREAM,DOWNSTREAM,1,1,0,0,,0,0,,0,0,,1,1,,0.18907288749698736
phase6v2-r04-output-control-a01,OUTPUT_CONTROL,4,4,D4-SM,NONE,INPUT,0,1,0,1,,0,0,,0,0,,0,0,,0.15384504056856263
phase6v2-r04-output-load-control-a01,OUTPUT_LOAD_CONTROL,4,4,D4-SM,LOAD,LOAD,1,1,0,0,,0,0,,1,1,,0,0,,1.394061263817238
phase6v2-r04-output-downstream-control-a01,OUTPUT_DOWNSTREAM_CONTROL,4,4,D4-SM,DOWNSTREAM,DOWNSTREAM,1,1,0,0,,0,0,,0,0,,1,1,,0.2357954374862672
phase6v2-r04-baseline-a01,BASELINE,4,4,D4-SM,NONE,INPUT+DOWNSTREAM,0,2,0,1,,0,0,,0,0,,0,1,,0.05550626688074156
phase6v2-r04-input-medium-a01,INPUT_MEDIUM,4,4,D4-SM,INPUT,NONE,1,0,1,0,,0,0,,0,0,,0,0,,0.14667593233186138
phase6v2-r04-input-downstream-a01,INPUT_DOWNSTREAM,4,4,D4-SM,INPUT+DOWNSTREAM,DOWNSTREAM,2,1,1,0,,0,0,,0,0,,1,1,,0.3127951482561695
phase6v2-r04-output-downstream-a01,OUTPUT_DOWNSTREAM,4,4,D4-SM,OUTPUT+DOWNSTREAM,OUTPUT+DOWNSTREAM,2,2,0,0,,1,1,,0,0,,1,1,,2.993529975522069
phase6v2-r04-load-medium-a01,LOAD_MEDIUM,4,4,D4-SM,LOAD,OUTPUT+LOAD,1,2,0,0,,0,1,,1,1,,0,0,,0.21354473261571272
phase6v2-r04-load-downstream-a01,LOAD_DOWNSTREAM,4,4,D4-SM,LOAD+DOWNSTREAM,LOAD+DOWNSTREAM,2,2,0,0,,0,0,,1,1,,1,1,,17.746251193377798
phase6v2-r04-output-medium-a01,OUTPUT_MEDIUM,4,4,D4-SM,OUTPUT,OUTPUT,1,1,0,0,,1,1,,0,0,,0,0,,0.6072328666975793
phase6v2-r04-input-load-a01,INPUT_LOAD,4,4,D4-SMT,INPUT+LOAD,OUTPUT+LOAD,2,2,1,0,,0,1,,1,1,,0,0,,5.143050216180741
phase6v2-r04-output-load-a01,OUTPUT_LOAD,4,4,D4-SMT,OUTPUT+LOAD,OUTPUT+LOAD,2,2,0,0,,1,1,,1,1,,0,0,,7.087428551099755
phase6v2-r04-downstream-medium-a01,DOWNSTREAM_MEDIUM,4,4,D4-SMT,DOWNSTREAM,DOWNSTREAM,1,1,0,0,,0,0,,0,0,,1,1,,0.45437611561783164
phase6v2-r04-output-control-a01,OUTPUT_CONTROL,4,4,D4-SMT,NONE,INPUT,0,1,0,1,,0,0,,0,0,,0,0,,0.409423355442774
phase6v2-r04-output-load-control-a01,OUTPUT_LOAD_CONTROL,4,4,D4-SMT,LOAD,LOAD,1,1,0,0,,0,0,,1,1,,0,0,,1.2709474847740854
phase6v2-r04-output-downstream-control-a01,OUTPUT_DOWNSTREAM_CONTROL,4,4,D4-SMT,DOWNSTREAM,DOWNSTREAM,1,1,0,0,,0,0,,0,0,,1,1,,0.5146558158674885
phase6v2-r04-baseline-a01,BASELINE,4,4,D4-SMT,NONE,INPUT,0,1,0,1,,0,0,,0,0,,0,0,,0.156980418052733
phase6v2-r04-input-medium-a01,INPUT_MEDIUM,4,4,D4-SMT,INPUT,NONE,1,0,1,0,,0,0,,0,0,,0,0,,0.35999659516136007
phase6v2-r04-input-downstream-a01,INPUT_DOWNSTREAM,4,4,D4-SMT,INPUT+DOWNSTREAM,DOWNSTREAM,2,1,1,0,,0,0,,0,0,,1,1,,0.8870258720555597
phase6v2-r04-output-downstream-a01,OUTPUT_DOWNSTREAM,4,4,D4-SMT,OUTPUT+DOWNSTREAM,OUTPUT+DOWNSTREAM,2,2,0,0,,1,1,,0,0,,1,1,,2.435823783633939
phase6v2-r04-load-medium-a01,LOAD_MEDIUM,4,4,D4-SMT,LOAD,LOAD,1,1,0,0,,0,0,,1,1,,0,0,,0.07748933214783627
phase6v2-r04-load-downstream-a01,LOAD_DOWNSTREAM,4,4,D4-SMT,LOAD+DOWNSTREAM,LOAD+DOWNSTREAM,2,2,0,0,,0,0,,1,1,,1,1,,12.545444326413149
phase6v2-r04-output-medium-a01,OUTPUT_MEDIUM,4,4,D4-SMT,OUTPUT,OUTPUT,1,1,0,0,,1,1,,0,0,,0,0,,0.6146477158308827
phase6v2-r04-input-load-a01,INPUT_LOAD,4,4,D4-FULL,INPUT+LOAD,OUTPUT+LOAD,2,2,1,0,,0,1,,1,1,,0,0,,2.35073483208339
phase6v2-r04-output-load-a01,OUTPUT_LOAD,4,4,D4-FULL,OUTPUT+LOAD,OUTPUT+LOAD,2,2,0,0,,1,1,,1,1,,0,0,,5.070476641556105
phase6v2-r04-downstream-medium-a01,DOWNSTREAM_MEDIUM,4,4,D4-FULL,DOWNSTREAM,DOWNSTREAM,1,1,0,0,,0,0,,0,0,,1,1,,0.1210565017404015
phase6v2-r04-output-control-a01,OUTPUT_CONTROL,4,4,D4-FULL,NONE,INPUT,0,1,0,1,,0,0,,0,0,,0,0,,0.8225615521674491
phase6v2-r04-output-load-control-a01,OUTPUT_LOAD_CONTROL,4,4,D4-FULL,LOAD,LOAD,1,1,0,0,,0,0,,1,1,,0,0,,1.140262005633212
phase6v2-r04-output-downstream-control-a01,OUTPUT_DOWNSTREAM_CONTROL,4,4,D4-FULL,DOWNSTREAM,DOWNSTREAM,1,1,0,0,,0,0,,0,0,,1,1,,1.0951690709507442
phase6v2-r04-baseline-a01,BASELINE,4,4,D4-FULL,NONE,INPUT+DOWNSTREAM,0,2,0,1,,0,0,,0,0,,0,1,,0.04923160485067868
phase6v2-r04-input-medium-a01,INPUT_MEDIUM,4,4,D4-FULL,INPUT,NONE,1,0,1,0,,0,0,,0,0,,0,0,,0.14162325289197097
phase6v2-r04-input-downstream-a01,INPUT_DOWNSTREAM,4,4,D4-FULL,INPUT+DOWNSTREAM,DOWNSTREAM,2,1,1,0,,0,0,,0,0,,1,1,,0.795691797082986
phase6v2-r04-output-downstream-a01,OUTPUT_DOWNSTREAM,4,4,D4-FULL,OUTPUT+DOWNSTREAM,OUTPUT+DOWNSTREAM,2,2,0,0,,1,1,,0,0,,1,1,,5.156841550331347
phase6v2-r04-load-medium-a01,LOAD_MEDIUM,4,4,D4-FULL,LOAD,OUTPUT+LOAD,1,2,0,0,,0,1,,1,1,,0,0,,0.07943560440829955
phase6v2-r04-load-downstream-a01,LOAD_DOWNSTREAM,4,4,D4-FULL,LOAD+DOWNSTREAM,LOAD+DOWNSTREAM,2,2,0,0,,0,0,,1,1,,1,1,,12.775913314873161
phase6v2-r04-output-medium-a01,OUTPUT_MEDIUM,4,4,D4-FULL,OUTPUT,OUTPUT,1,1,0,0,,1,1,,0,0,,0,0,,1.3441442703231852
phase6v2-r04-input-load-a01,INPUT_LOAD,4,4,D4-FULL-F3,INPUT+LOAD,OUTPUT+LOAD,2,2,1,0,,0,1,,1,1,,0,0,,2.35073483208339
phase6v2-r04-output-load-a01,OUTPUT_LOAD,4,4,D4-FULL-F3,OUTPUT+LOAD,OUTPUT+LOAD,2,2,0,0,,1,1,,1,1,,0,0,,5.070476641556105
phase6v2-r04-downstream-medium-a01,DOWNSTREAM_MEDIUM,4,4,D4-FULL-F3,DOWNSTREAM,DOWNSTREAM,1,1,0,0,,0,0,,0,0,,1,1,,0.1210565017404015
phase6v2-r04-output-control-a01,OUTPUT_CONTROL,4,4,D4-FULL-F3,NONE,NONE,0,0,0,0,,0,0,,0,0,,0,0,,0.8225615521674491
phase6v2-r04-output-load-control-a01,OUTPUT_LOAD_CONTROL,4,4,D4-FULL-F3,LOAD,LOAD,1,1,0,0,,0,0,,1,1,,0,0,,1.140262005633212
phase6v2-r04-output-downstream-control-a01,OUTPUT_DOWNSTREAM_CONTROL,4,4,D4-FULL-F3,DOWNSTREAM,DOWNSTREAM,1,1,0,0,,0,0,,0,0,,1,1,,1.0951690709507442
phase6v2-r04-baseline-a01,BASELINE,4,4,D4-FULL-F3,NONE,INPUT+DOWNSTREAM,0,2,0,1,,0,0,,0,0,,0,1,,0.04923160485067868
phase6v2-r04-input-medium-a01,INPUT_MEDIUM,4,4,D4-FULL-F3,INPUT,INPUT,1,1,1,1,,0,0,,0,0,,0,0,,0.14162325289197097
phase6v2-r04-input-downstream-a01,INPUT_DOWNSTREAM,4,4,D4-FULL-F3,INPUT+DOWNSTREAM,INPUT+DOWNSTREAM,2,2,1,1,,0,0,,0,0,,1,1,,0.795691797082986
phase6v2-r04-output-downstream-a01,OUTPUT_DOWNSTREAM,4,4,D4-FULL-F3,OUTPUT+DOWNSTREAM,OUTPUT+DOWNSTREAM,2,2,0,0,,1,1,,0,0,,1,1,,5.156841550331347
phase6v2-r04-load-medium-a01,LOAD_MEDIUM,4,4,D4-FULL-F3,LOAD,OUTPUT+LOAD,1,2,0,0,,0,1,,1,1,,0,0,,0.07943560440829955
phase6v2-r04-load-downstream-a01,LOAD_DOWNSTREAM,4,4,D4-FULL-F3,LOAD+DOWNSTREAM,LOAD+DOWNSTREAM,2,2,0,0,,0,0,,1,1,,1,1,,12.775913314873161
phase6v2-r04-output-medium-a01,OUTPUT_MEDIUM,4,4,D4-FULL-F3,OUTPUT,OUTPUT,1,1,0,0,,1,1,,0,0,,0,0,,1.3441442703231852
phase6v2-r05-output-downstream-a01,OUTPUT_DOWNSTREAM,5,5,M2/F2,OUTPUT+DOWNSTREAM,OUTPUT+DOWNSTREAM,2,2,0,0,0.0009345421454966226,1,1,0.9802392616355717,0,0,0.07630062023225352,1,1,0.9857952894628329,
phase6v2-r05-input-downstream-a01,INPUT_DOWNSTREAM,5,5,M2/F2,INPUT+DOWNSTREAM,DOWNSTREAM,2,1,1,0,0.22721952415832605,0,0,0.02749730885272447,0,0,0.05427759395555894,1,1,0.9970058382877987,
phase6v2-r05-load-downstream-a01,LOAD_DOWNSTREAM,5,5,M2/F2,LOAD+DOWNSTREAM,LOAD+DOWNSTREAM,2,2,0,0,0.003264273131781611,0,0,0.04055645220493858,1,1,0.999983844403641,1,1,0.9756884061206432,
phase6v2-r05-output-downstream-control-a01,OUTPUT_DOWNSTREAM_CONTROL,5,5,M2/F2,DOWNSTREAM,DOWNSTREAM,1,1,0,0,0.012478315509622556,0,0,0.07446357181171083,0,0,0.02058705708351202,1,1,0.9982314417999292,
phase6v2-r05-output-load-control-a01,OUTPUT_LOAD_CONTROL,5,5,M2/F2,LOAD,LOAD,1,1,0,0,0.1541046739404013,0,0,0.06529750412793779,1,1,0.9813318071012961,0,0,0.02771641392491863,
phase6v2-r05-input-medium-a01,INPUT_MEDIUM,5,5,M2/F2,INPUT,INPUT,1,1,1,1,0.8386516129238092,0,0,0.045140080915764026,0,0,0.08808618445739429,0,0,0.039753177666710486,
phase6v2-r05-output-control-a01,OUTPUT_CONTROL,5,5,M2/F2,NONE,NONE,0,0,0,0,0.26954317391400806,0,0,0.14860506962263173,0,0,0.01854188844413582,0,0,0.041850372104771716,
phase6v2-r05-baseline-a01,BASELINE,5,5,M2/F2,NONE,INPUT,0,1,0,1,0.7714681648218956,0,0,0.051486163504390774,0,0,0.022621634703612108,0,0,0.043204396781626006,
phase6v2-r05-input-load-a01,INPUT_LOAD,5,5,M2/F2,INPUT+LOAD,LOAD,2,1,1,0,0.005301475511711012,0,0,0.09884812225902313,1,1,0.9999999999999059,0,0,0.03003594379103502,
phase6v2-r05-downstream-medium-a01,DOWNSTREAM_MEDIUM,5,5,M2/F2,DOWNSTREAM,DOWNSTREAM,1,1,0,0,0.08348751508620542,0,0,0.028295517851766726,0,0,0.028003293717718033,1,1,0.9980901456876435,
phase6v2-r05-load-medium-a01,LOAD_MEDIUM,5,5,M2/F2,LOAD,LOAD,1,1,0,0,0.04868251494431443,0,0,0.07070828950503946,1,1,0.9999521457743443,0,0,0.028262734341292062,
phase6v2-r05-output-medium-a01,OUTPUT_MEDIUM,5,5,M2/F2,OUTPUT,OUTPUT,1,1,0,0,0.0034175462639983376,1,1,0.9955718390562106,0,0,0.052408065299537905,0,0,0.02913933428383275,
phase6v2-r05-output-load-a01,OUTPUT_LOAD,5,5,M2/F2,OUTPUT+LOAD,OUTPUT+LOAD,2,2,0,0,9.205667591415081e-05,1,1,0.7303558582851205,1,1,1.0,0,0,0.024763975973880883,
phase6v2-r05-output-downstream-a01,OUTPUT_DOWNSTREAM,5,5,M2/F2T,OUTPUT+DOWNSTREAM,OUTPUT+DOWNSTREAM,2,2,0,0,0.015106238384036795,1,1,0.9994476943529655,0,0,0.02103532132814531,1,1,0.9964410061386207,
phase6v2-r05-input-downstream-a01,INPUT_DOWNSTREAM,5,5,M2/F2T,INPUT+DOWNSTREAM,INPUT+DOWNSTREAM,2,2,1,1,0.6107335774928594,0,0,0.029020316486628575,0,0,0.04016871808783438,1,1,0.9990592820949941,
phase6v2-r05-load-downstream-a01,LOAD_DOWNSTREAM,5,5,M2/F2T,LOAD+DOWNSTREAM,LOAD+DOWNSTREAM,2,2,0,0,0.011532042270004813,0,0,0.0337140099411416,1,1,0.9999998086358188,1,1,0.9938925057189021,
phase6v2-r05-output-downstream-control-a01,OUTPUT_DOWNSTREAM_CONTROL,5,5,M2/F2T,DOWNSTREAM,DOWNSTREAM,1,1,0,0,0.0377588146773188,0,0,0.0765592358444767,0,0,0.006883326296373654,1,1,0.9992887598586357,
phase6v2-r05-output-load-control-a01,OUTPUT_LOAD_CONTROL,5,5,M2/F2T,LOAD,LOAD,1,1,0,0,0.030942200024580348,0,0,0.07686273171395307,1,1,0.9942232568008025,0,0,0.023979011939489845,
phase6v2-r05-input-medium-a01,INPUT_MEDIUM,5,5,M2/F2T,INPUT,INPUT,1,1,1,1,0.9200307181024742,0,0,0.04660579547438145,0,0,0.03777328713454444,0,0,0.03725550367660464,
phase6v2-r05-output-control-a01,OUTPUT_CONTROL,5,5,M2/F2T,NONE,NONE,0,0,0,0,0.14669872557659,0,0,0.1127256608252989,0,0,0.012920042675012029,0,0,0.03271229423092493,
phase6v2-r05-baseline-a01,BASELINE,5,5,M2/F2T,NONE,NONE,0,0,0,0,0.33367262905772727,0,0,0.05931303286606736,0,0,0.011601020527849738,0,0,0.03192567708923453,
phase6v2-r05-input-load-a01,INPUT_LOAD,5,5,M2/F2T,INPUT+LOAD,INPUT+LOAD,2,2,1,1,0.9084002198825258,0,0,0.04749973288208493,1,1,1.0,0,0,0.04868697867583829,
phase6v2-r05-downstream-medium-a01,DOWNSTREAM_MEDIUM,5,5,M2/F2T,DOWNSTREAM,DOWNSTREAM,1,1,0,0,0.08527090073921208,0,0,0.03381586506432613,0,0,0.012213255127638076,1,1,0.9992076739505865,
phase6v2-r05-load-medium-a01,LOAD_MEDIUM,5,5,M2/F2T,LOAD,LOAD,1,1,0,0,0.07335429640870646,0,0,0.04462153064462302,1,1,0.9999995910590278,0,0,0.02320019747196086,
phase6v2-r05-output-medium-a01,OUTPUT_MEDIUM,5,5,M2/F2T,OUTPUT,OUTPUT,1,1,0,0,0.03195861356567806,1,1,0.9991996566589937,0,0,0.032037240450113726,0,0,0.025781621606504733,
phase6v2-r05-output-load-a01,OUTPUT_LOAD,5,5,M2/F2T,OUTPUT+LOAD,LOAD,2,1,0,0,0.025015739346947577,1,0,0.4258373300814963,1,1,1.0,0,0,0.034139173433450014,
phase6v2-r05-output-downstream-a01,OUTPUT_DOWNSTREAM,5,5,D4-S,OUTPUT+DOWNSTREAM,OUTPUT+LOAD,2,2,0,0,,1,1,,0,1,,1,0,,2.3593619200116587
phase6v2-r05-input-downstream-a01,INPUT_DOWNSTREAM,5,5,D4-S,INPUT+DOWNSTREAM,NONE,2,0,1,0,,0,0,,0,0,,1,0,,0.06453471320435922
phase6v2-r05-load-downstream-a01,LOAD_DOWNSTREAM,5,5,D4-S,LOAD+DOWNSTREAM,OUTPUT+LOAD,2,2,0,0,,0,1,,1,1,,1,0,,0.7453608538838665
phase6v2-r05-output-downstream-control-a01,OUTPUT_DOWNSTREAM_CONTROL,5,5,D4-S,DOWNSTREAM,NONE,1,0,0,0,,0,0,,0,0,,1,0,,0.3121480915686139
phase6v2-r05-output-load-control-a01,OUTPUT_LOAD_CONTROL,5,5,D4-S,LOAD,LOAD,1,1,0,0,,0,0,,1,1,,0,0,,1.5250897338588967
phase6v2-r05-input-medium-a01,INPUT_MEDIUM,5,5,D4-S,INPUT,INPUT,1,1,1,1,,0,0,,0,0,,0,0,,0.025929240823336697
phase6v2-r05-output-control-a01,OUTPUT_CONTROL,5,5,D4-S,NONE,NONE,0,0,0,0,,0,0,,0,0,,0,0,,0.050070483823045464
phase6v2-r05-baseline-a01,BASELINE,5,5,D4-S,NONE,NONE,0,0,0,0,,0,0,,0,0,,0,0,,0.008057238707381398
phase6v2-r05-input-load-a01,INPUT_LOAD,5,5,D4-S,INPUT+LOAD,OUTPUT+LOAD,2,2,1,0,,0,1,,1,1,,0,0,,7.795629982155775
phase6v2-r05-downstream-medium-a01,DOWNSTREAM_MEDIUM,5,5,D4-S,DOWNSTREAM,NONE,1,0,0,0,,0,0,,0,0,,1,0,,0.2377775348055502
phase6v2-r05-load-medium-a01,LOAD_MEDIUM,5,5,D4-S,LOAD,LOAD,1,1,0,0,,0,0,,1,1,,0,0,,0.25062938958730907
phase6v2-r05-output-medium-a01,OUTPUT_MEDIUM,5,5,D4-S,OUTPUT,OUTPUT+LOAD,1,2,0,0,,1,1,,0,1,,0,0,,0.20326189058986532
phase6v2-r05-output-load-a01,OUTPUT_LOAD,5,5,D4-S,OUTPUT+LOAD,OUTPUT+LOAD,2,2,0,0,,1,1,,1,1,,0,0,,9.854856195301007
phase6v2-r05-output-downstream-a01,OUTPUT_DOWNSTREAM,5,5,D4-SM,OUTPUT+DOWNSTREAM,OUTPUT+DOWNSTREAM,2,2,0,0,,1,1,,0,0,,1,1,,0.9597259767426749
phase6v2-r05-input-downstream-a01,INPUT_DOWNSTREAM,5,5,D4-SM,INPUT+DOWNSTREAM,LOAD+DOWNSTREAM,2,2,1,0,,0,0,,0,1,,1,1,,0.11725250162310275
phase6v2-r05-load-downstream-a01,LOAD_DOWNSTREAM,5,5,D4-SM,LOAD+DOWNSTREAM,LOAD+DOWNSTREAM,2,2,0,0,,0,0,,1,1,,1,1,,17.76698870179758
phase6v2-r05-output-downstream-control-a01,OUTPUT_DOWNSTREAM_CONTROL,5,5,D4-SM,DOWNSTREAM,DOWNSTREAM,1,1,0,0,,0,0,,0,0,,1,1,,0.25737314684838
phase6v2-r05-output-load-control-a01,OUTPUT_LOAD_CONTROL,5,5,D4-SM,LOAD,LOAD,1,1,0,0,,0,0,,1,1,,0,0,,1.367425520873347
phase6v2-r05-input-medium-a01,INPUT_MEDIUM,5,5,D4-SM,INPUT,NONE,1,0,1,0,,0,0,,0,0,,0,0,,0.08487365771733368
phase6v2-r05-output-control-a01,OUTPUT_CONTROL,5,5,D4-SM,NONE,NONE,0,0,0,0,,0,0,,0,0,,0,0,,0.02912831038719954
phase6v2-r05-baseline-a01,BASELINE,5,5,D4-SM,NONE,NONE,0,0,0,0,,0,0,,0,0,,0,0,,0.03126904749954129
phase6v2-r05-input-load-a01,INPUT_LOAD,5,5,D4-SM,INPUT+LOAD,OUTPUT+LOAD,2,2,1,0,,0,1,,1,1,,0,0,,6.530940238851269
phase6v2-r05-downstream-medium-a01,DOWNSTREAM_MEDIUM,5,5,D4-SM,DOWNSTREAM,DOWNSTREAM,1,1,0,0,,0,0,,0,0,,1,1,,0.26126549746419236
phase6v2-r05-load-medium-a01,LOAD_MEDIUM,5,5,D4-SM,LOAD,LOAD,1,1,0,0,,0,0,,1,1,,0,0,,0.1753071788269569
phase6v2-r05-output-medium-a01,OUTPUT_MEDIUM,5,5,D4-SM,OUTPUT,OUTPUT,1,1,0,0,,1,1,,0,0,,0,0,,0.0067077068885383895
phase6v2-r05-output-load-a01,OUTPUT_LOAD,5,5,D4-SM,OUTPUT+LOAD,OUTPUT+LOAD,2,2,0,0,,1,1,,1,1,,0,0,,8.803766729780508
phase6v2-r05-output-downstream-a01,OUTPUT_DOWNSTREAM,5,5,D4-SMT,OUTPUT+DOWNSTREAM,OUTPUT+DOWNSTREAM,2,2,0,0,,1,1,,0,0,,1,1,,6.021343385460539
phase6v2-r05-input-downstream-a01,INPUT_DOWNSTREAM,5,5,D4-SMT,INPUT+DOWNSTREAM,DOWNSTREAM,2,1,1,0,,0,0,,0,0,,1,1,,0.8723612395443086
phase6v2-r05-load-downstream-a01,LOAD_DOWNSTREAM,5,5,D4-SMT,LOAD+DOWNSTREAM,LOAD+DOWNSTREAM,2,2,0,0,,0,0,,1,1,,1,1,,17.31430091418028
phase6v2-r05-output-downstream-control-a01,OUTPUT_DOWNSTREAM_CONTROL,5,5,D4-SMT,DOWNSTREAM,DOWNSTREAM,1,1,0,0,,0,0,,0,0,,1,1,,0.5678696639163086
phase6v2-r05-output-load-control-a01,OUTPUT_LOAD_CONTROL,5,5,D4-SMT,LOAD,LOAD,1,1,0,0,,0,0,,1,1,,0,0,,1.3048868263270013
phase6v2-r05-input-medium-a01,INPUT_MEDIUM,5,5,D4-SMT,INPUT,NONE,1,0,1,0,,0,0,,0,0,,0,0,,0.16673460026910858
phase6v2-r05-output-control-a01,OUTPUT_CONTROL,5,5,D4-SMT,NONE,DOWNSTREAM,0,1,0,0,,0,0,,0,0,,0,1,,0.08387488941301746
phase6v2-r05-baseline-a01,BASELINE,5,5,D4-SMT,NONE,NONE,0,0,0,0,,0,0,,0,0,,0,0,,0.035855279868903134
phase6v2-r05-input-load-a01,INPUT_LOAD,5,5,D4-SMT,INPUT+LOAD,OUTPUT+LOAD,2,2,1,0,,0,1,,1,1,,0,0,,5.857415014227506
phase6v2-r05-downstream-medium-a01,DOWNSTREAM_MEDIUM,5,5,D4-SMT,DOWNSTREAM,DOWNSTREAM,1,1,0,0,,0,0,,0,0,,1,1,,0.5490203799538609
phase6v2-r05-load-medium-a01,LOAD_MEDIUM,5,5,D4-SMT,LOAD,LOAD,1,1,0,0,,0,0,,1,1,,0,0,,0.2002375416164348
phase6v2-r05-output-medium-a01,OUTPUT_MEDIUM,5,5,D4-SMT,OUTPUT,OUTPUT+LOAD,1,2,0,0,,1,1,,0,1,,0,0,,0.6814982513675774
phase6v2-r05-output-load-a01,OUTPUT_LOAD,5,5,D4-SMT,OUTPUT+LOAD,OUTPUT+LOAD,2,2,0,0,,1,1,,1,1,,0,0,,6.950655333673527
phase6v2-r05-output-downstream-a01,OUTPUT_DOWNSTREAM,5,5,D4-FULL,OUTPUT+DOWNSTREAM,OUTPUT+DOWNSTREAM,2,2,0,0,,1,1,,0,0,,1,1,,7.276611012935387
phase6v2-r05-input-downstream-a01,INPUT_DOWNSTREAM,5,5,D4-FULL,INPUT+DOWNSTREAM,DOWNSTREAM,2,1,1,0,,0,0,,0,0,,1,1,,0.812571340497632
phase6v2-r05-load-downstream-a01,LOAD_DOWNSTREAM,5,5,D4-FULL,LOAD+DOWNSTREAM,LOAD+DOWNSTREAM,2,2,0,0,,0,0,,1,1,,1,1,,12.272113708230314
phase6v2-r05-output-downstream-control-a01,OUTPUT_DOWNSTREAM_CONTROL,5,5,D4-FULL,DOWNSTREAM,DOWNSTREAM,1,1,0,0,,0,0,,0,0,,1,1,,1.1071375013413487
phase6v2-r05-output-load-control-a01,OUTPUT_LOAD_CONTROL,5,5,D4-FULL,LOAD,LOAD,1,1,0,0,,0,0,,1,1,,0,0,,0.7826394272306967
phase6v2-r05-input-medium-a01,INPUT_MEDIUM,5,5,D4-FULL,INPUT,NONE,1,0,1,0,,0,0,,0,0,,0,0,,0.392139623287155
phase6v2-r05-output-control-a01,OUTPUT_CONTROL,5,5,D4-FULL,NONE,NONE,0,0,0,0,,0,0,,0,0,,0,0,,0.5448734200477041
phase6v2-r05-baseline-a01,BASELINE,5,5,D4-FULL,NONE,NONE,0,0,0,0,,0,0,,0,0,,0,0,,0.009654757965771754
phase6v2-r05-input-load-a01,INPUT_LOAD,5,5,D4-FULL,INPUT+LOAD,OUTPUT+LOAD,2,2,1,0,,0,1,,1,1,,0,0,,3.2056153452265574
phase6v2-r05-downstream-medium-a01,DOWNSTREAM_MEDIUM,5,5,D4-FULL,DOWNSTREAM,DOWNSTREAM,1,1,0,0,,0,0,,0,0,,1,1,,0.16547830048900014
phase6v2-r05-load-medium-a01,LOAD_MEDIUM,5,5,D4-FULL,LOAD,LOAD,1,1,0,0,,0,0,,1,1,,0,0,,0.25687775373337907
phase6v2-r05-output-medium-a01,OUTPUT_MEDIUM,5,5,D4-FULL,OUTPUT,OUTPUT,1,1,0,0,,1,1,,0,0,,0,0,,0.7808430290845942
phase6v2-r05-output-load-a01,OUTPUT_LOAD,5,5,D4-FULL,OUTPUT+LOAD,OUTPUT+LOAD,2,2,0,0,,1,1,,1,1,,0,0,,5.568031192791658
phase6v2-r05-output-downstream-a01,OUTPUT_DOWNSTREAM,5,5,D4-FULL-F3,OUTPUT+DOWNSTREAM,OUTPUT+DOWNSTREAM,2,2,0,0,,1,1,,0,0,,1,1,,7.276611012935387
phase6v2-r05-input-downstream-a01,INPUT_DOWNSTREAM,5,5,D4-FULL-F3,INPUT+DOWNSTREAM,INPUT+DOWNSTREAM,2,2,1,1,,0,0,,0,0,,1,1,,0.812571340497632
phase6v2-r05-load-downstream-a01,LOAD_DOWNSTREAM,5,5,D4-FULL-F3,LOAD+DOWNSTREAM,LOAD+DOWNSTREAM,2,2,0,0,,0,0,,1,1,,1,1,,12.272113708230314
phase6v2-r05-output-downstream-control-a01,OUTPUT_DOWNSTREAM_CONTROL,5,5,D4-FULL-F3,DOWNSTREAM,DOWNSTREAM,1,1,0,0,,0,0,,0,0,,1,1,,1.1071375013413487
phase6v2-r05-output-load-control-a01,OUTPUT_LOAD_CONTROL,5,5,D4-FULL-F3,LOAD,LOAD,1,1,0,0,,0,0,,1,1,,0,0,,0.7826394272306967
phase6v2-r05-input-medium-a01,INPUT_MEDIUM,5,5,D4-FULL-F3,INPUT,INPUT,1,1,1,1,,0,0,,0,0,,0,0,,0.392139623287155
phase6v2-r05-output-control-a01,OUTPUT_CONTROL,5,5,D4-FULL-F3,NONE,NONE,0,0,0,0,,0,0,,0,0,,0,0,,0.5448734200477041
phase6v2-r05-baseline-a01,BASELINE,5,5,D4-FULL-F3,NONE,NONE,0,0,0,0,,0,0,,0,0,,0,0,,0.009654757965771754
phase6v2-r05-input-load-a01,INPUT_LOAD,5,5,D4-FULL-F3,INPUT+LOAD,OUTPUT+LOAD,2,2,1,0,,0,1,,1,1,,0,0,,3.2056153452265574
phase6v2-r05-downstream-medium-a01,DOWNSTREAM_MEDIUM,5,5,D4-FULL-F3,DOWNSTREAM,DOWNSTREAM,1,1,0,0,,0,0,,0,0,,1,1,,0.16547830048900014
phase6v2-r05-load-medium-a01,LOAD_MEDIUM,5,5,D4-FULL-F3,LOAD,LOAD,1,1,0,0,,0,0,,1,1,,0,0,,0.25687775373337907
phase6v2-r05-output-medium-a01,OUTPUT_MEDIUM,5,5,D4-FULL-F3,OUTPUT,OUTPUT,1,1,0,0,,1,1,,0,0,,0,0,,0.7808430290845942
phase6v2-r05-output-load-a01,OUTPUT_LOAD,5,5,D4-FULL-F3,OUTPUT+LOAD,OUTPUT+LOAD,2,2,0,0,,1,1,,1,1,,0,0,,5.568031192791658
phase6v2-r06-baseline-a01,BASELINE,6,6,M2/F2,NONE,INPUT,0,1,0,1,0.7246199612589235,0,0,0.05607417933558208,0,0,0.02408368636640253,0,0,0.04296738310553601,
phase6v2-r06-input-load-a01,INPUT_LOAD,6,6,M2/F2,INPUT+LOAD,LOAD,2,1,1,0,0.0070398036273855834,0,0,0.10391469199966338,1,1,0.9999999999998972,0,0,0.029443834923017897,
phase6v2-r06-output-downstream-control-a01,OUTPUT_DOWNSTREAM_CONTROL,6,6,M2/F2,DOWNSTREAM,DOWNSTREAM,1,1,0,0,0.026072168618342776,0,0,0.12079003760384543,0,0,0.021573115294256238,1,1,0.9972642147571584,
phase6v2-r06-input-medium-a01,INPUT_MEDIUM,6,6,M2/F2,INPUT,INPUT,1,1,1,1,0.7652320889832754,0,0,0.04804325153878372,0,0,0.05059871478304386,0,0,0.043132903181438594,
phase6v2-r06-output-load-control-a01,OUTPUT_LOAD_CONTROL,6,6,M2/F2,LOAD,LOAD,1,1,0,0,0.2418474737795524,0,0,0.06080927583396467,1,1,0.9864334508604954,0,0,0.026453189988538902,
phase6v2-r06-load-downstream-a01,LOAD_DOWNSTREAM,6,6,M2/F2,LOAD+DOWNSTREAM,LOAD+DOWNSTREAM,2,2,0,0,0.00276448054154239,0,0,0.04392263764292624,1,1,0.9999868469491316,1,1,0.9749057431013114,
phase6v2-r06-output-load-a01,OUTPUT_LOAD,6,6,M2/F2,OUTPUT+LOAD,OUTPUT+LOAD,2,2,0,0,0.0005675146232970856,1,1,0.7317955961682815,1,1,1.0,0,0,0.024929412751288772,
phase6v2-r06-downstream-medium-a01,DOWNSTREAM_MEDIUM,6,6,M2/F2,DOWNSTREAM,DOWNSTREAM,1,1,0,0,0.09460868514029429,0,0,0.026961013864263805,0,0,0.027265819119705968,1,1,0.9981686147179433,
phase6v2-r06-input-downstream-a01,INPUT_DOWNSTREAM,6,6,M2/F2,INPUT+DOWNSTREAM,DOWNSTREAM,2,1,1,0,0.1118704508089914,0,0,0.025966784686531685,0,0,0.05979810103486729,1,1,0.9970012770630298,
phase6v2-r06-load-medium-a01,LOAD_MEDIUM,6,6,M2/F2,LOAD,LOAD,1,1,0,0,0.04134111999059328,0,0,0.06796269150381966,1,1,0.9999105683568907,0,0,0.028509687360698574,
phase6v2-r06-output-medium-a01,OUTPUT_MEDIUM,6,6,M2/F2,OUTPUT,OUTPUT,1,1,0,0,0.0057521527726046,1,1,0.9936028063804251,0,0,0.05364184288359986,0,0,0.029572301874700325,
phase6v2-r06-output-control-a01,OUTPUT_CONTROL,6,6,M2/F2,NONE,INPUT,0,1,0,1,0.6263339543704715,0,0,0.14917368620131694,0,0,0.017967195395476965,0,0,0.04207265411772397,
phase6v2-r06-output-downstream-a01,OUTPUT_DOWNSTREAM,6,6,M2/F2,OUTPUT+DOWNSTREAM,OUTPUT+DOWNSTREAM,2,2,0,0,0.0005281914628653512,1,1,0.9897096937577378,0,0,0.078338285603623,1,1,0.987142358616873,
phase6v2-r06-baseline-a01,BASELINE,6,6,M2/F2T,NONE,NONE,0,0,0,0,0.2353509724858383,0,0,0.06189637492985262,0,0,0.013074618959481437,0,0,0.03628857791221196,
phase6v2-r06-input-load-a01,INPUT_LOAD,6,6,M2/F2T,INPUT+LOAD,INPUT+LOAD,2,2,1,1,0.8619003083207011,0,0,0.04732352650848314,1,1,1.0,0,0,0.032714230649432186,
phase6v2-r06-output-downstream-control-a01,OUTPUT_DOWNSTREAM_CONTROL,6,6,M2/F2T,DOWNSTREAM,DOWNSTREAM,1,1,0,0,0.07345958258549753,0,0,0.18466602415895442,0,0,0.01346177301897717,1,1,0.9993325072771025,
phase6v2-r06-input-medium-a01,INPUT_MEDIUM,6,6,M2/F2T,INPUT,INPUT,1,1,1,1,0.9106129405464503,0,0,0.059752983998516834,0,0,0.026223873601394686,0,0,0.05118500770757933,
phase6v2-r06-output-load-control-a01,OUTPUT_LOAD_CONTROL,6,6,M2/F2T,LOAD,LOAD,1,1,0,0,0.06950295127812554,0,0,0.06485507318378103,1,1,0.993770828084647,0,0,0.01992555161796168,
phase6v2-r06-load-downstream-a01,LOAD_DOWNSTREAM,6,6,M2/F2T,LOAD+DOWNSTREAM,LOAD+DOWNSTREAM,2,2,0,0,0.00523296272215871,0,0,0.034663007692939216,1,1,0.9999999093675651,1,1,0.99383836452016,
phase6v2-r06-output-load-a01,OUTPUT_LOAD,6,6,M2/F2T,OUTPUT+LOAD,OUTPUT+LOAD,2,2,0,0,0.011930016954703367,1,1,0.7823013206793933,1,1,1.0,0,0,0.03272363567846644,
phase6v2-r06-downstream-medium-a01,DOWNSTREAM_MEDIUM,6,6,M2/F2T,DOWNSTREAM,DOWNSTREAM,1,1,0,0,0.04168305189909008,0,0,0.025729891182722085,0,0,0.017072859165069273,1,1,0.9990474770130129,
phase6v2-r06-input-downstream-a01,INPUT_DOWNSTREAM,6,6,M2/F2T,INPUT+DOWNSTREAM,INPUT+DOWNSTREAM,2,2,1,1,0.5530359492917478,0,0,0.035960813756742385,0,0,0.027123578125007975,1,1,0.999533169136109,
phase6v2-r06-load-medium-a01,LOAD_MEDIUM,6,6,M2/F2T,LOAD,LOAD,1,1,0,0,0.051456650120885995,0,0,0.056640881027203833,1,1,0.9999986920228696,0,0,0.02498804337087589,
phase6v2-r06-output-medium-a01,OUTPUT_MEDIUM,6,6,M2/F2T,OUTPUT,OUTPUT,1,1,0,0,0.01990083604259161,1,1,0.9997637647615631,0,0,0.01674863099386358,0,0,0.02667082548337444,
phase6v2-r06-output-control-a01,OUTPUT_CONTROL,6,6,M2/F2T,NONE,NONE,0,0,0,0,0.2907015614386265,0,0,0.12599241504800127,0,0,0.013751627629960772,0,0,0.038337382283189184,
phase6v2-r06-output-downstream-a01,OUTPUT_DOWNSTREAM,6,6,M2/F2T,OUTPUT+DOWNSTREAM,OUTPUT+DOWNSTREAM,2,2,0,0,0.019073788225062435,1,1,0.9995536016978352,0,0,0.02159351117148604,1,1,0.9976609915344827,
phase6v2-r06-baseline-a01,BASELINE,6,6,D4-S,NONE,NONE,0,0,0,0,,0,0,,0,0,,0,0,,0.03534232124284764
phase6v2-r06-input-load-a01,INPUT_LOAD,6,6,D4-S,INPUT+LOAD,OUTPUT+LOAD,2,2,1,0,,0,1,,1,1,,0,0,,7.929886438852984
phase6v2-r06-output-downstream-control-a01,OUTPUT_DOWNSTREAM_CONTROL,6,6,D4-S,DOWNSTREAM,NONE,1,0,0,0,,0,0,,0,0,,1,0,,0.31844709902510515
phase6v2-r06-input-medium-a01,INPUT_MEDIUM,6,6,D4-S,INPUT,NONE,1,0,1,0,,0,0,,0,0,,0,0,,0.13323367907323636
phase6v2-r06-output-load-control-a01,OUTPUT_LOAD_CONTROL,6,6,D4-S,LOAD,LOAD,1,1,0,0,,0,0,,1,1,,0,0,,1.1012869752883345
phase6v2-r06-load-downstream-a01,LOAD_DOWNSTREAM,6,6,D4-S,LOAD+DOWNSTREAM,OUTPUT+LOAD,2,2,0,0,,0,1,,1,1,,1,0,,0.8321859093996702
phase6v2-r06-output-load-a01,OUTPUT_LOAD,6,6,D4-S,OUTPUT+LOAD,OUTPUT+LOAD,2,2,0,0,,1,1,,1,1,,0,0,,9.796439776798742
phase6v2-r06-downstream-medium-a01,DOWNSTREAM_MEDIUM,6,6,D4-S,DOWNSTREAM,NONE,1,0,0,0,,0,0,,0,0,,1,0,,0.21963257490304722
phase6v2-r06-input-downstream-a01,INPUT_DOWNSTREAM,6,6,D4-S,INPUT+DOWNSTREAM,NONE,2,0,1,0,,0,0,,0,0,,1,0,,0.15896676467144255
phase6v2-r06-load-medium-a01,LOAD_MEDIUM,6,6,D4-S,LOAD,LOAD,1,1,0,0,,0,0,,1,1,,0,0,,0.4607931254935824
phase6v2-r06-output-medium-a01,OUTPUT_MEDIUM,6,6,D4-S,OUTPUT,OUTPUT,1,1,0,0,,1,1,,0,0,,0,0,,0.09159269023517957
phase6v2-r06-output-control-a01,OUTPUT_CONTROL,6,6,D4-S,NONE,NONE,0,0,0,0,,0,0,,0,0,,0,0,,0.0920602029505585
phase6v2-r06-output-downstream-a01,OUTPUT_DOWNSTREAM,6,6,D4-S,OUTPUT+DOWNSTREAM,OUTPUT+LOAD,2,2,0,0,,1,1,,0,1,,1,0,,3.2556196501375503
phase6v2-r06-baseline-a01,BASELINE,6,6,D4-SM,NONE,NONE,0,0,0,0,,0,0,,0,0,,0,0,,0.025119984721215904
phase6v2-r06-input-load-a01,INPUT_LOAD,6,6,D4-SM,INPUT+LOAD,OUTPUT+LOAD,2,2,1,0,,0,1,,1,1,,0,0,,6.588759052681311
phase6v2-r06-output-downstream-control-a01,OUTPUT_DOWNSTREAM_CONTROL,6,6,D4-SM,DOWNSTREAM,DOWNSTREAM,1,1,0,0,,0,0,,0,0,,1,1,,0.3044087361377983
phase6v2-r06-input-medium-a01,INPUT_MEDIUM,6,6,D4-SM,INPUT,NONE,1,0,1,0,,0,0,,0,0,,0,0,,0.15274910325316948
phase6v2-r06-output-load-control-a01,OUTPUT_LOAD_CONTROL,6,6,D4-SM,LOAD,LOAD,1,1,0,0,,0,0,,1,1,,0,0,,1.1785894566093376
phase6v2-r06-load-downstream-a01,LOAD_DOWNSTREAM,6,6,D4-SM,LOAD+DOWNSTREAM,LOAD+DOWNSTREAM,2,2,0,0,,0,0,,1,1,,1,1,,17.50980192243278
phase6v2-r06-output-load-a01,OUTPUT_LOAD,6,6,D4-SM,OUTPUT+LOAD,OUTPUT+LOAD,2,2,0,0,,1,1,,1,1,,0,0,,8.828480712055562
phase6v2-r06-downstream-medium-a01,DOWNSTREAM_MEDIUM,6,6,D4-SM,DOWNSTREAM,DOWNSTREAM,1,1,0,0,,0,0,,0,0,,1,1,,0.21100598165254425
phase6v2-r06-input-downstream-a01,INPUT_DOWNSTREAM,6,6,D4-SM,INPUT+DOWNSTREAM,LOAD+DOWNSTREAM,2,2,1,0,,0,0,,0,1,,1,1,,0.929351117256342
phase6v2-r06-load-medium-a01,LOAD_MEDIUM,6,6,D4-SM,LOAD,LOAD,1,1,0,0,,0,0,,1,1,,0,0,,0.3505351441947333
phase6v2-r06-output-medium-a01,OUTPUT_MEDIUM,6,6,D4-SM,OUTPUT,OUTPUT+LOAD,1,2,0,0,,1,1,,0,1,,0,0,,0.12387103540757316
phase6v2-r06-output-control-a01,OUTPUT_CONTROL,6,6,D4-SM,NONE,NONE,0,0,0,0,,0,0,,0,0,,0,0,,0.053700288818186004
phase6v2-r06-output-downstream-a01,OUTPUT_DOWNSTREAM,6,6,D4-SM,OUTPUT+DOWNSTREAM,OUTPUT+DOWNSTREAM,2,2,0,0,,1,1,,0,0,,1,1,,1.9732192456799158
phase6v2-r06-baseline-a01,BASELINE,6,6,D4-SMT,NONE,NONE,0,0,0,0,,0,0,,0,0,,0,0,,0.04924409249207329
phase6v2-r06-input-load-a01,INPUT_LOAD,6,6,D4-SMT,INPUT+LOAD,OUTPUT+LOAD,2,2,1,0,,0,1,,1,1,,0,0,,5.752256125551504
phase6v2-r06-output-downstream-control-a01,OUTPUT_DOWNSTREAM_CONTROL,6,6,D4-SMT,DOWNSTREAM,DOWNSTREAM,1,1,0,0,,0,0,,0,0,,1,1,,0.04409643079947667
phase6v2-r06-input-medium-a01,INPUT_MEDIUM,6,6,D4-SMT,INPUT,DOWNSTREAM,1,1,1,0,,0,0,,0,0,,0,1,,0.3810835803040069
phase6v2-r06-output-load-control-a01,OUTPUT_LOAD_CONTROL,6,6,D4-SMT,LOAD,LOAD,1,1,0,0,,0,0,,1,1,,0,0,,0.7839971703012729
phase6v2-r06-load-downstream-a01,LOAD_DOWNSTREAM,6,6,D4-SMT,LOAD+DOWNSTREAM,LOAD+DOWNSTREAM,2,2,0,0,,0,0,,1,1,,1,1,,11.74710330373038
phase6v2-r06-output-load-a01,OUTPUT_LOAD,6,6,D4-SMT,OUTPUT+LOAD,OUTPUT+LOAD,2,2,0,0,,1,1,,1,1,,0,0,,8.989887362004541
phase6v2-r06-downstream-medium-a01,DOWNSTREAM_MEDIUM,6,6,D4-SMT,DOWNSTREAM,DOWNSTREAM,1,1,0,0,,0,0,,0,0,,1,1,,0.5036902218361128
phase6v2-r06-input-downstream-a01,INPUT_DOWNSTREAM,6,6,D4-SMT,INPUT+DOWNSTREAM,DOWNSTREAM,2,1,1,0,,0,0,,0,0,,1,1,,0.01439348985202571
phase6v2-r06-load-medium-a01,LOAD_MEDIUM,6,6,D4-SMT,LOAD,LOAD,1,1,0,0,,0,0,,1,1,,0,0,,0.2930829740536325
phase6v2-r06-output-medium-a01,OUTPUT_MEDIUM,6,6,D4-SMT,OUTPUT,OUTPUT+LOAD,1,2,0,0,,1,1,,0,1,,0,0,,0.8417375841020718
phase6v2-r06-output-control-a01,OUTPUT_CONTROL,6,6,D4-SMT,NONE,NONE,0,0,0,0,,0,0,,0,0,,0,0,,0.07960724919872986
phase6v2-r06-output-downstream-a01,OUTPUT_DOWNSTREAM,6,6,D4-SMT,OUTPUT+DOWNSTREAM,OUTPUT+DOWNSTREAM,2,2,0,0,,1,1,,0,0,,1,1,,4.1487439616988695
phase6v2-r06-baseline-a01,BASELINE,6,6,D4-FULL,NONE,NONE,0,0,0,0,,0,0,,0,0,,0,0,,0.0109951802935071
phase6v2-r06-input-load-a01,INPUT_LOAD,6,6,D4-FULL,INPUT+LOAD,OUTPUT+LOAD,2,2,1,0,,0,1,,1,1,,0,0,,3.254493650430594
phase6v2-r06-output-downstream-control-a01,OUTPUT_DOWNSTREAM_CONTROL,6,6,D4-FULL,DOWNSTREAM,DOWNSTREAM,1,1,0,0,,0,0,,0,0,,1,1,,0.8433752079980454
phase6v2-r06-input-medium-a01,INPUT_MEDIUM,6,6,D4-FULL,INPUT,LOAD+DOWNSTREAM,1,2,1,0,,0,0,,0,1,,0,1,,0.11371488364741689
phase6v2-r06-output-load-control-a01,OUTPUT_LOAD_CONTROL,6,6,D4-FULL,LOAD,LOAD,1,1,0,0,,0,0,,1,1,,0,0,,0.9235776390581663
phase6v2-r06-load-downstream-a01,LOAD_DOWNSTREAM,6,6,D4-FULL,LOAD+DOWNSTREAM,LOAD+DOWNSTREAM,2,2,0,0,,0,0,,1,1,,1,1,,12.035688256862464
phase6v2-r06-output-load-a01,OUTPUT_LOAD,6,6,D4-FULL,OUTPUT+LOAD,OUTPUT+LOAD,2,2,0,0,,1,1,,1,1,,0,0,,7.196477974796192
phase6v2-r06-downstream-medium-a01,DOWNSTREAM_MEDIUM,6,6,D4-FULL,DOWNSTREAM,DOWNSTREAM,1,1,0,0,,0,0,,0,0,,1,1,,0.11911341371386719
phase6v2-r06-input-downstream-a01,INPUT_DOWNSTREAM,6,6,D4-FULL,INPUT+DOWNSTREAM,LOAD+DOWNSTREAM,2,2,1,0,,0,0,,0,1,,1,1,,0.246827101947531
phase6v2-r06-load-medium-a01,LOAD_MEDIUM,6,6,D4-FULL,LOAD,LOAD,1,1,0,0,,0,0,,1,1,,0,0,,0.13138084809537176
phase6v2-r06-output-medium-a01,OUTPUT_MEDIUM,6,6,D4-FULL,OUTPUT,OUTPUT,1,1,0,0,,1,1,,0,0,,0,0,,0.6443087108868535
phase6v2-r06-output-control-a01,OUTPUT_CONTROL,6,6,D4-FULL,NONE,NONE,0,0,0,0,,0,0,,0,0,,0,0,,0.16431601425325204
phase6v2-r06-output-downstream-a01,OUTPUT_DOWNSTREAM,6,6,D4-FULL,OUTPUT+DOWNSTREAM,OUTPUT+DOWNSTREAM,2,2,0,0,,1,1,,0,0,,1,1,,6.421681437646277
phase6v2-r06-baseline-a01,BASELINE,6,6,D4-FULL-F3,NONE,INPUT,0,1,0,1,,0,0,,0,0,,0,0,,0.0109951802935071
phase6v2-r06-input-load-a01,INPUT_LOAD,6,6,D4-FULL-F3,INPUT+LOAD,OUTPUT+LOAD,2,2,1,0,,0,1,,1,1,,0,0,,3.254493650430594
phase6v2-r06-output-downstream-control-a01,OUTPUT_DOWNSTREAM_CONTROL,6,6,D4-FULL-F3,DOWNSTREAM,DOWNSTREAM,1,1,0,0,,0,0,,0,0,,1,1,,0.8433752079980454
phase6v2-r06-input-medium-a01,INPUT_MEDIUM,6,6,D4-FULL-F3,INPUT,INPUT+DOWNSTREAM,1,2,1,1,,0,0,,0,0,,0,1,,0.11371488364741689
phase6v2-r06-output-load-control-a01,OUTPUT_LOAD_CONTROL,6,6,D4-FULL-F3,LOAD,LOAD,1,1,0,0,,0,0,,1,1,,0,0,,0.9235776390581663
phase6v2-r06-load-downstream-a01,LOAD_DOWNSTREAM,6,6,D4-FULL-F3,LOAD+DOWNSTREAM,LOAD+DOWNSTREAM,2,2,0,0,,0,0,,1,1,,1,1,,12.035688256862464
phase6v2-r06-output-load-a01,OUTPUT_LOAD,6,6,D4-FULL-F3,OUTPUT+LOAD,OUTPUT+LOAD,2,2,0,0,,1,1,,1,1,,0,0,,7.196477974796192
phase6v2-r06-downstream-medium-a01,DOWNSTREAM_MEDIUM,6,6,D4-FULL-F3,DOWNSTREAM,DOWNSTREAM,1,1,0,0,,0,0,,0,0,,1,1,,0.11911341371386719
phase6v2-r06-input-downstream-a01,INPUT_DOWNSTREAM,6,6,D4-FULL-F3,INPUT+DOWNSTREAM,INPUT+DOWNSTREAM,2,2,1,1,,0,0,,0,0,,1,1,,0.246827101947531
phase6v2-r06-load-medium-a01,LOAD_MEDIUM,6,6,D4-FULL-F3,LOAD,LOAD,1,1,0,0,,0,0,,1,1,,0,0,,0.13138084809537176
phase6v2-r06-output-medium-a01,OUTPUT_MEDIUM,6,6,D4-FULL-F3,OUTPUT,OUTPUT,1,1,0,0,,1,1,,0,0,,0,0,,0.6443087108868535
phase6v2-r06-output-control-a01,OUTPUT_CONTROL,6,6,D4-FULL-F3,NONE,NONE,0,0,0,0,,0,0,,0,0,,0,0,,0.16431601425325204
phase6v2-r06-output-downstream-a01,OUTPUT_DOWNSTREAM,6,6,D4-FULL-F3,OUTPUT+DOWNSTREAM,OUTPUT+DOWNSTREAM,2,2,0,0,,1,1,,0,0,,1,1,,6.421681437646277
phase6v2-r07-output-load-a01,OUTPUT_LOAD,7,7,M2/F2,OUTPUT+LOAD,OUTPUT+LOAD,2,2,0,0,0.0003171519452755844,1,1,0.6754437410888191,1,1,1.0,0,0,0.02701998513306669,
phase6v2-r07-load-downstream-a01,LOAD_DOWNSTREAM,7,7,M2/F2,LOAD+DOWNSTREAM,LOAD+DOWNSTREAM,2,2,0,0,0.004358585782011925,0,0,0.042353210700673084,1,1,0.999964567115278,1,1,0.977251020829258,
phase6v2-r07-baseline-a01,BASELINE,7,7,M2/F2,NONE,INPUT,0,1,0,1,0.7387792400117628,0,0,0.04874736299765027,0,0,0.02169876586686524,0,0,0.04395449623577997,
phase6v2-r07-input-downstream-a01,INPUT_DOWNSTREAM,7,7,M2/F2,INPUT+DOWNSTREAM,DOWNSTREAM,2,1,1,0,0.11307005066363678,0,0,0.024208368648597763,0,0,0.05881555343865872,1,1,0.9971018371961711,
phase6v2-r07-output-downstream-control-a01,OUTPUT_DOWNSTREAM_CONTROL,7,7,M2/F2,DOWNSTREAM,DOWNSTREAM,1,1,0,0,0.018000894505607615,0,0,0.06399593368492643,0,0,0.019720718464886298,1,1,0.9982613585764487,
phase6v2-r07-output-load-control-a01,OUTPUT_LOAD_CONTROL,7,7,M2/F2,LOAD,LOAD,1,1,0,0,0.19917514487220814,0,0,0.060403182466334984,1,1,0.9820268531609148,0,0,0.02643678811045016,
phase6v2-r07-downstream-medium-a01,DOWNSTREAM_MEDIUM,7,7,M2/F2,DOWNSTREAM,DOWNSTREAM,1,1,0,0,0.08627784326082401,0,0,0.03192352458907322,0,0,0.030725942297325278,1,1,0.997875033282654,
phase6v2-r07-output-control-a01,OUTPUT_CONTROL,7,7,M2/F2,NONE,NONE,0,0,0,0,0.45947724950924834,0,0,0.10950392958103719,0,0,0.015781397105165677,0,0,0.044513436163334745,
phase6v2-r07-input-load-a01,INPUT_LOAD,7,7,M2/F2,INPUT+LOAD,LOAD,2,1,1,0,0.004576043435513753,0,0,0.11084723809512595,1,1,0.9999999999999531,0,0,0.0286113520220306,
phase6v2-r07-output-medium-a01,OUTPUT_MEDIUM,7,7,M2/F2,OUTPUT,OUTPUT,1,1,0,0,0.010120703650915972,1,1,0.9840426722035872,0,0,0.04139588647322704,0,0,0.031746777087305014,
phase6v2-r07-load-medium-a01,LOAD_MEDIUM,7,7,M2/F2,LOAD,LOAD,1,1,0,0,0.029648296844788244,0,0,0.07074253677514986,1,1,0.9999180030008193,0,0,0.02977938842397142,
phase6v2-r07-input-medium-a01,INPUT_MEDIUM,7,7,M2/F2,INPUT,INPUT,1,1,1,1,0.7998032018243765,0,0,0.045240521359776256,0,0,0.05296456828363138,0,0,0.04302038722403672,
phase6v2-r07-output-downstream-a01,OUTPUT_DOWNSTREAM,7,7,M2/F2,OUTPUT+DOWNSTREAM,OUTPUT+DOWNSTREAM,2,2,0,0,0.0006449324233497876,1,1,0.97512297087901,0,0,0.07152385889124997,1,1,0.9886091545619813,
phase6v2-r07-output-load-a01,OUTPUT_LOAD,7,7,M2/F2T,OUTPUT+LOAD,LOAD,2,1,0,0,0.45431787432098264,1,0,0.4415746346325398,1,1,1.0,0,0,0.03514166279539311,
phase6v2-r07-load-downstream-a01,LOAD_DOWNSTREAM,7,7,M2/F2T,LOAD+DOWNSTREAM,LOAD+DOWNSTREAM,2,2,0,0,0.009507925958241781,0,0,0.03151294610765415,1,1,0.9999996101061103,1,1,0.9937254249776148,
phase6v2-r07-baseline-a01,BASELINE,7,7,M2/F2T,NONE,NONE,0,0,0,0,0.43571655320335373,0,0,0.04499296281499245,0,0,0.010673413464038023,0,0,0.03466613096014475,
phase6v2-r07-input-downstream-a01,INPUT_DOWNSTREAM,7,7,M2/F2T,INPUT+DOWNSTREAM,INPUT+DOWNSTREAM,2,2,1,1,0.7062000401616896,0,0,0.02249215594589399,0,0,0.05367277019872003,1,1,0.9986305615957983,
phase6v2-r07-output-downstream-control-a01,OUTPUT_DOWNSTREAM_CONTROL,7,7,M2/F2T,DOWNSTREAM,DOWNSTREAM,1,1,0,0,0.023588775418038336,0,0,0.04332741148958212,0,0,0.015198386010327362,1,1,0.9992167355670816,
phase6v2-r07-output-load-control-a01,OUTPUT_LOAD_CONTROL,7,7,M2/F2T,LOAD,LOAD,1,1,0,0,0.013643263159186507,0,0,0.06841455304358908,1,1,0.9950110400865049,0,0,0.019327288042035727,
phase6v2-r07-downstream-medium-a01,DOWNSTREAM_MEDIUM,7,7,M2/F2T,DOWNSTREAM,DOWNSTREAM,1,1,0,0,0.10200468805977579,0,0,0.03834559457295126,0,0,0.021712850768727247,1,1,0.9985434611252146,
phase6v2-r07-output-control-a01,OUTPUT_CONTROL,7,7,M2/F2T,NONE,NONE,0,0,0,0,0.13141403696476076,0,0,0.03631862375709284,0,0,0.0155610903090471,0,0,0.03462186342443777,
phase6v2-r07-input-load-a01,INPUT_LOAD,7,7,M2/F2T,INPUT+LOAD,INPUT+LOAD,2,2,1,1,0.8278789687657894,0,0,0.049558741065236535,1,1,1.0,0,0,0.03309028087053501,
phase6v2-r07-output-medium-a01,OUTPUT_MEDIUM,7,7,M2/F2T,OUTPUT,OUTPUT,1,1,0,0,0.09350285418494572,1,1,0.9989141704575908,0,0,0.011440651676061444,0,0,0.02851479079818168,
phase6v2-r07-load-medium-a01,LOAD_MEDIUM,7,7,M2/F2T,LOAD,LOAD,1,1,0,0,0.10905767798212161,0,0,0.0630977799040047,1,1,0.9999990799176083,0,0,0.02285434334033953,
phase6v2-r07-input-medium-a01,INPUT_MEDIUM,7,7,M2/F2T,INPUT,INPUT,1,1,1,1,0.9056761847954095,0,0,0.04858831597568809,0,0,0.033650258133514695,0,0,0.03841395007137864,
phase6v2-r07-output-downstream-a01,OUTPUT_DOWNSTREAM,7,7,M2/F2T,OUTPUT+DOWNSTREAM,OUTPUT+DOWNSTREAM,2,2,0,0,0.004097012372418312,1,1,0.9956468431370639,0,0,0.04276375835619326,1,1,0.9957760313011352,
phase6v2-r07-output-load-a01,OUTPUT_LOAD,7,7,D4-S,OUTPUT+LOAD,OUTPUT+LOAD,2,2,0,0,,1,1,,1,1,,0,0,,10.035731387120407
phase6v2-r07-load-downstream-a01,LOAD_DOWNSTREAM,7,7,D4-S,LOAD+DOWNSTREAM,OUTPUT+LOAD,2,2,0,0,,0,1,,1,1,,1,0,,0.5129894982068457
phase6v2-r07-baseline-a01,BASELINE,7,7,D4-S,NONE,DOWNSTREAM,0,1,0,0,,0,0,,0,0,,0,1,,0.00271442447726411
phase6v2-r07-input-downstream-a01,INPUT_DOWNSTREAM,7,7,D4-S,INPUT+DOWNSTREAM,NONE,2,0,1,0,,0,0,,0,0,,1,0,,0.15479322085957126
phase6v2-r07-output-downstream-control-a01,OUTPUT_DOWNSTREAM_CONTROL,7,7,D4-S,DOWNSTREAM,NONE,1,0,0,0,,0,0,,0,0,,1,0,,0.26310946144454206
phase6v2-r07-output-load-control-a01,OUTPUT_LOAD_CONTROL,7,7,D4-S,LOAD,LOAD,1,1,0,0,,0,0,,1,1,,0,0,,1.0647098754104327
phase6v2-r07-downstream-medium-a01,DOWNSTREAM_MEDIUM,7,7,D4-S,DOWNSTREAM,NONE,1,0,0,0,,0,0,,0,0,,1,0,,0.2620374048560561
phase6v2-r07-output-control-a01,OUTPUT_CONTROL,7,7,D4-S,NONE,NONE,0,0,0,0,,0,0,,0,0,,0,0,,0.013152609875763166
phase6v2-r07-input-load-a01,INPUT_LOAD,7,7,D4-S,INPUT+LOAD,OUTPUT+LOAD,2,2,1,0,,0,1,,1,1,,0,0,,7.79700905539812
phase6v2-r07-output-medium-a01,OUTPUT_MEDIUM,7,7,D4-S,OUTPUT,OUTPUT,1,1,0,0,,1,1,,0,0,,0,0,,0.5932414760231128
phase6v2-r07-load-medium-a01,LOAD_MEDIUM,7,7,D4-S,LOAD,LOAD,1,1,0,0,,0,0,,1,1,,0,0,,0.17379971325100385
phase6v2-r07-input-medium-a01,INPUT_MEDIUM,7,7,D4-S,INPUT,NONE,1,0,1,0,,0,0,,0,0,,0,0,,0.04489802920722252
phase6v2-r07-output-downstream-a01,OUTPUT_DOWNSTREAM,7,7,D4-S,OUTPUT+DOWNSTREAM,OUTPUT+LOAD,2,2,0,0,,1,1,,0,1,,1,0,,2.804956449539488
phase6v2-r07-output-load-a01,OUTPUT_LOAD,7,7,D4-SM,OUTPUT+LOAD,OUTPUT+LOAD,2,2,0,0,,1,1,,1,1,,0,0,,8.941994941076405
phase6v2-r07-load-downstream-a01,LOAD_DOWNSTREAM,7,7,D4-SM,LOAD+DOWNSTREAM,LOAD+DOWNSTREAM,2,2,0,0,,0,0,,1,1,,1,1,,18.55063788637449
phase6v2-r07-baseline-a01,BASELINE,7,7,D4-SM,NONE,NONE,0,0,0,0,,0,0,,0,0,,0,0,,0.03322086214020736
phase6v2-r07-input-downstream-a01,INPUT_DOWNSTREAM,7,7,D4-SM,INPUT+DOWNSTREAM,LOAD+DOWNSTREAM,2,2,1,0,,0,0,,0,1,,1,1,,0.5754217156199246
phase6v2-r07-output-downstream-control-a01,OUTPUT_DOWNSTREAM_CONTROL,7,7,D4-SM,DOWNSTREAM,DOWNSTREAM,1,1,0,0,,0,0,,0,0,,1,1,,0.23331633450801093
phase6v2-r07-output-load-control-a01,OUTPUT_LOAD_CONTROL,7,7,D4-SM,LOAD,LOAD,1,1,0,0,,0,0,,1,1,,0,0,,1.1372550655597697
phase6v2-r07-downstream-medium-a01,DOWNSTREAM_MEDIUM,7,7,D4-SM,DOWNSTREAM,LOAD+DOWNSTREAM,1,2,0,0,,0,0,,0,1,,1,1,,0.24965685747864086
phase6v2-r07-output-control-a01,OUTPUT_CONTROL,7,7,D4-SM,NONE,DOWNSTREAM,0,1,0,0,,0,0,,0,0,,0,1,,0.008776353438105011
phase6v2-r07-input-load-a01,INPUT_LOAD,7,7,D4-SM,INPUT+LOAD,OUTPUT+LOAD,2,2,1,0,,0,1,,1,1,,0,0,,6.62298406477521
phase6v2-r07-output-medium-a01,OUTPUT_MEDIUM,7,7,D4-SM,OUTPUT,OUTPUT,1,1,0,0,,1,1,,0,0,,0,0,,0.4052711296125463
phase6v2-r07-load-medium-a01,LOAD_MEDIUM,7,7,D4-SM,LOAD,LOAD,1,1,0,0,,0,0,,1,1,,0,0,,0.1734774468817175
phase6v2-r07-input-medium-a01,INPUT_MEDIUM,7,7,D4-SM,INPUT,NONE,1,0,1,0,,0,0,,0,0,,0,0,,0.1146350778010492
phase6v2-r07-output-downstream-a01,OUTPUT_DOWNSTREAM,7,7,D4-SM,OUTPUT+DOWNSTREAM,OUTPUT+DOWNSTREAM,2,2,0,0,,1,1,,0,0,,1,1,,2.8963302630324606
phase6v2-r07-output-load-a01,OUTPUT_LOAD,7,7,D4-SMT,OUTPUT+LOAD,OUTPUT+LOAD,2,2,0,0,,1,1,,1,1,,0,0,,7.206981980569381
phase6v2-r07-load-downstream-a01,LOAD_DOWNSTREAM,7,7,D4-SMT,LOAD+DOWNSTREAM,LOAD+DOWNSTREAM,2,2,0,0,,0,0,,1,1,,1,1,,12.168583410942306
phase6v2-r07-baseline-a01,BASELINE,7,7,D4-SMT,NONE,NONE,0,0,0,0,,0,0,,0,0,,0,0,,0.005256976776344735
phase6v2-r07-input-downstream-a01,INPUT_DOWNSTREAM,7,7,D4-SMT,INPUT+DOWNSTREAM,DOWNSTREAM,2,1,1,0,,0,0,,0,0,,1,1,,0.7823657064194958
phase6v2-r07-output-downstream-control-a01,OUTPUT_DOWNSTREAM_CONTROL,7,7,D4-SMT,DOWNSTREAM,DOWNSTREAM,1,1,0,0,,0,0,,0,0,,1,1,,0.5432446292440636
phase6v2-r07-output-load-control-a01,OUTPUT_LOAD_CONTROL,7,7,D4-SMT,LOAD,LOAD,1,1,0,0,,0,0,,1,1,,0,0,,1.3006609633152788
phase6v2-r07-downstream-medium-a01,DOWNSTREAM_MEDIUM,7,7,D4-SMT,DOWNSTREAM,DOWNSTREAM,1,1,0,0,,0,0,,0,0,,1,1,,0.5683848561167766
phase6v2-r07-output-control-a01,OUTPUT_CONTROL,7,7,D4-SMT,NONE,NONE,0,0,0,0,,0,0,,0,0,,0,0,,0.027034586417219564
phase6v2-r07-input-load-a01,INPUT_LOAD,7,7,D4-SMT,INPUT+LOAD,OUTPUT+LOAD,2,2,1,0,,0,1,,1,1,,0,0,,5.479787372845232
phase6v2-r07-output-medium-a01,OUTPUT_MEDIUM,7,7,D4-SMT,OUTPUT,OUTPUT,1,1,0,0,,1,1,,0,0,,0,0,,0.11000779544614847
phase6v2-r07-load-medium-a01,LOAD_MEDIUM,7,7,D4-SMT,LOAD,LOAD,1,1,0,0,,0,0,,1,1,,0,0,,0.2703374955601241
phase6v2-r07-input-medium-a01,INPUT_MEDIUM,7,7,D4-SMT,INPUT,NONE,1,0,1,0,,0,0,,0,0,,0,0,,0.29771565564426317
phase6v2-r07-output-downstream-a01,OUTPUT_DOWNSTREAM,7,7,D4-SMT,OUTPUT+DOWNSTREAM,OUTPUT+DOWNSTREAM,2,2,0,0,,1,1,,0,0,,1,1,,3.1157337661356923
phase6v2-r07-output-load-a01,OUTPUT_LOAD,7,7,D4-FULL,OUTPUT+LOAD,OUTPUT+LOAD,2,2,0,0,,1,1,,1,1,,0,0,,4.079458856356474
phase6v2-r07-load-downstream-a01,LOAD_DOWNSTREAM,7,7,D4-FULL,LOAD+DOWNSTREAM,LOAD+DOWNSTREAM,2,2,0,0,,0,0,,1,1,,1,1,,11.90159148074282
phase6v2-r07-baseline-a01,BASELINE,7,7,D4-FULL,NONE,NONE,0,0,0,0,,0,0,,0,0,,0,0,,0.00037509421789794217
phase6v2-r07-input-downstream-a01,INPUT_DOWNSTREAM,7,7,D4-FULL,INPUT+DOWNSTREAM,LOAD+DOWNSTREAM,2,2,1,0,,0,0,,0,1,,1,1,,0.6314525653393694
phase6v2-r07-output-downstream-control-a01,OUTPUT_DOWNSTREAM_CONTROL,7,7,D4-FULL,DOWNSTREAM,DOWNSTREAM,1,1,0,0,,0,0,,0,0,,1,1,,1.0802739767459562
phase6v2-r07-output-load-control-a01,OUTPUT_LOAD_CONTROL,7,7,D4-FULL,LOAD,LOAD,1,1,0,0,,0,0,,1,1,,0,0,,0.823215075343537
phase6v2-r07-downstream-medium-a01,DOWNSTREAM_MEDIUM,7,7,D4-FULL,DOWNSTREAM,LOAD+DOWNSTREAM,1,2,0,0,,0,0,,0,1,,1,1,,1.0855538004652487
phase6v2-r07-output-control-a01,OUTPUT_CONTROL,7,7,D4-FULL,NONE,NONE,0,0,0,0,,0,0,,0,0,,0,0,,0.12771188029483138
phase6v2-r07-input-load-a01,INPUT_LOAD,7,7,D4-FULL,INPUT+LOAD,OUTPUT+LOAD,2,2,1,0,,0,1,,1,1,,0,0,,2.804557870561659
phase6v2-r07-output-medium-a01,OUTPUT_MEDIUM,7,7,D4-FULL,OUTPUT,OUTPUT,1,1,0,0,,1,1,,0,0,,0,0,,1.2669741813151818
phase6v2-r07-load-medium-a01,LOAD_MEDIUM,7,7,D4-FULL,LOAD,LOAD,1,1,0,0,,0,0,,1,1,,0,0,,0.0737610610346131
phase6v2-r07-input-medium-a01,INPUT_MEDIUM,7,7,D4-FULL,INPUT,NONE,1,0,1,0,,0,0,,0,0,,0,0,,0.7858137728718076
phase6v2-r07-output-downstream-a01,OUTPUT_DOWNSTREAM,7,7,D4-FULL,OUTPUT+DOWNSTREAM,OUTPUT+DOWNSTREAM,2,2,0,0,,1,1,,0,0,,1,1,,4.715087658212903
phase6v2-r07-output-load-a01,OUTPUT_LOAD,7,7,D4-FULL-F3,OUTPUT+LOAD,OUTPUT+LOAD,2,2,0,0,,1,1,,1,1,,0,0,,4.079458856356474
phase6v2-r07-load-downstream-a01,LOAD_DOWNSTREAM,7,7,D4-FULL-F3,LOAD+DOWNSTREAM,LOAD+DOWNSTREAM,2,2,0,0,,0,0,,1,1,,1,1,,11.90159148074282
phase6v2-r07-baseline-a01,BASELINE,7,7,D4-FULL-F3,NONE,INPUT,0,1,0,1,,0,0,,0,0,,0,0,,0.00037509421789794217
phase6v2-r07-input-downstream-a01,INPUT_DOWNSTREAM,7,7,D4-FULL-F3,INPUT+DOWNSTREAM,INPUT+DOWNSTREAM,2,2,1,1,,0,0,,0,0,,1,1,,0.6314525653393694
phase6v2-r07-output-downstream-control-a01,OUTPUT_DOWNSTREAM_CONTROL,7,7,D4-FULL-F3,DOWNSTREAM,DOWNSTREAM,1,1,0,0,,0,0,,0,0,,1,1,,1.0802739767459562
phase6v2-r07-output-load-control-a01,OUTPUT_LOAD_CONTROL,7,7,D4-FULL-F3,LOAD,LOAD,1,1,0,0,,0,0,,1,1,,0,0,,0.823215075343537
phase6v2-r07-downstream-medium-a01,DOWNSTREAM_MEDIUM,7,7,D4-FULL-F3,DOWNSTREAM,LOAD+DOWNSTREAM,1,2,0,0,,0,0,,0,1,,1,1,,1.0855538004652487
phase6v2-r07-output-control-a01,OUTPUT_CONTROL,7,7,D4-FULL-F3,NONE,NONE,0,0,0,0,,0,0,,0,0,,0,0,,0.12771188029483138
phase6v2-r07-input-load-a01,INPUT_LOAD,7,7,D4-FULL-F3,INPUT+LOAD,OUTPUT+LOAD,2,2,1,0,,0,1,,1,1,,0,0,,2.804557870561659
phase6v2-r07-output-medium-a01,OUTPUT_MEDIUM,7,7,D4-FULL-F3,OUTPUT,OUTPUT,1,1,0,0,,1,1,,0,0,,0,0,,1.2669741813151818
phase6v2-r07-load-medium-a01,LOAD_MEDIUM,7,7,D4-FULL-F3,LOAD,LOAD,1,1,0,0,,0,0,,1,1,,0,0,,0.0737610610346131
phase6v2-r07-input-medium-a01,INPUT_MEDIUM,7,7,D4-FULL-F3,INPUT,INPUT,1,1,1,1,,0,0,,0,0,,0,0,,0.7858137728718076
phase6v2-r07-output-downstream-a01,OUTPUT_DOWNSTREAM,7,7,D4-FULL-F3,OUTPUT+DOWNSTREAM,OUTPUT+DOWNSTREAM,2,2,0,0,,1,1,,0,0,,1,1,,4.715087658212903
phase6v2-r08-output-load-control-a01,OUTPUT_LOAD_CONTROL,8,8,M2/F2,LOAD,LOAD,1,1,0,0,0.40932557050373203,0,0,0.06202510996222406,1,1,0.9700816975067035,0,0,0.025645909141823683,
phase6v2-r08-input-medium-a01,INPUT_MEDIUM,8,8,M2/F2,INPUT,INPUT,1,1,1,1,0.717538432730165,0,0,0.046063219396647065,0,0,0.04885622822817366,0,0,0.04148103479949256,
phase6v2-r08-output-medium-a01,OUTPUT_MEDIUM,8,8,M2/F2,OUTPUT,OUTPUT,1,1,0,0,0.0071918872206127565,1,1,0.9936531022793081,0,0,0.060425582766423104,0,0,0.028552690992555547,
phase6v2-r08-output-control-a01,OUTPUT_CONTROL,8,8,M2/F2,NONE,NONE,0,0,0,0,0.41362725303228004,0,0,0.13182996396457722,0,0,0.018766172199115243,0,0,0.04220642934546386,
phase6v2-r08-baseline-a01,BASELINE,8,8,M2/F2,NONE,INPUT,0,1,0,1,0.7326894886854297,0,0,0.05093188891041187,0,0,0.02382256933126626,0,0,0.04273493401437076,
phase6v2-r08-input-load-a01,INPUT_LOAD,8,8,M2/F2,INPUT+LOAD,LOAD,2,1,1,0,0.003234725590676139,0,0,0.10069213776564699,1,1,0.9999999999999407,0,0,0.028724972908876257,
phase6v2-r08-output-load-a01,OUTPUT_LOAD,8,8,M2/F2,OUTPUT+LOAD,OUTPUT+LOAD,2,2,0,0,0.00010826925792633792,1,1,0.7508161581823362,1,1,1.0,0,0,0.02710723582999172,
phase6v2-r08-downstream-medium-a01,DOWNSTREAM_MEDIUM,8,8,M2/F2,DOWNSTREAM,DOWNSTREAM,1,1,0,0,0.09528498127364234,0,0,0.02481609338290144,0,0,0.027509772723319136,1,1,0.9982033355548151,
phase6v2-r08-output-downstream-control-a01,OUTPUT_DOWNSTREAM_CONTROL,8,8,M2/F2,DOWNSTREAM,DOWNSTREAM,1,1,0,0,0.019821406305099754,0,0,0.054347447282734086,0,0,0.021621074155153477,1,1,0.998095622877293,
phase6v2-r08-load-medium-a01,LOAD_MEDIUM,8,8,M2/F2,LOAD,LOAD,1,1,0,0,0.02208899515319038,0,0,0.07268079089583883,1,1,0.9999645270512625,0,0,0.028997444706723587,
phase6v2-r08-output-downstream-a01,OUTPUT_DOWNSTREAM,8,8,M2/F2,OUTPUT+DOWNSTREAM,OUTPUT+DOWNSTREAM,2,2,0,0,0.0005503810822103325,1,1,0.9835098578113428,0,0,0.07274438792379015,1,1,0.9878684393509478,
phase6v2-r08-input-downstream-a01,INPUT_DOWNSTREAM,8,8,M2/F2,INPUT+DOWNSTREAM,DOWNSTREAM,2,1,1,0,0.14358813675909163,0,0,0.023554842608068463,0,0,0.06260683167318748,1,1,0.9971205530942006,
phase6v2-r08-load-downstream-a01,LOAD_DOWNSTREAM,8,8,M2/F2,LOAD+DOWNSTREAM,LOAD+DOWNSTREAM,2,2,0,0,0.0022358466184016425,0,0,0.0406857603412073,1,1,0.999985053801046,1,1,0.9761679256551181,
phase6v2-r08-output-load-control-a01,OUTPUT_LOAD_CONTROL,8,8,M2/F2T,LOAD,LOAD,1,1,0,0,0.04307585309741195,0,0,0.03741470595630252,1,1,0.9771804301217448,0,0,0.015793133022284356,
phase6v2-r08-input-medium-a01,INPUT_MEDIUM,8,8,M2/F2T,INPUT,INPUT,1,1,1,1,0.9103154716128412,0,0,0.0506094826441023,0,0,0.028037203729489125,0,0,0.040611035582568754,
phase6v2-r08-output-medium-a01,OUTPUT_MEDIUM,8,8,M2/F2T,OUTPUT,OUTPUT,1,1,0,0,0.005212794010192707,1,1,0.9994025530837755,0,0,0.028865785219507605,0,0,0.036084738954243085,
phase6v2-r08-output-control-a01,OUTPUT_CONTROL,8,8,M2/F2T,NONE,NONE,0,0,0,0,0.1869149675081087,0,0,0.06843863623367752,0,0,0.01209832457064261,0,0,0.029159688813382427,
phase6v2-r08-baseline-a01,BASELINE,8,8,M2/F2T,NONE,NONE,0,0,0,0,0.3682751323443425,0,0,0.05178815076294911,0,0,0.011697100599929108,0,0,0.03493342587483047,
phase6v2-r08-input-load-a01,INPUT_LOAD,8,8,M2/F2T,INPUT+LOAD,INPUT+LOAD,2,2,1,1,0.8261387015955513,0,0,0.05963032313430977,1,1,1.0,0,0,0.038507984631523905,
phase6v2-r08-output-load-a01,OUTPUT_LOAD,8,8,M2/F2T,OUTPUT+LOAD,INPUT+OUTPUT+LOAD,2,3,0,1,0.931800220150184,1,1,0.6061335325074911,1,1,1.0,0,0,0.06701901896578659,
phase6v2-r08-downstream-medium-a01,DOWNSTREAM_MEDIUM,8,8,M2/F2T,DOWNSTREAM,DOWNSTREAM,1,1,0,0,0.019848702148603816,0,0,0.018323964371341532,0,0,0.017034375930070858,1,1,0.999391795886267,
phase6v2-r08-output-downstream-control-a01,OUTPUT_DOWNSTREAM_CONTROL,8,8,M2/F2T,DOWNSTREAM,DOWNSTREAM,1,1,0,0,0.04856982525602695,0,0,0.036888979370852684,0,0,0.013068316553423606,1,1,0.9993952606988648,
phase6v2-r08-load-medium-a01,LOAD_MEDIUM,8,8,M2/F2T,LOAD,LOAD,1,1,0,0,0.011642723875459067,0,0,0.04880662762363061,1,1,0.9999996462910968,0,0,0.02594606584860243,
phase6v2-r08-output-downstream-a01,OUTPUT_DOWNSTREAM,8,8,M2/F2T,OUTPUT+DOWNSTREAM,OUTPUT+DOWNSTREAM,2,2,0,0,0.01866707815044772,1,1,0.9993715721197138,0,0,0.02911357545212305,1,1,0.9968668076932707,
phase6v2-r08-input-downstream-a01,INPUT_DOWNSTREAM,8,8,M2/F2T,INPUT+DOWNSTREAM,DOWNSTREAM,2,1,1,0,0.44092193960365433,0,0,0.02496986247375409,0,0,0.03915040135663475,1,1,0.9989537513406194,
phase6v2-r08-load-downstream-a01,LOAD_DOWNSTREAM,8,8,M2/F2T,LOAD+DOWNSTREAM,LOAD+DOWNSTREAM,2,2,0,0,0.007534938534346926,0,0,0.03488797225984768,1,1,0.9999998855155667,1,1,0.993748984506096,
phase6v2-r08-output-load-control-a01,OUTPUT_LOAD_CONTROL,8,8,D4-S,LOAD,LOAD,1,1,0,0,,0,0,,1,1,,0,0,,0.9559981204503689
phase6v2-r08-input-medium-a01,INPUT_MEDIUM,8,8,D4-S,INPUT,NONE,1,0,1,0,,0,0,,0,0,,0,0,,0.1783523561009943
phase6v2-r08-output-medium-a01,OUTPUT_MEDIUM,8,8,D4-S,OUTPUT,OUTPUT+LOAD,1,2,0,0,,1,1,,0,1,,0,0,,0.2910951845533867
phase6v2-r08-output-control-a01,OUTPUT_CONTROL,8,8,D4-S,NONE,INPUT,0,1,0,1,,0,0,,0,0,,0,0,,0.1435106073531629
phase6v2-r08-baseline-a01,BASELINE,8,8,D4-S,NONE,INPUT,0,1,0,1,,0,0,,0,0,,0,0,,0.03863516823104529
phase6v2-r08-input-load-a01,INPUT_LOAD,8,8,D4-S,INPUT+LOAD,OUTPUT+LOAD,2,2,1,0,,0,1,,1,1,,0,0,,7.648312673167485
phase6v2-r08-output-load-a01,OUTPUT_LOAD,8,8,D4-S,OUTPUT+LOAD,OUTPUT+LOAD,2,2,0,0,,1,1,,1,1,,0,0,,10.28866671236483
phase6v2-r08-downstream-medium-a01,DOWNSTREAM_MEDIUM,8,8,D4-S,DOWNSTREAM,NONE,1,0,0,0,,0,0,,0,0,,1,0,,0.21057137637827827
phase6v2-r08-output-downstream-control-a01,OUTPUT_DOWNSTREAM_CONTROL,8,8,D4-S,DOWNSTREAM,NONE,1,0,0,0,,0,0,,0,0,,1,0,,0.23732888258981777
phase6v2-r08-load-medium-a01,LOAD_MEDIUM,8,8,D4-S,LOAD,OUTPUT+LOAD,1,2,0,0,,0,1,,1,1,,0,0,,0.041849444156877524
phase6v2-r08-output-downstream-a01,OUTPUT_DOWNSTREAM,8,8,D4-S,OUTPUT+DOWNSTREAM,OUTPUT+LOAD,2,2,0,0,,1,1,,0,1,,1,0,,3.108562485230821
phase6v2-r08-input-downstream-a01,INPUT_DOWNSTREAM,8,8,D4-S,INPUT+DOWNSTREAM,NONE,2,0,1,0,,0,0,,0,0,,1,0,,0.02744023725907896
phase6v2-r08-load-downstream-a01,LOAD_DOWNSTREAM,8,8,D4-S,LOAD+DOWNSTREAM,OUTPUT+LOAD,2,2,0,0,,0,1,,1,1,,1,0,,0.8688689229800097
phase6v2-r08-output-load-control-a01,OUTPUT_LOAD_CONTROL,8,8,D4-SM,LOAD,LOAD,1,1,0,0,,0,0,,1,1,,0,0,,1.0238751041993774
phase6v2-r08-input-medium-a01,INPUT_MEDIUM,8,8,D4-SM,INPUT,NONE,1,0,1,0,,0,0,,0,0,,0,0,,0.18826897488962946
phase6v2-r08-output-medium-a01,OUTPUT_MEDIUM,8,8,D4-SM,OUTPUT,OUTPUT,1,1,0,0,,1,1,,0,0,,0,0,,0.559382481061104
phase6v2-r08-output-control-a01,OUTPUT_CONTROL,8,8,D4-SM,NONE,INPUT,0,1,0,1,,0,0,,0,0,,0,0,,0.042278235860509494
phase6v2-r08-baseline-a01,BASELINE,8,8,D4-SM,NONE,INPUT,0,1,0,1,,0,0,,0,0,,0,0,,0.04083656285900639
phase6v2-r08-input-load-a01,INPUT_LOAD,8,8,D4-SM,INPUT+LOAD,OUTPUT+LOAD,2,2,1,0,,0,1,,1,1,,0,0,,6.4518115890717525
phase6v2-r08-output-load-a01,OUTPUT_LOAD,8,8,D4-SM,OUTPUT+LOAD,OUTPUT+LOAD,2,2,0,0,,1,1,,1,1,,0,0,,9.038870583135477
phase6v2-r08-downstream-medium-a01,DOWNSTREAM_MEDIUM,8,8,D4-SM,DOWNSTREAM,DOWNSTREAM,1,1,0,0,,0,0,,0,0,,1,1,,0.20373319983713856
phase6v2-r08-output-downstream-control-a01,OUTPUT_DOWNSTREAM_CONTROL,8,8,D4-SM,DOWNSTREAM,DOWNSTREAM,1,1,0,0,,0,0,,0,0,,1,1,,0.21859805310395863
phase6v2-r08-load-medium-a01,LOAD_MEDIUM,8,8,D4-SM,LOAD,LOAD,1,1,0,0,,0,0,,1,1,,0,0,,0.02510865193048417
phase6v2-r08-output-downstream-a01,OUTPUT_DOWNSTREAM,8,8,D4-SM,OUTPUT+DOWNSTREAM,OUTPUT+DOWNSTREAM,2,2,0,0,,1,1,,0,0,,1,1,,1.3488432262523737
phase6v2-r08-input-downstream-a01,INPUT_DOWNSTREAM,8,8,D4-SM,INPUT+DOWNSTREAM,DOWNSTREAM,2,1,1,0,,0,0,,0,0,,1,1,,0.32375836975227124
phase6v2-r08-load-downstream-a01,LOAD_DOWNSTREAM,8,8,D4-SM,LOAD+DOWNSTREAM,LOAD+DOWNSTREAM,2,2,0,0,,0,0,,1,1,,1,1,,18.5196801571853
phase6v2-r08-output-load-control-a01,OUTPUT_LOAD_CONTROL,8,8,D4-SMT,LOAD,LOAD,1,1,0,0,,0,0,,1,1,,0,0,,1.593811896002011
phase6v2-r08-input-medium-a01,INPUT_MEDIUM,8,8,D4-SMT,INPUT,NONE,1,0,1,0,,0,0,,0,0,,0,0,,0.36562509426973355
phase6v2-r08-output-medium-a01,OUTPUT_MEDIUM,8,8,D4-SMT,OUTPUT,OUTPUT,1,1,0,0,,1,1,,0,0,,0,0,,0.6009098443206864
phase6v2-r08-output-control-a01,OUTPUT_CONTROL,8,8,D4-SMT,NONE,INPUT,0,1,0,1,,0,0,,0,0,,0,0,,0.24068020123445044
phase6v2-r08-baseline-a01,BASELINE,8,8,D4-SMT,NONE,INPUT+DOWNSTREAM,0,2,0,1,,0,0,,0,0,,0,1,,0.0037078585104699524
phase6v2-r08-input-load-a01,INPUT_LOAD,8,8,D4-SMT,INPUT+LOAD,OUTPUT+LOAD,2,2,1,0,,0,1,,1,1,,0,0,,5.2339783692048805
phase6v2-r08-output-load-a01,OUTPUT_LOAD,8,8,D4-SMT,OUTPUT+LOAD,OUTPUT+LOAD,2,2,0,0,,1,1,,1,1,,0,0,,7.18072014204439
phase6v2-r08-downstream-medium-a01,DOWNSTREAM_MEDIUM,8,8,D4-SMT,DOWNSTREAM,DOWNSTREAM,1,1,0,0,,0,0,,0,0,,1,1,,0.49333842464719435
phase6v2-r08-output-downstream-control-a01,OUTPUT_DOWNSTREAM_CONTROL,8,8,D4-SMT,DOWNSTREAM,DOWNSTREAM,1,1,0,0,,0,0,,0,0,,1,1,,0.5194036116262426
phase6v2-r08-load-medium-a01,LOAD_MEDIUM,8,8,D4-SMT,LOAD,LOAD,1,1,0,0,,0,0,,1,1,,0,0,,0.19501820994763008
phase6v2-r08-output-downstream-a01,OUTPUT_DOWNSTREAM,8,8,D4-SMT,OUTPUT+DOWNSTREAM,OUTPUT+DOWNSTREAM,2,2,0,0,,1,1,,0,0,,1,1,,5.1518257708937
phase6v2-r08-input-downstream-a01,INPUT_DOWNSTREAM,8,8,D4-SMT,INPUT+DOWNSTREAM,DOWNSTREAM,2,1,1,0,,0,0,,0,0,,1,1,,0.7772442019721897
phase6v2-r08-load-downstream-a01,LOAD_DOWNSTREAM,8,8,D4-SMT,LOAD+DOWNSTREAM,LOAD+DOWNSTREAM,2,2,0,0,,0,0,,1,1,,1,1,,12.060369299685295
phase6v2-r08-output-load-control-a01,OUTPUT_LOAD_CONTROL,8,8,D4-FULL,LOAD,LOAD,1,1,0,0,,0,0,,1,1,,0,0,,1.5922310295159186
phase6v2-r08-input-medium-a01,INPUT_MEDIUM,8,8,D4-FULL,INPUT,NONE,1,0,1,0,,0,0,,0,0,,0,0,,0.5398151198566998
phase6v2-r08-output-medium-a01,OUTPUT_MEDIUM,8,8,D4-FULL,OUTPUT,OUTPUT,1,1,0,0,,1,1,,0,0,,0,0,,1.3062608518147694
phase6v2-r08-output-control-a01,OUTPUT_CONTROL,8,8,D4-FULL,NONE,INPUT,0,1,0,1,,0,0,,0,0,,0,0,,0.24859717784209234
phase6v2-r08-baseline-a01,BASELINE,8,8,D4-FULL,NONE,INPUT+DOWNSTREAM,0,2,0,1,,0,0,,0,0,,0,1,,0.054489272536568656
phase6v2-r08-input-load-a01,INPUT_LOAD,8,8,D4-FULL,INPUT+LOAD,OUTPUT+LOAD,2,2,1,0,,0,1,,1,1,,0,0,,2.746373660597918
phase6v2-r08-output-load-a01,OUTPUT_LOAD,8,8,D4-FULL,OUTPUT+LOAD,OUTPUT+LOAD,2,2,0,0,,1,1,,1,1,,0,0,,5.274221096907308
phase6v2-r08-downstream-medium-a01,DOWNSTREAM_MEDIUM,8,8,D4-FULL,DOWNSTREAM,DOWNSTREAM,1,1,0,0,,0,0,,0,0,,1,1,,0.12374881799386905
phase6v2-r08-output-downstream-control-a01,OUTPUT_DOWNSTREAM_CONTROL,8,8,D4-FULL,DOWNSTREAM,DOWNSTREAM,1,1,0,0,,0,0,,0,0,,1,1,,1.078784520165856
phase6v2-r08-load-medium-a01,LOAD_MEDIUM,8,8,D4-FULL,LOAD,LOAD,1,1,0,0,,0,0,,1,1,,0,0,,0.045504082542954905
phase6v2-r08-output-downstream-a01,OUTPUT_DOWNSTREAM,8,8,D4-FULL,OUTPUT+DOWNSTREAM,OUTPUT+DOWNSTREAM,2,2,0,0,,1,1,,0,0,,1,1,,7.515843760690915
phase6v2-r08-input-downstream-a01,INPUT_DOWNSTREAM,8,8,D4-FULL,INPUT+DOWNSTREAM,DOWNSTREAM,2,1,1,0,,0,0,,0,0,,1,1,,0.9119042024952542
phase6v2-r08-load-downstream-a01,LOAD_DOWNSTREAM,8,8,D4-FULL,LOAD+DOWNSTREAM,LOAD+DOWNSTREAM,2,2,0,0,,0,0,,1,1,,1,1,,11.720520024965637
phase6v2-r08-output-load-control-a01,OUTPUT_LOAD_CONTROL,8,8,D4-FULL-F3,LOAD,LOAD,1,1,0,0,,0,0,,1,1,,0,0,,1.5922310295159186
phase6v2-r08-input-medium-a01,INPUT_MEDIUM,8,8,D4-FULL-F3,INPUT,INPUT,1,1,1,1,,0,0,,0,0,,0,0,,0.5398151198566998
phase6v2-r08-output-medium-a01,OUTPUT_MEDIUM,8,8,D4-FULL-F3,OUTPUT,OUTPUT,1,1,0,0,,1,1,,0,0,,0,0,,1.3062608518147694
phase6v2-r08-output-control-a01,OUTPUT_CONTROL,8,8,D4-FULL-F3,NONE,NONE,0,0,0,0,,0,0,,0,0,,0,0,,0.24859717784209234
phase6v2-r08-baseline-a01,BASELINE,8,8,D4-FULL-F3,NONE,INPUT+DOWNSTREAM,0,2,0,1,,0,0,,0,0,,0,1,,0.054489272536568656
phase6v2-r08-input-load-a01,INPUT_LOAD,8,8,D4-FULL-F3,INPUT+LOAD,OUTPUT+LOAD,2,2,1,0,,0,1,,1,1,,0,0,,2.746373660597918
phase6v2-r08-output-load-a01,OUTPUT_LOAD,8,8,D4-FULL-F3,OUTPUT+LOAD,OUTPUT+LOAD,2,2,0,0,,1,1,,1,1,,0,0,,5.274221096907308
phase6v2-r08-downstream-medium-a01,DOWNSTREAM_MEDIUM,8,8,D4-FULL-F3,DOWNSTREAM,DOWNSTREAM,1,1,0,0,,0,0,,0,0,,1,1,,0.12374881799386905
phase6v2-r08-output-downstream-control-a01,OUTPUT_DOWNSTREAM_CONTROL,8,8,D4-FULL-F3,DOWNSTREAM,DOWNSTREAM,1,1,0,0,,0,0,,0,0,,1,1,,1.078784520165856
phase6v2-r08-load-medium-a01,LOAD_MEDIUM,8,8,D4-FULL-F3,LOAD,LOAD,1,1,0,0,,0,0,,1,1,,0,0,,0.045504082542954905
phase6v2-r08-output-downstream-a01,OUTPUT_DOWNSTREAM,8,8,D4-FULL-F3,OUTPUT+DOWNSTREAM,OUTPUT+DOWNSTREAM,2,2,0,0,,1,1,,0,0,,1,1,,7.515843760690915
phase6v2-r08-input-downstream-a01,INPUT_DOWNSTREAM,8,8,D4-FULL-F3,INPUT+DOWNSTREAM,INPUT+DOWNSTREAM,2,2,1,1,,0,0,,0,0,,1,1,,0.9119042024952542
phase6v2-r08-load-downstream-a01,LOAD_DOWNSTREAM,8,8,D4-FULL-F3,LOAD+DOWNSTREAM,LOAD+DOWNSTREAM,2,2,0,0,,0,0,,1,1,,1,1,,11.720520024965637
