domain,method,degradation_family,severity,realization_seed,cause,precision,recall,f1,incremental_recall_loss_from_clean
source,M2/F2,clean,0,nan,INPUT,0.4444444444444444,0.3333333333333333,0.380952380952381,0.0
source,M2/F2,clean,0,nan,OUTPUT,1.0,0.9583333333333334,0.9787234042553191,0.0
source,M2/F2,clean,0,nan,LOAD,0.975609756097561,1.0,0.9876543209876543,0.0
source,M2/F2,clean,0,nan,DOWNSTREAM,1.0,1.0,1.0,0.0
source,M2/F2,missingness,0.1,8101.0,INPUT,0.4444444444444444,0.3333333333333333,0.380952380952381,0.0
source,M2/F2,missingness,0.1,8101.0,OUTPUT,1.0,0.8333333333333334,0.9090909090909091,0.125
source,M2/F2,missingness,0.1,8101.0,LOAD,0.975609756097561,1.0,0.9876543209876543,0.0
source,M2/F2,missingness,0.1,8101.0,DOWNSTREAM,1.0,1.0,1.0,0.0
source,M2/F2,missingness,0.1,8102.0,INPUT,0.38095238095238093,0.3333333333333333,0.35555555555555557,0.0
source,M2/F2,missingness,0.1,8102.0,OUTPUT,0.9130434782608695,0.875,0.8936170212765957,0.08333333333333337
source,M2/F2,missingness,0.1,8102.0,LOAD,0.975609756097561,1.0,0.9876543209876543,0.0
source,M2/F2,missingness,0.1,8102.0,DOWNSTREAM,1.0,1.0,1.0,0.0
source,M2/F2,missingness,0.1,8103.0,INPUT,0.38095238095238093,0.3333333333333333,0.35555555555555557,0.0
source,M2/F2,missingness,0.1,8103.0,OUTPUT,0.9565217391304348,0.9166666666666666,0.9361702127659574,0.04166666666666674
source,M2/F2,missingness,0.1,8103.0,LOAD,0.975609756097561,1.0,0.9876543209876543,0.0
source,M2/F2,missingness,0.1,8103.0,DOWNSTREAM,1.0,1.0,1.0,0.0
source,M2/F2,missingness,0.1,8104.0,INPUT,0.4,0.3333333333333333,0.3636363636363636,0.0
source,M2/F2,missingness,0.1,8104.0,OUTPUT,0.8636363636363636,0.7916666666666666,0.8260869565217391,0.16666666666666674
source,M2/F2,missingness,0.1,8104.0,LOAD,0.975609756097561,1.0,0.9876543209876543,0.0
source,M2/F2,missingness,0.1,8104.0,DOWNSTREAM,1.0,1.0,1.0,0.0
source,M2/F2,missingness,0.1,8105.0,INPUT,0.42857142857142855,0.375,0.39999999999999997,-0.041666666666666685
source,M2/F2,missingness,0.1,8105.0,OUTPUT,1.0,0.8333333333333334,0.9090909090909091,0.125
source,M2/F2,missingness,0.1,8105.0,LOAD,1.0,1.0,1.0,0.0
source,M2/F2,missingness,0.1,8105.0,DOWNSTREAM,1.0,1.0,1.0,0.0
source,M2/F2,missingness,0.1,8106.0,INPUT,0.47368421052631576,0.375,0.4186046511627907,-0.041666666666666685
source,M2/F2,missingness,0.1,8106.0,OUTPUT,0.9230769230769231,1.0,0.9600000000000001,-0.04166666666666663
source,M2/F2,missingness,0.1,8106.0,LOAD,0.975609756097561,1.0,0.9876543209876543,0.0
source,M2/F2,missingness,0.1,8106.0,DOWNSTREAM,1.0,1.0,1.0,0.0
source,M2/F2,missingness,0.1,8107.0,INPUT,0.47058823529411764,0.3333333333333333,0.39024390243902435,0.0
source,M2/F2,missingness,0.1,8107.0,OUTPUT,0.9545454545454546,0.875,0.9130434782608695,0.08333333333333337
source,M2/F2,missingness,0.1,8107.0,LOAD,0.975609756097561,1.0,0.9876543209876543,0.0
source,M2/F2,missingness,0.1,8107.0,DOWNSTREAM,1.0,1.0,1.0,0.0
source,M2/F2,missingness,0.1,8108.0,INPUT,0.5,0.4166666666666667,0.45454545454545453,-0.08333333333333337
source,M2/F2,missingness,0.1,8108.0,OUTPUT,0.9523809523809523,0.8333333333333334,0.888888888888889,0.125
source,M2/F2,missingness,0.1,8108.0,LOAD,0.975609756097561,1.0,0.9876543209876543,0.0
source,M2/F2,missingness,0.1,8108.0,DOWNSTREAM,1.0,1.0,1.0,0.0
source,M2/F2,missingness,0.1,8109.0,INPUT,0.44,0.4583333333333333,0.4489795918367347,-0.125
source,M2/F2,missingness,0.1,8109.0,OUTPUT,1.0,0.7916666666666666,0.8837209302325582,0.16666666666666674
source,M2/F2,missingness,0.1,8109.0,LOAD,1.0,1.0,1.0,0.0
source,M2/F2,missingness,0.1,8109.0,DOWNSTREAM,1.0,1.0,1.0,0.0
source,M2/F2,missingness,0.1,8110.0,INPUT,0.5,0.375,0.42857142857142855,-0.041666666666666685
source,M2/F2,missingness,0.1,8110.0,OUTPUT,0.9565217391304348,0.9166666666666666,0.9361702127659574,0.04166666666666674
source,M2/F2,missingness,0.1,8110.0,LOAD,0.975609756097561,1.0,0.9876543209876543,0.0
source,M2/F2,missingness,0.1,8110.0,DOWNSTREAM,1.0,1.0,1.0,0.0
source,M2/F2,missingness,0.25,8101.0,INPUT,0.46153846153846156,0.5,0.48000000000000004,-0.16666666666666669
source,M2/F2,missingness,0.25,8101.0,OUTPUT,0.8571428571428571,0.75,0.7999999999999999,0.20833333333333337
source,M2/F2,missingness,0.25,8101.0,LOAD,0.975,0.975,0.975,0.025000000000000022
source,M2/F2,missingness,0.25,8101.0,DOWNSTREAM,1.0,0.95,0.9743589743589743,0.050000000000000044
source,M2/F2,missingness,0.25,8102.0,INPUT,0.38095238095238093,0.3333333333333333,0.35555555555555557,0.0
source,M2/F2,missingness,0.25,8102.0,OUTPUT,0.8636363636363636,0.7916666666666666,0.8260869565217391,0.16666666666666674
source,M2/F2,missingness,0.25,8102.0,LOAD,0.975,0.975,0.975,0.025000000000000022
source,M2/F2,missingness,0.25,8102.0,DOWNSTREAM,1.0,0.975,0.9873417721518987,0.025000000000000022
source,M2/F2,missingness,0.25,8103.0,INPUT,0.34782608695652173,0.3333333333333333,0.3404255319148936,0.0
source,M2/F2,missingness,0.25,8103.0,OUTPUT,0.9411764705882353,0.6666666666666666,0.7804878048780487,0.29166666666666674
source,M2/F2,missingness,0.25,8103.0,LOAD,0.975609756097561,1.0,0.9876543209876543,0.0
source,M2/F2,missingness,0.25,8103.0,DOWNSTREAM,1.0,0.95,0.9743589743589743,0.050000000000000044
source,M2/F2,missingness,0.25,8104.0,INPUT,0.4090909090909091,0.375,0.3913043478260869,-0.041666666666666685
source,M2/F2,missingness,0.25,8104.0,OUTPUT,0.9,0.75,0.8181818181818182,0.20833333333333337
source,M2/F2,missingness,0.25,8104.0,LOAD,0.975609756097561,1.0,0.9876543209876543,0.0
source,M2/F2,missingness,0.25,8104.0,DOWNSTREAM,1.0,1.0,1.0,0.0
source,M2/F2,missingness,0.25,8105.0,INPUT,0.4090909090909091,0.375,0.3913043478260869,-0.041666666666666685
source,M2/F2,missingness,0.25,8105.0,OUTPUT,0.9473684210526315,0.75,0.8372093023255814,0.20833333333333337
source,M2/F2,missingness,0.25,8105.0,LOAD,1.0,1.0,1.0,0.0
source,M2/F2,missingness,0.25,8105.0,DOWNSTREAM,1.0,1.0,1.0,0.0
source,M2/F2,missingness,0.25,8106.0,INPUT,0.5714285714285714,0.5,0.5333333333333333,-0.16666666666666669
source,M2/F2,missingness,0.25,8106.0,OUTPUT,0.9090909090909091,0.8333333333333334,0.8695652173913043,0.125
source,M2/F2,missingness,0.25,8106.0,LOAD,0.975609756097561,1.0,0.9876543209876543,0.0
source,M2/F2,missingness,0.25,8106.0,DOWNSTREAM,1.0,0.95,0.9743589743589743,0.050000000000000044
source,M2/F2,missingness,0.25,8107.0,INPUT,0.42857142857142855,0.375,0.39999999999999997,-0.041666666666666685
source,M2/F2,missingness,0.25,8107.0,OUTPUT,0.9473684210526315,0.75,0.8372093023255814,0.20833333333333337
source,M2/F2,missingness,0.25,8107.0,LOAD,0.975609756097561,1.0,0.9876543209876543,0.0
source,M2/F2,missingness,0.25,8107.0,DOWNSTREAM,1.0,1.0,1.0,0.0
source,M2/F2,missingness,0.25,8108.0,INPUT,0.47619047619047616,0.4166666666666667,0.4444444444444445,-0.08333333333333337
source,M2/F2,missingness,0.25,8108.0,OUTPUT,0.9444444444444444,0.7083333333333334,0.8095238095238096,0.25
source,M2/F2,missingness,0.25,8108.0,LOAD,0.975,0.975,0.975,0.025000000000000022
source,M2/F2,missingness,0.25,8108.0,DOWNSTREAM,1.0,0.9,0.9473684210526316,0.09999999999999998
source,M2/F2,missingness,0.25,8109.0,INPUT,0.48,0.5,0.4897959183673469,-0.16666666666666669
source,M2/F2,missingness,0.25,8109.0,OUTPUT,0.8947368421052632,0.7083333333333334,0.7906976744186046,0.25
source,M2/F2,missingness,0.25,8109.0,LOAD,1.0,1.0,1.0,0.0
source,M2/F2,missingness,0.25,8109.0,DOWNSTREAM,1.0,0.95,0.9743589743589743,0.050000000000000044
source,M2/F2,missingness,0.25,8110.0,INPUT,0.4782608695652174,0.4583333333333333,0.4680851063829787,-0.125
source,M2/F2,missingness,0.25,8110.0,OUTPUT,0.9090909090909091,0.8333333333333334,0.8695652173913043,0.125
source,M2/F2,missingness,0.25,8110.0,LOAD,0.975609756097561,1.0,0.9876543209876543,0.0
source,M2/F2,missingness,0.25,8110.0,DOWNSTREAM,1.0,0.95,0.9743589743589743,0.050000000000000044
source,M2/F2,missingness,0.5,8101.0,INPUT,0.42424242424242425,0.5833333333333334,0.4912280701754386,-0.25000000000000006
source,M2/F2,missingness,0.5,8101.0,OUTPUT,0.8235294117647058,0.5833333333333334,0.6829268292682927,0.375
source,M2/F2,missingness,0.5,8101.0,LOAD,0.9743589743589743,0.95,0.9620253164556962,0.050000000000000044
source,M2/F2,missingness,0.5,8101.0,DOWNSTREAM,1.0,0.7,0.8235294117647058,0.30000000000000004
source,M2/F2,missingness,0.5,8102.0,INPUT,0.34615384615384615,0.375,0.35999999999999993,-0.041666666666666685
source,M2/F2,missingness,0.5,8102.0,OUTPUT,0.9333333333333333,0.5833333333333334,0.7179487179487181,0.375
source,M2/F2,missingness,0.5,8102.0,LOAD,0.972972972972973,0.9,0.935064935064935,0.09999999999999998
source,M2/F2,missingness,0.5,8102.0,DOWNSTREAM,1.0,0.725,0.8405797101449275,0.275
source,M2/F2,missingness,0.5,8103.0,INPUT,0.29411764705882354,0.4166666666666667,0.3448275862068966,-0.08333333333333337
source,M2/F2,missingness,0.5,8103.0,OUTPUT,1.0,0.5833333333333334,0.7368421052631579,0.375
source,M2/F2,missingness,0.5,8103.0,LOAD,0.9743589743589743,0.95,0.9620253164556962,0.050000000000000044
source,M2/F2,missingness,0.5,8103.0,DOWNSTREAM,1.0,0.7,0.8235294117647058,0.30000000000000004
source,M2/F2,missingness,0.5,8104.0,INPUT,0.37037037037037035,0.4166666666666667,0.39215686274509803,-0.08333333333333337
source,M2/F2,missingness,0.5,8104.0,OUTPUT,0.9333333333333333,0.5833333333333334,0.7179487179487181,0.375
source,M2/F2,missingness,0.5,8104.0,LOAD,1.0,0.975,0.9873417721518987,0.025000000000000022
source,M2/F2,missingness,0.5,8104.0,DOWNSTREAM,1.0,0.75,0.8571428571428571,0.25
source,M2/F2,missingness,0.5,8105.0,INPUT,0.25925925925925924,0.2916666666666667,0.27450980392156865,0.04166666666666663
source,M2/F2,missingness,0.5,8105.0,OUTPUT,0.9375,0.625,0.75,0.33333333333333337
source,M2/F2,missingness,0.5,8105.0,LOAD,1.0,0.975,0.9873417721518987,0.025000000000000022
source,M2/F2,missingness,0.5,8105.0,DOWNSTREAM,1.0,0.75,0.8571428571428571,0.25
source,M2/F2,missingness,0.5,8106.0,INPUT,0.375,0.5,0.42857142857142855,-0.16666666666666669
source,M2/F2,missingness,0.5,8106.0,OUTPUT,0.8461538461538461,0.4583333333333333,0.5945945945945945,0.5
source,M2/F2,missingness,0.5,8106.0,LOAD,1.0,0.925,0.961038961038961,0.07499999999999996
source,M2/F2,missingness,0.5,8106.0,DOWNSTREAM,1.0,0.625,0.7692307692307693,0.375
source,M2/F2,missingness,0.5,8107.0,INPUT,0.26666666666666666,0.3333333333333333,0.2962962962962963,0.0
source,M2/F2,missingness,0.5,8107.0,OUTPUT,1.0,0.5416666666666666,0.7027027027027027,0.41666666666666674
source,M2/F2,missingness,0.5,8107.0,LOAD,0.972972972972973,0.9,0.935064935064935,0.09999999999999998
source,M2/F2,missingness,0.5,8107.0,DOWNSTREAM,1.0,0.7,0.8235294117647058,0.30000000000000004
source,M2/F2,missingness,0.5,8108.0,INPUT,0.3448275862068966,0.4166666666666667,0.37735849056603776,-0.08333333333333337
source,M2/F2,missingness,0.5,8108.0,OUTPUT,0.8235294117647058,0.5833333333333334,0.6829268292682927,0.375
source,M2/F2,missingness,0.5,8108.0,LOAD,0.9736842105263158,0.925,0.9487179487179489,0.07499999999999996
source,M2/F2,missingness,0.5,8108.0,DOWNSTREAM,1.0,0.6,0.7499999999999999,0.4
source,M2/F2,missingness,0.5,8109.0,INPUT,0.48148148148148145,0.5416666666666666,0.5098039215686274,-0.20833333333333331
source,M2/F2,missingness,0.5,8109.0,OUTPUT,0.8823529411764706,0.625,0.7317073170731708,0.33333333333333337
source,M2/F2,missingness,0.5,8109.0,LOAD,1.0,0.9,0.9473684210526316,0.09999999999999998
source,M2/F2,missingness,0.5,8109.0,DOWNSTREAM,1.0,0.725,0.8405797101449275,0.275
source,M2/F2,missingness,0.5,8110.0,INPUT,0.36363636363636365,0.5,0.4210526315789474,-0.16666666666666669
source,M2/F2,missingness,0.5,8110.0,OUTPUT,0.9444444444444444,0.7083333333333334,0.8095238095238096,0.25
source,M2/F2,missingness,0.5,8110.0,LOAD,0.975609756097561,1.0,0.9876543209876543,0.0
source,M2/F2,missingness,0.5,8110.0,DOWNSTREAM,1.0,0.7,0.8235294117647058,0.30000000000000004
source,M2/F2,temporal_sampling,0.25,8301.0,INPUT,0.4444444444444444,0.3333333333333333,0.380952380952381,0.0
source,M2/F2,temporal_sampling,0.25,8301.0,OUTPUT,1.0,0.9583333333333334,0.9787234042553191,0.0
source,M2/F2,temporal_sampling,0.25,8301.0,LOAD,0.975609756097561,1.0,0.9876543209876543,0.0
source,M2/F2,temporal_sampling,0.25,8301.0,DOWNSTREAM,1.0,1.0,1.0,0.0
source,M2/F2,temporal_sampling,0.25,8302.0,INPUT,0.4444444444444444,0.3333333333333333,0.380952380952381,0.0
source,M2/F2,temporal_sampling,0.25,8302.0,OUTPUT,1.0,0.9583333333333334,0.9787234042553191,0.0
source,M2/F2,temporal_sampling,0.25,8302.0,LOAD,0.975609756097561,1.0,0.9876543209876543,0.0
source,M2/F2,temporal_sampling,0.25,8302.0,DOWNSTREAM,1.0,1.0,1.0,0.0
source,M2/F2,temporal_sampling,0.25,8303.0,INPUT,0.4444444444444444,0.3333333333333333,0.380952380952381,0.0
source,M2/F2,temporal_sampling,0.25,8303.0,OUTPUT,1.0,0.9583333333333334,0.9787234042553191,0.0
source,M2/F2,temporal_sampling,0.25,8303.0,LOAD,0.975609756097561,1.0,0.9876543209876543,0.0
source,M2/F2,temporal_sampling,0.25,8303.0,DOWNSTREAM,1.0,1.0,1.0,0.0
source,M2/F2,temporal_sampling,0.25,8304.0,INPUT,0.4444444444444444,0.3333333333333333,0.380952380952381,0.0
source,M2/F2,temporal_sampling,0.25,8304.0,OUTPUT,1.0,0.9583333333333334,0.9787234042553191,0.0
source,M2/F2,temporal_sampling,0.25,8304.0,LOAD,0.975609756097561,1.0,0.9876543209876543,0.0
source,M2/F2,temporal_sampling,0.25,8304.0,DOWNSTREAM,1.0,1.0,1.0,0.0
source,M2/F2,temporal_sampling,0.25,8305.0,INPUT,0.4444444444444444,0.3333333333333333,0.380952380952381,0.0
source,M2/F2,temporal_sampling,0.25,8305.0,OUTPUT,1.0,0.9583333333333334,0.9787234042553191,0.0
source,M2/F2,temporal_sampling,0.25,8305.0,LOAD,0.975609756097561,1.0,0.9876543209876543,0.0
source,M2/F2,temporal_sampling,0.25,8305.0,DOWNSTREAM,1.0,1.0,1.0,0.0
source,M2/F2,temporal_sampling,0.25,8306.0,INPUT,0.4444444444444444,0.3333333333333333,0.380952380952381,0.0
source,M2/F2,temporal_sampling,0.25,8306.0,OUTPUT,1.0,0.9583333333333334,0.9787234042553191,0.0
source,M2/F2,temporal_sampling,0.25,8306.0,LOAD,0.975609756097561,1.0,0.9876543209876543,0.0
source,M2/F2,temporal_sampling,0.25,8306.0,DOWNSTREAM,1.0,1.0,1.0,0.0
source,M2/F2,temporal_sampling,0.25,8307.0,INPUT,0.4444444444444444,0.3333333333333333,0.380952380952381,0.0
source,M2/F2,temporal_sampling,0.25,8307.0,OUTPUT,1.0,0.9583333333333334,0.9787234042553191,0.0
source,M2/F2,temporal_sampling,0.25,8307.0,LOAD,0.975609756097561,1.0,0.9876543209876543,0.0
source,M2/F2,temporal_sampling,0.25,8307.0,DOWNSTREAM,1.0,1.0,1.0,0.0
source,M2/F2,temporal_sampling,0.25,8308.0,INPUT,0.4444444444444444,0.3333333333333333,0.380952380952381,0.0
source,M2/F2,temporal_sampling,0.25,8308.0,OUTPUT,1.0,0.9583333333333334,0.9787234042553191,0.0
source,M2/F2,temporal_sampling,0.25,8308.0,LOAD,0.975609756097561,1.0,0.9876543209876543,0.0
source,M2/F2,temporal_sampling,0.25,8308.0,DOWNSTREAM,1.0,1.0,1.0,0.0
source,M2/F2,temporal_sampling,0.25,8309.0,INPUT,0.4444444444444444,0.3333333333333333,0.380952380952381,0.0
source,M2/F2,temporal_sampling,0.25,8309.0,OUTPUT,1.0,0.9583333333333334,0.9787234042553191,0.0
source,M2/F2,temporal_sampling,0.25,8309.0,LOAD,0.975609756097561,1.0,0.9876543209876543,0.0
source,M2/F2,temporal_sampling,0.25,8309.0,DOWNSTREAM,1.0,1.0,1.0,0.0
source,M2/F2,temporal_sampling,0.25,8310.0,INPUT,0.4444444444444444,0.3333333333333333,0.380952380952381,0.0
source,M2/F2,temporal_sampling,0.25,8310.0,OUTPUT,1.0,0.9583333333333334,0.9787234042553191,0.0
source,M2/F2,temporal_sampling,0.25,8310.0,LOAD,0.975609756097561,1.0,0.9876543209876543,0.0
source,M2/F2,temporal_sampling,0.25,8310.0,DOWNSTREAM,1.0,1.0,1.0,0.0
source,M2/F2,temporal_sampling,0.5,8301.0,INPUT,0.4444444444444444,0.3333333333333333,0.380952380952381,0.0
source,M2/F2,temporal_sampling,0.5,8301.0,OUTPUT,1.0,0.9583333333333334,0.9787234042553191,0.0
source,M2/F2,temporal_sampling,0.5,8301.0,LOAD,0.975609756097561,1.0,0.9876543209876543,0.0
source,M2/F2,temporal_sampling,0.5,8301.0,DOWNSTREAM,1.0,1.0,1.0,0.0
source,M2/F2,temporal_sampling,0.5,8302.0,INPUT,0.4444444444444444,0.3333333333333333,0.380952380952381,0.0
source,M2/F2,temporal_sampling,0.5,8302.0,OUTPUT,1.0,0.9583333333333334,0.9787234042553191,0.0
source,M2/F2,temporal_sampling,0.5,8302.0,LOAD,0.975609756097561,1.0,0.9876543209876543,0.0
source,M2/F2,temporal_sampling,0.5,8302.0,DOWNSTREAM,1.0,1.0,1.0,0.0
source,M2/F2,temporal_sampling,0.5,8303.0,INPUT,0.4444444444444444,0.3333333333333333,0.380952380952381,0.0
source,M2/F2,temporal_sampling,0.5,8303.0,OUTPUT,1.0,0.9583333333333334,0.9787234042553191,0.0
source,M2/F2,temporal_sampling,0.5,8303.0,LOAD,0.975609756097561,1.0,0.9876543209876543,0.0
source,M2/F2,temporal_sampling,0.5,8303.0,DOWNSTREAM,1.0,1.0,1.0,0.0
source,M2/F2,temporal_sampling,0.5,8304.0,INPUT,0.4444444444444444,0.3333333333333333,0.380952380952381,0.0
source,M2/F2,temporal_sampling,0.5,8304.0,OUTPUT,1.0,0.9583333333333334,0.9787234042553191,0.0
source,M2/F2,temporal_sampling,0.5,8304.0,LOAD,0.975609756097561,1.0,0.9876543209876543,0.0
source,M2/F2,temporal_sampling,0.5,8304.0,DOWNSTREAM,1.0,1.0,1.0,0.0
source,M2/F2,temporal_sampling,0.5,8305.0,INPUT,0.4444444444444444,0.3333333333333333,0.380952380952381,0.0
source,M2/F2,temporal_sampling,0.5,8305.0,OUTPUT,1.0,0.9583333333333334,0.9787234042553191,0.0
source,M2/F2,temporal_sampling,0.5,8305.0,LOAD,0.975609756097561,1.0,0.9876543209876543,0.0
source,M2/F2,temporal_sampling,0.5,8305.0,DOWNSTREAM,1.0,1.0,1.0,0.0
source,M2/F2,temporal_sampling,0.5,8306.0,INPUT,0.4444444444444444,0.3333333333333333,0.380952380952381,0.0
source,M2/F2,temporal_sampling,0.5,8306.0,OUTPUT,1.0,0.9583333333333334,0.9787234042553191,0.0
source,M2/F2,temporal_sampling,0.5,8306.0,LOAD,0.975609756097561,1.0,0.9876543209876543,0.0
source,M2/F2,temporal_sampling,0.5,8306.0,DOWNSTREAM,1.0,1.0,1.0,0.0
source,M2/F2,temporal_sampling,0.5,8307.0,INPUT,0.4444444444444444,0.3333333333333333,0.380952380952381,0.0
source,M2/F2,temporal_sampling,0.5,8307.0,OUTPUT,1.0,0.9583333333333334,0.9787234042553191,0.0
source,M2/F2,temporal_sampling,0.5,8307.0,LOAD,0.975609756097561,1.0,0.9876543209876543,0.0
source,M2/F2,temporal_sampling,0.5,8307.0,DOWNSTREAM,1.0,1.0,1.0,0.0
source,M2/F2,temporal_sampling,0.5,8308.0,INPUT,0.4444444444444444,0.3333333333333333,0.380952380952381,0.0
source,M2/F2,temporal_sampling,0.5,8308.0,OUTPUT,1.0,0.9583333333333334,0.9787234042553191,0.0
source,M2/F2,temporal_sampling,0.5,8308.0,LOAD,0.975609756097561,1.0,0.9876543209876543,0.0
source,M2/F2,temporal_sampling,0.5,8308.0,DOWNSTREAM,1.0,1.0,1.0,0.0
source,M2/F2,temporal_sampling,0.5,8309.0,INPUT,0.4444444444444444,0.3333333333333333,0.380952380952381,0.0
source,M2/F2,temporal_sampling,0.5,8309.0,OUTPUT,1.0,0.9583333333333334,0.9787234042553191,0.0
source,M2/F2,temporal_sampling,0.5,8309.0,LOAD,0.975609756097561,1.0,0.9876543209876543,0.0
source,M2/F2,temporal_sampling,0.5,8309.0,DOWNSTREAM,1.0,1.0,1.0,0.0
source,M2/F2,temporal_sampling,0.5,8310.0,INPUT,0.4444444444444444,0.3333333333333333,0.380952380952381,0.0
source,M2/F2,temporal_sampling,0.5,8310.0,OUTPUT,1.0,0.9583333333333334,0.9787234042553191,0.0
source,M2/F2,temporal_sampling,0.5,8310.0,LOAD,0.975609756097561,1.0,0.9876543209876543,0.0
source,M2/F2,temporal_sampling,0.5,8310.0,DOWNSTREAM,1.0,1.0,1.0,0.0
source,M2/F2,temporal_sampling,0.75,8301.0,INPUT,0.4444444444444444,0.3333333333333333,0.380952380952381,0.0
source,M2/F2,temporal_sampling,0.75,8301.0,OUTPUT,1.0,0.9583333333333334,0.9787234042553191,0.0
source,M2/F2,temporal_sampling,0.75,8301.0,LOAD,0.975609756097561,1.0,0.9876543209876543,0.0
source,M2/F2,temporal_sampling,0.75,8301.0,DOWNSTREAM,1.0,1.0,1.0,0.0
source,M2/F2,temporal_sampling,0.75,8302.0,INPUT,0.4444444444444444,0.3333333333333333,0.380952380952381,0.0
source,M2/F2,temporal_sampling,0.75,8302.0,OUTPUT,1.0,0.9583333333333334,0.9787234042553191,0.0
source,M2/F2,temporal_sampling,0.75,8302.0,LOAD,0.975609756097561,1.0,0.9876543209876543,0.0
source,M2/F2,temporal_sampling,0.75,8302.0,DOWNSTREAM,1.0,1.0,1.0,0.0
source,M2/F2,temporal_sampling,0.75,8303.0,INPUT,0.4444444444444444,0.3333333333333333,0.380952380952381,0.0
source,M2/F2,temporal_sampling,0.75,8303.0,OUTPUT,1.0,0.9583333333333334,0.9787234042553191,0.0
source,M2/F2,temporal_sampling,0.75,8303.0,LOAD,0.975609756097561,1.0,0.9876543209876543,0.0
source,M2/F2,temporal_sampling,0.75,8303.0,DOWNSTREAM,1.0,1.0,1.0,0.0
source,M2/F2,temporal_sampling,0.75,8304.0,INPUT,0.4444444444444444,0.3333333333333333,0.380952380952381,0.0
source,M2/F2,temporal_sampling,0.75,8304.0,OUTPUT,1.0,0.9583333333333334,0.9787234042553191,0.0
source,M2/F2,temporal_sampling,0.75,8304.0,LOAD,0.975609756097561,1.0,0.9876543209876543,0.0
source,M2/F2,temporal_sampling,0.75,8304.0,DOWNSTREAM,1.0,1.0,1.0,0.0
source,M2/F2,temporal_sampling,0.75,8305.0,INPUT,0.4444444444444444,0.3333333333333333,0.380952380952381,0.0
source,M2/F2,temporal_sampling,0.75,8305.0,OUTPUT,1.0,0.9583333333333334,0.9787234042553191,0.0
source,M2/F2,temporal_sampling,0.75,8305.0,LOAD,0.975609756097561,1.0,0.9876543209876543,0.0
source,M2/F2,temporal_sampling,0.75,8305.0,DOWNSTREAM,1.0,1.0,1.0,0.0
source,M2/F2,temporal_sampling,0.75,8306.0,INPUT,0.4444444444444444,0.3333333333333333,0.380952380952381,0.0
source,M2/F2,temporal_sampling,0.75,8306.0,OUTPUT,1.0,0.9583333333333334,0.9787234042553191,0.0
source,M2/F2,temporal_sampling,0.75,8306.0,LOAD,0.975609756097561,1.0,0.9876543209876543,0.0
source,M2/F2,temporal_sampling,0.75,8306.0,DOWNSTREAM,1.0,1.0,1.0,0.0
source,M2/F2,temporal_sampling,0.75,8307.0,INPUT,0.4444444444444444,0.3333333333333333,0.380952380952381,0.0
source,M2/F2,temporal_sampling,0.75,8307.0,OUTPUT,1.0,0.9583333333333334,0.9787234042553191,0.0
source,M2/F2,temporal_sampling,0.75,8307.0,LOAD,0.975609756097561,1.0,0.9876543209876543,0.0
source,M2/F2,temporal_sampling,0.75,8307.0,DOWNSTREAM,1.0,1.0,1.0,0.0
source,M2/F2,temporal_sampling,0.75,8308.0,INPUT,0.4444444444444444,0.3333333333333333,0.380952380952381,0.0
source,M2/F2,temporal_sampling,0.75,8308.0,OUTPUT,1.0,0.9583333333333334,0.9787234042553191,0.0
source,M2/F2,temporal_sampling,0.75,8308.0,LOAD,0.975609756097561,1.0,0.9876543209876543,0.0
source,M2/F2,temporal_sampling,0.75,8308.0,DOWNSTREAM,1.0,1.0,1.0,0.0
source,M2/F2,temporal_sampling,0.75,8309.0,INPUT,0.4444444444444444,0.3333333333333333,0.380952380952381,0.0
source,M2/F2,temporal_sampling,0.75,8309.0,OUTPUT,1.0,0.9583333333333334,0.9787234042553191,0.0
source,M2/F2,temporal_sampling,0.75,8309.0,LOAD,0.975609756097561,1.0,0.9876543209876543,0.0
source,M2/F2,temporal_sampling,0.75,8309.0,DOWNSTREAM,1.0,1.0,1.0,0.0
source,M2/F2,temporal_sampling,0.75,8310.0,INPUT,0.4444444444444444,0.3333333333333333,0.380952380952381,0.0
source,M2/F2,temporal_sampling,0.75,8310.0,OUTPUT,1.0,0.9583333333333334,0.9787234042553191,0.0
source,M2/F2,temporal_sampling,0.75,8310.0,LOAD,0.975609756097561,1.0,0.9876543209876543,0.0
source,M2/F2,temporal_sampling,0.75,8310.0,DOWNSTREAM,1.0,1.0,1.0,0.0
source,M2/F2,noise,0.1,8501.0,INPUT,0.4,0.3333333333333333,0.3636363636363636,0.0
source,M2/F2,noise,0.1,8501.0,OUTPUT,1.0,0.9583333333333334,0.9787234042553191,0.0
source,M2/F2,noise,0.1,8501.0,LOAD,0.975609756097561,1.0,0.9876543209876543,0.0
source,M2/F2,noise,0.1,8501.0,DOWNSTREAM,1.0,1.0,1.0,0.0
source,M2/F2,noise,0.1,8502.0,INPUT,0.4,0.3333333333333333,0.3636363636363636,0.0
source,M2/F2,noise,0.1,8502.0,OUTPUT,1.0,0.9583333333333334,0.9787234042553191,0.0
source,M2/F2,noise,0.1,8502.0,LOAD,0.975609756097561,1.0,0.9876543209876543,0.0
source,M2/F2,noise,0.1,8502.0,DOWNSTREAM,1.0,1.0,1.0,0.0
source,M2/F2,noise,0.1,8503.0,INPUT,0.42105263157894735,0.3333333333333333,0.372093023255814,0.0
source,M2/F2,noise,0.1,8503.0,OUTPUT,1.0,0.9583333333333334,0.9787234042553191,0.0
source,M2/F2,noise,0.1,8503.0,LOAD,0.975609756097561,1.0,0.9876543209876543,0.0
source,M2/F2,noise,0.1,8503.0,DOWNSTREAM,1.0,1.0,1.0,0.0
source,M2/F2,noise,0.1,8504.0,INPUT,0.42105263157894735,0.3333333333333333,0.372093023255814,0.0
source,M2/F2,noise,0.1,8504.0,OUTPUT,1.0,0.9583333333333334,0.9787234042553191,0.0
source,M2/F2,noise,0.1,8504.0,LOAD,0.975609756097561,1.0,0.9876543209876543,0.0
source,M2/F2,noise,0.1,8504.0,DOWNSTREAM,1.0,1.0,1.0,0.0
source,M2/F2,noise,0.1,8505.0,INPUT,0.4444444444444444,0.3333333333333333,0.380952380952381,0.0
source,M2/F2,noise,0.1,8505.0,OUTPUT,1.0,0.9583333333333334,0.9787234042553191,0.0
source,M2/F2,noise,0.1,8505.0,LOAD,0.975609756097561,1.0,0.9876543209876543,0.0
source,M2/F2,noise,0.1,8505.0,DOWNSTREAM,1.0,1.0,1.0,0.0
source,M2/F2,noise,0.1,8506.0,INPUT,0.4444444444444444,0.3333333333333333,0.380952380952381,0.0
source,M2/F2,noise,0.1,8506.0,OUTPUT,1.0,0.9583333333333334,0.9787234042553191,0.0
source,M2/F2,noise,0.1,8506.0,LOAD,0.975609756097561,1.0,0.9876543209876543,0.0
source,M2/F2,noise,0.1,8506.0,DOWNSTREAM,1.0,1.0,1.0,0.0
source,M2/F2,noise,0.1,8507.0,INPUT,0.4444444444444444,0.3333333333333333,0.380952380952381,0.0
source,M2/F2,noise,0.1,8507.0,OUTPUT,1.0,0.9583333333333334,0.9787234042553191,0.0
source,M2/F2,noise,0.1,8507.0,LOAD,0.975609756097561,1.0,0.9876543209876543,0.0
source,M2/F2,noise,0.1,8507.0,DOWNSTREAM,1.0,1.0,1.0,0.0
source,M2/F2,noise,0.1,8508.0,INPUT,0.42105263157894735,0.3333333333333333,0.372093023255814,0.0
source,M2/F2,noise,0.1,8508.0,OUTPUT,1.0,0.9583333333333334,0.9787234042553191,0.0
source,M2/F2,noise,0.1,8508.0,LOAD,0.975609756097561,1.0,0.9876543209876543,0.0
source,M2/F2,noise,0.1,8508.0,DOWNSTREAM,1.0,1.0,1.0,0.0
source,M2/F2,noise,0.1,8509.0,INPUT,0.38095238095238093,0.3333333333333333,0.35555555555555557,0.0
source,M2/F2,noise,0.1,8509.0,OUTPUT,1.0,0.9583333333333334,0.9787234042553191,0.0
source,M2/F2,noise,0.1,8509.0,LOAD,0.975609756097561,1.0,0.9876543209876543,0.0
source,M2/F2,noise,0.1,8509.0,DOWNSTREAM,1.0,1.0,1.0,0.0
source,M2/F2,noise,0.1,8510.0,INPUT,0.42105263157894735,0.3333333333333333,0.372093023255814,0.0
source,M2/F2,noise,0.1,8510.0,OUTPUT,1.0,0.9583333333333334,0.9787234042553191,0.0
source,M2/F2,noise,0.1,8510.0,LOAD,0.975609756097561,1.0,0.9876543209876543,0.0
source,M2/F2,noise,0.1,8510.0,DOWNSTREAM,1.0,1.0,1.0,0.0
source,M2/F2,noise,0.25,8501.0,INPUT,0.5,0.375,0.42857142857142855,-0.041666666666666685
source,M2/F2,noise,0.25,8501.0,OUTPUT,1.0,0.9583333333333334,0.9787234042553191,0.0
source,M2/F2,noise,0.25,8501.0,LOAD,0.975609756097561,1.0,0.9876543209876543,0.0
source,M2/F2,noise,0.25,8501.0,DOWNSTREAM,1.0,1.0,1.0,0.0
source,M2/F2,noise,0.25,8502.0,INPUT,0.42105263157894735,0.3333333333333333,0.372093023255814,0.0
source,M2/F2,noise,0.25,8502.0,OUTPUT,1.0,0.9583333333333334,0.9787234042553191,0.0
source,M2/F2,noise,0.25,8502.0,LOAD,0.975609756097561,1.0,0.9876543209876543,0.0
source,M2/F2,noise,0.25,8502.0,DOWNSTREAM,1.0,1.0,1.0,0.0
source,M2/F2,noise,0.25,8503.0,INPUT,0.42105263157894735,0.3333333333333333,0.372093023255814,0.0
source,M2/F2,noise,0.25,8503.0,OUTPUT,1.0,0.9166666666666666,0.9565217391304348,0.04166666666666674
source,M2/F2,noise,0.25,8503.0,LOAD,0.975609756097561,1.0,0.9876543209876543,0.0
source,M2/F2,noise,0.25,8503.0,DOWNSTREAM,1.0,1.0,1.0,0.0
source,M2/F2,noise,0.25,8504.0,INPUT,0.3888888888888889,0.2916666666666667,0.3333333333333333,0.04166666666666663
source,M2/F2,noise,0.25,8504.0,OUTPUT,1.0,1.0,1.0,-0.04166666666666663
source,M2/F2,noise,0.25,8504.0,LOAD,0.975609756097561,1.0,0.9876543209876543,0.0
source,M2/F2,noise,0.25,8504.0,DOWNSTREAM,1.0,1.0,1.0,0.0
source,M2/F2,noise,0.25,8505.0,INPUT,0.4117647058823529,0.2916666666666667,0.34146341463414637,0.04166666666666663
source,M2/F2,noise,0.25,8505.0,OUTPUT,1.0,0.9583333333333334,0.9787234042553191,0.0
source,M2/F2,noise,0.25,8505.0,LOAD,0.975609756097561,1.0,0.9876543209876543,0.0
source,M2/F2,noise,0.25,8505.0,DOWNSTREAM,1.0,1.0,1.0,0.0
source,M2/F2,noise,0.25,8506.0,INPUT,0.47368421052631576,0.375,0.4186046511627907,-0.041666666666666685
source,M2/F2,noise,0.25,8506.0,OUTPUT,1.0,0.9583333333333334,0.9787234042553191,0.0
source,M2/F2,noise,0.25,8506.0,LOAD,0.975609756097561,1.0,0.9876543209876543,0.0
source,M2/F2,noise,0.25,8506.0,DOWNSTREAM,1.0,1.0,1.0,0.0
source,M2/F2,noise,0.25,8507.0,INPUT,0.5,0.3333333333333333,0.4,0.0
source,M2/F2,noise,0.25,8507.0,OUTPUT,1.0,1.0,1.0,-0.04166666666666663
source,M2/F2,noise,0.25,8507.0,LOAD,0.975609756097561,1.0,0.9876543209876543,0.0
source,M2/F2,noise,0.25,8507.0,DOWNSTREAM,1.0,1.0,1.0,0.0
source,M2/F2,noise,0.25,8508.0,INPUT,0.42105263157894735,0.3333333333333333,0.372093023255814,0.0
source,M2/F2,noise,0.25,8508.0,OUTPUT,1.0,0.9583333333333334,0.9787234042553191,0.0
source,M2/F2,noise,0.25,8508.0,LOAD,0.975609756097561,1.0,0.9876543209876543,0.0
source,M2/F2,noise,0.25,8508.0,DOWNSTREAM,1.0,1.0,1.0,0.0
source,M2/F2,noise,0.25,8509.0,INPUT,0.42105263157894735,0.3333333333333333,0.372093023255814,0.0
source,M2/F2,noise,0.25,8509.0,OUTPUT,1.0,0.9583333333333334,0.9787234042553191,0.0
source,M2/F2,noise,0.25,8509.0,LOAD,0.975609756097561,1.0,0.9876543209876543,0.0
source,M2/F2,noise,0.25,8509.0,DOWNSTREAM,1.0,1.0,1.0,0.0
source,M2/F2,noise,0.25,8510.0,INPUT,0.42105263157894735,0.3333333333333333,0.372093023255814,0.0
source,M2/F2,noise,0.25,8510.0,OUTPUT,1.0,0.9583333333333334,0.9787234042553191,0.0
source,M2/F2,noise,0.25,8510.0,LOAD,0.975609756097561,1.0,0.9876543209876543,0.0
source,M2/F2,noise,0.25,8510.0,DOWNSTREAM,1.0,1.0,1.0,0.0
source,M2/F2,noise,0.5,8501.0,INPUT,0.4,0.3333333333333333,0.3636363636363636,0.0
source,M2/F2,noise,0.5,8501.0,OUTPUT,1.0,0.9583333333333334,0.9787234042553191,0.0
source,M2/F2,noise,0.5,8501.0,LOAD,0.975609756097561,1.0,0.9876543209876543,0.0
source,M2/F2,noise,0.5,8501.0,DOWNSTREAM,1.0,1.0,1.0,0.0
source,M2/F2,noise,0.5,8502.0,INPUT,0.3888888888888889,0.2916666666666667,0.3333333333333333,0.04166666666666663
source,M2/F2,noise,0.5,8502.0,OUTPUT,0.9583333333333334,0.9583333333333334,0.9583333333333334,0.0
source,M2/F2,noise,0.5,8502.0,LOAD,0.975609756097561,1.0,0.9876543209876543,0.0
source,M2/F2,noise,0.5,8502.0,DOWNSTREAM,1.0,1.0,1.0,0.0
source,M2/F2,noise,0.5,8503.0,INPUT,0.5789473684210527,0.4583333333333333,0.5116279069767442,-0.125
source,M2/F2,noise,0.5,8503.0,OUTPUT,1.0,0.9166666666666666,0.9565217391304348,0.04166666666666674
source,M2/F2,noise,0.5,8503.0,LOAD,0.9523809523809523,1.0,0.975609756097561,0.0
source,M2/F2,noise,0.5,8503.0,DOWNSTREAM,1.0,1.0,1.0,0.0
source,M2/F2,noise,0.5,8504.0,INPUT,0.35294117647058826,0.25,0.2926829268292683,0.08333333333333331
source,M2/F2,noise,0.5,8504.0,OUTPUT,1.0,0.9583333333333334,0.9787234042553191,0.0
source,M2/F2,noise,0.5,8504.0,LOAD,0.975609756097561,1.0,0.9876543209876543,0.0
source,M2/F2,noise,0.5,8504.0,DOWNSTREAM,1.0,1.0,1.0,0.0
source,M2/F2,noise,0.5,8505.0,INPUT,0.47058823529411764,0.3333333333333333,0.39024390243902435,0.0
source,M2/F2,noise,0.5,8505.0,OUTPUT,1.0,1.0,1.0,-0.04166666666666663
source,M2/F2,noise,0.5,8505.0,LOAD,0.975609756097561,1.0,0.9876543209876543,0.0
source,M2/F2,noise,0.5,8505.0,DOWNSTREAM,1.0,1.0,1.0,0.0
source,M2/F2,noise,0.5,8506.0,INPUT,0.4444444444444444,0.3333333333333333,0.380952380952381,0.0
source,M2/F2,noise,0.5,8506.0,OUTPUT,0.9583333333333334,0.9583333333333334,0.9583333333333334,0.0
source,M2/F2,noise,0.5,8506.0,LOAD,0.975609756097561,1.0,0.9876543209876543,0.0
source,M2/F2,noise,0.5,8506.0,DOWNSTREAM,1.0,1.0,1.0,0.0
source,M2/F2,noise,0.5,8507.0,INPUT,0.6666666666666666,0.3333333333333333,0.4444444444444444,0.0
source,M2/F2,noise,0.5,8507.0,OUTPUT,1.0,0.9583333333333334,0.9787234042553191,0.0
source,M2/F2,noise,0.5,8507.0,LOAD,0.975609756097561,1.0,0.9876543209876543,0.0
source,M2/F2,noise,0.5,8507.0,DOWNSTREAM,1.0,1.0,1.0,0.0
source,M2/F2,noise,0.5,8508.0,INPUT,0.5,0.3333333333333333,0.4,0.0
source,M2/F2,noise,0.5,8508.0,OUTPUT,1.0,0.9166666666666666,0.9565217391304348,0.04166666666666674
source,M2/F2,noise,0.5,8508.0,LOAD,0.9523809523809523,1.0,0.975609756097561,0.0
source,M2/F2,noise,0.5,8508.0,DOWNSTREAM,1.0,1.0,1.0,0.0
source,M2/F2,noise,0.5,8509.0,INPUT,0.3333333333333333,0.25,0.28571428571428575,0.08333333333333331
source,M2/F2,noise,0.5,8509.0,OUTPUT,1.0,0.9583333333333334,0.9787234042553191,0.0
source,M2/F2,noise,0.5,8509.0,LOAD,0.975609756097561,1.0,0.9876543209876543,0.0
source,M2/F2,noise,0.5,8509.0,DOWNSTREAM,1.0,1.0,1.0,0.0
source,M2/F2,noise,0.5,8510.0,INPUT,0.4117647058823529,0.2916666666666667,0.34146341463414637,0.04166666666666663
source,M2/F2,noise,0.5,8510.0,OUTPUT,1.0,0.9166666666666666,0.9565217391304348,0.04166666666666674
source,M2/F2,noise,0.5,8510.0,LOAD,0.975609756097561,1.0,0.9876543209876543,0.0
source,M2/F2,noise,0.5,8510.0,DOWNSTREAM,1.0,1.0,1.0,0.0
source,M2/F2,delay,1,nan,INPUT,0.4444444444444444,0.3333333333333333,0.380952380952381,0.0
source,M2/F2,delay,1,nan,OUTPUT,1.0,0.9583333333333334,0.9787234042553191,0.0
source,M2/F2,delay,1,nan,LOAD,0.975609756097561,1.0,0.9876543209876543,0.0
source,M2/F2,delay,1,nan,DOWNSTREAM,1.0,1.0,1.0,0.0
source,M2/F2,delay,3,nan,INPUT,0.4444444444444444,0.3333333333333333,0.380952380952381,0.0
source,M2/F2,delay,3,nan,OUTPUT,1.0,0.9583333333333334,0.9787234042553191,0.0
source,M2/F2,delay,3,nan,LOAD,0.975609756097561,1.0,0.9876543209876543,0.0
source,M2/F2,delay,3,nan,DOWNSTREAM,1.0,1.0,1.0,0.0
source,M2/F2,delay,5,nan,INPUT,0.4444444444444444,0.3333333333333333,0.380952380952381,0.0
source,M2/F2,delay,5,nan,OUTPUT,1.0,0.9583333333333334,0.9787234042553191,0.0
source,M2/F2,delay,5,nan,LOAD,0.975609756097561,1.0,0.9876543209876543,0.0
source,M2/F2,delay,5,nan,DOWNSTREAM,1.0,1.0,1.0,0.0
source,M2/F2,channel_loss,C1_HOST_CPU,nan,INPUT,0.4444444444444444,0.3333333333333333,0.380952380952381,0.0
source,M2/F2,channel_loss,C1_HOST_CPU,nan,OUTPUT,1.0,1.0,1.0,-0.04166666666666663
source,M2/F2,channel_loss,C1_HOST_CPU,nan,LOAD,1.0,1.0,1.0,0.0
source,M2/F2,channel_loss,C1_HOST_CPU,nan,DOWNSTREAM,1.0,1.0,1.0,0.0
source,M2/F2,channel_loss,C2_DEPENDENCY,nan,INPUT,0.47058823529411764,0.6666666666666666,0.5517241379310345,-0.3333333333333333
source,M2/F2,channel_loss,C2_DEPENDENCY,nan,OUTPUT,1.0,0.9583333333333334,0.9787234042553191,0.0
source,M2/F2,channel_loss,C2_DEPENDENCY,nan,LOAD,0.975609756097561,1.0,0.9876543209876543,0.0
source,M2/F2,channel_loss,C2_DEPENDENCY,nan,DOWNSTREAM,0.0,0.0,0.0,1.0
source,M2/F2,channel_loss,C3_TRACE_SPAN,nan,INPUT,0.5357142857142857,0.625,0.576923076923077,-0.2916666666666667
source,M2/F2,channel_loss,C3_TRACE_SPAN,nan,OUTPUT,1.0,0.6666666666666666,0.8,0.29166666666666674
source,M2/F2,channel_loss,C3_TRACE_SPAN,nan,LOAD,0.975609756097561,1.0,0.9876543209876543,0.0
source,M2/F2,channel_loss,C3_TRACE_SPAN,nan,DOWNSTREAM,1.0,0.7,0.8235294117647058,0.30000000000000004
source,M2/F2,channel_loss,C4_TEMPORAL_EVOLUTION,nan,INPUT,0.4444444444444444,0.3333333333333333,0.380952380952381,0.0
source,M2/F2,channel_loss,C4_TEMPORAL_EVOLUTION,nan,OUTPUT,1.0,0.9583333333333334,0.9787234042553191,0.0
source,M2/F2,channel_loss,C4_TEMPORAL_EVOLUTION,nan,LOAD,0.975609756097561,1.0,0.9876543209876543,0.0
source,M2/F2,channel_loss,C4_TEMPORAL_EVOLUTION,nan,DOWNSTREAM,1.0,1.0,1.0,0.0
source,M2/F2,channel_loss,C5_THROUGHPUT_SCHEDULER,nan,INPUT,0.4444444444444444,0.3333333333333333,0.380952380952381,0.0
source,M2/F2,channel_loss,C5_THROUGHPUT_SCHEDULER,nan,OUTPUT,1.0,0.9583333333333334,0.9787234042553191,0.0
source,M2/F2,channel_loss,C5_THROUGHPUT_SCHEDULER,nan,LOAD,0.975609756097561,1.0,0.9876543209876543,0.0
source,M2/F2,channel_loss,C5_THROUGHPUT_SCHEDULER,nan,DOWNSTREAM,1.0,1.0,1.0,0.0
source,M2/F2,channel_loss,C6_LATENCY_P95,nan,INPUT,0.4375,0.5833333333333334,0.5,-0.25000000000000006
source,M2/F2,channel_loss,C6_LATENCY_P95,nan,OUTPUT,0.75,1.0,0.8571428571428571,-0.04166666666666663
source,M2/F2,channel_loss,C6_LATENCY_P95,nan,LOAD,0.975609756097561,1.0,0.9876543209876543,0.0
source,M2/F2,channel_loss,C6_LATENCY_P95,nan,DOWNSTREAM,1.0,1.0,1.0,0.0
source,M2/F2,channel_loss,C7_MEDIAN_LATENCY,nan,INPUT,0.36363636363636365,0.3333333333333333,0.34782608695652173,0.0
source,M2/F2,channel_loss,C7_MEDIAN_LATENCY,nan,OUTPUT,1.0,0.625,0.7692307692307693,0.33333333333333337
source,M2/F2,channel_loss,C7_MEDIAN_LATENCY,nan,LOAD,0.975609756097561,1.0,0.9876543209876543,0.0
source,M2/F2,channel_loss,C7_MEDIAN_LATENCY,nan,DOWNSTREAM,1.0,1.0,1.0,0.0
source,M2/F2T,clean,0,nan,INPUT,0.875,0.875,0.875,0.0
source,M2/F2T,clean,0,nan,OUTPUT,1.0,0.875,0.9333333333333333,0.0
source,M2/F2T,clean,0,nan,LOAD,1.0,1.0,1.0,0.0
source,M2/F2T,clean,0,nan,DOWNSTREAM,1.0,1.0,1.0,0.0
source,M2/F2T,missingness,0.1,8101.0,INPUT,0.76,0.7916666666666666,0.7755102040816326,0.08333333333333337
source,M2/F2T,missingness,0.1,8101.0,OUTPUT,1.0,0.9166666666666666,0.9565217391304348,-0.04166666666666663
source,M2/F2T,missingness,0.1,8101.0,LOAD,1.0,1.0,1.0,0.0
source,M2/F2T,missingness,0.1,8101.0,DOWNSTREAM,1.0,1.0,1.0,0.0
source,M2/F2T,missingness,0.1,8102.0,INPUT,0.7307692307692307,0.7916666666666666,0.76,0.08333333333333337
source,M2/F2T,missingness,0.1,8102.0,OUTPUT,1.0,0.9166666666666666,0.9565217391304348,-0.04166666666666663
source,M2/F2T,missingness,0.1,8102.0,LOAD,1.0,1.0,1.0,0.0
source,M2/F2T,missingness,0.1,8102.0,DOWNSTREAM,1.0,1.0,1.0,0.0
source,M2/F2T,missingness,0.1,8103.0,INPUT,0.7307692307692307,0.7916666666666666,0.76,0.08333333333333337
source,M2/F2T,missingness,0.1,8103.0,OUTPUT,1.0,0.8333333333333334,0.9090909090909091,0.04166666666666663
source,M2/F2T,missingness,0.1,8103.0,LOAD,1.0,1.0,1.0,0.0
source,M2/F2T,missingness,0.1,8103.0,DOWNSTREAM,1.0,1.0,1.0,0.0
source,M2/F2T,missingness,0.1,8104.0,INPUT,0.75,0.75,0.75,0.125
source,M2/F2T,missingness,0.1,8104.0,OUTPUT,0.9523809523809523,0.8333333333333334,0.888888888888889,0.04166666666666663
source,M2/F2T,missingness,0.1,8104.0,LOAD,1.0,1.0,1.0,0.0
source,M2/F2T,missingness,0.1,8104.0,DOWNSTREAM,1.0,1.0,1.0,0.0
source,M2/F2T,missingness,0.1,8105.0,INPUT,0.7857142857142857,0.9166666666666666,0.8461538461538461,-0.04166666666666663
source,M2/F2T,missingness,0.1,8105.0,OUTPUT,1.0,0.9166666666666666,0.9565217391304348,-0.04166666666666663
source,M2/F2T,missingness,0.1,8105.0,LOAD,1.0,1.0,1.0,0.0
source,M2/F2T,missingness,0.1,8105.0,DOWNSTREAM,1.0,1.0,1.0,0.0
source,M2/F2T,missingness,0.1,8106.0,INPUT,0.76,0.7916666666666666,0.7755102040816326,0.08333333333333337
source,M2/F2T,missingness,0.1,8106.0,OUTPUT,1.0,0.875,0.9333333333333333,0.0
source,M2/F2T,missingness,0.1,8106.0,LOAD,1.0,1.0,1.0,0.0
source,M2/F2T,missingness,0.1,8106.0,DOWNSTREAM,1.0,1.0,1.0,0.0
source,M2/F2T,missingness,0.1,8107.0,INPUT,0.7037037037037037,0.7916666666666666,0.7450980392156864,0.08333333333333337
source,M2/F2T,missingness,0.1,8107.0,OUTPUT,1.0,0.875,0.9333333333333333,0.0
source,M2/F2T,missingness,0.1,8107.0,LOAD,1.0,1.0,1.0,0.0
source,M2/F2T,missingness,0.1,8107.0,DOWNSTREAM,1.0,1.0,1.0,0.0
source,M2/F2T,missingness,0.1,8108.0,INPUT,0.8571428571428571,0.75,0.7999999999999999,0.125
source,M2/F2T,missingness,0.1,8108.0,OUTPUT,1.0,0.8333333333333334,0.9090909090909091,0.04166666666666663
source,M2/F2T,missingness,0.1,8108.0,LOAD,1.0,1.0,1.0,0.0
source,M2/F2T,missingness,0.1,8108.0,DOWNSTREAM,1.0,1.0,1.0,0.0
source,M2/F2T,missingness,0.1,8109.0,INPUT,0.8275862068965517,1.0,0.9056603773584906,-0.125
source,M2/F2T,missingness,0.1,8109.0,OUTPUT,0.9565217391304348,0.9166666666666666,0.9361702127659574,-0.04166666666666663
source,M2/F2T,missingness,0.1,8109.0,LOAD,1.0,1.0,1.0,0.0
source,M2/F2T,missingness,0.1,8109.0,DOWNSTREAM,1.0,1.0,1.0,0.0
source,M2/F2T,missingness,0.1,8110.0,INPUT,0.76,0.7916666666666666,0.7755102040816326,0.08333333333333337
source,M2/F2T,missingness,0.1,8110.0,OUTPUT,1.0,0.875,0.9333333333333333,0.0
source,M2/F2T,missingness,0.1,8110.0,LOAD,1.0,1.0,1.0,0.0
source,M2/F2T,missingness,0.1,8110.0,DOWNSTREAM,1.0,1.0,1.0,0.0
source,M2/F2T,missingness,0.25,8101.0,INPUT,0.5925925925925926,0.6666666666666666,0.627450980392157,0.20833333333333337
source,M2/F2T,missingness,0.25,8101.0,OUTPUT,0.9090909090909091,0.8333333333333334,0.8695652173913043,0.04166666666666663
source,M2/F2T,missingness,0.25,8101.0,LOAD,1.0,1.0,1.0,0.0
source,M2/F2T,missingness,0.25,8101.0,DOWNSTREAM,1.0,1.0,1.0,0.0
source,M2/F2T,missingness,0.25,8102.0,INPUT,0.5161290322580645,0.6666666666666666,0.5818181818181819,0.20833333333333337
source,M2/F2T,missingness,0.25,8102.0,OUTPUT,0.96,1.0,0.9795918367346939,-0.125
source,M2/F2T,missingness,0.25,8102.0,LOAD,1.0,1.0,1.0,0.0
source,M2/F2T,missingness,0.25,8102.0,DOWNSTREAM,1.0,1.0,1.0,0.0
source,M2/F2T,missingness,0.25,8103.0,INPUT,0.53125,0.7083333333333334,0.6071428571428571,0.16666666666666663
source,M2/F2T,missingness,0.25,8103.0,OUTPUT,1.0,0.8333333333333334,0.9090909090909091,0.04166666666666663
source,M2/F2T,missingness,0.25,8103.0,LOAD,1.0,1.0,1.0,0.0
source,M2/F2T,missingness,0.25,8103.0,DOWNSTREAM,1.0,1.0,1.0,0.0
source,M2/F2T,missingness,0.25,8104.0,INPUT,0.6333333333333333,0.7916666666666666,0.7037037037037038,0.08333333333333337
source,M2/F2T,missingness,0.25,8104.0,OUTPUT,1.0,0.8333333333333334,0.9090909090909091,0.04166666666666663
source,M2/F2T,missingness,0.25,8104.0,LOAD,1.0,1.0,1.0,0.0
source,M2/F2T,missingness,0.25,8104.0,DOWNSTREAM,1.0,1.0,1.0,0.0
source,M2/F2T,missingness,0.25,8105.0,INPUT,0.6060606060606061,0.8333333333333334,0.7017543859649124,0.04166666666666663
source,M2/F2T,missingness,0.25,8105.0,OUTPUT,0.9545454545454546,0.875,0.9130434782608695,0.0
source,M2/F2T,missingness,0.25,8105.0,LOAD,1.0,1.0,1.0,0.0
source,M2/F2T,missingness,0.25,8105.0,DOWNSTREAM,1.0,1.0,1.0,0.0
source,M2/F2T,missingness,0.25,8106.0,INPUT,0.7142857142857143,0.8333333333333334,0.7692307692307692,0.04166666666666663
source,M2/F2T,missingness,0.25,8106.0,OUTPUT,0.95,0.7916666666666666,0.8636363636363635,0.08333333333333337
source,M2/F2T,missingness,0.25,8106.0,LOAD,1.0,1.0,1.0,0.0
source,M2/F2T,missingness,0.25,8106.0,DOWNSTREAM,1.0,1.0,1.0,0.0
source,M2/F2T,missingness,0.25,8107.0,INPUT,0.5588235294117647,0.7916666666666666,0.6551724137931034,0.08333333333333337
source,M2/F2T,missingness,0.25,8107.0,OUTPUT,1.0,0.8333333333333334,0.9090909090909091,0.04166666666666663
source,M2/F2T,missingness,0.25,8107.0,LOAD,1.0,1.0,1.0,0.0
source,M2/F2T,missingness,0.25,8107.0,DOWNSTREAM,1.0,0.975,0.9873417721518987,0.025000000000000022
source,M2/F2T,missingness,0.25,8108.0,INPUT,0.6071428571428571,0.7083333333333334,0.6538461538461539,0.16666666666666663
source,M2/F2T,missingness,0.25,8108.0,OUTPUT,1.0,0.75,0.8571428571428571,0.125
source,M2/F2T,missingness,0.25,8108.0,LOAD,1.0,1.0,1.0,0.0
source,M2/F2T,missingness,0.25,8108.0,DOWNSTREAM,1.0,0.95,0.9743589743589743,0.050000000000000044
source,M2/F2T,missingness,0.25,8109.0,INPUT,0.7142857142857143,0.8333333333333334,0.7692307692307692,0.04166666666666663
source,M2/F2T,missingness,0.25,8109.0,OUTPUT,0.9130434782608695,0.875,0.8936170212765957,0.0
source,M2/F2T,missingness,0.25,8109.0,LOAD,1.0,1.0,1.0,0.0
source,M2/F2T,missingness,0.25,8109.0,DOWNSTREAM,1.0,1.0,1.0,0.0
source,M2/F2T,missingness,0.25,8110.0,INPUT,0.6666666666666666,0.8333333333333334,0.7407407407407408,0.04166666666666663
source,M2/F2T,missingness,0.25,8110.0,OUTPUT,1.0,0.7916666666666666,0.8837209302325582,0.08333333333333337
source,M2/F2T,missingness,0.25,8110.0,LOAD,1.0,1.0,1.0,0.0
source,M2/F2T,missingness,0.25,8110.0,DOWNSTREAM,1.0,1.0,1.0,0.0
source,M2/F2T,missingness,0.5,8101.0,INPUT,0.3902439024390244,0.6666666666666666,0.4923076923076923,0.20833333333333337
source,M2/F2T,missingness,0.5,8101.0,OUTPUT,0.9090909090909091,0.8333333333333334,0.8695652173913043,0.04166666666666663
source,M2/F2T,missingness,0.5,8101.0,LOAD,1.0,0.975,0.9873417721518987,0.025000000000000022
source,M2/F2T,missingness,0.5,8101.0,DOWNSTREAM,1.0,0.95,0.9743589743589743,0.050000000000000044
source,M2/F2T,missingness,0.5,8102.0,INPUT,0.39473684210526316,0.625,0.48387096774193544,0.25
source,M2/F2T,missingness,0.5,8102.0,OUTPUT,0.95,0.7916666666666666,0.8636363636363635,0.08333333333333337
source,M2/F2T,missingness,0.5,8102.0,LOAD,1.0,0.975,0.9873417721518987,0.025000000000000022
source,M2/F2T,missingness,0.5,8102.0,DOWNSTREAM,1.0,0.825,0.9041095890410958,0.17500000000000004
source,M2/F2T,missingness,0.5,8103.0,INPUT,0.42857142857142855,0.75,0.5454545454545454,0.125
source,M2/F2T,missingness,0.5,8103.0,OUTPUT,0.9444444444444444,0.7083333333333334,0.8095238095238096,0.16666666666666663
source,M2/F2T,missingness,0.5,8103.0,LOAD,1.0,1.0,1.0,0.0
source,M2/F2T,missingness,0.5,8103.0,DOWNSTREAM,1.0,0.85,0.9189189189189189,0.15000000000000002
source,M2/F2T,missingness,0.5,8104.0,INPUT,0.41304347826086957,0.7916666666666666,0.5428571428571429,0.08333333333333337
source,M2/F2T,missingness,0.5,8104.0,OUTPUT,1.0,0.6666666666666666,0.8,0.20833333333333337
source,M2/F2T,missingness,0.5,8104.0,LOAD,1.0,0.975,0.9873417721518987,0.025000000000000022
source,M2/F2T,missingness,0.5,8104.0,DOWNSTREAM,1.0,0.85,0.9189189189189189,0.15000000000000002
source,M2/F2T,missingness,0.5,8105.0,INPUT,0.38095238095238093,0.6666666666666666,0.4848484848484849,0.20833333333333337
source,M2/F2T,missingness,0.5,8105.0,OUTPUT,1.0,0.875,0.9333333333333333,0.0
source,M2/F2T,missingness,0.5,8105.0,LOAD,1.0,0.975,0.9873417721518987,0.025000000000000022
source,M2/F2T,missingness,0.5,8105.0,DOWNSTREAM,1.0,0.725,0.8405797101449275,0.275
source,M2/F2T,missingness,0.5,8106.0,INPUT,0.4,0.6666666666666666,0.5,0.20833333333333337
source,M2/F2T,missingness,0.5,8106.0,OUTPUT,0.9444444444444444,0.7083333333333334,0.8095238095238096,0.16666666666666663
source,M2/F2T,missingness,0.5,8106.0,LOAD,1.0,0.975,0.9873417721518987,0.025000000000000022
source,M2/F2T,missingness,0.5,8106.0,DOWNSTREAM,0.9714285714285714,0.85,0.9066666666666667,0.15000000000000002
source,M2/F2T,missingness,0.5,8107.0,INPUT,0.38461538461538464,0.625,0.4761904761904762,0.25
source,M2/F2T,missingness,0.5,8107.0,OUTPUT,0.9473684210526315,0.75,0.8372093023255814,0.125
source,M2/F2T,missingness,0.5,8107.0,LOAD,1.0,1.0,1.0,0.0
source,M2/F2T,missingness,0.5,8107.0,DOWNSTREAM,1.0,0.75,0.8571428571428571,0.25
source,M2/F2T,missingness,0.5,8108.0,INPUT,0.3404255319148936,0.6666666666666666,0.4507042253521127,0.20833333333333337
source,M2/F2T,missingness,0.5,8108.0,OUTPUT,1.0,0.625,0.7692307692307693,0.25
source,M2/F2T,missingness,0.5,8108.0,LOAD,1.0,0.975,0.9873417721518987,0.025000000000000022
source,M2/F2T,missingness,0.5,8108.0,DOWNSTREAM,1.0,0.825,0.9041095890410958,0.17500000000000004
source,M2/F2T,missingness,0.5,8109.0,INPUT,0.47058823529411764,0.6666666666666666,0.5517241379310345,0.20833333333333337
source,M2/F2T,missingness,0.5,8109.0,OUTPUT,1.0,0.7916666666666666,0.8837209302325582,0.08333333333333337
source,M2/F2T,missingness,0.5,8109.0,LOAD,1.0,0.95,0.9743589743589743,0.050000000000000044
source,M2/F2T,missingness,0.5,8109.0,DOWNSTREAM,0.972972972972973,0.9,0.935064935064935,0.09999999999999998
source,M2/F2T,missingness,0.5,8110.0,INPUT,0.3684210526315789,0.5833333333333334,0.4516129032258065,0.29166666666666663
source,M2/F2T,missingness,0.5,8110.0,OUTPUT,0.9444444444444444,0.7083333333333334,0.8095238095238096,0.16666666666666663
source,M2/F2T,missingness,0.5,8110.0,LOAD,1.0,0.975,0.9873417721518987,0.025000000000000022
source,M2/F2T,missingness,0.5,8110.0,DOWNSTREAM,0.9705882352941176,0.825,0.8918918918918919,0.17500000000000004
source,M2/F2T,temporal_sampling,0.25,8301.0,INPUT,0.5789473684210527,0.9166666666666666,0.7096774193548387,-0.04166666666666663
source,M2/F2T,temporal_sampling,0.25,8301.0,OUTPUT,1.0,0.9583333333333334,0.9787234042553191,-0.08333333333333337
source,M2/F2T,temporal_sampling,0.25,8301.0,LOAD,1.0,1.0,1.0,0.0
source,M2/F2T,temporal_sampling,0.25,8301.0,DOWNSTREAM,0.9523809523809523,1.0,0.975609756097561,0.0
source,M2/F2T,temporal_sampling,0.25,8302.0,INPUT,0.5238095238095238,0.9166666666666666,0.6666666666666667,-0.04166666666666663
source,M2/F2T,temporal_sampling,0.25,8302.0,OUTPUT,0.92,0.9583333333333334,0.9387755102040817,-0.08333333333333337
source,M2/F2T,temporal_sampling,0.25,8302.0,LOAD,1.0,1.0,1.0,0.0
source,M2/F2T,temporal_sampling,0.25,8302.0,DOWNSTREAM,0.9090909090909091,1.0,0.9523809523809523,0.0
source,M2/F2T,temporal_sampling,0.25,8303.0,INPUT,0.45652173913043476,0.875,0.6,0.0
source,M2/F2T,temporal_sampling,0.25,8303.0,OUTPUT,0.9230769230769231,1.0,0.9600000000000001,-0.125
source,M2/F2T,temporal_sampling,0.25,8303.0,LOAD,1.0,1.0,1.0,0.0
source,M2/F2T,temporal_sampling,0.25,8303.0,DOWNSTREAM,0.9523809523809523,1.0,0.975609756097561,0.0
source,M2/F2T,temporal_sampling,0.25,8304.0,INPUT,0.5526315789473685,0.875,0.6774193548387096,0.0
source,M2/F2T,temporal_sampling,0.25,8304.0,OUTPUT,1.0,0.9166666666666666,0.9565217391304348,-0.04166666666666663
source,M2/F2T,temporal_sampling,0.25,8304.0,LOAD,1.0,1.0,1.0,0.0
source,M2/F2T,temporal_sampling,0.25,8304.0,DOWNSTREAM,0.9523809523809523,1.0,0.975609756097561,0.0
source,M2/F2T,temporal_sampling,0.25,8305.0,INPUT,0.5135135135135135,0.7916666666666666,0.6229508196721311,0.08333333333333337
source,M2/F2T,temporal_sampling,0.25,8305.0,OUTPUT,0.9090909090909091,0.8333333333333334,0.8695652173913043,0.04166666666666663
source,M2/F2T,temporal_sampling,0.25,8305.0,LOAD,1.0,1.0,1.0,0.0
source,M2/F2T,temporal_sampling,0.25,8305.0,DOWNSTREAM,0.9302325581395349,1.0,0.963855421686747,0.0
source,M2/F2T,temporal_sampling,0.25,8306.0,INPUT,0.6052631578947368,0.9583333333333334,0.7419354838709677,-0.08333333333333337
source,M2/F2T,temporal_sampling,0.25,8306.0,OUTPUT,0.96,1.0,0.9795918367346939,-0.125
source,M2/F2T,temporal_sampling,0.25,8306.0,LOAD,1.0,1.0,1.0,0.0
source,M2/F2T,temporal_sampling,0.25,8306.0,DOWNSTREAM,0.9090909090909091,1.0,0.9523809523809523,0.0
source,M2/F2T,temporal_sampling,0.25,8307.0,INPUT,0.45454545454545453,0.8333333333333334,0.5882352941176471,0.04166666666666663
source,M2/F2T,temporal_sampling,0.25,8307.0,OUTPUT,0.9565217391304348,0.9166666666666666,0.9361702127659574,-0.04166666666666663
source,M2/F2T,temporal_sampling,0.25,8307.0,LOAD,1.0,1.0,1.0,0.0
source,M2/F2T,temporal_sampling,0.25,8307.0,DOWNSTREAM,0.9523809523809523,1.0,0.975609756097561,0.0
source,M2/F2T,temporal_sampling,0.25,8308.0,INPUT,0.48717948717948717,0.7916666666666666,0.6031746031746031,0.08333333333333337
source,M2/F2T,temporal_sampling,0.25,8308.0,OUTPUT,0.92,0.9583333333333334,0.9387755102040817,-0.08333333333333337
source,M2/F2T,temporal_sampling,0.25,8308.0,LOAD,1.0,1.0,1.0,0.0
source,M2/F2T,temporal_sampling,0.25,8308.0,DOWNSTREAM,0.851063829787234,1.0,0.9195402298850576,0.0
source,M2/F2T,temporal_sampling,0.25,8309.0,INPUT,0.5111111111111111,0.9583333333333334,0.6666666666666666,-0.08333333333333337
source,M2/F2T,temporal_sampling,0.25,8309.0,OUTPUT,0.9583333333333334,0.9583333333333334,0.9583333333333334,-0.08333333333333337
source,M2/F2T,temporal_sampling,0.25,8309.0,LOAD,1.0,1.0,1.0,0.0
source,M2/F2T,temporal_sampling,0.25,8309.0,DOWNSTREAM,0.9302325581395349,1.0,0.963855421686747,0.0
source,M2/F2T,temporal_sampling,0.25,8310.0,INPUT,0.5,0.875,0.6363636363636364,0.0
source,M2/F2T,temporal_sampling,0.25,8310.0,OUTPUT,1.0,0.9583333333333334,0.9787234042553191,-0.08333333333333337
source,M2/F2T,temporal_sampling,0.25,8310.0,LOAD,1.0,1.0,1.0,0.0
source,M2/F2T,temporal_sampling,0.25,8310.0,DOWNSTREAM,0.975609756097561,1.0,0.9876543209876543,0.0
source,M2/F2T,temporal_sampling,0.5,8301.0,INPUT,0.5588235294117647,0.7916666666666666,0.6551724137931034,0.08333333333333337
source,M2/F2T,temporal_sampling,0.5,8301.0,OUTPUT,1.0,0.9583333333333334,0.9787234042553191,-0.08333333333333337
source,M2/F2T,temporal_sampling,0.5,8301.0,LOAD,1.0,1.0,1.0,0.0
source,M2/F2T,temporal_sampling,0.5,8301.0,DOWNSTREAM,1.0,1.0,1.0,0.0
source,M2/F2T,temporal_sampling,0.5,8302.0,INPUT,0.68,0.7083333333333334,0.6938775510204083,0.16666666666666663
source,M2/F2T,temporal_sampling,0.5,8302.0,OUTPUT,0.9545454545454546,0.875,0.9130434782608695,0.0
source,M2/F2T,temporal_sampling,0.5,8302.0,LOAD,1.0,1.0,1.0,0.0
source,M2/F2T,temporal_sampling,0.5,8302.0,DOWNSTREAM,1.0,1.0,1.0,0.0
source,M2/F2T,temporal_sampling,0.5,8303.0,INPUT,0.7916666666666666,0.7916666666666666,0.7916666666666666,0.08333333333333337
source,M2/F2T,temporal_sampling,0.5,8303.0,OUTPUT,1.0,0.875,0.9333333333333333,0.0
source,M2/F2T,temporal_sampling,0.5,8303.0,LOAD,1.0,1.0,1.0,0.0
source,M2/F2T,temporal_sampling,0.5,8303.0,DOWNSTREAM,1.0,1.0,1.0,0.0
source,M2/F2T,temporal_sampling,0.5,8304.0,INPUT,0.6060606060606061,0.8333333333333334,0.7017543859649124,0.04166666666666663
source,M2/F2T,temporal_sampling,0.5,8304.0,OUTPUT,1.0,0.8333333333333334,0.9090909090909091,0.04166666666666663
source,M2/F2T,temporal_sampling,0.5,8304.0,LOAD,1.0,1.0,1.0,0.0
source,M2/F2T,temporal_sampling,0.5,8304.0,DOWNSTREAM,1.0,1.0,1.0,0.0
source,M2/F2T,temporal_sampling,0.5,8305.0,INPUT,0.6,0.75,0.6666666666666665,0.125
source,M2/F2T,temporal_sampling,0.5,8305.0,OUTPUT,1.0,0.9583333333333334,0.9787234042553191,-0.08333333333333337
source,M2/F2T,temporal_sampling,0.5,8305.0,LOAD,1.0,1.0,1.0,0.0
source,M2/F2T,temporal_sampling,0.5,8305.0,DOWNSTREAM,1.0,1.0,1.0,0.0
source,M2/F2T,temporal_sampling,0.5,8306.0,INPUT,0.6071428571428571,0.7083333333333334,0.6538461538461539,0.16666666666666663
source,M2/F2T,temporal_sampling,0.5,8306.0,OUTPUT,1.0,0.9166666666666666,0.9565217391304348,-0.04166666666666663
source,M2/F2T,temporal_sampling,0.5,8306.0,LOAD,1.0,1.0,1.0,0.0
source,M2/F2T,temporal_sampling,0.5,8306.0,DOWNSTREAM,1.0,1.0,1.0,0.0
source,M2/F2T,temporal_sampling,0.5,8307.0,INPUT,0.5806451612903226,0.75,0.6545454545454547,0.125
source,M2/F2T,temporal_sampling,0.5,8307.0,OUTPUT,1.0,1.0,1.0,-0.125
source,M2/F2T,temporal_sampling,0.5,8307.0,LOAD,1.0,1.0,1.0,0.0
source,M2/F2T,temporal_sampling,0.5,8307.0,DOWNSTREAM,0.975609756097561,1.0,0.9876543209876543,0.0
source,M2/F2T,temporal_sampling,0.5,8308.0,INPUT,0.6923076923076923,0.75,0.7199999999999999,0.125
source,M2/F2T,temporal_sampling,0.5,8308.0,OUTPUT,1.0,0.875,0.9333333333333333,0.0
source,M2/F2T,temporal_sampling,0.5,8308.0,LOAD,1.0,1.0,1.0,0.0
source,M2/F2T,temporal_sampling,0.5,8308.0,DOWNSTREAM,0.975609756097561,1.0,0.9876543209876543,0.0
source,M2/F2T,temporal_sampling,0.5,8309.0,INPUT,0.59375,0.7916666666666666,0.6785714285714286,0.08333333333333337
source,M2/F2T,temporal_sampling,0.5,8309.0,OUTPUT,1.0,0.9166666666666666,0.9565217391304348,-0.04166666666666663
source,M2/F2T,temporal_sampling,0.5,8309.0,LOAD,1.0,1.0,1.0,0.0
source,M2/F2T,temporal_sampling,0.5,8309.0,DOWNSTREAM,1.0,1.0,1.0,0.0
source,M2/F2T,temporal_sampling,0.5,8310.0,INPUT,0.5652173913043478,0.5416666666666666,0.5531914893617021,0.33333333333333337
source,M2/F2T,temporal_sampling,0.5,8310.0,OUTPUT,1.0,0.875,0.9333333333333333,0.0
source,M2/F2T,temporal_sampling,0.5,8310.0,LOAD,1.0,1.0,1.0,0.0
source,M2/F2T,temporal_sampling,0.5,8310.0,DOWNSTREAM,1.0,1.0,1.0,0.0
source,M2/F2T,temporal_sampling,0.75,8301.0,INPUT,0.782608695652174,0.75,0.7659574468085107,0.125
source,M2/F2T,temporal_sampling,0.75,8301.0,OUTPUT,1.0,0.875,0.9333333333333333,0.0
source,M2/F2T,temporal_sampling,0.75,8301.0,LOAD,1.0,1.0,1.0,0.0
source,M2/F2T,temporal_sampling,0.75,8301.0,DOWNSTREAM,1.0,1.0,1.0,0.0
source,M2/F2T,temporal_sampling,0.75,8302.0,INPUT,0.8,0.6666666666666666,0.7272727272727272,0.20833333333333337
source,M2/F2T,temporal_sampling,0.75,8302.0,OUTPUT,1.0,0.875,0.9333333333333333,0.0
source,M2/F2T,temporal_sampling,0.75,8302.0,LOAD,1.0,1.0,1.0,0.0
source,M2/F2T,temporal_sampling,0.75,8302.0,DOWNSTREAM,1.0,1.0,1.0,0.0
source,M2/F2T,temporal_sampling,0.75,8303.0,INPUT,0.7037037037037037,0.7916666666666666,0.7450980392156864,0.08333333333333337
source,M2/F2T,temporal_sampling,0.75,8303.0,OUTPUT,1.0,0.9583333333333334,0.9787234042553191,-0.08333333333333337
source,M2/F2T,temporal_sampling,0.75,8303.0,LOAD,1.0,1.0,1.0,0.0
source,M2/F2T,temporal_sampling,0.75,8303.0,DOWNSTREAM,1.0,1.0,1.0,0.0
source,M2/F2T,temporal_sampling,0.75,8304.0,INPUT,0.8076923076923077,0.875,0.8400000000000001,0.0
source,M2/F2T,temporal_sampling,0.75,8304.0,OUTPUT,1.0,0.8333333333333334,0.9090909090909091,0.04166666666666663
source,M2/F2T,temporal_sampling,0.75,8304.0,LOAD,1.0,1.0,1.0,0.0
source,M2/F2T,temporal_sampling,0.75,8304.0,DOWNSTREAM,1.0,1.0,1.0,0.0
source,M2/F2T,temporal_sampling,0.75,8305.0,INPUT,0.6896551724137931,0.8333333333333334,0.7547169811320755,0.04166666666666663
source,M2/F2T,temporal_sampling,0.75,8305.0,OUTPUT,1.0,0.9166666666666666,0.9565217391304348,-0.04166666666666663
source,M2/F2T,temporal_sampling,0.75,8305.0,LOAD,1.0,1.0,1.0,0.0
source,M2/F2T,temporal_sampling,0.75,8305.0,DOWNSTREAM,1.0,1.0,1.0,0.0
source,M2/F2T,temporal_sampling,0.75,8306.0,INPUT,0.7391304347826086,0.7083333333333334,0.723404255319149,0.16666666666666663
source,M2/F2T,temporal_sampling,0.75,8306.0,OUTPUT,1.0,0.8333333333333334,0.9090909090909091,0.04166666666666663
source,M2/F2T,temporal_sampling,0.75,8306.0,LOAD,1.0,1.0,1.0,0.0
source,M2/F2T,temporal_sampling,0.75,8306.0,DOWNSTREAM,1.0,1.0,1.0,0.0
source,M2/F2T,temporal_sampling,0.75,8307.0,INPUT,0.6428571428571429,0.75,0.6923076923076924,0.125
source,M2/F2T,temporal_sampling,0.75,8307.0,OUTPUT,1.0,0.9166666666666666,0.9565217391304348,-0.04166666666666663
source,M2/F2T,temporal_sampling,0.75,8307.0,LOAD,1.0,1.0,1.0,0.0
source,M2/F2T,temporal_sampling,0.75,8307.0,DOWNSTREAM,1.0,1.0,1.0,0.0
source,M2/F2T,temporal_sampling,0.75,8308.0,INPUT,0.7619047619047619,0.6666666666666666,0.7111111111111111,0.20833333333333337
source,M2/F2T,temporal_sampling,0.75,8308.0,OUTPUT,1.0,0.7916666666666666,0.8837209302325582,0.08333333333333337
source,M2/F2T,temporal_sampling,0.75,8308.0,LOAD,1.0,1.0,1.0,0.0
source,M2/F2T,temporal_sampling,0.75,8308.0,DOWNSTREAM,1.0,1.0,1.0,0.0
source,M2/F2T,temporal_sampling,0.75,8309.0,INPUT,0.8260869565217391,0.7916666666666666,0.8085106382978724,0.08333333333333337
source,M2/F2T,temporal_sampling,0.75,8309.0,OUTPUT,1.0,0.8333333333333334,0.9090909090909091,0.04166666666666663
source,M2/F2T,temporal_sampling,0.75,8309.0,LOAD,1.0,1.0,1.0,0.0
source,M2/F2T,temporal_sampling,0.75,8309.0,DOWNSTREAM,1.0,1.0,1.0,0.0
source,M2/F2T,temporal_sampling,0.75,8310.0,INPUT,0.8,0.6666666666666666,0.7272727272727272,0.20833333333333337
source,M2/F2T,temporal_sampling,0.75,8310.0,OUTPUT,1.0,0.875,0.9333333333333333,0.0
source,M2/F2T,temporal_sampling,0.75,8310.0,LOAD,1.0,1.0,1.0,0.0
source,M2/F2T,temporal_sampling,0.75,8310.0,DOWNSTREAM,1.0,1.0,1.0,0.0
source,M2/F2T,noise,0.1,8501.0,INPUT,0.8571428571428571,1.0,0.923076923076923,-0.125
source,M2/F2T,noise,0.1,8501.0,OUTPUT,1.0,1.0,1.0,-0.125
source,M2/F2T,noise,0.1,8501.0,LOAD,1.0,1.0,1.0,0.0
source,M2/F2T,noise,0.1,8501.0,DOWNSTREAM,1.0,1.0,1.0,0.0
source,M2/F2T,noise,0.1,8502.0,INPUT,0.8275862068965517,1.0,0.9056603773584906,-0.125
source,M2/F2T,noise,0.1,8502.0,OUTPUT,1.0,0.9583333333333334,0.9787234042553191,-0.08333333333333337
source,M2/F2T,noise,0.1,8502.0,LOAD,1.0,1.0,1.0,0.0
source,M2/F2T,noise,0.1,8502.0,DOWNSTREAM,1.0,1.0,1.0,0.0
source,M2/F2T,noise,0.1,8503.0,INPUT,0.8571428571428571,1.0,0.923076923076923,-0.125
source,M2/F2T,noise,0.1,8503.0,OUTPUT,1.0,0.9583333333333334,0.9787234042553191,-0.08333333333333337
source,M2/F2T,noise,0.1,8503.0,LOAD,1.0,1.0,1.0,0.0
source,M2/F2T,noise,0.1,8503.0,DOWNSTREAM,1.0,1.0,1.0,0.0
source,M2/F2T,noise,0.1,8504.0,INPUT,0.8571428571428571,1.0,0.923076923076923,-0.125
source,M2/F2T,noise,0.1,8504.0,OUTPUT,1.0,1.0,1.0,-0.125
source,M2/F2T,noise,0.1,8504.0,LOAD,1.0,1.0,1.0,0.0
source,M2/F2T,noise,0.1,8504.0,DOWNSTREAM,1.0,1.0,1.0,0.0
source,M2/F2T,noise,0.1,8505.0,INPUT,0.8571428571428571,1.0,0.923076923076923,-0.125
source,M2/F2T,noise,0.1,8505.0,OUTPUT,1.0,0.9583333333333334,0.9787234042553191,-0.08333333333333337
source,M2/F2T,noise,0.1,8505.0,LOAD,1.0,1.0,1.0,0.0
source,M2/F2T,noise,0.1,8505.0,DOWNSTREAM,1.0,1.0,1.0,0.0
source,M2/F2T,noise,0.1,8506.0,INPUT,0.8571428571428571,1.0,0.923076923076923,-0.125
source,M2/F2T,noise,0.1,8506.0,OUTPUT,1.0,0.9583333333333334,0.9787234042553191,-0.08333333333333337
source,M2/F2T,noise,0.1,8506.0,LOAD,1.0,1.0,1.0,0.0
source,M2/F2T,noise,0.1,8506.0,DOWNSTREAM,1.0,1.0,1.0,0.0
source,M2/F2T,noise,0.1,8507.0,INPUT,0.8571428571428571,1.0,0.923076923076923,-0.125
source,M2/F2T,noise,0.1,8507.0,OUTPUT,1.0,0.9583333333333334,0.9787234042553191,-0.08333333333333337
source,M2/F2T,noise,0.1,8507.0,LOAD,1.0,1.0,1.0,0.0
source,M2/F2T,noise,0.1,8507.0,DOWNSTREAM,1.0,1.0,1.0,0.0
source,M2/F2T,noise,0.1,8508.0,INPUT,0.8275862068965517,1.0,0.9056603773584906,-0.125
source,M2/F2T,noise,0.1,8508.0,OUTPUT,1.0,0.9583333333333334,0.9787234042553191,-0.08333333333333337
source,M2/F2T,noise,0.1,8508.0,LOAD,1.0,1.0,1.0,0.0
source,M2/F2T,noise,0.1,8508.0,DOWNSTREAM,1.0,1.0,1.0,0.0
source,M2/F2T,noise,0.1,8509.0,INPUT,0.8275862068965517,1.0,0.9056603773584906,-0.125
source,M2/F2T,noise,0.1,8509.0,OUTPUT,1.0,1.0,1.0,-0.125
source,M2/F2T,noise,0.1,8509.0,LOAD,1.0,1.0,1.0,0.0
source,M2/F2T,noise,0.1,8509.0,DOWNSTREAM,1.0,1.0,1.0,0.0
source,M2/F2T,noise,0.1,8510.0,INPUT,0.8571428571428571,1.0,0.923076923076923,-0.125
source,M2/F2T,noise,0.1,8510.0,OUTPUT,1.0,1.0,1.0,-0.125
source,M2/F2T,noise,0.1,8510.0,LOAD,1.0,1.0,1.0,0.0
source,M2/F2T,noise,0.1,8510.0,DOWNSTREAM,1.0,1.0,1.0,0.0
source,M2/F2T,noise,0.25,8501.0,INPUT,0.7931034482758621,0.9583333333333334,0.8679245283018867,-0.08333333333333337
source,M2/F2T,noise,0.25,8501.0,OUTPUT,1.0,1.0,1.0,-0.125
source,M2/F2T,noise,0.25,8501.0,LOAD,1.0,1.0,1.0,0.0
source,M2/F2T,noise,0.25,8501.0,DOWNSTREAM,1.0,1.0,1.0,0.0
source,M2/F2T,noise,0.25,8502.0,INPUT,0.8,1.0,0.888888888888889,-0.125
source,M2/F2T,noise,0.25,8502.0,OUTPUT,1.0,0.9583333333333334,0.9787234042553191,-0.08333333333333337
source,M2/F2T,noise,0.25,8502.0,LOAD,1.0,1.0,1.0,0.0
source,M2/F2T,noise,0.25,8502.0,DOWNSTREAM,1.0,1.0,1.0,0.0
source,M2/F2T,noise,0.25,8503.0,INPUT,0.8,1.0,0.888888888888889,-0.125
source,M2/F2T,noise,0.25,8503.0,OUTPUT,1.0,0.9583333333333334,0.9787234042553191,-0.08333333333333337
source,M2/F2T,noise,0.25,8503.0,LOAD,1.0,1.0,1.0,0.0
source,M2/F2T,noise,0.25,8503.0,DOWNSTREAM,1.0,1.0,1.0,0.0
source,M2/F2T,noise,0.25,8504.0,INPUT,0.8571428571428571,1.0,0.923076923076923,-0.125
source,M2/F2T,noise,0.25,8504.0,OUTPUT,1.0,1.0,1.0,-0.125
source,M2/F2T,noise,0.25,8504.0,LOAD,1.0,1.0,1.0,0.0
source,M2/F2T,noise,0.25,8504.0,DOWNSTREAM,1.0,1.0,1.0,0.0
source,M2/F2T,noise,0.25,8505.0,INPUT,0.8518518518518519,0.9583333333333334,0.9019607843137256,-0.08333333333333337
source,M2/F2T,noise,0.25,8505.0,OUTPUT,1.0,0.9583333333333334,0.9787234042553191,-0.08333333333333337
source,M2/F2T,noise,0.25,8505.0,LOAD,1.0,1.0,1.0,0.0
source,M2/F2T,noise,0.25,8505.0,DOWNSTREAM,1.0,1.0,1.0,0.0
source,M2/F2T,noise,0.25,8506.0,INPUT,0.8518518518518519,0.9583333333333334,0.9019607843137256,-0.08333333333333337
source,M2/F2T,noise,0.25,8506.0,OUTPUT,1.0,0.9583333333333334,0.9787234042553191,-0.08333333333333337
source,M2/F2T,noise,0.25,8506.0,LOAD,1.0,1.0,1.0,0.0
source,M2/F2T,noise,0.25,8506.0,DOWNSTREAM,1.0,1.0,1.0,0.0
source,M2/F2T,noise,0.25,8507.0,INPUT,0.8461538461538461,0.9166666666666666,0.8799999999999999,-0.04166666666666663
source,M2/F2T,noise,0.25,8507.0,OUTPUT,1.0,0.9583333333333334,0.9787234042553191,-0.08333333333333337
source,M2/F2T,noise,0.25,8507.0,LOAD,1.0,1.0,1.0,0.0
source,M2/F2T,noise,0.25,8507.0,DOWNSTREAM,1.0,1.0,1.0,0.0
source,M2/F2T,noise,0.25,8508.0,INPUT,0.8214285714285714,0.9583333333333334,0.8846153846153847,-0.08333333333333337
source,M2/F2T,noise,0.25,8508.0,OUTPUT,1.0,0.9166666666666666,0.9565217391304348,-0.04166666666666663
source,M2/F2T,noise,0.25,8508.0,LOAD,1.0,1.0,1.0,0.0
source,M2/F2T,noise,0.25,8508.0,DOWNSTREAM,1.0,1.0,1.0,0.0
source,M2/F2T,noise,0.25,8509.0,INPUT,0.7931034482758621,0.9583333333333334,0.8679245283018867,-0.08333333333333337
source,M2/F2T,noise,0.25,8509.0,OUTPUT,1.0,0.9583333333333334,0.9787234042553191,-0.08333333333333337
source,M2/F2T,noise,0.25,8509.0,LOAD,1.0,1.0,1.0,0.0
source,M2/F2T,noise,0.25,8509.0,DOWNSTREAM,1.0,1.0,1.0,0.0
source,M2/F2T,noise,0.25,8510.0,INPUT,0.8518518518518519,0.9583333333333334,0.9019607843137256,-0.08333333333333337
source,M2/F2T,noise,0.25,8510.0,OUTPUT,1.0,0.9583333333333334,0.9787234042553191,-0.08333333333333337
source,M2/F2T,noise,0.25,8510.0,LOAD,1.0,1.0,1.0,0.0
source,M2/F2T,noise,0.25,8510.0,DOWNSTREAM,1.0,1.0,1.0,0.0
source,M2/F2T,noise,0.5,8501.0,INPUT,0.8076923076923077,0.875,0.8400000000000001,0.0
source,M2/F2T,noise,0.5,8501.0,OUTPUT,1.0,1.0,1.0,-0.125
source,M2/F2T,noise,0.5,8501.0,LOAD,1.0,1.0,1.0,0.0
source,M2/F2T,noise,0.5,8501.0,DOWNSTREAM,1.0,1.0,1.0,0.0
source,M2/F2T,noise,0.5,8502.0,INPUT,0.7931034482758621,0.9583333333333334,0.8679245283018867,-0.08333333333333337
source,M2/F2T,noise,0.5,8502.0,OUTPUT,1.0,0.9166666666666666,0.9565217391304348,-0.04166666666666663
source,M2/F2T,noise,0.5,8502.0,LOAD,1.0,1.0,1.0,0.0
source,M2/F2T,noise,0.5,8502.0,DOWNSTREAM,1.0,1.0,1.0,0.0
source,M2/F2T,noise,0.5,8503.0,INPUT,0.8275862068965517,1.0,0.9056603773584906,-0.125
source,M2/F2T,noise,0.5,8503.0,OUTPUT,1.0,0.9583333333333334,0.9787234042553191,-0.08333333333333337
source,M2/F2T,noise,0.5,8503.0,LOAD,1.0,1.0,1.0,0.0
source,M2/F2T,noise,0.5,8503.0,DOWNSTREAM,1.0,1.0,1.0,0.0
source,M2/F2T,noise,0.5,8504.0,INPUT,0.88,0.9166666666666666,0.8979591836734694,-0.04166666666666663
source,M2/F2T,noise,0.5,8504.0,OUTPUT,1.0,1.0,1.0,-0.125
source,M2/F2T,noise,0.5,8504.0,LOAD,1.0,1.0,1.0,0.0
source,M2/F2T,noise,0.5,8504.0,DOWNSTREAM,1.0,1.0,1.0,0.0
source,M2/F2T,noise,0.5,8505.0,INPUT,0.84,0.875,0.8571428571428572,0.0
source,M2/F2T,noise,0.5,8505.0,OUTPUT,1.0,0.9583333333333334,0.9787234042553191,-0.08333333333333337
source,M2/F2T,noise,0.5,8505.0,LOAD,1.0,1.0,1.0,0.0
source,M2/F2T,noise,0.5,8505.0,DOWNSTREAM,1.0,1.0,1.0,0.0
source,M2/F2T,noise,0.5,8506.0,INPUT,0.875,0.875,0.875,0.0
source,M2/F2T,noise,0.5,8506.0,OUTPUT,1.0,0.9583333333333334,0.9787234042553191,-0.08333333333333337
source,M2/F2T,noise,0.5,8506.0,LOAD,1.0,1.0,1.0,0.0
source,M2/F2T,noise,0.5,8506.0,DOWNSTREAM,1.0,1.0,1.0,0.0
source,M2/F2T,noise,0.5,8507.0,INPUT,0.8695652173913043,0.8333333333333334,0.851063829787234,0.04166666666666663
source,M2/F2T,noise,0.5,8507.0,OUTPUT,1.0,0.9166666666666666,0.9565217391304348,-0.04166666666666663
source,M2/F2T,noise,0.5,8507.0,LOAD,0.975609756097561,1.0,0.9876543209876543,0.0
source,M2/F2T,noise,0.5,8507.0,DOWNSTREAM,1.0,1.0,1.0,0.0
source,M2/F2T,noise,0.5,8508.0,INPUT,0.7586206896551724,0.9166666666666666,0.830188679245283,-0.04166666666666663
source,M2/F2T,noise,0.5,8508.0,OUTPUT,1.0,0.9166666666666666,0.9565217391304348,-0.04166666666666663
source,M2/F2T,noise,0.5,8508.0,LOAD,1.0,1.0,1.0,0.0
source,M2/F2T,noise,0.5,8508.0,DOWNSTREAM,1.0,1.0,1.0,0.0
source,M2/F2T,noise,0.5,8509.0,INPUT,0.7931034482758621,0.9583333333333334,0.8679245283018867,-0.08333333333333337
source,M2/F2T,noise,0.5,8509.0,OUTPUT,1.0,0.9583333333333334,0.9787234042553191,-0.08333333333333337
source,M2/F2T,noise,0.5,8509.0,LOAD,1.0,1.0,1.0,0.0
source,M2/F2T,noise,0.5,8509.0,DOWNSTREAM,1.0,1.0,1.0,0.0
source,M2/F2T,noise,0.5,8510.0,INPUT,0.84,0.875,0.8571428571428572,0.0
source,M2/F2T,noise,0.5,8510.0,OUTPUT,1.0,0.9583333333333334,0.9787234042553191,-0.08333333333333337
source,M2/F2T,noise,0.5,8510.0,LOAD,1.0,1.0,1.0,0.0
source,M2/F2T,noise,0.5,8510.0,DOWNSTREAM,1.0,1.0,1.0,0.0
source,M2/F2T,delay,1,nan,INPUT,0.8695652173913043,0.8333333333333334,0.851063829787234,0.04166666666666663
source,M2/F2T,delay,1,nan,OUTPUT,1.0,0.9166666666666666,0.9565217391304348,-0.04166666666666663
source,M2/F2T,delay,1,nan,LOAD,1.0,1.0,1.0,0.0
source,M2/F2T,delay,1,nan,DOWNSTREAM,1.0,1.0,1.0,0.0
source,M2/F2T,delay,3,nan,INPUT,0.9166666666666666,0.4583333333333333,0.611111111111111,0.4166666666666667
source,M2/F2T,delay,3,nan,OUTPUT,1.0,0.875,0.9333333333333333,0.0
source,M2/F2T,delay,3,nan,LOAD,1.0,1.0,1.0,0.0
source,M2/F2T,delay,3,nan,DOWNSTREAM,1.0,1.0,1.0,0.0
source,M2/F2T,delay,5,nan,INPUT,0.9285714285714286,0.5416666666666666,0.6842105263157894,0.33333333333333337
source,M2/F2T,delay,5,nan,OUTPUT,1.0,0.9583333333333334,0.9787234042553191,-0.08333333333333337
source,M2/F2T,delay,5,nan,LOAD,1.0,1.0,1.0,0.0
source,M2/F2T,delay,5,nan,DOWNSTREAM,1.0,1.0,1.0,0.0
source,M2/F2T,channel_loss,C1_HOST_CPU,nan,INPUT,0.84,0.875,0.8571428571428572,0.0
source,M2/F2T,channel_loss,C1_HOST_CPU,nan,OUTPUT,1.0,0.875,0.9333333333333333,0.0
source,M2/F2T,channel_loss,C1_HOST_CPU,nan,LOAD,1.0,1.0,1.0,0.0
source,M2/F2T,channel_loss,C1_HOST_CPU,nan,DOWNSTREAM,1.0,1.0,1.0,0.0
source,M2/F2T,channel_loss,C2_DEPENDENCY,nan,INPUT,0.6857142857142857,1.0,0.8135593220338984,-0.125
source,M2/F2T,channel_loss,C2_DEPENDENCY,nan,OUTPUT,1.0,0.875,0.9333333333333333,0.0
source,M2/F2T,channel_loss,C2_DEPENDENCY,nan,LOAD,1.0,1.0,1.0,0.0
source,M2/F2T,channel_loss,C2_DEPENDENCY,nan,DOWNSTREAM,1.0,0.9,0.9473684210526316,0.09999999999999998
source,M2/F2T,channel_loss,C3_TRACE_SPAN,nan,INPUT,0.46153846153846156,1.0,0.631578947368421,-0.125
source,M2/F2T,channel_loss,C3_TRACE_SPAN,nan,OUTPUT,1.0,0.7083333333333334,0.8292682926829268,0.16666666666666663
source,M2/F2T,channel_loss,C3_TRACE_SPAN,nan,LOAD,1.0,1.0,1.0,0.0
source,M2/F2T,channel_loss,C3_TRACE_SPAN,nan,DOWNSTREAM,1.0,1.0,1.0,0.0
source,M2/F2T,channel_loss,C4_TEMPORAL_EVOLUTION,nan,INPUT,0.27586206896551724,0.3333333333333333,0.3018867924528302,0.5416666666666667
source,M2/F2T,channel_loss,C4_TEMPORAL_EVOLUTION,nan,OUTPUT,0.75,1.0,0.8571428571428571,-0.125
source,M2/F2T,channel_loss,C4_TEMPORAL_EVOLUTION,nan,LOAD,1.0,0.875,0.9333333333333333,0.125
source,M2/F2T,channel_loss,C4_TEMPORAL_EVOLUTION,nan,DOWNSTREAM,1.0,1.0,1.0,0.0
source,M2/F2T,channel_loss,C5_THROUGHPUT_SCHEDULER,nan,INPUT,0.8695652173913043,0.8333333333333334,0.851063829787234,0.04166666666666663
source,M2/F2T,channel_loss,C5_THROUGHPUT_SCHEDULER,nan,OUTPUT,1.0,0.875,0.9333333333333333,0.0
source,M2/F2T,channel_loss,C5_THROUGHPUT_SCHEDULER,nan,LOAD,1.0,1.0,1.0,0.0
source,M2/F2T,channel_loss,C5_THROUGHPUT_SCHEDULER,nan,DOWNSTREAM,1.0,1.0,1.0,0.0
source,M2/F2T,channel_loss,C6_LATENCY_P95,nan,INPUT,0.7142857142857143,0.8333333333333334,0.7692307692307692,0.04166666666666663
source,M2/F2T,channel_loss,C6_LATENCY_P95,nan,OUTPUT,1.0,0.875,0.9333333333333333,0.0
source,M2/F2T,channel_loss,C6_LATENCY_P95,nan,LOAD,1.0,1.0,1.0,0.0
source,M2/F2T,channel_loss,C6_LATENCY_P95,nan,DOWNSTREAM,1.0,1.0,1.0,0.0
source,M2/F2T,channel_loss,C7_MEDIAN_LATENCY,nan,INPUT,0.875,0.875,0.875,0.0
source,M2/F2T,channel_loss,C7_MEDIAN_LATENCY,nan,OUTPUT,1.0,0.6666666666666666,0.8,0.20833333333333337
source,M2/F2T,channel_loss,C7_MEDIAN_LATENCY,nan,LOAD,1.0,1.0,1.0,0.0
source,M2/F2T,channel_loss,C7_MEDIAN_LATENCY,nan,DOWNSTREAM,1.0,1.0,1.0,0.0
source,D4-FULL,clean,0,nan,INPUT,0.2,0.041666666666666664,0.06896551724137931,0.0
source,D4-FULL,clean,0,nan,OUTPUT,0.6857142857142857,1.0,0.8135593220338984,0.0
source,D4-FULL,clean,0,nan,LOAD,0.851063829787234,1.0,0.9195402298850576,0.0
source,D4-FULL,clean,0,nan,DOWNSTREAM,0.9302325581395349,1.0,0.963855421686747,0.0
source,D4-FULL,missingness,0.1,8101.0,INPUT,0.125,0.041666666666666664,0.0625,0.0
source,D4-FULL,missingness,0.1,8101.0,OUTPUT,0.6486486486486487,1.0,0.7868852459016393,0.0
source,D4-FULL,missingness,0.1,8101.0,LOAD,0.8163265306122449,1.0,0.898876404494382,0.0
source,D4-FULL,missingness,0.1,8101.0,DOWNSTREAM,0.9302325581395349,1.0,0.963855421686747,0.0
source,D4-FULL,missingness,0.1,8102.0,INPUT,0.14285714285714285,0.041666666666666664,0.06451612903225806,0.0
source,D4-FULL,missingness,0.1,8102.0,OUTPUT,0.7058823529411765,1.0,0.8275862068965517,0.0
source,D4-FULL,missingness,0.1,8102.0,LOAD,0.8333333333333334,1.0,0.9090909090909091,0.0
source,D4-FULL,missingness,0.1,8102.0,DOWNSTREAM,0.9302325581395349,1.0,0.963855421686747,0.0
source,D4-FULL,missingness,0.1,8103.0,INPUT,0.3333333333333333,0.08333333333333333,0.13333333333333333,-0.041666666666666664
source,D4-FULL,missingness,0.1,8103.0,OUTPUT,0.7058823529411765,1.0,0.8275862068965517,0.0
source,D4-FULL,missingness,0.1,8103.0,LOAD,0.851063829787234,1.0,0.9195402298850576,0.0
source,D4-FULL,missingness,0.1,8103.0,DOWNSTREAM,0.9302325581395349,1.0,0.963855421686747,0.0
source,D4-FULL,missingness,0.1,8104.0,INPUT,0.14285714285714285,0.041666666666666664,0.06451612903225806,0.0
source,D4-FULL,missingness,0.1,8104.0,OUTPUT,0.6486486486486487,1.0,0.7868852459016393,0.0
source,D4-FULL,missingness,0.1,8104.0,LOAD,0.851063829787234,1.0,0.9195402298850576,0.0
source,D4-FULL,missingness,0.1,8104.0,DOWNSTREAM,0.9302325581395349,1.0,0.963855421686747,0.0
source,D4-FULL,missingness,0.1,8105.0,INPUT,0.25,0.08333333333333333,0.125,-0.041666666666666664
source,D4-FULL,missingness,0.1,8105.0,OUTPUT,0.6857142857142857,1.0,0.8135593220338984,0.0
source,D4-FULL,missingness,0.1,8105.0,LOAD,0.851063829787234,1.0,0.9195402298850576,0.0
source,D4-FULL,missingness,0.1,8105.0,DOWNSTREAM,0.9090909090909091,1.0,0.9523809523809523,0.0
source,D4-FULL,missingness,0.1,8106.0,INPUT,0.14285714285714285,0.041666666666666664,0.06451612903225806,0.0
source,D4-FULL,missingness,0.1,8106.0,OUTPUT,0.6666666666666666,1.0,0.8,0.0
source,D4-FULL,missingness,0.1,8106.0,LOAD,0.8695652173913043,1.0,0.9302325581395349,0.0
source,D4-FULL,missingness,0.1,8106.0,DOWNSTREAM,0.9523809523809523,1.0,0.975609756097561,0.0
source,D4-FULL,missingness,0.1,8107.0,INPUT,0.14285714285714285,0.041666666666666664,0.06451612903225806,0.0
source,D4-FULL,missingness,0.1,8107.0,OUTPUT,0.6857142857142857,1.0,0.8135593220338984,0.0
source,D4-FULL,missingness,0.1,8107.0,LOAD,0.8695652173913043,1.0,0.9302325581395349,0.0
source,D4-FULL,missingness,0.1,8107.0,DOWNSTREAM,0.9302325581395349,1.0,0.963855421686747,0.0
source,D4-FULL,missingness,0.1,8108.0,INPUT,0.125,0.041666666666666664,0.0625,0.0
source,D4-FULL,missingness,0.1,8108.0,OUTPUT,0.7272727272727273,1.0,0.8421052631578948,0.0
source,D4-FULL,missingness,0.1,8108.0,LOAD,0.851063829787234,1.0,0.9195402298850576,0.0
source,D4-FULL,missingness,0.1,8108.0,DOWNSTREAM,0.9302325581395349,1.0,0.963855421686747,0.0
source,D4-FULL,missingness,0.1,8109.0,INPUT,0.14285714285714285,0.041666666666666664,0.06451612903225806,0.0
source,D4-FULL,missingness,0.1,8109.0,OUTPUT,0.7058823529411765,1.0,0.8275862068965517,0.0
source,D4-FULL,missingness,0.1,8109.0,LOAD,0.851063829787234,1.0,0.9195402298850576,0.0
source,D4-FULL,missingness,0.1,8109.0,DOWNSTREAM,0.9302325581395349,1.0,0.963855421686747,0.0
source,D4-FULL,missingness,0.1,8110.0,INPUT,0.16666666666666666,0.041666666666666664,0.06666666666666667,0.0
source,D4-FULL,missingness,0.1,8110.0,OUTPUT,0.6857142857142857,1.0,0.8135593220338984,0.0
source,D4-FULL,missingness,0.1,8110.0,LOAD,0.851063829787234,1.0,0.9195402298850576,0.0
source,D4-FULL,missingness,0.1,8110.0,DOWNSTREAM,0.9302325581395349,1.0,0.963855421686747,0.0
source,D4-FULL,missingness,0.25,8101.0,INPUT,0.09090909090909091,0.041666666666666664,0.05714285714285715,0.0
source,D4-FULL,missingness,0.25,8101.0,OUTPUT,0.6666666666666666,0.9166666666666666,0.7719298245614035,0.08333333333333337
source,D4-FULL,missingness,0.25,8101.0,LOAD,0.8333333333333334,1.0,0.9090909090909091,0.0
source,D4-FULL,missingness,0.25,8101.0,DOWNSTREAM,0.9302325581395349,1.0,0.963855421686747,0.0
source,D4-FULL,missingness,0.25,8102.0,INPUT,0.16666666666666666,0.041666666666666664,0.06666666666666667,0.0
source,D4-FULL,missingness,0.25,8102.0,OUTPUT,0.6857142857142857,1.0,0.8135593220338984,0.0
source,D4-FULL,missingness,0.25,8102.0,LOAD,0.8163265306122449,1.0,0.898876404494382,0.0
source,D4-FULL,missingness,0.25,8102.0,DOWNSTREAM,0.9302325581395349,1.0,0.963855421686747,0.0
source,D4-FULL,missingness,0.25,8103.0,INPUT,0.3333333333333333,0.08333333333333333,0.13333333333333333,-0.041666666666666664
source,D4-FULL,missingness,0.25,8103.0,OUTPUT,0.7096774193548387,0.9166666666666666,0.7999999999999999,0.08333333333333337
source,D4-FULL,missingness,0.25,8103.0,LOAD,0.8163265306122449,1.0,0.898876404494382,0.0
source,D4-FULL,missingness,0.25,8103.0,DOWNSTREAM,0.9302325581395349,1.0,0.963855421686747,0.0
source,D4-FULL,missingness,0.25,8104.0,INPUT,0.16666666666666666,0.041666666666666664,0.06666666666666667,0.0
source,D4-FULL,missingness,0.25,8104.0,OUTPUT,0.6486486486486487,1.0,0.7868852459016393,0.0
source,D4-FULL,missingness,0.25,8104.0,LOAD,0.8,1.0,0.888888888888889,0.0
source,D4-FULL,missingness,0.25,8104.0,DOWNSTREAM,0.9302325581395349,1.0,0.963855421686747,0.0
source,D4-FULL,missingness,0.25,8105.0,INPUT,0.2857142857142857,0.08333333333333333,0.12903225806451613,-0.041666666666666664
source,D4-FULL,missingness,0.25,8105.0,OUTPUT,0.7272727272727273,1.0,0.8421052631578948,0.0
source,D4-FULL,missingness,0.25,8105.0,LOAD,0.8695652173913043,1.0,0.9302325581395349,0.0
source,D4-FULL,missingness,0.25,8105.0,DOWNSTREAM,0.9302325581395349,1.0,0.963855421686747,0.0
source,D4-FULL,missingness,0.25,8106.0,INPUT,0.14285714285714285,0.041666666666666664,0.06451612903225806,0.0
source,D4-FULL,missingness,0.25,8106.0,OUTPUT,0.6666666666666666,1.0,0.8,0.0
source,D4-FULL,missingness,0.25,8106.0,LOAD,0.8695652173913043,1.0,0.9302325581395349,0.0
source,D4-FULL,missingness,0.25,8106.0,DOWNSTREAM,0.9523809523809523,1.0,0.975609756097561,0.0
source,D4-FULL,missingness,0.25,8107.0,INPUT,0.14285714285714285,0.041666666666666664,0.06451612903225806,0.0
source,D4-FULL,missingness,0.25,8107.0,OUTPUT,0.6857142857142857,1.0,0.8135593220338984,0.0
source,D4-FULL,missingness,0.25,8107.0,LOAD,0.8333333333333334,1.0,0.9090909090909091,0.0
source,D4-FULL,missingness,0.25,8107.0,DOWNSTREAM,0.9523809523809523,1.0,0.975609756097561,0.0
source,D4-FULL,missingness,0.25,8108.0,INPUT,0.1,0.041666666666666664,0.058823529411764705,0.0
source,D4-FULL,missingness,0.25,8108.0,OUTPUT,0.6764705882352942,0.9583333333333334,0.7931034482758621,0.04166666666666663
source,D4-FULL,missingness,0.25,8108.0,LOAD,0.8333333333333334,1.0,0.9090909090909091,0.0
source,D4-FULL,missingness,0.25,8108.0,DOWNSTREAM,0.9302325581395349,1.0,0.963855421686747,0.0
source,D4-FULL,missingness,0.25,8109.0,INPUT,0.14285714285714285,0.041666666666666664,0.06451612903225806,0.0
source,D4-FULL,missingness,0.25,8109.0,OUTPUT,0.7058823529411765,1.0,0.8275862068965517,0.0
source,D4-FULL,missingness,0.25,8109.0,LOAD,0.8333333333333334,1.0,0.9090909090909091,0.0
source,D4-FULL,missingness,0.25,8109.0,DOWNSTREAM,0.9302325581395349,1.0,0.963855421686747,0.0
source,D4-FULL,missingness,0.25,8110.0,INPUT,0.1,0.041666666666666664,0.058823529411764705,0.0
source,D4-FULL,missingness,0.25,8110.0,OUTPUT,0.6857142857142857,1.0,0.8135593220338984,0.0
source,D4-FULL,missingness,0.25,8110.0,LOAD,0.8695652173913043,1.0,0.9302325581395349,0.0
source,D4-FULL,missingness,0.25,8110.0,DOWNSTREAM,0.9302325581395349,1.0,0.963855421686747,0.0
source,D4-FULL,missingness,0.5,8101.0,INPUT,0.1111111111111111,0.041666666666666664,0.06060606060606061,0.0
source,D4-FULL,missingness,0.5,8101.0,OUTPUT,0.625,0.8333333333333334,0.7142857142857143,0.16666666666666663
source,D4-FULL,missingness,0.5,8101.0,LOAD,0.8695652173913043,1.0,0.9302325581395349,0.0
source,D4-FULL,missingness,0.5,8101.0,DOWNSTREAM,0.9024390243902439,0.925,0.9135802469135802,0.07499999999999996
source,D4-FULL,missingness,0.5,8102.0,INPUT,0.14285714285714285,0.041666666666666664,0.06451612903225806,0.0
source,D4-FULL,missingness,0.5,8102.0,OUTPUT,0.6216216216216216,0.9583333333333334,0.7540983606557377,0.04166666666666663
source,D4-FULL,missingness,0.5,8102.0,LOAD,0.7959183673469388,0.975,0.8764044943820225,0.025000000000000022
source,D4-FULL,missingness,0.5,8102.0,DOWNSTREAM,0.9487179487179487,0.925,0.9367088607594937,0.07499999999999996
source,D4-FULL,missingness,0.5,8103.0,INPUT,0.16666666666666666,0.041666666666666664,0.06666666666666667,0.0
source,D4-FULL,missingness,0.5,8103.0,OUTPUT,0.6774193548387096,0.875,0.7636363636363636,0.125
source,D4-FULL,missingness,0.5,8103.0,LOAD,0.8,1.0,0.888888888888889,0.0
source,D4-FULL,missingness,0.5,8103.0,DOWNSTREAM,0.9302325581395349,1.0,0.963855421686747,0.0
source,D4-FULL,missingness,0.5,8104.0,INPUT,0.16666666666666666,0.08333333333333333,0.1111111111111111,-0.041666666666666664
source,D4-FULL,missingness,0.5,8104.0,OUTPUT,0.6206896551724138,0.75,0.679245283018868,0.25
source,D4-FULL,missingness,0.5,8104.0,LOAD,0.78,0.975,0.8666666666666667,0.025000000000000022
source,D4-FULL,missingness,0.5,8104.0,DOWNSTREAM,0.9047619047619048,0.95,0.9268292682926829,0.050000000000000044
source,D4-FULL,missingness,0.5,8105.0,INPUT,0.16666666666666666,0.08333333333333333,0.1111111111111111,-0.041666666666666664
source,D4-FULL,missingness,0.5,8105.0,OUTPUT,0.75,1.0,0.8571428571428571,0.0
source,D4-FULL,missingness,0.5,8105.0,LOAD,0.7959183673469388,0.975,0.8764044943820225,0.025000000000000022
source,D4-FULL,missingness,0.5,8105.0,DOWNSTREAM,0.8974358974358975,0.875,0.8860759493670887,0.125
source,D4-FULL,missingness,0.5,8106.0,INPUT,0.1111111111111111,0.041666666666666664,0.06060606060606061,0.0
source,D4-FULL,missingness,0.5,8106.0,OUTPUT,0.5882352941176471,0.8333333333333334,0.6896551724137931,0.16666666666666663
source,D4-FULL,missingness,0.5,8106.0,LOAD,0.7647058823529411,0.975,0.857142857142857,0.025000000000000022
source,D4-FULL,missingness,0.5,8106.0,DOWNSTREAM,0.9523809523809523,1.0,0.975609756097561,0.0
source,D4-FULL,missingness,0.5,8107.0,INPUT,0.0,0.0,0.0,0.041666666666666664
source,D4-FULL,missingness,0.5,8107.0,OUTPUT,0.6470588235294118,0.9166666666666666,0.7586206896551724,0.08333333333333337
source,D4-FULL,missingness,0.5,8107.0,LOAD,0.78,0.975,0.8666666666666667,0.025000000000000022
source,D4-FULL,missingness,0.5,8107.0,DOWNSTREAM,0.9069767441860465,0.975,0.9397590361445783,0.025000000000000022
source,D4-FULL,missingness,0.5,8108.0,INPUT,0.0,0.0,0.0,0.041666666666666664
source,D4-FULL,missingness,0.5,8108.0,OUTPUT,0.6333333333333333,0.7916666666666666,0.7037037037037038,0.20833333333333337
source,D4-FULL,missingness,0.5,8108.0,LOAD,0.8125,0.975,0.8863636363636362,0.025000000000000022
source,D4-FULL,missingness,0.5,8108.0,DOWNSTREAM,0.8837209302325582,0.95,0.9156626506024096,0.050000000000000044
source,D4-FULL,missingness,0.5,8109.0,INPUT,0.1111111111111111,0.041666666666666664,0.06060606060606061,0.0
source,D4-FULL,missingness,0.5,8109.0,OUTPUT,0.6571428571428571,0.9583333333333334,0.7796610169491525,0.04166666666666663
source,D4-FULL,missingness,0.5,8109.0,LOAD,0.851063829787234,1.0,0.9195402298850576,0.0
source,D4-FULL,missingness,0.5,8109.0,DOWNSTREAM,0.9302325581395349,1.0,0.963855421686747,0.0
source,D4-FULL,missingness,0.5,8110.0,INPUT,0.1,0.041666666666666664,0.058823529411764705,0.0
source,D4-FULL,missingness,0.5,8110.0,OUTPUT,0.6666666666666666,1.0,0.8,0.0
source,D4-FULL,missingness,0.5,8110.0,LOAD,0.8297872340425532,0.975,0.896551724137931,0.025000000000000022
source,D4-FULL,missingness,0.5,8110.0,DOWNSTREAM,0.8260869565217391,0.95,0.8837209302325583,0.050000000000000044
source,D4-FULL,temporal_sampling,0.25,8301.0,INPUT,0.2,0.041666666666666664,0.06896551724137931,0.0
source,D4-FULL,temporal_sampling,0.25,8301.0,OUTPUT,0.6857142857142857,1.0,0.8135593220338984,0.0
source,D4-FULL,temporal_sampling,0.25,8301.0,LOAD,0.7547169811320755,1.0,0.8602150537634409,0.0
source,D4-FULL,temporal_sampling,0.25,8301.0,DOWNSTREAM,0.8695652173913043,1.0,0.9302325581395349,0.0
source,D4-FULL,temporal_sampling,0.25,8302.0,INPUT,0.2,0.041666666666666664,0.06896551724137931,0.0
source,D4-FULL,temporal_sampling,0.25,8302.0,OUTPUT,0.631578947368421,1.0,0.7741935483870968,0.0
source,D4-FULL,temporal_sampling,0.25,8302.0,LOAD,0.7647058823529411,0.975,0.857142857142857,0.025000000000000022
source,D4-FULL,temporal_sampling,0.25,8302.0,DOWNSTREAM,0.9090909090909091,1.0,0.9523809523809523,0.0
source,D4-FULL,temporal_sampling,0.25,8303.0,INPUT,0.2,0.041666666666666664,0.06896551724137931,0.0
source,D4-FULL,temporal_sampling,0.25,8303.0,OUTPUT,0.6,1.0,0.7499999999999999,0.0
source,D4-FULL,temporal_sampling,0.25,8303.0,LOAD,0.7692307692307693,1.0,0.8695652173913044,0.0
source,D4-FULL,temporal_sampling,0.25,8303.0,DOWNSTREAM,0.8888888888888888,1.0,0.9411764705882353,0.0
source,D4-FULL,temporal_sampling,0.25,8304.0,INPUT,0.2,0.041666666666666664,0.06896551724137931,0.0
source,D4-FULL,temporal_sampling,0.25,8304.0,OUTPUT,0.6857142857142857,1.0,0.8135593220338984,0.0
source,D4-FULL,temporal_sampling,0.25,8304.0,LOAD,0.7843137254901961,1.0,0.8791208791208792,0.0
source,D4-FULL,temporal_sampling,0.25,8304.0,DOWNSTREAM,0.8163265306122449,1.0,0.898876404494382,0.0
source,D4-FULL,temporal_sampling,0.25,8305.0,INPUT,0.2,0.041666666666666664,0.06896551724137931,0.0
source,D4-FULL,temporal_sampling,0.25,8305.0,OUTPUT,0.6857142857142857,1.0,0.8135593220338984,0.0
source,D4-FULL,temporal_sampling,0.25,8305.0,LOAD,0.7959183673469388,0.975,0.8764044943820225,0.025000000000000022
source,D4-FULL,temporal_sampling,0.25,8305.0,DOWNSTREAM,0.8695652173913043,1.0,0.9302325581395349,0.0
source,D4-FULL,temporal_sampling,0.25,8306.0,INPUT,0.25,0.041666666666666664,0.07142857142857142,0.0
source,D4-FULL,temporal_sampling,0.25,8306.0,OUTPUT,0.631578947368421,1.0,0.7741935483870968,0.0
source,D4-FULL,temporal_sampling,0.25,8306.0,LOAD,0.7692307692307693,1.0,0.8695652173913044,0.0
source,D4-FULL,temporal_sampling,0.25,8306.0,DOWNSTREAM,0.8695652173913043,1.0,0.9302325581395349,0.0
source,D4-FULL,temporal_sampling,0.25,8307.0,INPUT,0.2,0.041666666666666664,0.06896551724137931,0.0
source,D4-FULL,temporal_sampling,0.25,8307.0,OUTPUT,0.6666666666666666,1.0,0.8,0.0
source,D4-FULL,temporal_sampling,0.25,8307.0,LOAD,0.8695652173913043,1.0,0.9302325581395349,0.0
source,D4-FULL,temporal_sampling,0.25,8307.0,DOWNSTREAM,0.8163265306122449,1.0,0.898876404494382,0.0
source,D4-FULL,temporal_sampling,0.25,8308.0,INPUT,0.2,0.041666666666666664,0.06896551724137931,0.0
source,D4-FULL,temporal_sampling,0.25,8308.0,OUTPUT,0.631578947368421,1.0,0.7741935483870968,0.0
source,D4-FULL,temporal_sampling,0.25,8308.0,LOAD,0.8333333333333334,1.0,0.9090909090909091,0.0
source,D4-FULL,temporal_sampling,0.25,8308.0,DOWNSTREAM,0.7843137254901961,1.0,0.8791208791208792,0.0
source,D4-FULL,temporal_sampling,0.25,8309.0,INPUT,0.25,0.041666666666666664,0.07142857142857142,0.0
source,D4-FULL,temporal_sampling,0.25,8309.0,OUTPUT,0.631578947368421,1.0,0.7741935483870968,0.0
source,D4-FULL,temporal_sampling,0.25,8309.0,LOAD,0.7547169811320755,1.0,0.8602150537634409,0.0
source,D4-FULL,temporal_sampling,0.25,8309.0,DOWNSTREAM,0.851063829787234,1.0,0.9195402298850576,0.0
source,D4-FULL,temporal_sampling,0.25,8310.0,INPUT,0.25,0.041666666666666664,0.07142857142857142,0.0
source,D4-FULL,temporal_sampling,0.25,8310.0,OUTPUT,0.631578947368421,1.0,0.7741935483870968,0.0
source,D4-FULL,temporal_sampling,0.25,8310.0,LOAD,0.7407407407407407,1.0,0.851063829787234,0.0
source,D4-FULL,temporal_sampling,0.25,8310.0,DOWNSTREAM,0.8888888888888888,1.0,0.9411764705882353,0.0
source,D4-FULL,temporal_sampling,0.5,8301.0,INPUT,0.2,0.041666666666666664,0.06896551724137931,0.0
source,D4-FULL,temporal_sampling,0.5,8301.0,OUTPUT,0.6857142857142857,1.0,0.8135593220338984,0.0
source,D4-FULL,temporal_sampling,0.5,8301.0,LOAD,0.8163265306122449,1.0,0.898876404494382,0.0
source,D4-FULL,temporal_sampling,0.5,8301.0,DOWNSTREAM,0.8695652173913043,1.0,0.9302325581395349,0.0
source,D4-FULL,temporal_sampling,0.5,8302.0,INPUT,0.2,0.041666666666666664,0.06896551724137931,0.0
source,D4-FULL,temporal_sampling,0.5,8302.0,OUTPUT,0.6486486486486487,1.0,0.7868852459016393,0.0
source,D4-FULL,temporal_sampling,0.5,8302.0,LOAD,0.7843137254901961,1.0,0.8791208791208792,0.0
source,D4-FULL,temporal_sampling,0.5,8302.0,DOWNSTREAM,0.9302325581395349,1.0,0.963855421686747,0.0
source,D4-FULL,temporal_sampling,0.5,8303.0,INPUT,0.2,0.041666666666666664,0.06896551724137931,0.0
source,D4-FULL,temporal_sampling,0.5,8303.0,OUTPUT,0.7058823529411765,1.0,0.8275862068965517,0.0
source,D4-FULL,temporal_sampling,0.5,8303.0,LOAD,0.7272727272727273,1.0,0.8421052631578948,0.0
source,D4-FULL,temporal_sampling,0.5,8303.0,DOWNSTREAM,0.9090909090909091,1.0,0.9523809523809523,0.0
source,D4-FULL,temporal_sampling,0.5,8304.0,INPUT,0.2,0.041666666666666664,0.06896551724137931,0.0
source,D4-FULL,temporal_sampling,0.5,8304.0,OUTPUT,0.6666666666666666,1.0,0.8,0.0
source,D4-FULL,temporal_sampling,0.5,8304.0,LOAD,0.8,1.0,0.888888888888889,0.0
source,D4-FULL,temporal_sampling,0.5,8304.0,DOWNSTREAM,0.8695652173913043,1.0,0.9302325581395349,0.0
source,D4-FULL,temporal_sampling,0.5,8305.0,INPUT,0.2,0.041666666666666664,0.06896551724137931,0.0
source,D4-FULL,temporal_sampling,0.5,8305.0,OUTPUT,0.6666666666666666,1.0,0.8,0.0
source,D4-FULL,temporal_sampling,0.5,8305.0,LOAD,0.8,1.0,0.888888888888889,0.0
source,D4-FULL,temporal_sampling,0.5,8305.0,DOWNSTREAM,0.9090909090909091,1.0,0.9523809523809523,0.0
source,D4-FULL,temporal_sampling,0.5,8306.0,INPUT,0.2,0.041666666666666664,0.06896551724137931,0.0
source,D4-FULL,temporal_sampling,0.5,8306.0,OUTPUT,0.6857142857142857,1.0,0.8135593220338984,0.0
source,D4-FULL,temporal_sampling,0.5,8306.0,LOAD,0.8163265306122449,1.0,0.898876404494382,0.0
source,D4-FULL,temporal_sampling,0.5,8306.0,DOWNSTREAM,0.8888888888888888,1.0,0.9411764705882353,0.0
source,D4-FULL,temporal_sampling,0.5,8307.0,INPUT,0.2,0.041666666666666664,0.06896551724137931,0.0
source,D4-FULL,temporal_sampling,0.5,8307.0,OUTPUT,0.631578947368421,1.0,0.7741935483870968,0.0
source,D4-FULL,temporal_sampling,0.5,8307.0,LOAD,0.8163265306122449,1.0,0.898876404494382,0.0
source,D4-FULL,temporal_sampling,0.5,8307.0,DOWNSTREAM,0.8888888888888888,1.0,0.9411764705882353,0.0
source,D4-FULL,temporal_sampling,0.5,8308.0,INPUT,0.2,0.041666666666666664,0.06896551724137931,0.0
source,D4-FULL,temporal_sampling,0.5,8308.0,OUTPUT,0.6857142857142857,1.0,0.8135593220338984,0.0
source,D4-FULL,temporal_sampling,0.5,8308.0,LOAD,0.8,1.0,0.888888888888889,0.0
source,D4-FULL,temporal_sampling,0.5,8308.0,DOWNSTREAM,0.8695652173913043,1.0,0.9302325581395349,0.0
source,D4-FULL,temporal_sampling,0.5,8309.0,INPUT,0.2,0.041666666666666664,0.06896551724137931,0.0
source,D4-FULL,temporal_sampling,0.5,8309.0,OUTPUT,0.631578947368421,1.0,0.7741935483870968,0.0
source,D4-FULL,temporal_sampling,0.5,8309.0,LOAD,0.7843137254901961,1.0,0.8791208791208792,0.0
source,D4-FULL,temporal_sampling,0.5,8309.0,DOWNSTREAM,0.8695652173913043,1.0,0.9302325581395349,0.0
source,D4-FULL,temporal_sampling,0.5,8310.0,INPUT,0.2,0.041666666666666664,0.06896551724137931,0.0
source,D4-FULL,temporal_sampling,0.5,8310.0,OUTPUT,0.6666666666666666,1.0,0.8,0.0
source,D4-FULL,temporal_sampling,0.5,8310.0,LOAD,0.8163265306122449,1.0,0.898876404494382,0.0
source,D4-FULL,temporal_sampling,0.5,8310.0,DOWNSTREAM,0.9523809523809523,1.0,0.975609756097561,0.0
source,D4-FULL,temporal_sampling,0.75,8301.0,INPUT,0.2,0.041666666666666664,0.06896551724137931,0.0
source,D4-FULL,temporal_sampling,0.75,8301.0,OUTPUT,0.6666666666666666,1.0,0.8,0.0
source,D4-FULL,temporal_sampling,0.75,8301.0,LOAD,0.851063829787234,1.0,0.9195402298850576,0.0
source,D4-FULL,temporal_sampling,0.75,8301.0,DOWNSTREAM,0.9302325581395349,1.0,0.963855421686747,0.0
source,D4-FULL,temporal_sampling,0.75,8302.0,INPUT,0.2,0.041666666666666664,0.06896551724137931,0.0
source,D4-FULL,temporal_sampling,0.75,8302.0,OUTPUT,0.6486486486486487,1.0,0.7868852459016393,0.0
source,D4-FULL,temporal_sampling,0.75,8302.0,LOAD,0.851063829787234,1.0,0.9195402298850576,0.0
source,D4-FULL,temporal_sampling,0.75,8302.0,DOWNSTREAM,0.8695652173913043,1.0,0.9302325581395349,0.0
source,D4-FULL,temporal_sampling,0.75,8303.0,INPUT,0.2,0.041666666666666664,0.06896551724137931,0.0
source,D4-FULL,temporal_sampling,0.75,8303.0,OUTPUT,0.6666666666666666,1.0,0.8,0.0
source,D4-FULL,temporal_sampling,0.75,8303.0,LOAD,0.8,1.0,0.888888888888889,0.0
source,D4-FULL,temporal_sampling,0.75,8303.0,DOWNSTREAM,0.8695652173913043,1.0,0.9302325581395349,0.0
source,D4-FULL,temporal_sampling,0.75,8304.0,INPUT,0.2,0.041666666666666664,0.06896551724137931,0.0
source,D4-FULL,temporal_sampling,0.75,8304.0,OUTPUT,0.6857142857142857,1.0,0.8135593220338984,0.0
source,D4-FULL,temporal_sampling,0.75,8304.0,LOAD,0.8163265306122449,1.0,0.898876404494382,0.0
source,D4-FULL,temporal_sampling,0.75,8304.0,DOWNSTREAM,0.8695652173913043,1.0,0.9302325581395349,0.0
source,D4-FULL,temporal_sampling,0.75,8305.0,INPUT,0.2,0.041666666666666664,0.06896551724137931,0.0
source,D4-FULL,temporal_sampling,0.75,8305.0,OUTPUT,0.6666666666666666,1.0,0.8,0.0
source,D4-FULL,temporal_sampling,0.75,8305.0,LOAD,0.8888888888888888,1.0,0.9411764705882353,0.0
source,D4-FULL,temporal_sampling,0.75,8305.0,DOWNSTREAM,0.9090909090909091,1.0,0.9523809523809523,0.0
source,D4-FULL,temporal_sampling,0.75,8306.0,INPUT,0.2,0.041666666666666664,0.06896551724137931,0.0
source,D4-FULL,temporal_sampling,0.75,8306.0,OUTPUT,0.6857142857142857,1.0,0.8135593220338984,0.0
source,D4-FULL,temporal_sampling,0.75,8306.0,LOAD,0.8333333333333334,1.0,0.9090909090909091,0.0
source,D4-FULL,temporal_sampling,0.75,8306.0,DOWNSTREAM,0.851063829787234,1.0,0.9195402298850576,0.0
source,D4-FULL,temporal_sampling,0.75,8307.0,INPUT,0.2,0.041666666666666664,0.06896551724137931,0.0
source,D4-FULL,temporal_sampling,0.75,8307.0,OUTPUT,0.6857142857142857,1.0,0.8135593220338984,0.0
source,D4-FULL,temporal_sampling,0.75,8307.0,LOAD,0.9090909090909091,1.0,0.9523809523809523,0.0
source,D4-FULL,temporal_sampling,0.75,8307.0,DOWNSTREAM,0.8888888888888888,1.0,0.9411764705882353,0.0
source,D4-FULL,temporal_sampling,0.75,8308.0,INPUT,0.25,0.041666666666666664,0.07142857142857142,0.0
source,D4-FULL,temporal_sampling,0.75,8308.0,OUTPUT,0.6857142857142857,1.0,0.8135593220338984,0.0
source,D4-FULL,temporal_sampling,0.75,8308.0,LOAD,0.8163265306122449,1.0,0.898876404494382,0.0
source,D4-FULL,temporal_sampling,0.75,8308.0,DOWNSTREAM,0.9090909090909091,1.0,0.9523809523809523,0.0
source,D4-FULL,temporal_sampling,0.75,8309.0,INPUT,0.2,0.041666666666666664,0.06896551724137931,0.0
source,D4-FULL,temporal_sampling,0.75,8309.0,OUTPUT,0.6857142857142857,1.0,0.8135593220338984,0.0
source,D4-FULL,temporal_sampling,0.75,8309.0,LOAD,0.851063829787234,1.0,0.9195402298850576,0.0
source,D4-FULL,temporal_sampling,0.75,8309.0,DOWNSTREAM,0.8888888888888888,1.0,0.9411764705882353,0.0
source,D4-FULL,temporal_sampling,0.75,8310.0,INPUT,0.25,0.041666666666666664,0.07142857142857142,0.0
source,D4-FULL,temporal_sampling,0.75,8310.0,OUTPUT,0.6857142857142857,1.0,0.8135593220338984,0.0
source,D4-FULL,temporal_sampling,0.75,8310.0,LOAD,0.8163265306122449,1.0,0.898876404494382,0.0
source,D4-FULL,temporal_sampling,0.75,8310.0,DOWNSTREAM,0.851063829787234,1.0,0.9195402298850576,0.0
source,D4-FULL,noise,0.1,8501.0,INPUT,0.25,0.041666666666666664,0.07142857142857142,0.0
source,D4-FULL,noise,0.1,8501.0,OUTPUT,0.6666666666666666,1.0,0.8,0.0
source,D4-FULL,noise,0.1,8501.0,LOAD,0.6153846153846154,1.0,0.761904761904762,0.0
source,D4-FULL,noise,0.1,8501.0,DOWNSTREAM,0.9302325581395349,1.0,0.963855421686747,0.0
source,D4-FULL,noise,0.1,8502.0,INPUT,0.25,0.041666666666666664,0.07142857142857142,0.0
source,D4-FULL,noise,0.1,8502.0,OUTPUT,0.6666666666666666,1.0,0.8,0.0
source,D4-FULL,noise,0.1,8502.0,LOAD,0.6451612903225806,1.0,0.7843137254901961,0.0
source,D4-FULL,noise,0.1,8502.0,DOWNSTREAM,0.9090909090909091,1.0,0.9523809523809523,0.0
source,D4-FULL,noise,0.1,8503.0,INPUT,0.2,0.041666666666666664,0.06896551724137931,0.0
source,D4-FULL,noise,0.1,8503.0,OUTPUT,0.631578947368421,1.0,0.7741935483870968,0.0
source,D4-FULL,noise,0.1,8503.0,LOAD,0.6557377049180327,1.0,0.7920792079207921,0.0
source,D4-FULL,noise,0.1,8503.0,DOWNSTREAM,0.9090909090909091,1.0,0.9523809523809523,0.0
source,D4-FULL,noise,0.1,8504.0,INPUT,0.25,0.041666666666666664,0.07142857142857142,0.0
source,D4-FULL,noise,0.1,8504.0,OUTPUT,0.6857142857142857,1.0,0.8135593220338984,0.0
source,D4-FULL,noise,0.1,8504.0,LOAD,0.625,1.0,0.7692307692307693,0.0
source,D4-FULL,noise,0.1,8504.0,DOWNSTREAM,0.9302325581395349,1.0,0.963855421686747,0.0
source,D4-FULL,noise,0.1,8505.0,INPUT,0.25,0.041666666666666664,0.07142857142857142,0.0
source,D4-FULL,noise,0.1,8505.0,OUTPUT,0.6857142857142857,1.0,0.8135593220338984,0.0
source,D4-FULL,noise,0.1,8505.0,LOAD,0.6451612903225806,1.0,0.7843137254901961,0.0
source,D4-FULL,noise,0.1,8505.0,DOWNSTREAM,0.851063829787234,1.0,0.9195402298850576,0.0
source,D4-FULL,noise,0.1,8506.0,INPUT,0.16666666666666666,0.041666666666666664,0.06666666666666667,0.0
source,D4-FULL,noise,0.1,8506.0,OUTPUT,0.6666666666666666,1.0,0.8,0.0
source,D4-FULL,noise,0.1,8506.0,LOAD,0.6451612903225806,1.0,0.7843137254901961,0.0
source,D4-FULL,noise,0.1,8506.0,DOWNSTREAM,0.8695652173913043,1.0,0.9302325581395349,0.0
source,D4-FULL,noise,0.1,8507.0,INPUT,0.0,0.0,0.0,0.041666666666666664
source,D4-FULL,noise,0.1,8507.0,OUTPUT,0.6857142857142857,1.0,0.8135593220338984,0.0
source,D4-FULL,noise,0.1,8507.0,LOAD,0.6153846153846154,1.0,0.761904761904762,0.0
source,D4-FULL,noise,0.1,8507.0,DOWNSTREAM,0.9090909090909091,1.0,0.9523809523809523,0.0
source,D4-FULL,noise,0.1,8508.0,INPUT,0.16666666666666666,0.041666666666666664,0.06666666666666667,0.0
source,D4-FULL,noise,0.1,8508.0,OUTPUT,0.6666666666666666,1.0,0.8,0.0
source,D4-FULL,noise,0.1,8508.0,LOAD,0.6349206349206349,1.0,0.7766990291262136,0.0
source,D4-FULL,noise,0.1,8508.0,DOWNSTREAM,0.8888888888888888,1.0,0.9411764705882353,0.0
source,D4-FULL,noise,0.1,8509.0,INPUT,0.14285714285714285,0.041666666666666664,0.06451612903225806,0.0
source,D4-FULL,noise,0.1,8509.0,OUTPUT,0.6666666666666666,1.0,0.8,0.0
source,D4-FULL,noise,0.1,8509.0,LOAD,0.6153846153846154,1.0,0.761904761904762,0.0
source,D4-FULL,noise,0.1,8509.0,DOWNSTREAM,0.8888888888888888,1.0,0.9411764705882353,0.0
source,D4-FULL,noise,0.1,8510.0,INPUT,0.0,0.0,0.0,0.041666666666666664
source,D4-FULL,noise,0.1,8510.0,OUTPUT,0.7058823529411765,1.0,0.8275862068965517,0.0
source,D4-FULL,noise,0.1,8510.0,LOAD,0.6349206349206349,1.0,0.7766990291262136,0.0
source,D4-FULL,noise,0.1,8510.0,DOWNSTREAM,0.8163265306122449,1.0,0.898876404494382,0.0
source,D4-FULL,noise,0.25,8501.0,INPUT,0.2,0.041666666666666664,0.06896551724137931,0.0
source,D4-FULL,noise,0.25,8501.0,OUTPUT,0.6875,0.9166666666666666,0.7857142857142857,0.08333333333333337
source,D4-FULL,noise,0.25,8501.0,LOAD,0.5194805194805194,1.0,0.6837606837606837,0.0
source,D4-FULL,noise,0.25,8501.0,DOWNSTREAM,0.7843137254901961,1.0,0.8791208791208792,0.0
source,D4-FULL,noise,0.25,8502.0,INPUT,0.0,0.0,0.0,0.041666666666666664
source,D4-FULL,noise,0.25,8502.0,OUTPUT,0.6571428571428571,0.9583333333333334,0.7796610169491525,0.04166666666666663
source,D4-FULL,noise,0.25,8502.0,LOAD,0.5128205128205128,1.0,0.6779661016949152,0.0
source,D4-FULL,noise,0.25,8502.0,DOWNSTREAM,0.7547169811320755,1.0,0.8602150537634409,0.0
source,D4-FULL,noise,0.25,8503.0,INPUT,0.14285714285714285,0.041666666666666664,0.06451612903225806,0.0
source,D4-FULL,noise,0.25,8503.0,OUTPUT,0.6285714285714286,0.9166666666666666,0.7457627118644068,0.08333333333333337
source,D4-FULL,noise,0.25,8503.0,LOAD,0.5970149253731343,1.0,0.7476635514018691,0.0
source,D4-FULL,noise,0.25,8503.0,DOWNSTREAM,0.7692307692307693,1.0,0.8695652173913044,0.0
source,D4-FULL,noise,0.25,8504.0,INPUT,0.2,0.041666666666666664,0.06896551724137931,0.0
source,D4-FULL,noise,0.25,8504.0,OUTPUT,0.6451612903225806,0.8333333333333334,0.7272727272727272,0.16666666666666663
source,D4-FULL,noise,0.25,8504.0,LOAD,0.5263157894736842,1.0,0.6896551724137931,0.0
source,D4-FULL,noise,0.25,8504.0,DOWNSTREAM,0.8333333333333334,1.0,0.9090909090909091,0.0
source,D4-FULL,noise,0.25,8505.0,INPUT,0.3333333333333333,0.041666666666666664,0.07407407407407407,0.0
source,D4-FULL,noise,0.25,8505.0,OUTPUT,0.6875,0.9166666666666666,0.7857142857142857,0.08333333333333337
source,D4-FULL,noise,0.25,8505.0,LOAD,0.5405405405405406,1.0,0.7017543859649124,0.0
source,D4-FULL,noise,0.25,8505.0,DOWNSTREAM,0.7017543859649122,1.0,0.8247422680412371,0.0
source,D4-FULL,noise,0.25,8506.0,INPUT,0.14285714285714285,0.041666666666666664,0.06451612903225806,0.0
source,D4-FULL,noise,0.25,8506.0,OUTPUT,0.6764705882352942,0.9583333333333334,0.7931034482758621,0.04166666666666663
source,D4-FULL,noise,0.25,8506.0,LOAD,0.5714285714285714,1.0,0.7272727272727273,0.0
source,D4-FULL,noise,0.25,8506.0,DOWNSTREAM,0.6779661016949152,1.0,0.8080808080808081,0.0
source,D4-FULL,noise,0.25,8507.0,INPUT,0.0,0.0,0.0,0.041666666666666664
source,D4-FULL,noise,0.25,8507.0,OUTPUT,0.6774193548387096,0.875,0.7636363636363636,0.125
source,D4-FULL,noise,0.25,8507.0,LOAD,0.5263157894736842,1.0,0.6896551724137931,0.0
source,D4-FULL,noise,0.25,8507.0,DOWNSTREAM,0.7547169811320755,1.0,0.8602150537634409,0.0
source,D4-FULL,noise,0.25,8508.0,INPUT,0.2,0.041666666666666664,0.06896551724137931,0.0
source,D4-FULL,noise,0.25,8508.0,OUTPUT,0.6666666666666666,0.9166666666666666,0.7719298245614035,0.08333333333333337
source,D4-FULL,noise,0.25,8508.0,LOAD,0.5263157894736842,1.0,0.6896551724137931,0.0
source,D4-FULL,noise,0.25,8508.0,DOWNSTREAM,0.7272727272727273,1.0,0.8421052631578948,0.0
source,D4-FULL,noise,0.25,8509.0,INPUT,0.16666666666666666,0.041666666666666664,0.06666666666666667,0.0
source,D4-FULL,noise,0.25,8509.0,OUTPUT,0.6764705882352942,0.9583333333333334,0.7931034482758621,0.04166666666666663
source,D4-FULL,noise,0.25,8509.0,LOAD,0.5263157894736842,1.0,0.6896551724137931,0.0
source,D4-FULL,noise,0.25,8509.0,DOWNSTREAM,0.8,1.0,0.888888888888889,0.0
source,D4-FULL,noise,0.25,8510.0,INPUT,0.0,0.0,0.0,0.041666666666666664
source,D4-FULL,noise,0.25,8510.0,OUTPUT,0.6875,0.9166666666666666,0.7857142857142857,0.08333333333333337
source,D4-FULL,noise,0.25,8510.0,LOAD,0.5405405405405406,1.0,0.7017543859649124,0.0
source,D4-FULL,noise,0.25,8510.0,DOWNSTREAM,0.6666666666666666,1.0,0.8,0.0
source,D4-FULL,noise,0.5,8501.0,INPUT,0.0,0.0,0.0,0.041666666666666664
source,D4-FULL,noise,0.5,8501.0,OUTPUT,0.6896551724137931,0.8333333333333334,0.7547169811320755,0.16666666666666663
source,D4-FULL,noise,0.5,8501.0,LOAD,0.5063291139240507,1.0,0.6722689075630253,0.0
source,D4-FULL,noise,0.5,8501.0,DOWNSTREAM,0.6896551724137931,1.0,0.8163265306122449,0.0
source,D4-FULL,noise,0.5,8502.0,INPUT,0.0,0.0,0.0,0.041666666666666664
source,D4-FULL,noise,0.5,8502.0,OUTPUT,0.6774193548387096,0.875,0.7636363636363636,0.125
source,D4-FULL,noise,0.5,8502.0,LOAD,0.47619047619047616,1.0,0.6451612903225806,0.0
source,D4-FULL,noise,0.5,8502.0,DOWNSTREAM,0.609375,0.975,0.7499999999999999,0.025000000000000022
source,D4-FULL,noise,0.5,8503.0,INPUT,0.0,0.0,0.0,0.041666666666666664
source,D4-FULL,noise,0.5,8503.0,OUTPUT,0.6,0.875,0.711864406779661,0.125
source,D4-FULL,noise,0.5,8503.0,LOAD,0.5405405405405406,1.0,0.7017543859649124,0.0
source,D4-FULL,noise,0.5,8503.0,DOWNSTREAM,0.6724137931034483,0.975,0.7959183673469388,0.025000000000000022
source,D4-FULL,noise,0.5,8504.0,INPUT,0.5,0.08333333333333333,0.14285714285714285,-0.041666666666666664
source,D4-FULL,noise,0.5,8504.0,OUTPUT,0.6,0.75,0.6666666666666665,0.25
source,D4-FULL,noise,0.5,8504.0,LOAD,0.46511627906976744,1.0,0.6349206349206349,0.0
source,D4-FULL,noise,0.5,8504.0,DOWNSTREAM,0.8,1.0,0.888888888888889,0.0
source,D4-FULL,noise,0.5,8505.0,INPUT,0.5,0.041666666666666664,0.07692307692307693,0.0
source,D4-FULL,noise,0.5,8505.0,OUTPUT,0.59375,0.7916666666666666,0.6785714285714286,0.20833333333333337
source,D4-FULL,noise,0.5,8505.0,LOAD,0.49382716049382713,1.0,0.6611570247933884,0.0
source,D4-FULL,noise,0.5,8505.0,DOWNSTREAM,0.609375,0.975,0.7499999999999999,0.025000000000000022
source,D4-FULL,noise,0.5,8506.0,INPUT,0.0,0.0,0.0,0.041666666666666664
source,D4-FULL,noise,0.5,8506.0,OUTPUT,0.6774193548387096,0.875,0.7636363636363636,0.125
source,D4-FULL,noise,0.5,8506.0,LOAD,0.5263157894736842,1.0,0.6896551724137931,0.0
source,D4-FULL,noise,0.5,8506.0,DOWNSTREAM,0.6349206349206349,1.0,0.7766990291262136,0.0
source,D4-FULL,noise,0.5,8507.0,INPUT,0.14285714285714285,0.041666666666666664,0.06451612903225806,0.0
source,D4-FULL,noise,0.5,8507.0,OUTPUT,0.6896551724137931,0.8333333333333334,0.7547169811320755,0.16666666666666663
source,D4-FULL,noise,0.5,8507.0,LOAD,0.5128205128205128,1.0,0.6779661016949152,0.0
source,D4-FULL,noise,0.5,8507.0,DOWNSTREAM,0.6451612903225806,1.0,0.7843137254901961,0.0
source,D4-FULL,noise,0.5,8508.0,INPUT,0.3333333333333333,0.041666666666666664,0.07407407407407407,0.0
source,D4-FULL,noise,0.5,8508.0,OUTPUT,0.65625,0.875,0.75,0.125
source,D4-FULL,noise,0.5,8508.0,LOAD,0.4819277108433735,1.0,0.6504065040650406,0.0
source,D4-FULL,noise,0.5,8508.0,DOWNSTREAM,0.6190476190476191,0.975,0.7572815533980581,0.025000000000000022
source,D4-FULL,noise,0.5,8509.0,INPUT,0.0,0.0,0.0,0.041666666666666664
source,D4-FULL,noise,0.5,8509.0,OUTPUT,0.75,0.875,0.8076923076923077,0.125
source,D4-FULL,noise,0.5,8509.0,LOAD,0.5,1.0,0.6666666666666666,0.0
source,D4-FULL,noise,0.5,8509.0,DOWNSTREAM,0.6896551724137931,1.0,0.8163265306122449,0.0
source,D4-FULL,noise,0.5,8510.0,INPUT,0.2,0.041666666666666664,0.06896551724137931,0.0
source,D4-FULL,noise,0.5,8510.0,OUTPUT,0.7,0.875,0.7777777777777777,0.125
source,D4-FULL,noise,0.5,8510.0,LOAD,0.5263157894736842,1.0,0.6896551724137931,0.0
source,D4-FULL,noise,0.5,8510.0,DOWNSTREAM,0.5882352941176471,1.0,0.7407407407407407,0.0
source,D4-FULL,delay,1,nan,INPUT,0.2,0.041666666666666664,0.06896551724137931,0.0
source,D4-FULL,delay,1,nan,OUTPUT,0.631578947368421,1.0,0.7741935483870968,0.0
source,D4-FULL,delay,1,nan,LOAD,0.8695652173913043,1.0,0.9302325581395349,0.0
source,D4-FULL,delay,1,nan,DOWNSTREAM,0.9090909090909091,1.0,0.9523809523809523,0.0
source,D4-FULL,delay,3,nan,INPUT,0.2,0.041666666666666664,0.06896551724137931,0.0
source,D4-FULL,delay,3,nan,OUTPUT,0.631578947368421,1.0,0.7741935483870968,0.0
source,D4-FULL,delay,3,nan,LOAD,0.8163265306122449,1.0,0.898876404494382,0.0
source,D4-FULL,delay,3,nan,DOWNSTREAM,0.9302325581395349,1.0,0.963855421686747,0.0
source,D4-FULL,delay,5,nan,INPUT,0.2,0.041666666666666664,0.06896551724137931,0.0
source,D4-FULL,delay,5,nan,OUTPUT,0.631578947368421,1.0,0.7741935483870968,0.0
source,D4-FULL,delay,5,nan,LOAD,0.8695652173913043,1.0,0.9302325581395349,0.0
source,D4-FULL,delay,5,nan,DOWNSTREAM,0.9302325581395349,1.0,0.963855421686747,0.0
source,D4-FULL,channel_loss,C1_HOST_CPU,nan,INPUT,0.0,0.0,0.0,0.041666666666666664
source,D4-FULL,channel_loss,C1_HOST_CPU,nan,OUTPUT,0.6486486486486487,1.0,0.7868852459016393,0.0
source,D4-FULL,channel_loss,C1_HOST_CPU,nan,LOAD,0.851063829787234,1.0,0.9195402298850576,0.0
source,D4-FULL,channel_loss,C1_HOST_CPU,nan,DOWNSTREAM,0.9302325581395349,1.0,0.963855421686747,0.0
source,D4-FULL,channel_loss,C2_DEPENDENCY,nan,INPUT,0.2,0.041666666666666664,0.06896551724137931,0.0
source,D4-FULL,channel_loss,C2_DEPENDENCY,nan,OUTPUT,0.5853658536585366,1.0,0.7384615384615384,0.0
source,D4-FULL,channel_loss,C2_DEPENDENCY,nan,LOAD,0.851063829787234,1.0,0.9195402298850576,0.0
source,D4-FULL,channel_loss,C2_DEPENDENCY,nan,DOWNSTREAM,1.0,0.05,0.09523809523809523,0.95
source,D4-FULL,channel_loss,C3_TRACE_SPAN,nan,INPUT,0.3333333333333333,0.041666666666666664,0.07407407407407407,0.0
source,D4-FULL,channel_loss,C3_TRACE_SPAN,nan,OUTPUT,0.6764705882352942,0.9583333333333334,0.7931034482758621,0.04166666666666663
source,D4-FULL,channel_loss,C3_TRACE_SPAN,nan,LOAD,0.8163265306122449,1.0,0.898876404494382,0.0
source,D4-FULL,channel_loss,C3_TRACE_SPAN,nan,DOWNSTREAM,0.975609756097561,1.0,0.9876543209876543,0.0
source,D4-FULL,channel_loss,C4_TEMPORAL_EVOLUTION,nan,INPUT,0.07692307692307693,0.041666666666666664,0.05405405405405406,0.0
source,D4-FULL,channel_loss,C4_TEMPORAL_EVOLUTION,nan,OUTPUT,0.5853658536585366,1.0,0.7384615384615384,0.0
source,D4-FULL,channel_loss,C4_TEMPORAL_EVOLUTION,nan,LOAD,0.5555555555555556,1.0,0.7142857142857143,0.0
source,D4-FULL,channel_loss,C4_TEMPORAL_EVOLUTION,nan,DOWNSTREAM,0.9302325581395349,1.0,0.963855421686747,0.0
source,D4-FULL,channel_loss,C5_THROUGHPUT_SCHEDULER,nan,INPUT,0.125,0.041666666666666664,0.0625,0.0
source,D4-FULL,channel_loss,C5_THROUGHPUT_SCHEDULER,nan,OUTPUT,0.6,1.0,0.7499999999999999,0.0
source,D4-FULL,channel_loss,C5_THROUGHPUT_SCHEDULER,nan,LOAD,0.851063829787234,1.0,0.9195402298850576,0.0
source,D4-FULL,channel_loss,C5_THROUGHPUT_SCHEDULER,nan,DOWNSTREAM,0.9302325581395349,1.0,0.963855421686747,0.0
source,D4-FULL,channel_loss,C6_LATENCY_P95,nan,INPUT,0.1111111111111111,0.041666666666666664,0.06060606060606061,0.0
source,D4-FULL,channel_loss,C6_LATENCY_P95,nan,OUTPUT,0.6153846153846154,1.0,0.761904761904762,0.0
source,D4-FULL,channel_loss,C6_LATENCY_P95,nan,LOAD,0.851063829787234,1.0,0.9195402298850576,0.0
source,D4-FULL,channel_loss,C6_LATENCY_P95,nan,DOWNSTREAM,0.9302325581395349,1.0,0.963855421686747,0.0
source,D4-FULL,channel_loss,C7_MEDIAN_LATENCY,nan,INPUT,0.25,0.041666666666666664,0.07142857142857142,0.0
source,D4-FULL,channel_loss,C7_MEDIAN_LATENCY,nan,OUTPUT,0.75,1.0,0.8571428571428571,0.0
source,D4-FULL,channel_loss,C7_MEDIAN_LATENCY,nan,LOAD,0.8163265306122449,1.0,0.898876404494382,0.0
source,D4-FULL,channel_loss,C7_MEDIAN_LATENCY,nan,DOWNSTREAM,0.9302325581395349,1.0,0.963855421686747,0.0
source,D4-FULL,channel_loss,C8_MECHANISM_ANCHOR,nan,INPUT,0.0,0.0,0.0,0.041666666666666664
source,D4-FULL,channel_loss,C8_MECHANISM_ANCHOR,nan,OUTPUT,0.4583333333333333,0.4583333333333333,0.4583333333333333,0.5416666666666667
source,D4-FULL,channel_loss,C8_MECHANISM_ANCHOR,nan,LOAD,0.7142857142857143,1.0,0.8333333333333333,0.0
source,D4-FULL,channel_loss,C8_MECHANISM_ANCHOR,nan,DOWNSTREAM,1.0,0.05,0.09523809523809523,0.95
source,D4-FULL-F3,clean,0,nan,INPUT,0.8,0.6666666666666666,0.7272727272727272,0.0
source,D4-FULL-F3,clean,0,nan,OUTPUT,0.6857142857142857,1.0,0.8135593220338984,0.0
source,D4-FULL-F3,clean,0,nan,LOAD,0.9302325581395349,1.0,0.963855421686747,0.0
source,D4-FULL-F3,clean,0,nan,DOWNSTREAM,0.9302325581395349,1.0,0.963855421686747,0.0
source,D4-FULL-F3,missingness,0.1,8101.0,INPUT,0.75,0.625,0.6818181818181818,0.04166666666666663
source,D4-FULL-F3,missingness,0.1,8101.0,OUTPUT,0.631578947368421,1.0,0.7741935483870968,0.0
source,D4-FULL-F3,missingness,0.1,8101.0,LOAD,0.8888888888888888,1.0,0.9411764705882353,0.0
source,D4-FULL-F3,missingness,0.1,8101.0,DOWNSTREAM,0.9302325581395349,1.0,0.963855421686747,0.0
source,D4-FULL-F3,missingness,0.1,8102.0,INPUT,0.8235294117647058,0.5833333333333334,0.6829268292682927,0.08333333333333326
source,D4-FULL-F3,missingness,0.1,8102.0,OUTPUT,0.6666666666666666,1.0,0.8,0.0
source,D4-FULL-F3,missingness,0.1,8102.0,LOAD,0.8888888888888888,1.0,0.9411764705882353,0.0
source,D4-FULL-F3,missingness,0.1,8102.0,DOWNSTREAM,0.9302325581395349,1.0,0.963855421686747,0.0
source,D4-FULL-F3,missingness,0.1,8103.0,INPUT,0.8125,0.5416666666666666,0.65,0.125
source,D4-FULL-F3,missingness,0.1,8103.0,OUTPUT,0.7058823529411765,1.0,0.8275862068965517,0.0
source,D4-FULL-F3,missingness,0.1,8103.0,LOAD,0.9090909090909091,1.0,0.9523809523809523,0.0
source,D4-FULL-F3,missingness,0.1,8103.0,DOWNSTREAM,0.9302325581395349,1.0,0.963855421686747,0.0
source,D4-FULL-F3,missingness,0.1,8104.0,INPUT,0.7647058823529411,0.5416666666666666,0.6341463414634146,0.125
source,D4-FULL-F3,missingness,0.1,8104.0,OUTPUT,0.631578947368421,1.0,0.7741935483870968,0.0
source,D4-FULL-F3,missingness,0.1,8104.0,LOAD,0.8888888888888888,1.0,0.9411764705882353,0.0
source,D4-FULL-F3,missingness,0.1,8104.0,DOWNSTREAM,0.9302325581395349,1.0,0.963855421686747,0.0
source,D4-FULL-F3,missingness,0.1,8105.0,INPUT,0.8333333333333334,0.625,0.7142857142857143,0.04166666666666663
source,D4-FULL-F3,missingness,0.1,8105.0,OUTPUT,0.6857142857142857,1.0,0.8135593220338984,0.0
source,D4-FULL-F3,missingness,0.1,8105.0,LOAD,0.9090909090909091,1.0,0.9523809523809523,0.0
source,D4-FULL-F3,missingness,0.1,8105.0,DOWNSTREAM,0.9090909090909091,1.0,0.9523809523809523,0.0
source,D4-FULL-F3,missingness,0.1,8106.0,INPUT,0.7619047619047619,0.6666666666666666,0.7111111111111111,0.0
source,D4-FULL-F3,missingness,0.1,8106.0,OUTPUT,0.6666666666666666,1.0,0.8,0.0
source,D4-FULL-F3,missingness,0.1,8106.0,LOAD,0.9523809523809523,1.0,0.975609756097561,0.0
source,D4-FULL-F3,missingness,0.1,8106.0,DOWNSTREAM,0.9523809523809523,1.0,0.975609756097561,0.0
source,D4-FULL-F3,missingness,0.1,8107.0,INPUT,0.7368421052631579,0.5833333333333334,0.6511627906976745,0.08333333333333326
source,D4-FULL-F3,missingness,0.1,8107.0,OUTPUT,0.6857142857142857,1.0,0.8135593220338984,0.0
source,D4-FULL-F3,missingness,0.1,8107.0,LOAD,0.9090909090909091,1.0,0.9523809523809523,0.0
source,D4-FULL-F3,missingness,0.1,8107.0,DOWNSTREAM,0.9302325581395349,1.0,0.963855421686747,0.0
source,D4-FULL-F3,missingness,0.1,8108.0,INPUT,0.8125,0.5416666666666666,0.65,0.125
source,D4-FULL-F3,missingness,0.1,8108.0,OUTPUT,0.7272727272727273,1.0,0.8421052631578948,0.0
source,D4-FULL-F3,missingness,0.1,8108.0,LOAD,0.8888888888888888,1.0,0.9411764705882353,0.0
source,D4-FULL-F3,missingness,0.1,8108.0,DOWNSTREAM,0.9523809523809523,1.0,0.975609756097561,0.0
source,D4-FULL-F3,missingness,0.1,8109.0,INPUT,0.8125,0.5416666666666666,0.65,0.125
source,D4-FULL-F3,missingness,0.1,8109.0,OUTPUT,0.7058823529411765,1.0,0.8275862068965517,0.0
source,D4-FULL-F3,missingness,0.1,8109.0,LOAD,0.8888888888888888,1.0,0.9411764705882353,0.0
source,D4-FULL-F3,missingness,0.1,8109.0,DOWNSTREAM,0.9302325581395349,1.0,0.963855421686747,0.0
source,D4-FULL-F3,missingness,0.1,8110.0,INPUT,0.8666666666666667,0.5416666666666666,0.6666666666666667,0.125
source,D4-FULL-F3,missingness,0.1,8110.0,OUTPUT,0.6857142857142857,1.0,0.8135593220338984,0.0
source,D4-FULL-F3,missingness,0.1,8110.0,LOAD,0.8888888888888888,1.0,0.9411764705882353,0.0
source,D4-FULL-F3,missingness,0.1,8110.0,DOWNSTREAM,0.9302325581395349,1.0,0.963855421686747,0.0
source,D4-FULL-F3,missingness,0.25,8101.0,INPUT,0.7368421052631579,0.5833333333333334,0.6511627906976745,0.08333333333333326
source,D4-FULL-F3,missingness,0.25,8101.0,OUTPUT,0.6857142857142857,1.0,0.8135593220338984,0.0
source,D4-FULL-F3,missingness,0.25,8101.0,LOAD,0.851063829787234,1.0,0.9195402298850576,0.0
source,D4-FULL-F3,missingness,0.25,8101.0,DOWNSTREAM,0.9523809523809523,1.0,0.975609756097561,0.0
source,D4-FULL-F3,missingness,0.25,8102.0,INPUT,0.8571428571428571,0.5,0.631578947368421,0.16666666666666663
source,D4-FULL-F3,missingness,0.25,8102.0,OUTPUT,0.6486486486486487,1.0,0.7868852459016393,0.0
source,D4-FULL-F3,missingness,0.25,8102.0,LOAD,0.8695652173913043,1.0,0.9302325581395349,0.0
source,D4-FULL-F3,missingness,0.25,8102.0,DOWNSTREAM,0.9302325581395349,1.0,0.963855421686747,0.0
source,D4-FULL-F3,missingness,0.25,8103.0,INPUT,0.9333333333333333,0.5833333333333334,0.7179487179487181,0.08333333333333326
source,D4-FULL-F3,missingness,0.25,8103.0,OUTPUT,0.7272727272727273,1.0,0.8421052631578948,0.0
source,D4-FULL-F3,missingness,0.25,8103.0,LOAD,0.851063829787234,1.0,0.9195402298850576,0.0
source,D4-FULL-F3,missingness,0.25,8103.0,DOWNSTREAM,0.9523809523809523,1.0,0.975609756097561,0.0
source,D4-FULL-F3,missingness,0.25,8104.0,INPUT,0.7058823529411765,0.5,0.5853658536585366,0.16666666666666663
source,D4-FULL-F3,missingness,0.25,8104.0,OUTPUT,0.6486486486486487,1.0,0.7868852459016393,0.0
source,D4-FULL-F3,missingness,0.25,8104.0,LOAD,0.8163265306122449,1.0,0.898876404494382,0.0
source,D4-FULL-F3,missingness,0.25,8104.0,DOWNSTREAM,0.9523809523809523,1.0,0.975609756097561,0.0
source,D4-FULL-F3,missingness,0.25,8105.0,INPUT,0.8571428571428571,0.5,0.631578947368421,0.16666666666666663
source,D4-FULL-F3,missingness,0.25,8105.0,OUTPUT,0.7272727272727273,1.0,0.8421052631578948,0.0
source,D4-FULL-F3,missingness,0.25,8105.0,LOAD,0.9090909090909091,1.0,0.9523809523809523,0.0
source,D4-FULL-F3,missingness,0.25,8105.0,DOWNSTREAM,0.9302325581395349,1.0,0.963855421686747,0.0
source,D4-FULL-F3,missingness,0.25,8106.0,INPUT,0.8235294117647058,0.5833333333333334,0.6829268292682927,0.08333333333333326
source,D4-FULL-F3,missingness,0.25,8106.0,OUTPUT,0.6666666666666666,1.0,0.8,0.0
source,D4-FULL-F3,missingness,0.25,8106.0,LOAD,0.8888888888888888,1.0,0.9411764705882353,0.0
source,D4-FULL-F3,missingness,0.25,8106.0,DOWNSTREAM,0.9523809523809523,1.0,0.975609756097561,0.0
source,D4-FULL-F3,missingness,0.25,8107.0,INPUT,0.6666666666666666,0.5,0.5714285714285715,0.16666666666666663
source,D4-FULL-F3,missingness,0.25,8107.0,OUTPUT,0.6857142857142857,1.0,0.8135593220338984,0.0
source,D4-FULL-F3,missingness,0.25,8107.0,LOAD,0.8695652173913043,1.0,0.9302325581395349,0.0
source,D4-FULL-F3,missingness,0.25,8107.0,DOWNSTREAM,0.9523809523809523,1.0,0.975609756097561,0.0
source,D4-FULL-F3,missingness,0.25,8108.0,INPUT,0.7692307692307693,0.4166666666666667,0.5405405405405406,0.24999999999999994
source,D4-FULL-F3,missingness,0.25,8108.0,OUTPUT,0.6857142857142857,1.0,0.8135593220338984,0.0
source,D4-FULL-F3,missingness,0.25,8108.0,LOAD,0.8695652173913043,1.0,0.9302325581395349,0.0
source,D4-FULL-F3,missingness,0.25,8108.0,DOWNSTREAM,0.9302325581395349,1.0,0.963855421686747,0.0
source,D4-FULL-F3,missingness,0.25,8109.0,INPUT,0.6875,0.4583333333333333,0.5499999999999999,0.20833333333333331
source,D4-FULL-F3,missingness,0.25,8109.0,OUTPUT,0.6857142857142857,1.0,0.8135593220338984,0.0
source,D4-FULL-F3,missingness,0.25,8109.0,LOAD,0.8695652173913043,1.0,0.9302325581395349,0.0
source,D4-FULL-F3,missingness,0.25,8109.0,DOWNSTREAM,0.9302325581395349,1.0,0.963855421686747,0.0
source,D4-FULL-F3,missingness,0.25,8110.0,INPUT,0.7142857142857143,0.4166666666666667,0.5263157894736842,0.24999999999999994
source,D4-FULL-F3,missingness,0.25,8110.0,OUTPUT,0.6857142857142857,1.0,0.8135593220338984,0.0
source,D4-FULL-F3,missingness,0.25,8110.0,LOAD,0.8695652173913043,1.0,0.9302325581395349,0.0
source,D4-FULL-F3,missingness,0.25,8110.0,DOWNSTREAM,0.9302325581395349,1.0,0.963855421686747,0.0
source,D4-FULL-F3,missingness,0.5,8101.0,INPUT,0.6666666666666666,0.5,0.5714285714285715,0.16666666666666663
source,D4-FULL-F3,missingness,0.5,8101.0,OUTPUT,0.6571428571428571,0.9583333333333334,0.7796610169491525,0.04166666666666663
source,D4-FULL-F3,missingness,0.5,8101.0,LOAD,0.8888888888888888,1.0,0.9411764705882353,0.0
source,D4-FULL-F3,missingness,0.5,8101.0,DOWNSTREAM,0.9024390243902439,0.925,0.9135802469135802,0.07499999999999996
source,D4-FULL-F3,missingness,0.5,8102.0,INPUT,0.7142857142857143,0.4166666666666667,0.5263157894736842,0.24999999999999994
source,D4-FULL-F3,missingness,0.5,8102.0,OUTPUT,0.6052631578947368,0.9583333333333334,0.7419354838709677,0.04166666666666663
source,D4-FULL-F3,missingness,0.5,8102.0,LOAD,0.8125,0.975,0.8863636363636362,0.025000000000000022
source,D4-FULL-F3,missingness,0.5,8102.0,DOWNSTREAM,0.9736842105263158,0.925,0.9487179487179489,0.07499999999999996
source,D4-FULL-F3,missingness,0.5,8103.0,INPUT,0.6923076923076923,0.375,0.48648648648648646,0.29166666666666663
source,D4-FULL-F3,missingness,0.5,8103.0,OUTPUT,0.6857142857142857,1.0,0.8135593220338984,0.0
source,D4-FULL-F3,missingness,0.5,8103.0,LOAD,0.8163265306122449,1.0,0.898876404494382,0.0
source,D4-FULL-F3,missingness,0.5,8103.0,DOWNSTREAM,0.9302325581395349,1.0,0.963855421686747,0.0
source,D4-FULL-F3,missingness,0.5,8104.0,INPUT,0.5882352941176471,0.4166666666666667,0.48780487804878053,0.24999999999999994
source,D4-FULL-F3,missingness,0.5,8104.0,OUTPUT,0.6363636363636364,0.875,0.7368421052631579,0.125
source,D4-FULL-F3,missingness,0.5,8104.0,LOAD,0.78,0.975,0.8666666666666667,0.025000000000000022
source,D4-FULL-F3,missingness,0.5,8104.0,DOWNSTREAM,0.9047619047619048,0.95,0.9268292682926829,0.050000000000000044
source,D4-FULL-F3,missingness,0.5,8105.0,INPUT,0.6153846153846154,0.3333333333333333,0.43243243243243246,0.3333333333333333
source,D4-FULL-F3,missingness,0.5,8105.0,OUTPUT,0.7272727272727273,1.0,0.8421052631578948,0.0
source,D4-FULL-F3,missingness,0.5,8105.0,LOAD,0.8125,0.975,0.8863636363636362,0.025000000000000022
source,D4-FULL-F3,missingness,0.5,8105.0,DOWNSTREAM,0.8974358974358975,0.875,0.8860759493670887,0.125
source,D4-FULL-F3,missingness,0.5,8106.0,INPUT,0.8125,0.5416666666666666,0.65,0.125
source,D4-FULL-F3,missingness,0.5,8106.0,OUTPUT,0.6052631578947368,0.9583333333333334,0.7419354838709677,0.04166666666666663
source,D4-FULL-F3,missingness,0.5,8106.0,LOAD,0.7959183673469388,0.975,0.8764044943820225,0.025000000000000022
source,D4-FULL-F3,missingness,0.5,8106.0,DOWNSTREAM,0.975609756097561,1.0,0.9876543209876543,0.0
source,D4-FULL-F3,missingness,0.5,8107.0,INPUT,0.6,0.375,0.4615384615384615,0.29166666666666663
source,D4-FULL-F3,missingness,0.5,8107.0,OUTPUT,0.6216216216216216,0.9583333333333334,0.7540983606557377,0.04166666666666663
source,D4-FULL-F3,missingness,0.5,8107.0,LOAD,0.7959183673469388,0.975,0.8764044943820225,0.025000000000000022
source,D4-FULL-F3,missingness,0.5,8107.0,DOWNSTREAM,0.9069767441860465,0.975,0.9397590361445783,0.025000000000000022
source,D4-FULL-F3,missingness,0.5,8108.0,INPUT,0.75,0.25,0.375,0.41666666666666663
source,D4-FULL-F3,missingness,0.5,8108.0,OUTPUT,0.6363636363636364,0.875,0.7368421052631579,0.125
source,D4-FULL-F3,missingness,0.5,8108.0,LOAD,0.8125,0.975,0.8863636363636362,0.025000000000000022
source,D4-FULL-F3,missingness,0.5,8108.0,DOWNSTREAM,0.8837209302325582,0.95,0.9156626506024096,0.050000000000000044
source,D4-FULL-F3,missingness,0.5,8109.0,INPUT,0.5833333333333334,0.2916666666666667,0.38888888888888895,0.37499999999999994
source,D4-FULL-F3,missingness,0.5,8109.0,OUTPUT,0.6857142857142857,1.0,0.8135593220338984,0.0
source,D4-FULL-F3,missingness,0.5,8109.0,LOAD,0.8695652173913043,1.0,0.9302325581395349,0.0
source,D4-FULL-F3,missingness,0.5,8109.0,DOWNSTREAM,0.9302325581395349,1.0,0.963855421686747,0.0
source,D4-FULL-F3,missingness,0.5,8110.0,INPUT,0.7,0.2916666666666667,0.4117647058823529,0.37499999999999994
source,D4-FULL-F3,missingness,0.5,8110.0,OUTPUT,0.631578947368421,1.0,0.7741935483870968,0.0
source,D4-FULL-F3,missingness,0.5,8110.0,LOAD,0.8297872340425532,0.975,0.896551724137931,0.025000000000000022
source,D4-FULL-F3,missingness,0.5,8110.0,DOWNSTREAM,0.8260869565217391,0.95,0.8837209302325583,0.050000000000000044
source,D4-FULL-F3,temporal_sampling,0.25,8301.0,INPUT,0.8,0.6666666666666666,0.7272727272727272,0.0
source,D4-FULL-F3,temporal_sampling,0.25,8301.0,OUTPUT,0.6857142857142857,1.0,0.8135593220338984,0.0
source,D4-FULL-F3,temporal_sampling,0.25,8301.0,LOAD,0.8,1.0,0.888888888888889,0.0
source,D4-FULL-F3,temporal_sampling,0.25,8301.0,DOWNSTREAM,0.8695652173913043,1.0,0.9302325581395349,0.0
source,D4-FULL-F3,temporal_sampling,0.25,8302.0,INPUT,0.7894736842105263,0.625,0.6976744186046512,0.04166666666666663
source,D4-FULL-F3,temporal_sampling,0.25,8302.0,OUTPUT,0.631578947368421,1.0,0.7741935483870968,0.0
source,D4-FULL-F3,temporal_sampling,0.25,8302.0,LOAD,0.7959183673469388,0.975,0.8764044943820225,0.025000000000000022
source,D4-FULL-F3,temporal_sampling,0.25,8302.0,DOWNSTREAM,0.9090909090909091,1.0,0.9523809523809523,0.0
source,D4-FULL-F3,temporal_sampling,0.25,8303.0,INPUT,0.8235294117647058,0.5833333333333334,0.6829268292682927,0.08333333333333326
source,D4-FULL-F3,temporal_sampling,0.25,8303.0,OUTPUT,0.6,1.0,0.7499999999999999,0.0
source,D4-FULL-F3,temporal_sampling,0.25,8303.0,LOAD,0.8,1.0,0.888888888888889,0.0
source,D4-FULL-F3,temporal_sampling,0.25,8303.0,DOWNSTREAM,0.9090909090909091,1.0,0.9523809523809523,0.0
source,D4-FULL-F3,temporal_sampling,0.25,8304.0,INPUT,0.8235294117647058,0.5833333333333334,0.6829268292682927,0.08333333333333326
source,D4-FULL-F3,temporal_sampling,0.25,8304.0,OUTPUT,0.6857142857142857,1.0,0.8135593220338984,0.0
source,D4-FULL-F3,temporal_sampling,0.25,8304.0,LOAD,0.7843137254901961,1.0,0.8791208791208792,0.0
source,D4-FULL-F3,temporal_sampling,0.25,8304.0,DOWNSTREAM,0.8163265306122449,1.0,0.898876404494382,0.0
source,D4-FULL-F3,temporal_sampling,0.25,8305.0,INPUT,0.8,0.5,0.6153846153846154,0.16666666666666663
source,D4-FULL-F3,temporal_sampling,0.25,8305.0,OUTPUT,0.6857142857142857,1.0,0.8135593220338984,0.0
source,D4-FULL-F3,temporal_sampling,0.25,8305.0,LOAD,0.8125,0.975,0.8863636363636362,0.025000000000000022
source,D4-FULL-F3,temporal_sampling,0.25,8305.0,DOWNSTREAM,0.8695652173913043,1.0,0.9302325581395349,0.0
source,D4-FULL-F3,temporal_sampling,0.25,8306.0,INPUT,0.8421052631578947,0.6666666666666666,0.744186046511628,0.0
source,D4-FULL-F3,temporal_sampling,0.25,8306.0,OUTPUT,0.631578947368421,1.0,0.7741935483870968,0.0
source,D4-FULL-F3,temporal_sampling,0.25,8306.0,LOAD,0.8163265306122449,1.0,0.898876404494382,0.0
source,D4-FULL-F3,temporal_sampling,0.25,8306.0,DOWNSTREAM,0.8888888888888888,1.0,0.9411764705882353,0.0
source,D4-FULL-F3,temporal_sampling,0.25,8307.0,INPUT,0.8235294117647058,0.5833333333333334,0.6829268292682927,0.08333333333333326
source,D4-FULL-F3,temporal_sampling,0.25,8307.0,OUTPUT,0.6666666666666666,1.0,0.8,0.0
source,D4-FULL-F3,temporal_sampling,0.25,8307.0,LOAD,0.8888888888888888,1.0,0.9411764705882353,0.0
source,D4-FULL-F3,temporal_sampling,0.25,8307.0,DOWNSTREAM,0.8333333333333334,1.0,0.9090909090909091,0.0
source,D4-FULL-F3,temporal_sampling,0.25,8308.0,INPUT,0.8421052631578947,0.6666666666666666,0.744186046511628,0.0
source,D4-FULL-F3,temporal_sampling,0.25,8308.0,OUTPUT,0.631578947368421,1.0,0.7741935483870968,0.0
source,D4-FULL-F3,temporal_sampling,0.25,8308.0,LOAD,0.8695652173913043,1.0,0.9302325581395349,0.0
source,D4-FULL-F3,temporal_sampling,0.25,8308.0,DOWNSTREAM,0.7843137254901961,1.0,0.8791208791208792,0.0
source,D4-FULL-F3,temporal_sampling,0.25,8309.0,INPUT,0.8,0.5,0.6153846153846154,0.16666666666666663
source,D4-FULL-F3,temporal_sampling,0.25,8309.0,OUTPUT,0.631578947368421,1.0,0.7741935483870968,0.0
source,D4-FULL-F3,temporal_sampling,0.25,8309.0,LOAD,0.7692307692307693,1.0,0.8695652173913044,0.0
source,D4-FULL-F3,temporal_sampling,0.25,8309.0,DOWNSTREAM,0.851063829787234,1.0,0.9195402298850576,0.0
source,D4-FULL-F3,temporal_sampling,0.25,8310.0,INPUT,0.8235294117647058,0.5833333333333334,0.6829268292682927,0.08333333333333326
source,D4-FULL-F3,temporal_sampling,0.25,8310.0,OUTPUT,0.631578947368421,1.0,0.7741935483870968,0.0
source,D4-FULL-F3,temporal_sampling,0.25,8310.0,LOAD,0.8,1.0,0.888888888888889,0.0
source,D4-FULL-F3,temporal_sampling,0.25,8310.0,DOWNSTREAM,0.8888888888888888,1.0,0.9411764705882353,0.0
source,D4-FULL-F3,temporal_sampling,0.5,8301.0,INPUT,0.7777777777777778,0.5833333333333334,0.6666666666666666,0.08333333333333326
source,D4-FULL-F3,temporal_sampling,0.5,8301.0,OUTPUT,0.6857142857142857,1.0,0.8135593220338984,0.0
source,D4-FULL-F3,temporal_sampling,0.5,8301.0,LOAD,0.851063829787234,1.0,0.9195402298850576,0.0
source,D4-FULL-F3,temporal_sampling,0.5,8301.0,DOWNSTREAM,0.8695652173913043,1.0,0.9302325581395349,0.0
source,D4-FULL-F3,temporal_sampling,0.5,8302.0,INPUT,0.8333333333333334,0.625,0.7142857142857143,0.04166666666666663
source,D4-FULL-F3,temporal_sampling,0.5,8302.0,OUTPUT,0.6486486486486487,1.0,0.7868852459016393,0.0
source,D4-FULL-F3,temporal_sampling,0.5,8302.0,LOAD,0.8333333333333334,1.0,0.9090909090909091,0.0
source,D4-FULL-F3,temporal_sampling,0.5,8302.0,DOWNSTREAM,0.9302325581395349,1.0,0.963855421686747,0.0
source,D4-FULL-F3,temporal_sampling,0.5,8303.0,INPUT,0.8333333333333334,0.625,0.7142857142857143,0.04166666666666663
source,D4-FULL-F3,temporal_sampling,0.5,8303.0,OUTPUT,0.7058823529411765,1.0,0.8275862068965517,0.0
source,D4-FULL-F3,temporal_sampling,0.5,8303.0,LOAD,0.8163265306122449,1.0,0.898876404494382,0.0
source,D4-FULL-F3,temporal_sampling,0.5,8303.0,DOWNSTREAM,0.9090909090909091,1.0,0.9523809523809523,0.0
source,D4-FULL-F3,temporal_sampling,0.5,8304.0,INPUT,0.8421052631578947,0.6666666666666666,0.744186046511628,0.0
source,D4-FULL-F3,temporal_sampling,0.5,8304.0,OUTPUT,0.6666666666666666,1.0,0.8,0.0
source,D4-FULL-F3,temporal_sampling,0.5,8304.0,LOAD,0.8333333333333334,1.0,0.9090909090909091,0.0
source,D4-FULL-F3,temporal_sampling,0.5,8304.0,DOWNSTREAM,0.8695652173913043,1.0,0.9302325581395349,0.0
source,D4-FULL-F3,temporal_sampling,0.5,8305.0,INPUT,0.7777777777777778,0.5833333333333334,0.6666666666666666,0.08333333333333326
source,D4-FULL-F3,temporal_sampling,0.5,8305.0,OUTPUT,0.6666666666666666,1.0,0.8,0.0
source,D4-FULL-F3,temporal_sampling,0.5,8305.0,LOAD,0.8333333333333334,1.0,0.9090909090909091,0.0
source,D4-FULL-F3,temporal_sampling,0.5,8305.0,DOWNSTREAM,0.9302325581395349,1.0,0.963855421686747,0.0
source,D4-FULL-F3,temporal_sampling,0.5,8306.0,INPUT,0.7777777777777778,0.5833333333333334,0.6666666666666666,0.08333333333333326
source,D4-FULL-F3,temporal_sampling,0.5,8306.0,OUTPUT,0.6857142857142857,1.0,0.8135593220338984,0.0
source,D4-FULL-F3,temporal_sampling,0.5,8306.0,LOAD,0.8333333333333334,1.0,0.9090909090909091,0.0
source,D4-FULL-F3,temporal_sampling,0.5,8306.0,DOWNSTREAM,0.9090909090909091,1.0,0.9523809523809523,0.0
source,D4-FULL-F3,temporal_sampling,0.5,8307.0,INPUT,0.8235294117647058,0.5833333333333334,0.6829268292682927,0.08333333333333326
source,D4-FULL-F3,temporal_sampling,0.5,8307.0,OUTPUT,0.631578947368421,1.0,0.7741935483870968,0.0
source,D4-FULL-F3,temporal_sampling,0.5,8307.0,LOAD,0.8163265306122449,1.0,0.898876404494382,0.0
source,D4-FULL-F3,temporal_sampling,0.5,8307.0,DOWNSTREAM,0.8888888888888888,1.0,0.9411764705882353,0.0
source,D4-FULL-F3,temporal_sampling,0.5,8308.0,INPUT,0.8333333333333334,0.625,0.7142857142857143,0.04166666666666663
source,D4-FULL-F3,temporal_sampling,0.5,8308.0,OUTPUT,0.6857142857142857,1.0,0.8135593220338984,0.0
source,D4-FULL-F3,temporal_sampling,0.5,8308.0,LOAD,0.8333333333333334,1.0,0.9090909090909091,0.0
source,D4-FULL-F3,temporal_sampling,0.5,8308.0,DOWNSTREAM,0.8695652173913043,1.0,0.9302325581395349,0.0
source,D4-FULL-F3,temporal_sampling,0.5,8309.0,INPUT,0.7777777777777778,0.5833333333333334,0.6666666666666666,0.08333333333333326
source,D4-FULL-F3,temporal_sampling,0.5,8309.0,OUTPUT,0.631578947368421,1.0,0.7741935483870968,0.0
source,D4-FULL-F3,temporal_sampling,0.5,8309.0,LOAD,0.7843137254901961,1.0,0.8791208791208792,0.0
source,D4-FULL-F3,temporal_sampling,0.5,8309.0,DOWNSTREAM,0.8695652173913043,1.0,0.9302325581395349,0.0
source,D4-FULL-F3,temporal_sampling,0.5,8310.0,INPUT,0.8235294117647058,0.5833333333333334,0.6829268292682927,0.08333333333333326
source,D4-FULL-F3,temporal_sampling,0.5,8310.0,OUTPUT,0.6666666666666666,1.0,0.8,0.0
source,D4-FULL-F3,temporal_sampling,0.5,8310.0,LOAD,0.851063829787234,1.0,0.9195402298850576,0.0
source,D4-FULL-F3,temporal_sampling,0.5,8310.0,DOWNSTREAM,0.9523809523809523,1.0,0.975609756097561,0.0
source,D4-FULL-F3,temporal_sampling,0.75,8301.0,INPUT,0.7894736842105263,0.625,0.6976744186046512,0.04166666666666663
source,D4-FULL-F3,temporal_sampling,0.75,8301.0,OUTPUT,0.6666666666666666,1.0,0.8,0.0
source,D4-FULL-F3,temporal_sampling,0.75,8301.0,LOAD,0.8888888888888888,1.0,0.9411764705882353,0.0
source,D4-FULL-F3,temporal_sampling,0.75,8301.0,DOWNSTREAM,0.9302325581395349,1.0,0.963855421686747,0.0
source,D4-FULL-F3,temporal_sampling,0.75,8302.0,INPUT,0.8235294117647058,0.5833333333333334,0.6829268292682927,0.08333333333333326
source,D4-FULL-F3,temporal_sampling,0.75,8302.0,OUTPUT,0.6486486486486487,1.0,0.7868852459016393,0.0
source,D4-FULL-F3,temporal_sampling,0.75,8302.0,LOAD,0.8695652173913043,1.0,0.9302325581395349,0.0
source,D4-FULL-F3,temporal_sampling,0.75,8302.0,DOWNSTREAM,0.8695652173913043,1.0,0.9302325581395349,0.0
source,D4-FULL-F3,temporal_sampling,0.75,8303.0,INPUT,0.8,0.6666666666666666,0.7272727272727272,0.0
source,D4-FULL-F3,temporal_sampling,0.75,8303.0,OUTPUT,0.6666666666666666,1.0,0.8,0.0
source,D4-FULL-F3,temporal_sampling,0.75,8303.0,LOAD,0.8888888888888888,1.0,0.9411764705882353,0.0
source,D4-FULL-F3,temporal_sampling,0.75,8303.0,DOWNSTREAM,0.8695652173913043,1.0,0.9302325581395349,0.0
source,D4-FULL-F3,temporal_sampling,0.75,8304.0,INPUT,0.8,0.6666666666666666,0.7272727272727272,0.0
source,D4-FULL-F3,temporal_sampling,0.75,8304.0,OUTPUT,0.6857142857142857,1.0,0.8135593220338984,0.0
source,D4-FULL-F3,temporal_sampling,0.75,8304.0,LOAD,0.9090909090909091,1.0,0.9523809523809523,0.0
source,D4-FULL-F3,temporal_sampling,0.75,8304.0,DOWNSTREAM,0.8695652173913043,1.0,0.9302325581395349,0.0
source,D4-FULL-F3,temporal_sampling,0.75,8305.0,INPUT,0.8,0.6666666666666666,0.7272727272727272,0.0
source,D4-FULL-F3,temporal_sampling,0.75,8305.0,OUTPUT,0.6666666666666666,1.0,0.8,0.0
source,D4-FULL-F3,temporal_sampling,0.75,8305.0,LOAD,0.9302325581395349,1.0,0.963855421686747,0.0
source,D4-FULL-F3,temporal_sampling,0.75,8305.0,DOWNSTREAM,0.9090909090909091,1.0,0.9523809523809523,0.0
source,D4-FULL-F3,temporal_sampling,0.75,8306.0,INPUT,0.8421052631578947,0.6666666666666666,0.744186046511628,0.0
source,D4-FULL-F3,temporal_sampling,0.75,8306.0,OUTPUT,0.6857142857142857,1.0,0.8135593220338984,0.0
source,D4-FULL-F3,temporal_sampling,0.75,8306.0,LOAD,0.8695652173913043,1.0,0.9302325581395349,0.0
source,D4-FULL-F3,temporal_sampling,0.75,8306.0,DOWNSTREAM,0.8695652173913043,1.0,0.9302325581395349,0.0
source,D4-FULL-F3,temporal_sampling,0.75,8307.0,INPUT,0.7894736842105263,0.625,0.6976744186046512,0.04166666666666663
source,D4-FULL-F3,temporal_sampling,0.75,8307.0,OUTPUT,0.6857142857142857,1.0,0.8135593220338984,0.0
source,D4-FULL-F3,temporal_sampling,0.75,8307.0,LOAD,0.9302325581395349,1.0,0.963855421686747,0.0
source,D4-FULL-F3,temporal_sampling,0.75,8307.0,DOWNSTREAM,0.8888888888888888,1.0,0.9411764705882353,0.0
source,D4-FULL-F3,temporal_sampling,0.75,8308.0,INPUT,0.8823529411764706,0.625,0.7317073170731708,0.04166666666666663
source,D4-FULL-F3,temporal_sampling,0.75,8308.0,OUTPUT,0.6857142857142857,1.0,0.8135593220338984,0.0
source,D4-FULL-F3,temporal_sampling,0.75,8308.0,LOAD,0.851063829787234,1.0,0.9195402298850576,0.0
source,D4-FULL-F3,temporal_sampling,0.75,8308.0,DOWNSTREAM,0.9090909090909091,1.0,0.9523809523809523,0.0
source,D4-FULL-F3,temporal_sampling,0.75,8309.0,INPUT,0.8,0.6666666666666666,0.7272727272727272,0.0
source,D4-FULL-F3,temporal_sampling,0.75,8309.0,OUTPUT,0.6857142857142857,1.0,0.8135593220338984,0.0
source,D4-FULL-F3,temporal_sampling,0.75,8309.0,LOAD,0.8695652173913043,1.0,0.9302325581395349,0.0
source,D4-FULL-F3,temporal_sampling,0.75,8309.0,DOWNSTREAM,0.9090909090909091,1.0,0.9523809523809523,0.0
source,D4-FULL-F3,temporal_sampling,0.75,8310.0,INPUT,0.8235294117647058,0.5833333333333334,0.6829268292682927,0.08333333333333326
source,D4-FULL-F3,temporal_sampling,0.75,8310.0,OUTPUT,0.6857142857142857,1.0,0.8135593220338984,0.0
source,D4-FULL-F3,temporal_sampling,0.75,8310.0,LOAD,0.8163265306122449,1.0,0.898876404494382,0.0
source,D4-FULL-F3,temporal_sampling,0.75,8310.0,DOWNSTREAM,0.851063829787234,1.0,0.9195402298850576,0.0
source,D4-FULL-F3,noise,0.1,8501.0,INPUT,0.75,0.5,0.6,0.16666666666666663
source,D4-FULL-F3,noise,0.1,8501.0,OUTPUT,0.75,1.0,0.8571428571428571,0.0
source,D4-FULL-F3,noise,0.1,8501.0,LOAD,0.6451612903225806,1.0,0.7843137254901961,0.0
source,D4-FULL-F3,noise,0.1,8501.0,DOWNSTREAM,0.9523809523809523,1.0,0.975609756097561,0.0
source,D4-FULL-F3,noise,0.1,8502.0,INPUT,0.7857142857142857,0.4583333333333333,0.5789473684210527,0.20833333333333331
source,D4-FULL-F3,noise,0.1,8502.0,OUTPUT,0.7058823529411765,1.0,0.8275862068965517,0.0
source,D4-FULL-F3,noise,0.1,8502.0,LOAD,0.6666666666666666,1.0,0.8,0.0
source,D4-FULL-F3,noise,0.1,8502.0,DOWNSTREAM,0.9090909090909091,1.0,0.9523809523809523,0.0
source,D4-FULL-F3,noise,0.1,8503.0,INPUT,0.7333333333333333,0.4583333333333333,0.5641025641025641,0.20833333333333331
source,D4-FULL-F3,noise,0.1,8503.0,OUTPUT,0.6857142857142857,1.0,0.8135593220338984,0.0
source,D4-FULL-F3,noise,0.1,8503.0,LOAD,0.6666666666666666,1.0,0.8,0.0
source,D4-FULL-F3,noise,0.1,8503.0,DOWNSTREAM,0.9090909090909091,1.0,0.9523809523809523,0.0
source,D4-FULL-F3,noise,0.1,8504.0,INPUT,0.8571428571428571,0.5,0.631578947368421,0.16666666666666663
source,D4-FULL-F3,noise,0.1,8504.0,OUTPUT,0.6666666666666666,1.0,0.8,0.0
source,D4-FULL-F3,noise,0.1,8504.0,LOAD,0.6451612903225806,1.0,0.7843137254901961,0.0
source,D4-FULL-F3,noise,0.1,8504.0,DOWNSTREAM,0.9302325581395349,1.0,0.963855421686747,0.0
source,D4-FULL-F3,noise,0.1,8505.0,INPUT,0.8,0.5,0.6153846153846154,0.16666666666666663
source,D4-FULL-F3,noise,0.1,8505.0,OUTPUT,0.7741935483870968,1.0,0.8727272727272727,0.0
source,D4-FULL-F3,noise,0.1,8505.0,LOAD,0.6896551724137931,1.0,0.8163265306122449,0.0
source,D4-FULL-F3,noise,0.1,8505.0,DOWNSTREAM,0.8695652173913043,1.0,0.9302325581395349,0.0
source,D4-FULL-F3,noise,0.1,8506.0,INPUT,0.75,0.5,0.6,0.16666666666666663
source,D4-FULL-F3,noise,0.1,8506.0,OUTPUT,0.6666666666666666,1.0,0.8,0.0
source,D4-FULL-F3,noise,0.1,8506.0,LOAD,0.6779661016949152,1.0,0.8080808080808081,0.0
source,D4-FULL-F3,noise,0.1,8506.0,DOWNSTREAM,0.8695652173913043,1.0,0.9302325581395349,0.0
source,D4-FULL-F3,noise,0.1,8507.0,INPUT,1.0,0.375,0.5454545454545454,0.29166666666666663
source,D4-FULL-F3,noise,0.1,8507.0,OUTPUT,0.75,1.0,0.8571428571428571,0.0
source,D4-FULL-F3,noise,0.1,8507.0,LOAD,0.625,1.0,0.7692307692307693,0.0
source,D4-FULL-F3,noise,0.1,8507.0,DOWNSTREAM,0.9090909090909091,1.0,0.9523809523809523,0.0
source,D4-FULL-F3,noise,0.1,8508.0,INPUT,0.8571428571428571,0.5,0.631578947368421,0.16666666666666663
source,D4-FULL-F3,noise,0.1,8508.0,OUTPUT,0.8,1.0,0.888888888888889,0.0
source,D4-FULL-F3,noise,0.1,8508.0,LOAD,0.6557377049180327,1.0,0.7920792079207921,0.0
source,D4-FULL-F3,noise,0.1,8508.0,DOWNSTREAM,0.8888888888888888,1.0,0.9411764705882353,0.0
source,D4-FULL-F3,noise,0.1,8509.0,INPUT,0.7142857142857143,0.4166666666666667,0.5263157894736842,0.24999999999999994
source,D4-FULL-F3,noise,0.1,8509.0,OUTPUT,0.7272727272727273,1.0,0.8421052631578948,0.0
source,D4-FULL-F3,noise,0.1,8509.0,LOAD,0.6349206349206349,1.0,0.7766990291262136,0.0
source,D4-FULL-F3,noise,0.1,8509.0,DOWNSTREAM,0.8888888888888888,1.0,0.9411764705882353,0.0
source,D4-FULL-F3,noise,0.1,8510.0,INPUT,0.6923076923076923,0.375,0.48648648648648646,0.29166666666666663
source,D4-FULL-F3,noise,0.1,8510.0,OUTPUT,0.7741935483870968,1.0,0.8727272727272727,0.0
source,D4-FULL-F3,noise,0.1,8510.0,LOAD,0.6557377049180327,1.0,0.7920792079207921,0.0
source,D4-FULL-F3,noise,0.1,8510.0,DOWNSTREAM,0.8333333333333334,1.0,0.9090909090909091,0.0
source,D4-FULL-F3,noise,0.25,8501.0,INPUT,0.7692307692307693,0.4166666666666667,0.5405405405405406,0.24999999999999994
source,D4-FULL-F3,noise,0.25,8501.0,OUTPUT,0.7666666666666667,0.9583333333333334,0.8518518518518519,0.04166666666666663
source,D4-FULL-F3,noise,0.25,8501.0,LOAD,0.5405405405405406,1.0,0.7017543859649124,0.0
source,D4-FULL-F3,noise,0.25,8501.0,DOWNSTREAM,0.8,1.0,0.888888888888889,0.0
source,D4-FULL-F3,noise,0.25,8502.0,INPUT,0.75,0.375,0.5,0.29166666666666663
source,D4-FULL-F3,noise,0.25,8502.0,OUTPUT,0.8,1.0,0.888888888888889,0.0
source,D4-FULL-F3,noise,0.25,8502.0,LOAD,0.5333333333333333,1.0,0.6956521739130436,0.0
source,D4-FULL-F3,noise,0.25,8502.0,DOWNSTREAM,0.7692307692307693,1.0,0.8695652173913044,0.0
source,D4-FULL-F3,noise,0.25,8503.0,INPUT,0.6923076923076923,0.375,0.48648648648648646,0.29166666666666663
source,D4-FULL-F3,noise,0.25,8503.0,OUTPUT,0.7741935483870968,1.0,0.8727272727272727,0.0
source,D4-FULL-F3,noise,0.25,8503.0,LOAD,0.6153846153846154,1.0,0.761904761904762,0.0
source,D4-FULL-F3,noise,0.25,8503.0,DOWNSTREAM,0.7692307692307693,1.0,0.8695652173913044,0.0
source,D4-FULL-F3,noise,0.25,8504.0,INPUT,0.7692307692307693,0.4166666666666667,0.5405405405405406,0.24999999999999994
source,D4-FULL-F3,noise,0.25,8504.0,OUTPUT,0.7419354838709677,0.9583333333333334,0.8363636363636364,0.04166666666666663
source,D4-FULL-F3,noise,0.25,8504.0,LOAD,0.5555555555555556,1.0,0.7142857142857143,0.0
source,D4-FULL-F3,noise,0.25,8504.0,DOWNSTREAM,0.8333333333333334,1.0,0.9090909090909091,0.0
source,D4-FULL-F3,noise,0.25,8505.0,INPUT,0.6666666666666666,0.3333333333333333,0.4444444444444444,0.3333333333333333
source,D4-FULL-F3,noise,0.25,8505.0,OUTPUT,0.7419354838709677,0.9583333333333334,0.8363636363636364,0.04166666666666663
source,D4-FULL-F3,noise,0.25,8505.0,LOAD,0.5633802816901409,1.0,0.7207207207207207,0.0
source,D4-FULL-F3,noise,0.25,8505.0,DOWNSTREAM,0.7017543859649122,1.0,0.8247422680412371,0.0
source,D4-FULL-F3,noise,0.25,8506.0,INPUT,0.75,0.375,0.5,0.29166666666666663
source,D4-FULL-F3,noise,0.25,8506.0,OUTPUT,0.6857142857142857,1.0,0.8135593220338984,0.0
source,D4-FULL-F3,noise,0.25,8506.0,LOAD,0.5970149253731343,1.0,0.7476635514018691,0.0
source,D4-FULL-F3,noise,0.25,8506.0,DOWNSTREAM,0.6779661016949152,1.0,0.8080808080808081,0.0
source,D4-FULL-F3,noise,0.25,8507.0,INPUT,0.8888888888888888,0.3333333333333333,0.48484848484848486,0.3333333333333333
source,D4-FULL-F3,noise,0.25,8507.0,OUTPUT,0.7741935483870968,1.0,0.8727272727272727,0.0
source,D4-FULL-F3,noise,0.25,8507.0,LOAD,0.547945205479452,1.0,0.7079646017699115,0.0
source,D4-FULL-F3,noise,0.25,8507.0,DOWNSTREAM,0.7272727272727273,1.0,0.8421052631578948,0.0
source,D4-FULL-F3,noise,0.25,8508.0,INPUT,0.8571428571428571,0.5,0.631578947368421,0.16666666666666663
source,D4-FULL-F3,noise,0.25,8508.0,OUTPUT,0.8214285714285714,0.9583333333333334,0.8846153846153847,0.04166666666666663
source,D4-FULL-F3,noise,0.25,8508.0,LOAD,0.547945205479452,1.0,0.7079646017699115,0.0
source,D4-FULL-F3,noise,0.25,8508.0,DOWNSTREAM,0.7407407407407407,1.0,0.851063829787234,0.0
source,D4-FULL-F3,noise,0.25,8509.0,INPUT,0.8181818181818182,0.375,0.5142857142857142,0.29166666666666663
source,D4-FULL-F3,noise,0.25,8509.0,OUTPUT,0.8,1.0,0.888888888888889,0.0
source,D4-FULL-F3,noise,0.25,8509.0,LOAD,0.547945205479452,1.0,0.7079646017699115,0.0
source,D4-FULL-F3,noise,0.25,8509.0,DOWNSTREAM,0.7843137254901961,1.0,0.8791208791208792,0.0
source,D4-FULL-F3,noise,0.25,8510.0,INPUT,0.8,0.16666666666666666,0.27586206896551724,0.5
source,D4-FULL-F3,noise,0.25,8510.0,OUTPUT,0.8518518518518519,0.9583333333333334,0.9019607843137256,0.04166666666666663
source,D4-FULL-F3,noise,0.25,8510.0,LOAD,0.547945205479452,1.0,0.7079646017699115,0.0
source,D4-FULL-F3,noise,0.25,8510.0,DOWNSTREAM,0.6557377049180327,1.0,0.7920792079207921,0.0
source,D4-FULL-F3,noise,0.5,8501.0,INPUT,0.6923076923076923,0.375,0.48648648648648646,0.29166666666666663
source,D4-FULL-F3,noise,0.5,8501.0,OUTPUT,0.8148148148148148,0.9166666666666666,0.8627450980392156,0.08333333333333337
source,D4-FULL-F3,noise,0.5,8501.0,LOAD,0.5333333333333333,1.0,0.6956521739130436,0.0
source,D4-FULL-F3,noise,0.5,8501.0,DOWNSTREAM,0.6896551724137931,1.0,0.8163265306122449,0.0
source,D4-FULL-F3,noise,0.5,8502.0,INPUT,1.0,0.20833333333333334,0.3448275862068966,0.45833333333333326
source,D4-FULL-F3,noise,0.5,8502.0,OUTPUT,0.7931034482758621,0.9583333333333334,0.8679245283018867,0.04166666666666663
source,D4-FULL-F3,noise,0.5,8502.0,LOAD,0.4878048780487805,1.0,0.6557377049180327,0.0
source,D4-FULL-F3,noise,0.5,8502.0,DOWNSTREAM,0.609375,0.975,0.7499999999999999,0.025000000000000022
source,D4-FULL-F3,noise,0.5,8503.0,INPUT,0.7272727272727273,0.3333333333333333,0.4571428571428572,0.3333333333333333
source,D4-FULL-F3,noise,0.5,8503.0,OUTPUT,0.7586206896551724,0.9166666666666666,0.830188679245283,0.08333333333333337
source,D4-FULL-F3,noise,0.5,8503.0,LOAD,0.5555555555555556,1.0,0.7142857142857143,0.0
source,D4-FULL-F3,noise,0.5,8503.0,DOWNSTREAM,0.65,0.975,0.78,0.025000000000000022
source,D4-FULL-F3,noise,0.5,8504.0,INPUT,0.7142857142857143,0.4166666666666667,0.5263157894736842,0.24999999999999994
source,D4-FULL-F3,noise,0.5,8504.0,OUTPUT,0.6923076923076923,0.75,0.7199999999999999,0.25
source,D4-FULL-F3,noise,0.5,8504.0,LOAD,0.47058823529411764,1.0,0.6399999999999999,0.0
source,D4-FULL-F3,noise,0.5,8504.0,DOWNSTREAM,0.8,1.0,0.888888888888889,0.0
source,D4-FULL-F3,noise,0.5,8505.0,INPUT,0.7,0.2916666666666667,0.4117647058823529,0.37499999999999994
source,D4-FULL-F3,noise,0.5,8505.0,OUTPUT,0.7241379310344828,0.875,0.7924528301886793,0.125
source,D4-FULL-F3,noise,0.5,8505.0,LOAD,0.5,1.0,0.6666666666666666,0.0
source,D4-FULL-F3,noise,0.5,8505.0,DOWNSTREAM,0.609375,0.975,0.7499999999999999,0.025000000000000022
source,D4-FULL-F3,noise,0.5,8506.0,INPUT,0.6666666666666666,0.3333333333333333,0.4444444444444444,0.3333333333333333
source,D4-FULL-F3,noise,0.5,8506.0,OUTPUT,0.7,0.875,0.7777777777777777,0.125
source,D4-FULL-F3,noise,0.5,8506.0,LOAD,0.5333333333333333,1.0,0.6956521739130436,0.0
source,D4-FULL-F3,noise,0.5,8506.0,DOWNSTREAM,0.625,1.0,0.7692307692307693,0.0
source,D4-FULL-F3,noise,0.5,8507.0,INPUT,0.8181818181818182,0.375,0.5142857142857142,0.29166666666666663
source,D4-FULL-F3,noise,0.5,8507.0,OUTPUT,0.7407407407407407,0.8333333333333334,0.7843137254901961,0.16666666666666663
source,D4-FULL-F3,noise,0.5,8507.0,LOAD,0.5128205128205128,1.0,0.6779661016949152,0.0
source,D4-FULL-F3,noise,0.5,8507.0,DOWNSTREAM,0.6451612903225806,1.0,0.7843137254901961,0.0
source,D4-FULL-F3,noise,0.5,8508.0,INPUT,0.8333333333333334,0.4166666666666667,0.5555555555555556,0.24999999999999994
source,D4-FULL-F3,noise,0.5,8508.0,OUTPUT,0.8461538461538461,0.9166666666666666,0.8799999999999999,0.08333333333333337
source,D4-FULL-F3,noise,0.5,8508.0,LOAD,0.5063291139240507,1.0,0.6722689075630253,0.0
source,D4-FULL-F3,noise,0.5,8508.0,DOWNSTREAM,0.6190476190476191,0.975,0.7572815533980581,0.025000000000000022
source,D4-FULL-F3,noise,0.5,8509.0,INPUT,0.7777777777777778,0.2916666666666667,0.42424242424242425,0.37499999999999994
source,D4-FULL-F3,noise,0.5,8509.0,OUTPUT,0.7777777777777778,0.875,0.823529411764706,0.125
source,D4-FULL-F3,noise,0.5,8509.0,LOAD,0.49382716049382713,1.0,0.6611570247933884,0.0
source,D4-FULL-F3,noise,0.5,8509.0,DOWNSTREAM,0.6779661016949152,1.0,0.8080808080808081,0.0
source,D4-FULL-F3,noise,0.5,8510.0,INPUT,0.6666666666666666,0.16666666666666666,0.26666666666666666,0.5
source,D4-FULL-F3,noise,0.5,8510.0,OUTPUT,0.84,0.875,0.8571428571428572,0.125
source,D4-FULL-F3,noise,0.5,8510.0,LOAD,0.5263157894736842,1.0,0.6896551724137931,0.0
source,D4-FULL-F3,noise,0.5,8510.0,DOWNSTREAM,0.5970149253731343,1.0,0.7476635514018691,0.0
source,D4-FULL-F3,delay,1,nan,INPUT,0.8,0.6666666666666666,0.7272727272727272,0.0
source,D4-FULL-F3,delay,1,nan,OUTPUT,0.631578947368421,1.0,0.7741935483870968,0.0
source,D4-FULL-F3,delay,1,nan,LOAD,0.9090909090909091,1.0,0.9523809523809523,0.0
source,D4-FULL-F3,delay,1,nan,DOWNSTREAM,0.9302325581395349,1.0,0.963855421686747,0.0
source,D4-FULL-F3,delay,3,nan,INPUT,0.8,0.6666666666666666,0.7272727272727272,0.0
source,D4-FULL-F3,delay,3,nan,OUTPUT,0.631578947368421,1.0,0.7741935483870968,0.0
source,D4-FULL-F3,delay,3,nan,LOAD,0.851063829787234,1.0,0.9195402298850576,0.0
source,D4-FULL-F3,delay,3,nan,DOWNSTREAM,0.9302325581395349,1.0,0.963855421686747,0.0
source,D4-FULL-F3,delay,5,nan,INPUT,0.8,0.6666666666666666,0.7272727272727272,0.0
source,D4-FULL-F3,delay,5,nan,OUTPUT,0.631578947368421,1.0,0.7741935483870968,0.0
source,D4-FULL-F3,delay,5,nan,LOAD,0.8888888888888888,1.0,0.9411764705882353,0.0
source,D4-FULL-F3,delay,5,nan,DOWNSTREAM,0.9302325581395349,1.0,0.963855421686747,0.0
source,D4-FULL-F3,channel_loss,C1_HOST_CPU,nan,INPUT,0.6666666666666666,0.6666666666666666,0.6666666666666666,0.0
source,D4-FULL-F3,channel_loss,C1_HOST_CPU,nan,OUTPUT,0.6486486486486487,1.0,0.7868852459016393,0.0
source,D4-FULL-F3,channel_loss,C1_HOST_CPU,nan,LOAD,0.9302325581395349,1.0,0.963855421686747,0.0
source,D4-FULL-F3,channel_loss,C1_HOST_CPU,nan,DOWNSTREAM,0.9302325581395349,1.0,0.963855421686747,0.0
source,D4-FULL-F3,channel_loss,C2_DEPENDENCY,nan,INPUT,0.8,0.6666666666666666,0.7272727272727272,0.0
source,D4-FULL-F3,channel_loss,C2_DEPENDENCY,nan,OUTPUT,0.5853658536585366,1.0,0.7384615384615384,0.0
source,D4-FULL-F3,channel_loss,C2_DEPENDENCY,nan,LOAD,0.8695652173913043,1.0,0.9302325581395349,0.0
source,D4-FULL-F3,channel_loss,C2_DEPENDENCY,nan,DOWNSTREAM,1.0,0.05,0.09523809523809523,0.95
source,D4-FULL-F3,channel_loss,C3_TRACE_SPAN,nan,INPUT,1.0,0.625,0.7692307692307693,0.04166666666666663
source,D4-FULL-F3,channel_loss,C3_TRACE_SPAN,nan,OUTPUT,0.7272727272727273,1.0,0.8421052631578948,0.0
source,D4-FULL-F3,channel_loss,C3_TRACE_SPAN,nan,LOAD,0.851063829787234,1.0,0.9195402298850576,0.0
source,D4-FULL-F3,channel_loss,C3_TRACE_SPAN,nan,DOWNSTREAM,1.0,1.0,1.0,0.0
source,D4-FULL-F3,channel_loss,C4_TEMPORAL_EVOLUTION,nan,INPUT,0.5333333333333333,0.3333333333333333,0.4102564102564102,0.3333333333333333
source,D4-FULL-F3,channel_loss,C4_TEMPORAL_EVOLUTION,nan,OUTPUT,0.5853658536585366,1.0,0.7384615384615384,0.0
source,D4-FULL-F3,channel_loss,C4_TEMPORAL_EVOLUTION,nan,LOAD,0.5555555555555556,1.0,0.7142857142857143,0.0
source,D4-FULL-F3,channel_loss,C4_TEMPORAL_EVOLUTION,nan,DOWNSTREAM,0.9523809523809523,1.0,0.975609756097561,0.0
source,D4-FULL-F3,channel_loss,C5_THROUGHPUT_SCHEDULER,nan,INPUT,0.7272727272727273,0.6666666666666666,0.6956521739130435,0.0
source,D4-FULL-F3,channel_loss,C5_THROUGHPUT_SCHEDULER,nan,OUTPUT,0.6,1.0,0.7499999999999999,0.0
source,D4-FULL-F3,channel_loss,C5_THROUGHPUT_SCHEDULER,nan,LOAD,0.851063829787234,1.0,0.9195402298850576,0.0
source,D4-FULL-F3,channel_loss,C5_THROUGHPUT_SCHEDULER,nan,DOWNSTREAM,0.9302325581395349,1.0,0.963855421686747,0.0
source,D4-FULL-F3,channel_loss,C6_LATENCY_P95,nan,INPUT,0.8,0.6666666666666666,0.7272727272727272,0.0
source,D4-FULL-F3,channel_loss,C6_LATENCY_P95,nan,OUTPUT,0.6153846153846154,1.0,0.761904761904762,0.0
source,D4-FULL-F3,channel_loss,C6_LATENCY_P95,nan,LOAD,0.9302325581395349,1.0,0.963855421686747,0.0
source,D4-FULL-F3,channel_loss,C6_LATENCY_P95,nan,DOWNSTREAM,0.9302325581395349,1.0,0.963855421686747,0.0
source,D4-FULL-F3,channel_loss,C7_MEDIAN_LATENCY,nan,INPUT,0.8421052631578947,0.6666666666666666,0.744186046511628,0.0
source,D4-FULL-F3,channel_loss,C7_MEDIAN_LATENCY,nan,OUTPUT,0.75,1.0,0.8571428571428571,0.0
source,D4-FULL-F3,channel_loss,C7_MEDIAN_LATENCY,nan,LOAD,0.8888888888888888,1.0,0.9411764705882353,0.0
source,D4-FULL-F3,channel_loss,C7_MEDIAN_LATENCY,nan,DOWNSTREAM,0.9302325581395349,1.0,0.963855421686747,0.0
source,D4-FULL-F3,channel_loss,C8_MECHANISM_ANCHOR,nan,INPUT,0.5517241379310345,0.6666666666666666,0.6037735849056604,0.0
source,D4-FULL-F3,channel_loss,C8_MECHANISM_ANCHOR,nan,OUTPUT,0.4897959183673469,1.0,0.6575342465753424,0.0
source,D4-FULL-F3,channel_loss,C8_MECHANISM_ANCHOR,nan,LOAD,0.7142857142857143,1.0,0.8333333333333333,0.0
source,D4-FULL-F3,channel_loss,C8_MECHANISM_ANCHOR,nan,DOWNSTREAM,1.0,0.05,0.09523809523809523,0.95
source,D4-FULL-F3,channel_loss,C9_PROMPT_OUTPUT_DIRECT,nan,INPUT,0.0,0.0,0.0,0.6666666666666666
source,D4-FULL-F3,channel_loss,C9_PROMPT_OUTPUT_DIRECT,nan,OUTPUT,0.6,1.0,0.7499999999999999,0.0
source,D4-FULL-F3,channel_loss,C9_PROMPT_OUTPUT_DIRECT,nan,LOAD,0.851063829787234,1.0,0.9195402298850576,0.0
source,D4-FULL-F3,channel_loss,C9_PROMPT_OUTPUT_DIRECT,nan,DOWNSTREAM,0.9302325581395349,1.0,0.963855421686747,0.0
target,M2/F2,clean,0,nan,INPUT,0.0,0.0,0.0,0.0
target,M2/F2,clean,0,nan,OUTPUT,0.42857142857142855,1.0,0.6,0.0
target,M2/F2,clean,0,nan,LOAD,0.631578947368421,1.0,0.7741935483870968,0.0
target,M2/F2,clean,0,nan,DOWNSTREAM,1.0,1.0,1.0,0.0
target,M2/F2,missingness,0.1,8201.0,INPUT,0.0,0.0,0.0,0.0
target,M2/F2,missingness,0.1,8201.0,OUTPUT,0.3939393939393939,0.7222222222222222,0.5098039215686274,0.2777777777777778
target,M2/F2,missingness,0.1,8201.0,LOAD,0.6153846153846154,1.0,0.761904761904762,0.0
target,M2/F2,missingness,0.1,8201.0,DOWNSTREAM,1.0,1.0,1.0,0.0
target,M2/F2,missingness,0.1,8202.0,INPUT,0.14285714285714285,0.05555555555555555,0.08,-0.05555555555555555
target,M2/F2,missingness,0.1,8202.0,OUTPUT,0.358974358974359,0.7777777777777778,0.49122807017543857,0.2222222222222222
target,M2/F2,missingness,0.1,8202.0,LOAD,0.631578947368421,1.0,0.7741935483870968,0.0
target,M2/F2,missingness,0.1,8202.0,DOWNSTREAM,0.9230769230769231,1.0,0.9600000000000001,0.0
target,M2/F2,missingness,0.1,8203.0,INPUT,0.14285714285714285,0.05555555555555555,0.08,-0.05555555555555555
target,M2/F2,missingness,0.1,8203.0,OUTPUT,0.3333333333333333,0.8333333333333334,0.47619047619047616,0.16666666666666663
target,M2/F2,missingness,0.1,8203.0,LOAD,0.631578947368421,1.0,0.7741935483870968,0.0
target,M2/F2,missingness,0.1,8203.0,DOWNSTREAM,1.0,0.9583333333333334,0.9787234042553191,0.04166666666666663
target,M2/F2,missingness,0.1,8204.0,INPUT,0.0,0.0,0.0,0.0
target,M2/F2,missingness,0.1,8204.0,OUTPUT,0.43243243243243246,0.8888888888888888,0.5818181818181818,0.11111111111111116
target,M2/F2,missingness,0.1,8204.0,LOAD,0.6,1.0,0.7499999999999999,0.0
target,M2/F2,missingness,0.1,8204.0,DOWNSTREAM,1.0,0.9583333333333334,0.9787234042553191,0.04166666666666663
target,M2/F2,missingness,0.1,8205.0,INPUT,0.08333333333333333,0.05555555555555555,0.06666666666666667,-0.05555555555555555
target,M2/F2,missingness,0.1,8205.0,OUTPUT,0.3953488372093023,0.9444444444444444,0.5573770491803278,0.05555555555555558
target,M2/F2,missingness,0.1,8205.0,LOAD,0.6153846153846154,1.0,0.761904761904762,0.0
target,M2/F2,missingness,0.1,8205.0,DOWNSTREAM,1.0,0.9583333333333334,0.9787234042553191,0.04166666666666663
target,M2/F2,missingness,0.1,8206.0,INPUT,0.25,0.1111111111111111,0.15384615384615383,-0.1111111111111111
target,M2/F2,missingness,0.1,8206.0,OUTPUT,0.36585365853658536,0.8333333333333334,0.5084745762711864,0.16666666666666663
target,M2/F2,missingness,0.1,8206.0,LOAD,0.631578947368421,1.0,0.7741935483870968,0.0
target,M2/F2,missingness,0.1,8206.0,DOWNSTREAM,1.0,0.9583333333333334,0.9787234042553191,0.04166666666666663
target,M2/F2,missingness,0.1,8207.0,INPUT,0.2222222222222222,0.1111111111111111,0.14814814814814814,-0.1111111111111111
target,M2/F2,missingness,0.1,8207.0,OUTPUT,0.41025641025641024,0.8888888888888888,0.5614035087719298,0.11111111111111116
target,M2/F2,missingness,0.1,8207.0,LOAD,0.6153846153846154,1.0,0.761904761904762,0.0
target,M2/F2,missingness,0.1,8207.0,DOWNSTREAM,0.9230769230769231,1.0,0.9600000000000001,0.0
target,M2/F2,missingness,0.1,8208.0,INPUT,0.2222222222222222,0.1111111111111111,0.14814814814814814,-0.1111111111111111
target,M2/F2,missingness,0.1,8208.0,OUTPUT,0.358974358974359,0.7777777777777778,0.49122807017543857,0.2222222222222222
target,M2/F2,missingness,0.1,8208.0,LOAD,0.631578947368421,1.0,0.7741935483870968,0.0
target,M2/F2,missingness,0.1,8208.0,DOWNSTREAM,0.96,1.0,0.9795918367346939,0.0
target,M2/F2,missingness,0.1,8209.0,INPUT,0.0,0.0,0.0,0.0
target,M2/F2,missingness,0.1,8209.0,OUTPUT,0.38636363636363635,0.9444444444444444,0.5483870967741935,0.05555555555555558
target,M2/F2,missingness,0.1,8209.0,LOAD,0.6153846153846154,1.0,0.761904761904762,0.0
target,M2/F2,missingness,0.1,8209.0,DOWNSTREAM,1.0,0.9583333333333334,0.9787234042553191,0.04166666666666663
target,M2/F2,missingness,0.1,8210.0,INPUT,0.14285714285714285,0.05555555555555555,0.08,-0.05555555555555555
target,M2/F2,missingness,0.1,8210.0,OUTPUT,0.40540540540540543,0.8333333333333334,0.5454545454545455,0.16666666666666663
target,M2/F2,missingness,0.1,8210.0,LOAD,0.631578947368421,1.0,0.7741935483870968,0.0
target,M2/F2,missingness,0.1,8210.0,DOWNSTREAM,1.0,0.9166666666666666,0.9565217391304348,0.08333333333333337
target,M2/F2,missingness,0.25,8201.0,INPUT,0.2222222222222222,0.1111111111111111,0.14814814814814814,-0.1111111111111111
target,M2/F2,missingness,0.25,8201.0,OUTPUT,0.35135135135135137,0.7222222222222222,0.4727272727272727,0.2777777777777778
target,M2/F2,missingness,0.25,8201.0,LOAD,0.631578947368421,1.0,0.7741935483870968,0.0
target,M2/F2,missingness,0.25,8201.0,DOWNSTREAM,1.0,0.9583333333333334,0.9787234042553191,0.04166666666666663
target,M2/F2,missingness,0.25,8202.0,INPUT,0.3,0.16666666666666666,0.21428571428571427,-0.16666666666666666
target,M2/F2,missingness,0.25,8202.0,OUTPUT,0.3611111111111111,0.7222222222222222,0.4814814814814815,0.2777777777777778
target,M2/F2,missingness,0.25,8202.0,LOAD,0.6153846153846154,1.0,0.761904761904762,0.0
target,M2/F2,missingness,0.25,8202.0,DOWNSTREAM,1.0,0.9166666666666666,0.9565217391304348,0.08333333333333337
target,M2/F2,missingness,0.25,8203.0,INPUT,0.25,0.1111111111111111,0.15384615384615383,-0.1111111111111111
target,M2/F2,missingness,0.25,8203.0,OUTPUT,0.3409090909090909,0.8333333333333334,0.4838709677419354,0.16666666666666663
target,M2/F2,missingness,0.25,8203.0,LOAD,0.631578947368421,1.0,0.7741935483870968,0.0
target,M2/F2,missingness,0.25,8203.0,DOWNSTREAM,1.0,0.875,0.9333333333333333,0.125
target,M2/F2,missingness,0.25,8204.0,INPUT,0.14285714285714285,0.1111111111111111,0.125,-0.1111111111111111
target,M2/F2,missingness,0.25,8204.0,OUTPUT,0.30952380952380953,0.7222222222222222,0.4333333333333334,0.2777777777777778
target,M2/F2,missingness,0.25,8204.0,LOAD,0.631578947368421,1.0,0.7741935483870968,0.0
target,M2/F2,missingness,0.25,8204.0,DOWNSTREAM,0.9523809523809523,0.8333333333333334,0.888888888888889,0.16666666666666663
target,M2/F2,missingness,0.25,8205.0,INPUT,0.23529411764705882,0.2222222222222222,0.22857142857142856,-0.2222222222222222
target,M2/F2,missingness,0.25,8205.0,OUTPUT,0.34210526315789475,0.7222222222222222,0.46428571428571425,0.2777777777777778
target,M2/F2,missingness,0.25,8205.0,LOAD,0.6153846153846154,1.0,0.761904761904762,0.0
target,M2/F2,missingness,0.25,8205.0,DOWNSTREAM,0.9375,0.625,0.75,0.375
target,M2/F2,missingness,0.25,8206.0,INPUT,0.29411764705882354,0.2777777777777778,0.28571428571428575,-0.2777777777777778
target,M2/F2,missingness,0.25,8206.0,OUTPUT,0.3170731707317073,0.7222222222222222,0.44067796610169496,0.2777777777777778
target,M2/F2,missingness,0.25,8206.0,LOAD,0.6486486486486487,1.0,0.7868852459016393,0.0
target,M2/F2,missingness,0.25,8206.0,DOWNSTREAM,0.9545454545454546,0.875,0.9130434782608695,0.125
target,M2/F2,missingness,0.25,8207.0,INPUT,0.07142857142857142,0.05555555555555555,0.0625,-0.05555555555555555
target,M2/F2,missingness,0.25,8207.0,OUTPUT,0.36585365853658536,0.8333333333333334,0.5084745762711864,0.16666666666666663
target,M2/F2,missingness,0.25,8207.0,LOAD,0.631578947368421,1.0,0.7741935483870968,0.0
target,M2/F2,missingness,0.25,8207.0,DOWNSTREAM,0.95,0.7916666666666666,0.8636363636363635,0.20833333333333337
target,M2/F2,missingness,0.25,8208.0,INPUT,0.42857142857142855,0.3333333333333333,0.375,-0.3333333333333333
target,M2/F2,missingness,0.25,8208.0,OUTPUT,0.2631578947368421,0.5555555555555556,0.35714285714285715,0.4444444444444444
target,M2/F2,missingness,0.25,8208.0,LOAD,0.631578947368421,1.0,0.7741935483870968,0.0
target,M2/F2,missingness,0.25,8208.0,DOWNSTREAM,1.0,0.9583333333333334,0.9787234042553191,0.04166666666666663
target,M2/F2,missingness,0.25,8209.0,INPUT,0.16666666666666666,0.1111111111111111,0.13333333333333333,-0.1111111111111111
target,M2/F2,missingness,0.25,8209.0,OUTPUT,0.4358974358974359,0.9444444444444444,0.5964912280701755,0.05555555555555558
target,M2/F2,missingness,0.25,8209.0,LOAD,0.6153846153846154,1.0,0.761904761904762,0.0
target,M2/F2,missingness,0.25,8209.0,DOWNSTREAM,1.0,0.9166666666666666,0.9565217391304348,0.08333333333333337
target,M2/F2,missingness,0.25,8210.0,INPUT,0.5,0.2777777777777778,0.35714285714285715,-0.2777777777777778
target,M2/F2,missingness,0.25,8210.0,OUTPUT,0.3684210526315789,0.7777777777777778,0.5,0.2222222222222222
target,M2/F2,missingness,0.25,8210.0,LOAD,0.6,1.0,0.7499999999999999,0.0
target,M2/F2,missingness,0.25,8210.0,DOWNSTREAM,1.0,0.875,0.9333333333333333,0.125
target,M2/F2,missingness,0.5,8201.0,INPUT,0.3333333333333333,0.3333333333333333,0.3333333333333333,-0.3333333333333333
target,M2/F2,missingness,0.5,8201.0,OUTPUT,0.35294117647058826,0.6666666666666666,0.46153846153846156,0.33333333333333337
target,M2/F2,missingness,0.5,8201.0,LOAD,0.631578947368421,1.0,0.7741935483870968,0.0
target,M2/F2,missingness,0.5,8201.0,DOWNSTREAM,0.8571428571428571,0.5,0.631578947368421,0.5
target,M2/F2,missingness,0.5,8202.0,INPUT,0.21428571428571427,0.16666666666666666,0.1875,-0.16666666666666666
target,M2/F2,missingness,0.5,8202.0,OUTPUT,0.3235294117647059,0.6111111111111112,0.42307692307692313,0.38888888888888884
target,M2/F2,missingness,0.5,8202.0,LOAD,0.631578947368421,1.0,0.7741935483870968,0.0
target,M2/F2,missingness,0.5,8202.0,DOWNSTREAM,1.0,0.5416666666666666,0.7027027027027027,0.45833333333333337
target,M2/F2,missingness,0.5,8203.0,INPUT,0.3,0.16666666666666666,0.21428571428571427,-0.16666666666666666
target,M2/F2,missingness,0.5,8203.0,OUTPUT,0.3333333333333333,0.6666666666666666,0.4444444444444444,0.33333333333333337
target,M2/F2,missingness,0.5,8203.0,LOAD,0.6486486486486487,1.0,0.7868852459016393,0.0
target,M2/F2,missingness,0.5,8203.0,DOWNSTREAM,0.9166666666666666,0.4583333333333333,0.611111111111111,0.5416666666666667
target,M2/F2,missingness,0.5,8204.0,INPUT,0.13333333333333333,0.1111111111111111,0.1212121212121212,-0.1111111111111111
target,M2/F2,missingness,0.5,8204.0,OUTPUT,0.32432432432432434,0.6666666666666666,0.4363636363636364,0.33333333333333337
target,M2/F2,missingness,0.5,8204.0,LOAD,0.631578947368421,1.0,0.7741935483870968,0.0
target,M2/F2,missingness,0.5,8204.0,DOWNSTREAM,1.0,0.4583333333333333,0.6285714285714286,0.5416666666666667
target,M2/F2,missingness,0.5,8205.0,INPUT,0.34782608695652173,0.4444444444444444,0.3902439024390244,-0.4444444444444444
target,M2/F2,missingness,0.5,8205.0,OUTPUT,0.3870967741935484,0.6666666666666666,0.4897959183673469,0.33333333333333337
target,M2/F2,missingness,0.5,8205.0,LOAD,0.6666666666666666,1.0,0.8,0.0
target,M2/F2,missingness,0.5,8205.0,DOWNSTREAM,0.8181818181818182,0.375,0.5142857142857142,0.625
target,M2/F2,missingness,0.5,8206.0,INPUT,0.4090909090909091,0.5,0.45,-0.5
target,M2/F2,missingness,0.5,8206.0,OUTPUT,0.3157894736842105,0.6666666666666666,0.42857142857142855,0.33333333333333337
target,M2/F2,missingness,0.5,8206.0,LOAD,0.6486486486486487,1.0,0.7868852459016393,0.0
target,M2/F2,missingness,0.5,8206.0,DOWNSTREAM,0.8571428571428571,0.5,0.631578947368421,0.5
target,M2/F2,missingness,0.5,8207.0,INPUT,0.21052631578947367,0.2222222222222222,0.21621621621621623,-0.2222222222222222
target,M2/F2,missingness,0.5,8207.0,OUTPUT,0.3939393939393939,0.7222222222222222,0.5098039215686274,0.2777777777777778
target,M2/F2,missingness,0.5,8207.0,LOAD,0.6486486486486487,1.0,0.7868852459016393,0.0
target,M2/F2,missingness,0.5,8207.0,DOWNSTREAM,0.9411764705882353,0.6666666666666666,0.7804878048780487,0.33333333333333337
target,M2/F2,missingness,0.5,8208.0,INPUT,0.4090909090909091,0.5,0.45,-0.5
target,M2/F2,missingness,0.5,8208.0,OUTPUT,0.28125,0.5,0.36,0.5
target,M2/F2,missingness,0.5,8208.0,LOAD,0.6666666666666666,1.0,0.8,0.0
target,M2/F2,missingness,0.5,8208.0,DOWNSTREAM,0.8947368421052632,0.7083333333333334,0.7906976744186046,0.29166666666666663
target,M2/F2,missingness,0.5,8209.0,INPUT,0.35294117647058826,0.3333333333333333,0.34285714285714286,-0.3333333333333333
target,M2/F2,missingness,0.5,8209.0,OUTPUT,0.4117647058823529,0.7777777777777778,0.5384615384615384,0.2222222222222222
target,M2/F2,missingness,0.5,8209.0,LOAD,0.631578947368421,1.0,0.7741935483870968,0.0
target,M2/F2,missingness,0.5,8209.0,DOWNSTREAM,1.0,0.6666666666666666,0.8,0.33333333333333337
target,M2/F2,missingness,0.5,8210.0,INPUT,0.3333333333333333,0.3333333333333333,0.3333333333333333,-0.3333333333333333
target,M2/F2,missingness,0.5,8210.0,OUTPUT,0.43333333333333335,0.7222222222222222,0.5416666666666666,0.2777777777777778
target,M2/F2,missingness,0.5,8210.0,LOAD,0.6,1.0,0.7499999999999999,0.0
target,M2/F2,missingness,0.5,8210.0,DOWNSTREAM,1.0,0.375,0.5454545454545454,0.625
target,M2/F2,temporal_sampling,0.25,8401.0,INPUT,0.0,0.0,0.0,0.0
target,M2/F2,temporal_sampling,0.25,8401.0,OUTPUT,0.42857142857142855,1.0,0.6,0.0
target,M2/F2,temporal_sampling,0.25,8401.0,LOAD,0.631578947368421,1.0,0.7741935483870968,0.0
target,M2/F2,temporal_sampling,0.25,8401.0,DOWNSTREAM,1.0,1.0,1.0,0.0
target,M2/F2,temporal_sampling,0.25,8402.0,INPUT,0.0,0.0,0.0,0.0
target,M2/F2,temporal_sampling,0.25,8402.0,OUTPUT,0.42857142857142855,1.0,0.6,0.0
target,M2/F2,temporal_sampling,0.25,8402.0,LOAD,0.631578947368421,1.0,0.7741935483870968,0.0
target,M2/F2,temporal_sampling,0.25,8402.0,DOWNSTREAM,1.0,1.0,1.0,0.0
target,M2/F2,temporal_sampling,0.25,8403.0,INPUT,0.0,0.0,0.0,0.0
target,M2/F2,temporal_sampling,0.25,8403.0,OUTPUT,0.42857142857142855,1.0,0.6,0.0
target,M2/F2,temporal_sampling,0.25,8403.0,LOAD,0.631578947368421,1.0,0.7741935483870968,0.0
target,M2/F2,temporal_sampling,0.25,8403.0,DOWNSTREAM,1.0,1.0,1.0,0.0
target,M2/F2,temporal_sampling,0.25,8404.0,INPUT,0.0,0.0,0.0,0.0
target,M2/F2,temporal_sampling,0.25,8404.0,OUTPUT,0.42857142857142855,1.0,0.6,0.0
target,M2/F2,temporal_sampling,0.25,8404.0,LOAD,0.631578947368421,1.0,0.7741935483870968,0.0
target,M2/F2,temporal_sampling,0.25,8404.0,DOWNSTREAM,1.0,1.0,1.0,0.0
target,M2/F2,temporal_sampling,0.25,8405.0,INPUT,0.0,0.0,0.0,0.0
target,M2/F2,temporal_sampling,0.25,8405.0,OUTPUT,0.42857142857142855,1.0,0.6,0.0
target,M2/F2,temporal_sampling,0.25,8405.0,LOAD,0.631578947368421,1.0,0.7741935483870968,0.0
target,M2/F2,temporal_sampling,0.25,8405.0,DOWNSTREAM,1.0,1.0,1.0,0.0
target,M2/F2,temporal_sampling,0.25,8406.0,INPUT,0.0,0.0,0.0,0.0
target,M2/F2,temporal_sampling,0.25,8406.0,OUTPUT,0.42857142857142855,1.0,0.6,0.0
target,M2/F2,temporal_sampling,0.25,8406.0,LOAD,0.631578947368421,1.0,0.7741935483870968,0.0
target,M2/F2,temporal_sampling,0.25,8406.0,DOWNSTREAM,1.0,1.0,1.0,0.0
target,M2/F2,temporal_sampling,0.25,8407.0,INPUT,0.0,0.0,0.0,0.0
target,M2/F2,temporal_sampling,0.25,8407.0,OUTPUT,0.42857142857142855,1.0,0.6,0.0
target,M2/F2,temporal_sampling,0.25,8407.0,LOAD,0.631578947368421,1.0,0.7741935483870968,0.0
target,M2/F2,temporal_sampling,0.25,8407.0,DOWNSTREAM,1.0,1.0,1.0,0.0
target,M2/F2,temporal_sampling,0.25,8408.0,INPUT,0.0,0.0,0.0,0.0
target,M2/F2,temporal_sampling,0.25,8408.0,OUTPUT,0.42857142857142855,1.0,0.6,0.0
target,M2/F2,temporal_sampling,0.25,8408.0,LOAD,0.631578947368421,1.0,0.7741935483870968,0.0
target,M2/F2,temporal_sampling,0.25,8408.0,DOWNSTREAM,1.0,1.0,1.0,0.0
target,M2/F2,temporal_sampling,0.25,8409.0,INPUT,0.0,0.0,0.0,0.0
target,M2/F2,temporal_sampling,0.25,8409.0,OUTPUT,0.42857142857142855,1.0,0.6,0.0
target,M2/F2,temporal_sampling,0.25,8409.0,LOAD,0.631578947368421,1.0,0.7741935483870968,0.0
target,M2/F2,temporal_sampling,0.25,8409.0,DOWNSTREAM,1.0,1.0,1.0,0.0
target,M2/F2,temporal_sampling,0.25,8410.0,INPUT,0.0,0.0,0.0,0.0
target,M2/F2,temporal_sampling,0.25,8410.0,OUTPUT,0.42857142857142855,1.0,0.6,0.0
target,M2/F2,temporal_sampling,0.25,8410.0,LOAD,0.631578947368421,1.0,0.7741935483870968,0.0
target,M2/F2,temporal_sampling,0.25,8410.0,DOWNSTREAM,1.0,1.0,1.0,0.0
target,M2/F2,temporal_sampling,0.5,8401.0,INPUT,0.0,0.0,0.0,0.0
target,M2/F2,temporal_sampling,0.5,8401.0,OUTPUT,0.42857142857142855,1.0,0.6,0.0
target,M2/F2,temporal_sampling,0.5,8401.0,LOAD,0.631578947368421,1.0,0.7741935483870968,0.0
target,M2/F2,temporal_sampling,0.5,8401.0,DOWNSTREAM,1.0,1.0,1.0,0.0
target,M2/F2,temporal_sampling,0.5,8402.0,INPUT,0.0,0.0,0.0,0.0
target,M2/F2,temporal_sampling,0.5,8402.0,OUTPUT,0.42857142857142855,1.0,0.6,0.0
target,M2/F2,temporal_sampling,0.5,8402.0,LOAD,0.631578947368421,1.0,0.7741935483870968,0.0
target,M2/F2,temporal_sampling,0.5,8402.0,DOWNSTREAM,1.0,1.0,1.0,0.0
target,M2/F2,temporal_sampling,0.5,8403.0,INPUT,0.0,0.0,0.0,0.0
target,M2/F2,temporal_sampling,0.5,8403.0,OUTPUT,0.42857142857142855,1.0,0.6,0.0
target,M2/F2,temporal_sampling,0.5,8403.0,LOAD,0.631578947368421,1.0,0.7741935483870968,0.0
target,M2/F2,temporal_sampling,0.5,8403.0,DOWNSTREAM,1.0,1.0,1.0,0.0
target,M2/F2,temporal_sampling,0.5,8404.0,INPUT,0.0,0.0,0.0,0.0
target,M2/F2,temporal_sampling,0.5,8404.0,OUTPUT,0.42857142857142855,1.0,0.6,0.0
target,M2/F2,temporal_sampling,0.5,8404.0,LOAD,0.631578947368421,1.0,0.7741935483870968,0.0
target,M2/F2,temporal_sampling,0.5,8404.0,DOWNSTREAM,1.0,1.0,1.0,0.0
target,M2/F2,temporal_sampling,0.5,8405.0,INPUT,0.0,0.0,0.0,0.0
target,M2/F2,temporal_sampling,0.5,8405.0,OUTPUT,0.42857142857142855,1.0,0.6,0.0
target,M2/F2,temporal_sampling,0.5,8405.0,LOAD,0.631578947368421,1.0,0.7741935483870968,0.0
target,M2/F2,temporal_sampling,0.5,8405.0,DOWNSTREAM,1.0,1.0,1.0,0.0
target,M2/F2,temporal_sampling,0.5,8406.0,INPUT,0.0,0.0,0.0,0.0
target,M2/F2,temporal_sampling,0.5,8406.0,OUTPUT,0.42857142857142855,1.0,0.6,0.0
target,M2/F2,temporal_sampling,0.5,8406.0,LOAD,0.631578947368421,1.0,0.7741935483870968,0.0
target,M2/F2,temporal_sampling,0.5,8406.0,DOWNSTREAM,1.0,1.0,1.0,0.0
target,M2/F2,temporal_sampling,0.5,8407.0,INPUT,0.0,0.0,0.0,0.0
target,M2/F2,temporal_sampling,0.5,8407.0,OUTPUT,0.42857142857142855,1.0,0.6,0.0
target,M2/F2,temporal_sampling,0.5,8407.0,LOAD,0.631578947368421,1.0,0.7741935483870968,0.0
target,M2/F2,temporal_sampling,0.5,8407.0,DOWNSTREAM,1.0,1.0,1.0,0.0
target,M2/F2,temporal_sampling,0.5,8408.0,INPUT,0.0,0.0,0.0,0.0
target,M2/F2,temporal_sampling,0.5,8408.0,OUTPUT,0.42857142857142855,1.0,0.6,0.0
target,M2/F2,temporal_sampling,0.5,8408.0,LOAD,0.631578947368421,1.0,0.7741935483870968,0.0
target,M2/F2,temporal_sampling,0.5,8408.0,DOWNSTREAM,1.0,1.0,1.0,0.0
target,M2/F2,temporal_sampling,0.5,8409.0,INPUT,0.0,0.0,0.0,0.0
target,M2/F2,temporal_sampling,0.5,8409.0,OUTPUT,0.42857142857142855,1.0,0.6,0.0
target,M2/F2,temporal_sampling,0.5,8409.0,LOAD,0.631578947368421,1.0,0.7741935483870968,0.0
target,M2/F2,temporal_sampling,0.5,8409.0,DOWNSTREAM,1.0,1.0,1.0,0.0
target,M2/F2,temporal_sampling,0.5,8410.0,INPUT,0.0,0.0,0.0,0.0
target,M2/F2,temporal_sampling,0.5,8410.0,OUTPUT,0.42857142857142855,1.0,0.6,0.0
target,M2/F2,temporal_sampling,0.5,8410.0,LOAD,0.631578947368421,1.0,0.7741935483870968,0.0
target,M2/F2,temporal_sampling,0.5,8410.0,DOWNSTREAM,1.0,1.0,1.0,0.0
target,M2/F2,temporal_sampling,0.75,8401.0,INPUT,0.0,0.0,0.0,0.0
target,M2/F2,temporal_sampling,0.75,8401.0,OUTPUT,0.42857142857142855,1.0,0.6,0.0
target,M2/F2,temporal_sampling,0.75,8401.0,LOAD,0.631578947368421,1.0,0.7741935483870968,0.0
target,M2/F2,temporal_sampling,0.75,8401.0,DOWNSTREAM,1.0,1.0,1.0,0.0
target,M2/F2,temporal_sampling,0.75,8402.0,INPUT,0.0,0.0,0.0,0.0
target,M2/F2,temporal_sampling,0.75,8402.0,OUTPUT,0.42857142857142855,1.0,0.6,0.0
target,M2/F2,temporal_sampling,0.75,8402.0,LOAD,0.631578947368421,1.0,0.7741935483870968,0.0
target,M2/F2,temporal_sampling,0.75,8402.0,DOWNSTREAM,1.0,1.0,1.0,0.0
target,M2/F2,temporal_sampling,0.75,8403.0,INPUT,0.0,0.0,0.0,0.0
target,M2/F2,temporal_sampling,0.75,8403.0,OUTPUT,0.42857142857142855,1.0,0.6,0.0
target,M2/F2,temporal_sampling,0.75,8403.0,LOAD,0.631578947368421,1.0,0.7741935483870968,0.0
target,M2/F2,temporal_sampling,0.75,8403.0,DOWNSTREAM,1.0,1.0,1.0,0.0
target,M2/F2,temporal_sampling,0.75,8404.0,INPUT,0.0,0.0,0.0,0.0
target,M2/F2,temporal_sampling,0.75,8404.0,OUTPUT,0.42857142857142855,1.0,0.6,0.0
target,M2/F2,temporal_sampling,0.75,8404.0,LOAD,0.631578947368421,1.0,0.7741935483870968,0.0
target,M2/F2,temporal_sampling,0.75,8404.0,DOWNSTREAM,1.0,1.0,1.0,0.0
target,M2/F2,temporal_sampling,0.75,8405.0,INPUT,0.0,0.0,0.0,0.0
target,M2/F2,temporal_sampling,0.75,8405.0,OUTPUT,0.42857142857142855,1.0,0.6,0.0
target,M2/F2,temporal_sampling,0.75,8405.0,LOAD,0.631578947368421,1.0,0.7741935483870968,0.0
target,M2/F2,temporal_sampling,0.75,8405.0,DOWNSTREAM,1.0,1.0,1.0,0.0
target,M2/F2,temporal_sampling,0.75,8406.0,INPUT,0.0,0.0,0.0,0.0
target,M2/F2,temporal_sampling,0.75,8406.0,OUTPUT,0.42857142857142855,1.0,0.6,0.0
target,M2/F2,temporal_sampling,0.75,8406.0,LOAD,0.631578947368421,1.0,0.7741935483870968,0.0
target,M2/F2,temporal_sampling,0.75,8406.0,DOWNSTREAM,1.0,1.0,1.0,0.0
target,M2/F2,temporal_sampling,0.75,8407.0,INPUT,0.0,0.0,0.0,0.0
target,M2/F2,temporal_sampling,0.75,8407.0,OUTPUT,0.42857142857142855,1.0,0.6,0.0
target,M2/F2,temporal_sampling,0.75,8407.0,LOAD,0.631578947368421,1.0,0.7741935483870968,0.0
target,M2/F2,temporal_sampling,0.75,8407.0,DOWNSTREAM,1.0,1.0,1.0,0.0
target,M2/F2,temporal_sampling,0.75,8408.0,INPUT,0.0,0.0,0.0,0.0
target,M2/F2,temporal_sampling,0.75,8408.0,OUTPUT,0.42857142857142855,1.0,0.6,0.0
target,M2/F2,temporal_sampling,0.75,8408.0,LOAD,0.631578947368421,1.0,0.7741935483870968,0.0
target,M2/F2,temporal_sampling,0.75,8408.0,DOWNSTREAM,1.0,1.0,1.0,0.0
target,M2/F2,temporal_sampling,0.75,8409.0,INPUT,0.0,0.0,0.0,0.0
target,M2/F2,temporal_sampling,0.75,8409.0,OUTPUT,0.42857142857142855,1.0,0.6,0.0
target,M2/F2,temporal_sampling,0.75,8409.0,LOAD,0.631578947368421,1.0,0.7741935483870968,0.0
target,M2/F2,temporal_sampling,0.75,8409.0,DOWNSTREAM,1.0,1.0,1.0,0.0
target,M2/F2,temporal_sampling,0.75,8410.0,INPUT,0.0,0.0,0.0,0.0
target,M2/F2,temporal_sampling,0.75,8410.0,OUTPUT,0.42857142857142855,1.0,0.6,0.0
target,M2/F2,temporal_sampling,0.75,8410.0,LOAD,0.631578947368421,1.0,0.7741935483870968,0.0
target,M2/F2,temporal_sampling,0.75,8410.0,DOWNSTREAM,1.0,1.0,1.0,0.0
target,M2/F2,noise,0.1,8601.0,INPUT,0.0,0.0,0.0,0.0
target,M2/F2,noise,0.1,8601.0,OUTPUT,0.4090909090909091,1.0,0.5806451612903226,0.0
target,M2/F2,noise,0.1,8601.0,LOAD,0.631578947368421,1.0,0.7741935483870968,0.0
target,M2/F2,noise,0.1,8601.0,DOWNSTREAM,1.0,1.0,1.0,0.0
target,M2/F2,noise,0.1,8602.0,INPUT,0.0,0.0,0.0,0.0
target,M2/F2,noise,0.1,8602.0,OUTPUT,0.4186046511627907,1.0,0.5901639344262295,0.0
target,M2/F2,noise,0.1,8602.0,LOAD,0.631578947368421,1.0,0.7741935483870968,0.0
target,M2/F2,noise,0.1,8602.0,DOWNSTREAM,1.0,1.0,1.0,0.0
target,M2/F2,noise,0.1,8603.0,INPUT,0.0,0.0,0.0,0.0
target,M2/F2,noise,0.1,8603.0,OUTPUT,0.42857142857142855,1.0,0.6,0.0
target,M2/F2,noise,0.1,8603.0,LOAD,0.631578947368421,1.0,0.7741935483870968,0.0
target,M2/F2,noise,0.1,8603.0,DOWNSTREAM,1.0,1.0,1.0,0.0
target,M2/F2,noise,0.1,8604.0,INPUT,0.0,0.0,0.0,0.0
target,M2/F2,noise,0.1,8604.0,OUTPUT,0.42857142857142855,1.0,0.6,0.0
target,M2/F2,noise,0.1,8604.0,LOAD,0.631578947368421,1.0,0.7741935483870968,0.0
target,M2/F2,noise,0.1,8604.0,DOWNSTREAM,1.0,1.0,1.0,0.0
target,M2/F2,noise,0.1,8605.0,INPUT,0.0,0.0,0.0,0.0
target,M2/F2,noise,0.1,8605.0,OUTPUT,0.42857142857142855,1.0,0.6,0.0
target,M2/F2,noise,0.1,8605.0,LOAD,0.631578947368421,1.0,0.7741935483870968,0.0
target,M2/F2,noise,0.1,8605.0,DOWNSTREAM,1.0,1.0,1.0,0.0
target,M2/F2,noise,0.1,8606.0,INPUT,0.0,0.0,0.0,0.0
target,M2/F2,noise,0.1,8606.0,OUTPUT,0.42857142857142855,1.0,0.6,0.0
target,M2/F2,noise,0.1,8606.0,LOAD,0.631578947368421,1.0,0.7741935483870968,0.0
target,M2/F2,noise,0.1,8606.0,DOWNSTREAM,1.0,1.0,1.0,0.0
target,M2/F2,noise,0.1,8607.0,INPUT,0.0,0.0,0.0,0.0
target,M2/F2,noise,0.1,8607.0,OUTPUT,0.42857142857142855,1.0,0.6,0.0
target,M2/F2,noise,0.1,8607.0,LOAD,0.631578947368421,1.0,0.7741935483870968,0.0
target,M2/F2,noise,0.1,8607.0,DOWNSTREAM,1.0,1.0,1.0,0.0
target,M2/F2,noise,0.1,8608.0,INPUT,0.0,0.0,0.0,0.0
target,M2/F2,noise,0.1,8608.0,OUTPUT,0.42857142857142855,1.0,0.6,0.0
target,M2/F2,noise,0.1,8608.0,LOAD,0.631578947368421,1.0,0.7741935483870968,0.0
target,M2/F2,noise,0.1,8608.0,DOWNSTREAM,1.0,1.0,1.0,0.0
target,M2/F2,noise,0.1,8609.0,INPUT,0.0,0.0,0.0,0.0
target,M2/F2,noise,0.1,8609.0,OUTPUT,0.4186046511627907,1.0,0.5901639344262295,0.0
target,M2/F2,noise,0.1,8609.0,LOAD,0.631578947368421,1.0,0.7741935483870968,0.0
target,M2/F2,noise,0.1,8609.0,DOWNSTREAM,1.0,1.0,1.0,0.0
target,M2/F2,noise,0.1,8610.0,INPUT,0.0,0.0,0.0,0.0
target,M2/F2,noise,0.1,8610.0,OUTPUT,0.42857142857142855,1.0,0.6,0.0
target,M2/F2,noise,0.1,8610.0,LOAD,0.631578947368421,1.0,0.7741935483870968,0.0
target,M2/F2,noise,0.1,8610.0,DOWNSTREAM,1.0,1.0,1.0,0.0
target,M2/F2,noise,0.25,8601.0,INPUT,0.0,0.0,0.0,0.0
target,M2/F2,noise,0.25,8601.0,OUTPUT,0.4,1.0,0.5714285714285715,0.0
target,M2/F2,noise,0.25,8601.0,LOAD,0.6153846153846154,1.0,0.761904761904762,0.0
target,M2/F2,noise,0.25,8601.0,DOWNSTREAM,1.0,1.0,1.0,0.0
target,M2/F2,noise,0.25,8602.0,INPUT,0.0,0.0,0.0,0.0
target,M2/F2,noise,0.25,8602.0,OUTPUT,0.4186046511627907,1.0,0.5901639344262295,0.0
target,M2/F2,noise,0.25,8602.0,LOAD,0.6153846153846154,1.0,0.761904761904762,0.0
target,M2/F2,noise,0.25,8602.0,DOWNSTREAM,1.0,1.0,1.0,0.0
target,M2/F2,noise,0.25,8603.0,INPUT,0.0,0.0,0.0,0.0
target,M2/F2,noise,0.25,8603.0,OUTPUT,0.4186046511627907,1.0,0.5901639344262295,0.0
target,M2/F2,noise,0.25,8603.0,LOAD,0.631578947368421,1.0,0.7741935483870968,0.0
target,M2/F2,noise,0.25,8603.0,DOWNSTREAM,1.0,1.0,1.0,0.0
target,M2/F2,noise,0.25,8604.0,INPUT,0.0,0.0,0.0,0.0
target,M2/F2,noise,0.25,8604.0,OUTPUT,0.4090909090909091,1.0,0.5806451612903226,0.0
target,M2/F2,noise,0.25,8604.0,LOAD,0.6,1.0,0.7499999999999999,0.0
target,M2/F2,noise,0.25,8604.0,DOWNSTREAM,1.0,1.0,1.0,0.0
target,M2/F2,noise,0.25,8605.0,INPUT,0.0,0.0,0.0,0.0
target,M2/F2,noise,0.25,8605.0,OUTPUT,0.4186046511627907,1.0,0.5901639344262295,0.0
target,M2/F2,noise,0.25,8605.0,LOAD,0.5853658536585366,1.0,0.7384615384615384,0.0
target,M2/F2,noise,0.25,8605.0,DOWNSTREAM,1.0,1.0,1.0,0.0
target,M2/F2,noise,0.25,8606.0,INPUT,0.0,0.0,0.0,0.0
target,M2/F2,noise,0.25,8606.0,OUTPUT,0.4,1.0,0.5714285714285715,0.0
target,M2/F2,noise,0.25,8606.0,LOAD,0.6,1.0,0.7499999999999999,0.0
target,M2/F2,noise,0.25,8606.0,DOWNSTREAM,1.0,1.0,1.0,0.0
target,M2/F2,noise,0.25,8607.0,INPUT,0.0,0.0,0.0,0.0
target,M2/F2,noise,0.25,8607.0,OUTPUT,0.4090909090909091,1.0,0.5806451612903226,0.0
target,M2/F2,noise,0.25,8607.0,LOAD,0.6153846153846154,1.0,0.761904761904762,0.0
target,M2/F2,noise,0.25,8607.0,DOWNSTREAM,1.0,1.0,1.0,0.0
target,M2/F2,noise,0.25,8608.0,INPUT,0.0,0.0,0.0,0.0
target,M2/F2,noise,0.25,8608.0,OUTPUT,0.42857142857142855,1.0,0.6,0.0
target,M2/F2,noise,0.25,8608.0,LOAD,0.6,1.0,0.7499999999999999,0.0
target,M2/F2,noise,0.25,8608.0,DOWNSTREAM,1.0,1.0,1.0,0.0
target,M2/F2,noise,0.25,8609.0,INPUT,0.0,0.0,0.0,0.0
target,M2/F2,noise,0.25,8609.0,OUTPUT,0.4090909090909091,1.0,0.5806451612903226,0.0
target,M2/F2,noise,0.25,8609.0,LOAD,0.6153846153846154,1.0,0.761904761904762,0.0
target,M2/F2,noise,0.25,8609.0,DOWNSTREAM,1.0,1.0,1.0,0.0
target,M2/F2,noise,0.25,8610.0,INPUT,0.0,0.0,0.0,0.0
target,M2/F2,noise,0.25,8610.0,OUTPUT,0.4186046511627907,1.0,0.5901639344262295,0.0
target,M2/F2,noise,0.25,8610.0,LOAD,0.6,1.0,0.7499999999999999,0.0
target,M2/F2,noise,0.25,8610.0,DOWNSTREAM,1.0,1.0,1.0,0.0
target,M2/F2,noise,0.5,8601.0,INPUT,0.0,0.0,0.0,0.0
target,M2/F2,noise,0.5,8601.0,OUTPUT,0.3673469387755102,1.0,0.5373134328358209,0.0
target,M2/F2,noise,0.5,8601.0,LOAD,0.5714285714285714,1.0,0.7272727272727273,0.0
target,M2/F2,noise,0.5,8601.0,DOWNSTREAM,1.0,1.0,1.0,0.0
target,M2/F2,noise,0.5,8602.0,INPUT,0.0,0.0,0.0,0.0
target,M2/F2,noise,0.5,8602.0,OUTPUT,0.391304347826087,1.0,0.5625,0.0
target,M2/F2,noise,0.5,8602.0,LOAD,0.6153846153846154,1.0,0.761904761904762,0.0
target,M2/F2,noise,0.5,8602.0,DOWNSTREAM,1.0,1.0,1.0,0.0
target,M2/F2,noise,0.5,8603.0,INPUT,0.0,0.0,0.0,0.0
target,M2/F2,noise,0.5,8603.0,OUTPUT,0.4090909090909091,1.0,0.5806451612903226,0.0
target,M2/F2,noise,0.5,8603.0,LOAD,0.5853658536585366,1.0,0.7384615384615384,0.0
target,M2/F2,noise,0.5,8603.0,DOWNSTREAM,1.0,1.0,1.0,0.0
target,M2/F2,noise,0.5,8604.0,INPUT,0.0,0.0,0.0,0.0
target,M2/F2,noise,0.5,8604.0,OUTPUT,0.4,1.0,0.5714285714285715,0.0
target,M2/F2,noise,0.5,8604.0,LOAD,0.6,1.0,0.7499999999999999,0.0
target,M2/F2,noise,0.5,8604.0,DOWNSTREAM,1.0,1.0,1.0,0.0
target,M2/F2,noise,0.5,8605.0,INPUT,0.0,0.0,0.0,0.0
target,M2/F2,noise,0.5,8605.0,OUTPUT,0.4090909090909091,1.0,0.5806451612903226,0.0
target,M2/F2,noise,0.5,8605.0,LOAD,0.5853658536585366,1.0,0.7384615384615384,0.0
target,M2/F2,noise,0.5,8605.0,DOWNSTREAM,1.0,1.0,1.0,0.0
target,M2/F2,noise,0.5,8606.0,INPUT,0.0,0.0,0.0,0.0
target,M2/F2,noise,0.5,8606.0,OUTPUT,0.391304347826087,1.0,0.5625,0.0
target,M2/F2,noise,0.5,8606.0,LOAD,0.5714285714285714,1.0,0.7272727272727273,0.0
target,M2/F2,noise,0.5,8606.0,DOWNSTREAM,1.0,1.0,1.0,0.0
target,M2/F2,noise,0.5,8607.0,INPUT,0.0,0.0,0.0,0.0
target,M2/F2,noise,0.5,8607.0,OUTPUT,0.3829787234042553,1.0,0.5538461538461539,0.0
target,M2/F2,noise,0.5,8607.0,LOAD,0.6,1.0,0.7499999999999999,0.0
target,M2/F2,noise,0.5,8607.0,DOWNSTREAM,1.0,1.0,1.0,0.0
target,M2/F2,noise,0.5,8608.0,INPUT,0.0,0.0,0.0,0.0
target,M2/F2,noise,0.5,8608.0,OUTPUT,0.4,1.0,0.5714285714285715,0.0
target,M2/F2,noise,0.5,8608.0,LOAD,0.5853658536585366,1.0,0.7384615384615384,0.0
target,M2/F2,noise,0.5,8608.0,DOWNSTREAM,1.0,1.0,1.0,0.0
target,M2/F2,noise,0.5,8609.0,INPUT,0.0,0.0,0.0,0.0
target,M2/F2,noise,0.5,8609.0,OUTPUT,0.391304347826087,1.0,0.5625,0.0
target,M2/F2,noise,0.5,8609.0,LOAD,0.5853658536585366,1.0,0.7384615384615384,0.0
target,M2/F2,noise,0.5,8609.0,DOWNSTREAM,1.0,1.0,1.0,0.0
target,M2/F2,noise,0.5,8610.0,INPUT,0.0,0.0,0.0,0.0
target,M2/F2,noise,0.5,8610.0,OUTPUT,0.391304347826087,1.0,0.5625,0.0
target,M2/F2,noise,0.5,8610.0,LOAD,0.6,1.0,0.7499999999999999,0.0
target,M2/F2,noise,0.5,8610.0,DOWNSTREAM,1.0,1.0,1.0,0.0
target,M2/F2,delay,1,nan,INPUT,0.0,0.0,0.0,0.0
target,M2/F2,delay,1,nan,OUTPUT,0.42857142857142855,1.0,0.6,0.0
target,M2/F2,delay,1,nan,LOAD,0.631578947368421,1.0,0.7741935483870968,0.0
target,M2/F2,delay,1,nan,DOWNSTREAM,1.0,1.0,1.0,0.0
target,M2/F2,delay,3,nan,INPUT,0.0,0.0,0.0,0.0
target,M2/F2,delay,3,nan,OUTPUT,0.42857142857142855,1.0,0.6,0.0
target,M2/F2,delay,3,nan,LOAD,0.631578947368421,1.0,0.7741935483870968,0.0
target,M2/F2,delay,3,nan,DOWNSTREAM,1.0,1.0,1.0,0.0
target,M2/F2,delay,5,nan,INPUT,0.0,0.0,0.0,0.0
target,M2/F2,delay,5,nan,OUTPUT,0.42857142857142855,1.0,0.6,0.0
target,M2/F2,delay,5,nan,LOAD,0.631578947368421,1.0,0.7741935483870968,0.0
target,M2/F2,delay,5,nan,DOWNSTREAM,1.0,1.0,1.0,0.0
target,M2/F2,channel_loss,C1_HOST_CPU,nan,INPUT,0.0,0.0,0.0,0.0
target,M2/F2,channel_loss,C1_HOST_CPU,nan,OUTPUT,0.42857142857142855,1.0,0.6,0.0
target,M2/F2,channel_loss,C1_HOST_CPU,nan,LOAD,0.631578947368421,1.0,0.7741935483870968,0.0
target,M2/F2,channel_loss,C1_HOST_CPU,nan,DOWNSTREAM,1.0,1.0,1.0,0.0
target,M2/F2,channel_loss,C2_DEPENDENCY,nan,INPUT,0.0,0.0,0.0,0.0
target,M2/F2,channel_loss,C2_DEPENDENCY,nan,OUTPUT,0.42857142857142855,1.0,0.6,0.0
target,M2/F2,channel_loss,C2_DEPENDENCY,nan,LOAD,0.5581395348837209,1.0,0.7164179104477612,0.0
target,M2/F2,channel_loss,C2_DEPENDENCY,nan,DOWNSTREAM,0.0,0.0,0.0,1.0
target,M2/F2,channel_loss,C3_TRACE_SPAN,nan,INPUT,0.0,0.0,0.0,0.0
target,M2/F2,channel_loss,C3_TRACE_SPAN,nan,OUTPUT,0.5,0.6666666666666666,0.5714285714285715,0.33333333333333337
target,M2/F2,channel_loss,C3_TRACE_SPAN,nan,LOAD,0.6666666666666666,1.0,0.8,0.0
target,M2/F2,channel_loss,C3_TRACE_SPAN,nan,DOWNSTREAM,0.6666666666666666,0.5,0.5714285714285715,0.5
target,M2/F2,channel_loss,C4_TEMPORAL_EVOLUTION,nan,INPUT,0.0,0.0,0.0,0.0
target,M2/F2,channel_loss,C4_TEMPORAL_EVOLUTION,nan,OUTPUT,0.42857142857142855,1.0,0.6,0.0
target,M2/F2,channel_loss,C4_TEMPORAL_EVOLUTION,nan,LOAD,0.631578947368421,1.0,0.7741935483870968,0.0
target,M2/F2,channel_loss,C4_TEMPORAL_EVOLUTION,nan,DOWNSTREAM,1.0,1.0,1.0,0.0
target,M2/F2,channel_loss,C5_THROUGHPUT_SCHEDULER,nan,INPUT,0.0,0.0,0.0,0.0
target,M2/F2,channel_loss,C5_THROUGHPUT_SCHEDULER,nan,OUTPUT,0.42857142857142855,1.0,0.6,0.0
target,M2/F2,channel_loss,C5_THROUGHPUT_SCHEDULER,nan,LOAD,0.631578947368421,1.0,0.7741935483870968,0.0
target,M2/F2,channel_loss,C5_THROUGHPUT_SCHEDULER,nan,DOWNSTREAM,1.0,1.0,1.0,0.0
target,M2/F2,channel_loss,C6_LATENCY_P95,nan,INPUT,0.4186046511627907,1.0,0.5901639344262295,-1.0
target,M2/F2,channel_loss,C6_LATENCY_P95,nan,OUTPUT,0.3,1.0,0.4615384615384615,0.0
target,M2/F2,channel_loss,C6_LATENCY_P95,nan,LOAD,0.631578947368421,1.0,0.7741935483870968,0.0
target,M2/F2,channel_loss,C6_LATENCY_P95,nan,DOWNSTREAM,1.0,1.0,1.0,0.0
target,M2/F2,channel_loss,C7_MEDIAN_LATENCY,nan,INPUT,0.0,0.0,0.0,0.0
target,M2/F2,channel_loss,C7_MEDIAN_LATENCY,nan,OUTPUT,0.46153846153846156,0.3333333333333333,0.3870967741935484,0.6666666666666667
target,M2/F2,channel_loss,C7_MEDIAN_LATENCY,nan,LOAD,0.631578947368421,1.0,0.7741935483870968,0.0
target,M2/F2,channel_loss,C7_MEDIAN_LATENCY,nan,DOWNSTREAM,1.0,1.0,1.0,0.0
target,M2/F2T,clean,0,nan,INPUT,0.3829787234042553,1.0,0.5538461538461539,0.0
target,M2/F2T,clean,0,nan,OUTPUT,0.35294117647058826,1.0,0.5217391304347826,0.0
target,M2/F2T,clean,0,nan,LOAD,0.631578947368421,1.0,0.7741935483870968,0.0
target,M2/F2T,clean,0,nan,DOWNSTREAM,0.8,1.0,0.888888888888889,0.0
target,M2/F2T,missingness,0.1,8201.0,INPUT,0.358974358974359,0.7777777777777778,0.49122807017543857,0.2222222222222222
target,M2/F2T,missingness,0.1,8201.0,OUTPUT,0.38636363636363635,0.9444444444444444,0.5483870967741935,0.05555555555555558
target,M2/F2T,missingness,0.1,8201.0,LOAD,0.631578947368421,1.0,0.7741935483870968,0.0
target,M2/F2T,missingness,0.1,8201.0,DOWNSTREAM,0.71875,0.9583333333333334,0.8214285714285714,0.04166666666666663
target,M2/F2T,missingness,0.1,8202.0,INPUT,0.34210526315789475,0.7222222222222222,0.46428571428571425,0.2777777777777778
target,M2/F2T,missingness,0.1,8202.0,OUTPUT,0.375,1.0,0.5454545454545454,0.0
target,M2/F2T,missingness,0.1,8202.0,LOAD,0.631578947368421,1.0,0.7741935483870968,0.0
target,M2/F2T,missingness,0.1,8202.0,DOWNSTREAM,0.7741935483870968,1.0,0.8727272727272727,0.0
target,M2/F2T,missingness,0.1,8203.0,INPUT,0.375,0.8333333333333334,0.5172413793103448,0.16666666666666663
target,M2/F2T,missingness,0.1,8203.0,OUTPUT,0.3673469387755102,1.0,0.5373134328358209,0.0
target,M2/F2T,missingness,0.1,8203.0,LOAD,0.631578947368421,1.0,0.7741935483870968,0.0
target,M2/F2T,missingness,0.1,8203.0,DOWNSTREAM,0.7857142857142857,0.9166666666666666,0.8461538461538461,0.08333333333333337
target,M2/F2T,missingness,0.1,8204.0,INPUT,0.32432432432432434,0.6666666666666666,0.4363636363636364,0.33333333333333337
target,M2/F2T,missingness,0.1,8204.0,OUTPUT,0.37777777777777777,0.9444444444444444,0.5396825396825397,0.05555555555555558
target,M2/F2T,missingness,0.1,8204.0,LOAD,0.631578947368421,1.0,0.7741935483870968,0.0
target,M2/F2T,missingness,0.1,8204.0,DOWNSTREAM,0.7586206896551724,0.9166666666666666,0.830188679245283,0.08333333333333337
target,M2/F2T,missingness,0.1,8205.0,INPUT,0.3170731707317073,0.7222222222222222,0.44067796610169496,0.2777777777777778
target,M2/F2T,missingness,0.1,8205.0,OUTPUT,0.36,1.0,0.5294117647058824,0.0
target,M2/F2T,missingness,0.1,8205.0,LOAD,0.631578947368421,1.0,0.7741935483870968,0.0
target,M2/F2T,missingness,0.1,8205.0,DOWNSTREAM,0.7931034482758621,0.9583333333333334,0.8679245283018867,0.04166666666666663
target,M2/F2T,missingness,0.1,8206.0,INPUT,0.35714285714285715,0.8333333333333334,0.5,0.16666666666666663
target,M2/F2T,missingness,0.1,8206.0,OUTPUT,0.3617021276595745,0.9444444444444444,0.5230769230769231,0.05555555555555558
target,M2/F2T,missingness,0.1,8206.0,LOAD,0.631578947368421,1.0,0.7741935483870968,0.0
target,M2/F2T,missingness,0.1,8206.0,DOWNSTREAM,0.8,1.0,0.888888888888889,0.0
target,M2/F2T,missingness,0.1,8207.0,INPUT,0.38461538461538464,0.8333333333333334,0.5263157894736842,0.16666666666666663
target,M2/F2T,missingness,0.1,8207.0,OUTPUT,0.3617021276595745,0.9444444444444444,0.5230769230769231,0.05555555555555558
target,M2/F2T,missingness,0.1,8207.0,LOAD,0.631578947368421,1.0,0.7741935483870968,0.0
target,M2/F2T,missingness,0.1,8207.0,DOWNSTREAM,0.75,1.0,0.8571428571428571,0.0
target,M2/F2T,missingness,0.1,8208.0,INPUT,0.38636363636363635,0.9444444444444444,0.5483870967741935,0.05555555555555558
target,M2/F2T,missingness,0.1,8208.0,OUTPUT,0.3617021276595745,0.9444444444444444,0.5230769230769231,0.05555555555555558
target,M2/F2T,missingness,0.1,8208.0,LOAD,0.631578947368421,1.0,0.7741935483870968,0.0
target,M2/F2T,missingness,0.1,8208.0,DOWNSTREAM,0.7741935483870968,1.0,0.8727272727272727,0.0
target,M2/F2T,missingness,0.1,8209.0,INPUT,0.37209302325581395,0.8888888888888888,0.5245901639344261,0.11111111111111116
target,M2/F2T,missingness,0.1,8209.0,OUTPUT,0.375,1.0,0.5454545454545454,0.0
target,M2/F2T,missingness,0.1,8209.0,LOAD,0.631578947368421,1.0,0.7741935483870968,0.0
target,M2/F2T,missingness,0.1,8209.0,DOWNSTREAM,0.8,1.0,0.888888888888889,0.0
target,M2/F2T,missingness,0.1,8210.0,INPUT,0.3783783783783784,0.7777777777777778,0.5090909090909091,0.2222222222222222
target,M2/F2T,missingness,0.1,8210.0,OUTPUT,0.3695652173913043,0.9444444444444444,0.53125,0.05555555555555558
target,M2/F2T,missingness,0.1,8210.0,LOAD,0.631578947368421,1.0,0.7741935483870968,0.0
target,M2/F2T,missingness,0.1,8210.0,DOWNSTREAM,0.6764705882352942,0.9583333333333334,0.7931034482758621,0.04166666666666663
target,M2/F2T,missingness,0.25,8201.0,INPUT,0.3225806451612903,0.5555555555555556,0.40816326530612246,0.4444444444444444
target,M2/F2T,missingness,0.25,8201.0,OUTPUT,0.35555555555555557,0.8888888888888888,0.5079365079365079,0.11111111111111116
target,M2/F2T,missingness,0.25,8201.0,LOAD,0.631578947368421,1.0,0.7741935483870968,0.0
target,M2/F2T,missingness,0.25,8201.0,DOWNSTREAM,0.7241379310344828,0.875,0.7924528301886793,0.125
target,M2/F2T,missingness,0.25,8202.0,INPUT,0.26666666666666666,0.4444444444444444,0.33333333333333337,0.5555555555555556
target,M2/F2T,missingness,0.25,8202.0,OUTPUT,0.32558139534883723,0.7777777777777778,0.459016393442623,0.2222222222222222
target,M2/F2T,missingness,0.25,8202.0,LOAD,0.631578947368421,1.0,0.7741935483870968,0.0
target,M2/F2T,missingness,0.25,8202.0,DOWNSTREAM,0.6666666666666666,1.0,0.8,0.0
target,M2/F2T,missingness,0.25,8203.0,INPUT,0.37142857142857144,0.7222222222222222,0.490566037735849,0.2777777777777778
target,M2/F2T,missingness,0.25,8203.0,OUTPUT,0.34782608695652173,0.8888888888888888,0.5,0.11111111111111116
target,M2/F2T,missingness,0.25,8203.0,LOAD,0.631578947368421,1.0,0.7741935483870968,0.0
target,M2/F2T,missingness,0.25,8203.0,DOWNSTREAM,0.6875,0.9166666666666666,0.7857142857142857,0.08333333333333337
target,M2/F2T,missingness,0.25,8204.0,INPUT,0.2571428571428571,0.5,0.33962264150943394,0.5
target,M2/F2T,missingness,0.25,8204.0,OUTPUT,0.3469387755102041,0.9444444444444444,0.5074626865671642,0.05555555555555558
target,M2/F2T,missingness,0.25,8204.0,LOAD,0.631578947368421,1.0,0.7741935483870968,0.0
target,M2/F2T,missingness,0.25,8204.0,DOWNSTREAM,0.7,0.875,0.7777777777777777,0.125
target,M2/F2T,missingness,0.25,8205.0,INPUT,0.3,0.6666666666666666,0.41379310344827586,0.33333333333333337
target,M2/F2T,missingness,0.25,8205.0,OUTPUT,0.3673469387755102,1.0,0.5373134328358209,0.0
target,M2/F2T,missingness,0.25,8205.0,LOAD,0.631578947368421,1.0,0.7741935483870968,0.0
target,M2/F2T,missingness,0.25,8205.0,DOWNSTREAM,0.7142857142857143,0.8333333333333334,0.7692307692307692,0.16666666666666663
target,M2/F2T,missingness,0.25,8206.0,INPUT,0.35135135135135137,0.7222222222222222,0.4727272727272727,0.2777777777777778
target,M2/F2T,missingness,0.25,8206.0,OUTPUT,0.3333333333333333,0.8333333333333334,0.47619047619047616,0.16666666666666663
target,M2/F2T,missingness,0.25,8206.0,LOAD,0.631578947368421,1.0,0.7741935483870968,0.0
target,M2/F2T,missingness,0.25,8206.0,DOWNSTREAM,0.7586206896551724,0.9166666666666666,0.830188679245283,0.08333333333333337
target,M2/F2T,missingness,0.25,8207.0,INPUT,0.3,0.5,0.37499999999999994,0.5
target,M2/F2T,missingness,0.25,8207.0,OUTPUT,0.36363636363636365,0.8888888888888888,0.5161290322580644,0.11111111111111116
target,M2/F2T,missingness,0.25,8207.0,LOAD,0.631578947368421,1.0,0.7741935483870968,0.0
target,M2/F2T,missingness,0.25,8207.0,DOWNSTREAM,0.625,0.8333333333333334,0.7142857142857143,0.16666666666666663
target,M2/F2T,missingness,0.25,8208.0,INPUT,0.3488372093023256,0.8333333333333334,0.4918032786885246,0.16666666666666663
target,M2/F2T,missingness,0.25,8208.0,OUTPUT,0.34782608695652173,0.8888888888888888,0.5,0.11111111111111116
target,M2/F2T,missingness,0.25,8208.0,LOAD,0.631578947368421,1.0,0.7741935483870968,0.0
target,M2/F2T,missingness,0.25,8208.0,DOWNSTREAM,0.7666666666666667,0.9583333333333334,0.8518518518518519,0.04166666666666663
target,M2/F2T,missingness,0.25,8209.0,INPUT,0.4,0.7777777777777778,0.5283018867924528,0.2222222222222222
target,M2/F2T,missingness,0.25,8209.0,OUTPUT,0.4090909090909091,1.0,0.5806451612903226,0.0
target,M2/F2T,missingness,0.25,8209.0,LOAD,0.631578947368421,1.0,0.7741935483870968,0.0
target,M2/F2T,missingness,0.25,8209.0,DOWNSTREAM,0.7419354838709677,0.9583333333333334,0.8363636363636364,0.04166666666666663
target,M2/F2T,missingness,0.25,8210.0,INPUT,0.34375,0.6111111111111112,0.44000000000000006,0.38888888888888884
target,M2/F2T,missingness,0.25,8210.0,OUTPUT,0.4,0.8888888888888888,0.5517241379310346,0.11111111111111116
target,M2/F2T,missingness,0.25,8210.0,LOAD,0.631578947368421,1.0,0.7741935483870968,0.0
target,M2/F2T,missingness,0.25,8210.0,DOWNSTREAM,0.7096774193548387,0.9166666666666666,0.7999999999999999,0.08333333333333337
target,M2/F2T,missingness,0.5,8201.0,INPUT,0.24324324324324326,0.5,0.3272727272727273,0.5
target,M2/F2T,missingness,0.5,8201.0,OUTPUT,0.38461538461538464,0.8333333333333334,0.5263157894736842,0.16666666666666663
target,M2/F2T,missingness,0.5,8201.0,LOAD,0.6666666666666666,1.0,0.8,0.0
target,M2/F2T,missingness,0.5,8201.0,DOWNSTREAM,0.6956521739130435,0.6666666666666666,0.6808510638297872,0.33333333333333337
target,M2/F2T,missingness,0.5,8202.0,INPUT,0.29411764705882354,0.5555555555555556,0.3846153846153846,0.4444444444444444
target,M2/F2T,missingness,0.5,8202.0,OUTPUT,0.34210526315789475,0.7222222222222222,0.46428571428571425,0.2777777777777778
target,M2/F2T,missingness,0.5,8202.0,LOAD,0.6486486486486487,1.0,0.7868852459016393,0.0
target,M2/F2T,missingness,0.5,8202.0,DOWNSTREAM,0.6666666666666666,0.75,0.7058823529411765,0.25
target,M2/F2T,missingness,0.5,8203.0,INPUT,0.2894736842105263,0.6111111111111112,0.3928571428571429,0.38888888888888884
target,M2/F2T,missingness,0.5,8203.0,OUTPUT,0.3409090909090909,0.8333333333333334,0.4838709677419354,0.16666666666666663
target,M2/F2T,missingness,0.5,8203.0,LOAD,0.6486486486486487,1.0,0.7868852459016393,0.0
target,M2/F2T,missingness,0.5,8203.0,DOWNSTREAM,0.7391304347826086,0.7083333333333334,0.723404255319149,0.29166666666666663
target,M2/F2T,missingness,0.5,8204.0,INPUT,0.25,0.4444444444444444,0.32,0.5555555555555556
target,M2/F2T,missingness,0.5,8204.0,OUTPUT,0.34146341463414637,0.7777777777777778,0.4745762711864407,0.2222222222222222
target,M2/F2T,missingness,0.5,8204.0,LOAD,0.6486486486486487,1.0,0.7868852459016393,0.0
target,M2/F2T,missingness,0.5,8204.0,DOWNSTREAM,0.7037037037037037,0.7916666666666666,0.7450980392156864,0.20833333333333337
target,M2/F2T,missingness,0.5,8205.0,INPUT,0.358974358974359,0.7777777777777778,0.49122807017543857,0.2222222222222222
target,M2/F2T,missingness,0.5,8205.0,OUTPUT,0.358974358974359,0.7777777777777778,0.49122807017543857,0.2222222222222222
target,M2/F2T,missingness,0.5,8205.0,LOAD,0.6666666666666666,1.0,0.8,0.0
target,M2/F2T,missingness,0.5,8205.0,DOWNSTREAM,0.64,0.6666666666666666,0.6530612244897959,0.33333333333333337
target,M2/F2T,missingness,0.5,8206.0,INPUT,0.35714285714285715,0.5555555555555556,0.43478260869565216,0.4444444444444444
target,M2/F2T,missingness,0.5,8206.0,OUTPUT,0.3488372093023256,0.8333333333333334,0.4918032786885246,0.16666666666666663
target,M2/F2T,missingness,0.5,8206.0,LOAD,0.6666666666666666,1.0,0.8,0.0
target,M2/F2T,missingness,0.5,8206.0,DOWNSTREAM,0.6538461538461539,0.7083333333333334,0.68,0.29166666666666663
target,M2/F2T,missingness,0.5,8207.0,INPUT,0.28125,0.5,0.36,0.5
target,M2/F2T,missingness,0.5,8207.0,OUTPUT,0.38235294117647056,0.7222222222222222,0.4999999999999999,0.2777777777777778
target,M2/F2T,missingness,0.5,8207.0,LOAD,0.6666666666666666,1.0,0.8,0.0
target,M2/F2T,missingness,0.5,8207.0,DOWNSTREAM,0.7083333333333334,0.7083333333333334,0.7083333333333334,0.29166666666666663
target,M2/F2T,missingness,0.5,8208.0,INPUT,0.2682926829268293,0.6111111111111112,0.37288135593220345,0.38888888888888884
target,M2/F2T,missingness,0.5,8208.0,OUTPUT,0.325,0.7222222222222222,0.44827586206896547,0.2777777777777778
target,M2/F2T,missingness,0.5,8208.0,LOAD,0.6486486486486487,1.0,0.7868852459016393,0.0
target,M2/F2T,missingness,0.5,8208.0,DOWNSTREAM,0.6818181818181818,0.625,0.6521739130434783,0.375
target,M2/F2T,missingness,0.5,8209.0,INPUT,0.3548387096774194,0.6111111111111112,0.4489795918367347,0.38888888888888884
target,M2/F2T,missingness,0.5,8209.0,OUTPUT,0.43243243243243246,0.8888888888888888,0.5818181818181818,0.11111111111111116
target,M2/F2T,missingness,0.5,8209.0,LOAD,0.6486486486486487,1.0,0.7868852459016393,0.0
target,M2/F2T,missingness,0.5,8209.0,DOWNSTREAM,0.75,0.875,0.8076923076923077,0.125
target,M2/F2T,missingness,0.5,8210.0,INPUT,0.25806451612903225,0.4444444444444444,0.32653061224489793,0.5555555555555556
target,M2/F2T,missingness,0.5,8210.0,OUTPUT,0.3888888888888889,0.7777777777777778,0.5185185185185185,0.2222222222222222
target,M2/F2T,missingness,0.5,8210.0,LOAD,0.6486486486486487,1.0,0.7868852459016393,0.0
target,M2/F2T,missingness,0.5,8210.0,DOWNSTREAM,0.625,0.625,0.625,0.375
target,M2/F2T,temporal_sampling,0.25,8401.0,INPUT,0.37209302325581395,0.8888888888888888,0.5245901639344261,0.11111111111111116
target,M2/F2T,temporal_sampling,0.25,8401.0,OUTPUT,0.3157894736842105,1.0,0.4799999999999999,0.0
target,M2/F2T,temporal_sampling,0.25,8401.0,LOAD,0.631578947368421,1.0,0.7741935483870968,0.0
target,M2/F2T,temporal_sampling,0.25,8401.0,DOWNSTREAM,0.631578947368421,1.0,0.7741935483870968,0.0
target,M2/F2T,temporal_sampling,0.25,8402.0,INPUT,0.35714285714285715,0.8333333333333334,0.5,0.16666666666666663
target,M2/F2T,temporal_sampling,0.25,8402.0,OUTPUT,0.33962264150943394,1.0,0.5070422535211268,0.0
target,M2/F2T,temporal_sampling,0.25,8402.0,LOAD,0.631578947368421,1.0,0.7741935483870968,0.0
target,M2/F2T,temporal_sampling,0.25,8402.0,DOWNSTREAM,0.6486486486486487,1.0,0.7868852459016393,0.0
target,M2/F2T,temporal_sampling,0.25,8403.0,INPUT,0.36585365853658536,0.8333333333333334,0.5084745762711864,0.16666666666666663
target,M2/F2T,temporal_sampling,0.25,8403.0,OUTPUT,0.3050847457627119,1.0,0.4675324675324675,0.0
target,M2/F2T,temporal_sampling,0.25,8403.0,LOAD,0.6153846153846154,1.0,0.761904761904762,0.0
target,M2/F2T,temporal_sampling,0.25,8403.0,DOWNSTREAM,0.5714285714285714,1.0,0.7272727272727273,0.0
target,M2/F2T,temporal_sampling,0.25,8404.0,INPUT,0.34210526315789475,0.7222222222222222,0.46428571428571425,0.2777777777777778
target,M2/F2T,temporal_sampling,0.25,8404.0,OUTPUT,0.33962264150943394,1.0,0.5070422535211268,0.0
target,M2/F2T,temporal_sampling,0.25,8404.0,LOAD,0.631578947368421,1.0,0.7741935483870968,0.0
target,M2/F2T,temporal_sampling,0.25,8404.0,DOWNSTREAM,0.75,1.0,0.8571428571428571,0.0
target,M2/F2T,temporal_sampling,0.25,8405.0,INPUT,0.35135135135135137,0.7222222222222222,0.4727272727272727,0.2777777777777778
target,M2/F2T,temporal_sampling,0.25,8405.0,OUTPUT,0.33962264150943394,1.0,0.5070422535211268,0.0
target,M2/F2T,temporal_sampling,0.25,8405.0,LOAD,0.631578947368421,1.0,0.7741935483870968,0.0
target,M2/F2T,temporal_sampling,0.25,8405.0,DOWNSTREAM,0.6666666666666666,1.0,0.8,0.0
target,M2/F2T,temporal_sampling,0.25,8406.0,INPUT,0.36363636363636365,0.6666666666666666,0.4705882352941177,0.33333333333333337
target,M2/F2T,temporal_sampling,0.25,8406.0,OUTPUT,0.33962264150943394,1.0,0.5070422535211268,0.0
target,M2/F2T,temporal_sampling,0.25,8406.0,LOAD,0.631578947368421,1.0,0.7741935483870968,0.0
target,M2/F2T,temporal_sampling,0.25,8406.0,DOWNSTREAM,0.6857142857142857,1.0,0.8135593220338984,0.0
target,M2/F2T,temporal_sampling,0.25,8407.0,INPUT,0.2857142857142857,0.6666666666666666,0.4,0.33333333333333337
target,M2/F2T,temporal_sampling,0.25,8407.0,OUTPUT,0.32727272727272727,1.0,0.4931506849315069,0.0
target,M2/F2T,temporal_sampling,0.25,8407.0,LOAD,0.631578947368421,1.0,0.7741935483870968,0.0
target,M2/F2T,temporal_sampling,0.25,8407.0,DOWNSTREAM,0.7272727272727273,1.0,0.8421052631578948,0.0
target,M2/F2T,temporal_sampling,0.25,8408.0,INPUT,0.35714285714285715,0.8333333333333334,0.5,0.16666666666666663
target,M2/F2T,temporal_sampling,0.25,8408.0,OUTPUT,0.3157894736842105,1.0,0.4799999999999999,0.0
target,M2/F2T,temporal_sampling,0.25,8408.0,LOAD,0.631578947368421,1.0,0.7741935483870968,0.0
target,M2/F2T,temporal_sampling,0.25,8408.0,DOWNSTREAM,0.5714285714285714,1.0,0.7272727272727273,0.0
target,M2/F2T,temporal_sampling,0.25,8409.0,INPUT,0.35,0.7777777777777778,0.48275862068965514,0.2222222222222222
target,M2/F2T,temporal_sampling,0.25,8409.0,OUTPUT,0.3103448275862069,1.0,0.4736842105263158,0.0
target,M2/F2T,temporal_sampling,0.25,8409.0,LOAD,0.631578947368421,1.0,0.7741935483870968,0.0
target,M2/F2T,temporal_sampling,0.25,8409.0,DOWNSTREAM,0.6,1.0,0.7499999999999999,0.0
target,M2/F2T,temporal_sampling,0.25,8410.0,INPUT,0.3611111111111111,0.7222222222222222,0.4814814814814815,0.2777777777777778
target,M2/F2T,temporal_sampling,0.25,8410.0,OUTPUT,0.3333333333333333,1.0,0.5,0.0
target,M2/F2T,temporal_sampling,0.25,8410.0,LOAD,0.631578947368421,1.0,0.7741935483870968,0.0
target,M2/F2T,temporal_sampling,0.25,8410.0,DOWNSTREAM,0.6857142857142857,1.0,0.8135593220338984,0.0
target,M2/F2T,temporal_sampling,0.5,8401.0,INPUT,0.3333333333333333,0.6666666666666666,0.4444444444444444,0.33333333333333337
target,M2/F2T,temporal_sampling,0.5,8401.0,OUTPUT,0.34615384615384615,1.0,0.5142857142857142,0.0
target,M2/F2T,temporal_sampling,0.5,8401.0,LOAD,0.631578947368421,1.0,0.7741935483870968,0.0
target,M2/F2T,temporal_sampling,0.5,8401.0,DOWNSTREAM,0.75,1.0,0.8571428571428571,0.0
target,M2/F2T,temporal_sampling,0.5,8402.0,INPUT,0.37209302325581395,0.8888888888888888,0.5245901639344261,0.11111111111111116
target,M2/F2T,temporal_sampling,0.5,8402.0,OUTPUT,0.36,1.0,0.5294117647058824,0.0
target,M2/F2T,temporal_sampling,0.5,8402.0,LOAD,0.631578947368421,1.0,0.7741935483870968,0.0
target,M2/F2T,temporal_sampling,0.5,8402.0,DOWNSTREAM,0.75,1.0,0.8571428571428571,0.0
target,M2/F2T,temporal_sampling,0.5,8403.0,INPUT,0.3225806451612903,0.5555555555555556,0.40816326530612246,0.4444444444444444
target,M2/F2T,temporal_sampling,0.5,8403.0,OUTPUT,0.3673469387755102,1.0,0.5373134328358209,0.0
target,M2/F2T,temporal_sampling,0.5,8403.0,LOAD,0.631578947368421,1.0,0.7741935483870968,0.0
target,M2/F2T,temporal_sampling,0.5,8403.0,DOWNSTREAM,0.75,1.0,0.8571428571428571,0.0
target,M2/F2T,temporal_sampling,0.5,8404.0,INPUT,0.34285714285714286,0.6666666666666666,0.4528301886792453,0.33333333333333337
target,M2/F2T,temporal_sampling,0.5,8404.0,OUTPUT,0.34615384615384615,1.0,0.5142857142857142,0.0
target,M2/F2T,temporal_sampling,0.5,8404.0,LOAD,0.631578947368421,1.0,0.7741935483870968,0.0
target,M2/F2T,temporal_sampling,0.5,8404.0,DOWNSTREAM,0.7741935483870968,1.0,0.8727272727272727,0.0
target,M2/F2T,temporal_sampling,0.5,8405.0,INPUT,0.35,0.7777777777777778,0.48275862068965514,0.2222222222222222
target,M2/F2T,temporal_sampling,0.5,8405.0,OUTPUT,0.35294117647058826,1.0,0.5217391304347826,0.0
target,M2/F2T,temporal_sampling,0.5,8405.0,LOAD,0.631578947368421,1.0,0.7741935483870968,0.0
target,M2/F2T,temporal_sampling,0.5,8405.0,DOWNSTREAM,0.7272727272727273,1.0,0.8421052631578948,0.0
target,M2/F2T,temporal_sampling,0.5,8406.0,INPUT,0.2777777777777778,0.5555555555555556,0.3703703703703704,0.4444444444444444
target,M2/F2T,temporal_sampling,0.5,8406.0,OUTPUT,0.375,1.0,0.5454545454545454,0.0
target,M2/F2T,temporal_sampling,0.5,8406.0,LOAD,0.631578947368421,1.0,0.7741935483870968,0.0
target,M2/F2T,temporal_sampling,0.5,8406.0,DOWNSTREAM,0.8275862068965517,1.0,0.9056603773584906,0.0
target,M2/F2T,temporal_sampling,0.5,8407.0,INPUT,0.2972972972972973,0.6111111111111112,0.39999999999999997,0.38888888888888884
target,M2/F2T,temporal_sampling,0.5,8407.0,OUTPUT,0.33962264150943394,1.0,0.5070422535211268,0.0
target,M2/F2T,temporal_sampling,0.5,8407.0,LOAD,0.631578947368421,1.0,0.7741935483870968,0.0
target,M2/F2T,temporal_sampling,0.5,8407.0,DOWNSTREAM,0.7272727272727273,1.0,0.8421052631578948,0.0
target,M2/F2T,temporal_sampling,0.5,8408.0,INPUT,0.3902439024390244,0.8888888888888888,0.5423728813559323,0.11111111111111116
target,M2/F2T,temporal_sampling,0.5,8408.0,OUTPUT,0.3333333333333333,1.0,0.5,0.0
target,M2/F2T,temporal_sampling,0.5,8408.0,LOAD,0.631578947368421,1.0,0.7741935483870968,0.0
target,M2/F2T,temporal_sampling,0.5,8408.0,DOWNSTREAM,0.7058823529411765,1.0,0.8275862068965517,0.0
target,M2/F2T,temporal_sampling,0.5,8409.0,INPUT,0.27906976744186046,0.6666666666666666,0.3934426229508197,0.33333333333333337
target,M2/F2T,temporal_sampling,0.5,8409.0,OUTPUT,0.33962264150943394,1.0,0.5070422535211268,0.0
target,M2/F2T,temporal_sampling,0.5,8409.0,LOAD,0.631578947368421,1.0,0.7741935483870968,0.0
target,M2/F2T,temporal_sampling,0.5,8409.0,DOWNSTREAM,0.8,1.0,0.888888888888889,0.0
target,M2/F2T,temporal_sampling,0.5,8410.0,INPUT,0.375,0.8333333333333334,0.5172413793103448,0.16666666666666663
target,M2/F2T,temporal_sampling,0.5,8410.0,OUTPUT,0.34615384615384615,1.0,0.5142857142857142,0.0
target,M2/F2T,temporal_sampling,0.5,8410.0,LOAD,0.631578947368421,1.0,0.7741935483870968,0.0
target,M2/F2T,temporal_sampling,0.5,8410.0,DOWNSTREAM,0.75,1.0,0.8571428571428571,0.0
target,M2/F2T,temporal_sampling,0.75,8401.0,INPUT,0.4166666666666667,0.8333333333333334,0.5555555555555556,0.16666666666666663
target,M2/F2T,temporal_sampling,0.75,8401.0,OUTPUT,0.391304347826087,1.0,0.5625,0.0
target,M2/F2T,temporal_sampling,0.75,8401.0,LOAD,0.631578947368421,1.0,0.7741935483870968,0.0
target,M2/F2T,temporal_sampling,0.75,8401.0,DOWNSTREAM,0.8571428571428571,1.0,0.923076923076923,0.0
target,M2/F2T,temporal_sampling,0.75,8402.0,INPUT,0.3333333333333333,0.7222222222222222,0.45614035087719296,0.2777777777777778
target,M2/F2T,temporal_sampling,0.75,8402.0,OUTPUT,0.3673469387755102,1.0,0.5373134328358209,0.0
target,M2/F2T,temporal_sampling,0.75,8402.0,LOAD,0.631578947368421,1.0,0.7741935483870968,0.0
target,M2/F2T,temporal_sampling,0.75,8402.0,DOWNSTREAM,0.8,1.0,0.888888888888889,0.0
target,M2/F2T,temporal_sampling,0.75,8403.0,INPUT,0.2564102564102564,0.5555555555555556,0.3508771929824561,0.4444444444444444
target,M2/F2T,temporal_sampling,0.75,8403.0,OUTPUT,0.3829787234042553,1.0,0.5538461538461539,0.0
target,M2/F2T,temporal_sampling,0.75,8403.0,LOAD,0.631578947368421,1.0,0.7741935483870968,0.0
target,M2/F2T,temporal_sampling,0.75,8403.0,DOWNSTREAM,0.8888888888888888,1.0,0.9411764705882353,0.0
target,M2/F2T,temporal_sampling,0.75,8404.0,INPUT,0.34375,0.6111111111111112,0.44000000000000006,0.38888888888888884
target,M2/F2T,temporal_sampling,0.75,8404.0,OUTPUT,0.375,1.0,0.5454545454545454,0.0
target,M2/F2T,temporal_sampling,0.75,8404.0,LOAD,0.631578947368421,1.0,0.7741935483870968,0.0
target,M2/F2T,temporal_sampling,0.75,8404.0,DOWNSTREAM,0.8888888888888888,1.0,0.9411764705882353,0.0
target,M2/F2T,temporal_sampling,0.75,8405.0,INPUT,0.2647058823529412,0.5,0.3461538461538462,0.5
target,M2/F2T,temporal_sampling,0.75,8405.0,OUTPUT,0.35294117647058826,1.0,0.5217391304347826,0.0
target,M2/F2T,temporal_sampling,0.75,8405.0,LOAD,0.631578947368421,1.0,0.7741935483870968,0.0
target,M2/F2T,temporal_sampling,0.75,8405.0,DOWNSTREAM,0.8571428571428571,1.0,0.923076923076923,0.0
target,M2/F2T,temporal_sampling,0.75,8406.0,INPUT,0.32432432432432434,0.6666666666666666,0.4363636363636364,0.33333333333333337
target,M2/F2T,temporal_sampling,0.75,8406.0,OUTPUT,0.36,1.0,0.5294117647058824,0.0
target,M2/F2T,temporal_sampling,0.75,8406.0,LOAD,0.631578947368421,1.0,0.7741935483870968,0.0
target,M2/F2T,temporal_sampling,0.75,8406.0,DOWNSTREAM,0.75,1.0,0.8571428571428571,0.0
target,M2/F2T,temporal_sampling,0.75,8407.0,INPUT,0.29411764705882354,0.5555555555555556,0.3846153846153846,0.4444444444444444
target,M2/F2T,temporal_sampling,0.75,8407.0,OUTPUT,0.3673469387755102,1.0,0.5373134328358209,0.0
target,M2/F2T,temporal_sampling,0.75,8407.0,LOAD,0.631578947368421,1.0,0.7741935483870968,0.0
target,M2/F2T,temporal_sampling,0.75,8407.0,DOWNSTREAM,0.8,1.0,0.888888888888889,0.0
target,M2/F2T,temporal_sampling,0.75,8408.0,INPUT,0.39473684210526316,0.8333333333333334,0.5357142857142857,0.16666666666666663
target,M2/F2T,temporal_sampling,0.75,8408.0,OUTPUT,0.36,1.0,0.5294117647058824,0.0
target,M2/F2T,temporal_sampling,0.75,8408.0,LOAD,0.631578947368421,1.0,0.7741935483870968,0.0
target,M2/F2T,temporal_sampling,0.75,8408.0,DOWNSTREAM,0.8,1.0,0.888888888888889,0.0
target,M2/F2T,temporal_sampling,0.75,8409.0,INPUT,0.35,0.7777777777777778,0.48275862068965514,0.2222222222222222
target,M2/F2T,temporal_sampling,0.75,8409.0,OUTPUT,0.36,1.0,0.5294117647058824,0.0
target,M2/F2T,temporal_sampling,0.75,8409.0,LOAD,0.631578947368421,1.0,0.7741935483870968,0.0
target,M2/F2T,temporal_sampling,0.75,8409.0,DOWNSTREAM,0.8,1.0,0.888888888888889,0.0
target,M2/F2T,temporal_sampling,0.75,8410.0,INPUT,0.3684210526315789,0.7777777777777778,0.5,0.2222222222222222
target,M2/F2T,temporal_sampling,0.75,8410.0,OUTPUT,0.3673469387755102,1.0,0.5373134328358209,0.0
target,M2/F2T,temporal_sampling,0.75,8410.0,LOAD,0.631578947368421,1.0,0.7741935483870968,0.0
target,M2/F2T,temporal_sampling,0.75,8410.0,DOWNSTREAM,0.8275862068965517,1.0,0.9056603773584906,0.0
target,M2/F2T,noise,0.1,8601.0,INPUT,0.375,1.0,0.5454545454545454,0.0
target,M2/F2T,noise,0.1,8601.0,OUTPUT,0.3333333333333333,1.0,0.5,0.0
target,M2/F2T,noise,0.1,8601.0,LOAD,0.631578947368421,1.0,0.7741935483870968,0.0
target,M2/F2T,noise,0.1,8601.0,DOWNSTREAM,0.8,1.0,0.888888888888889,0.0
target,M2/F2T,noise,0.1,8602.0,INPUT,0.3829787234042553,1.0,0.5538461538461539,0.0
target,M2/F2T,noise,0.1,8602.0,OUTPUT,0.33962264150943394,1.0,0.5070422535211268,0.0
target,M2/F2T,noise,0.1,8602.0,LOAD,0.631578947368421,1.0,0.7741935483870968,0.0
target,M2/F2T,noise,0.1,8602.0,DOWNSTREAM,0.8,1.0,0.888888888888889,0.0
target,M2/F2T,noise,0.1,8603.0,INPUT,0.3829787234042553,1.0,0.5538461538461539,0.0
target,M2/F2T,noise,0.1,8603.0,OUTPUT,0.3333333333333333,1.0,0.5,0.0
target,M2/F2T,noise,0.1,8603.0,LOAD,0.631578947368421,1.0,0.7741935483870968,0.0
target,M2/F2T,noise,0.1,8603.0,DOWNSTREAM,0.8,1.0,0.888888888888889,0.0
target,M2/F2T,noise,0.1,8604.0,INPUT,0.3673469387755102,1.0,0.5373134328358209,0.0
target,M2/F2T,noise,0.1,8604.0,OUTPUT,0.33962264150943394,1.0,0.5070422535211268,0.0
target,M2/F2T,noise,0.1,8604.0,LOAD,0.631578947368421,1.0,0.7741935483870968,0.0
target,M2/F2T,noise,0.1,8604.0,DOWNSTREAM,0.8,1.0,0.888888888888889,0.0
target,M2/F2T,noise,0.1,8605.0,INPUT,0.3673469387755102,1.0,0.5373134328358209,0.0
target,M2/F2T,noise,0.1,8605.0,OUTPUT,0.3333333333333333,1.0,0.5,0.0
target,M2/F2T,noise,0.1,8605.0,LOAD,0.631578947368421,1.0,0.7741935483870968,0.0
target,M2/F2T,noise,0.1,8605.0,DOWNSTREAM,0.8,1.0,0.888888888888889,0.0
target,M2/F2T,noise,0.1,8606.0,INPUT,0.3829787234042553,1.0,0.5538461538461539,0.0
target,M2/F2T,noise,0.1,8606.0,OUTPUT,0.33962264150943394,1.0,0.5070422535211268,0.0
target,M2/F2T,noise,0.1,8606.0,LOAD,0.631578947368421,1.0,0.7741935483870968,0.0
target,M2/F2T,noise,0.1,8606.0,DOWNSTREAM,0.8,1.0,0.888888888888889,0.0
target,M2/F2T,noise,0.1,8607.0,INPUT,0.3829787234042553,1.0,0.5538461538461539,0.0
target,M2/F2T,noise,0.1,8607.0,OUTPUT,0.33962264150943394,1.0,0.5070422535211268,0.0
target,M2/F2T,noise,0.1,8607.0,LOAD,0.631578947368421,1.0,0.7741935483870968,0.0
target,M2/F2T,noise,0.1,8607.0,DOWNSTREAM,0.8,1.0,0.888888888888889,0.0
target,M2/F2T,noise,0.1,8608.0,INPUT,0.391304347826087,1.0,0.5625,0.0
target,M2/F2T,noise,0.1,8608.0,OUTPUT,0.34615384615384615,1.0,0.5142857142857142,0.0
target,M2/F2T,noise,0.1,8608.0,LOAD,0.631578947368421,1.0,0.7741935483870968,0.0
target,M2/F2T,noise,0.1,8608.0,DOWNSTREAM,0.8,1.0,0.888888888888889,0.0
target,M2/F2T,noise,0.1,8609.0,INPUT,0.3829787234042553,1.0,0.5538461538461539,0.0
target,M2/F2T,noise,0.1,8609.0,OUTPUT,0.33962264150943394,1.0,0.5070422535211268,0.0
target,M2/F2T,noise,0.1,8609.0,LOAD,0.631578947368421,1.0,0.7741935483870968,0.0
target,M2/F2T,noise,0.1,8609.0,DOWNSTREAM,0.8,1.0,0.888888888888889,0.0
target,M2/F2T,noise,0.1,8610.0,INPUT,0.375,1.0,0.5454545454545454,0.0
target,M2/F2T,noise,0.1,8610.0,OUTPUT,0.34615384615384615,1.0,0.5142857142857142,0.0
target,M2/F2T,noise,0.1,8610.0,LOAD,0.631578947368421,1.0,0.7741935483870968,0.0
target,M2/F2T,noise,0.1,8610.0,DOWNSTREAM,0.8,1.0,0.888888888888889,0.0
target,M2/F2T,noise,0.25,8601.0,INPUT,0.3829787234042553,1.0,0.5538461538461539,0.0
target,M2/F2T,noise,0.25,8601.0,OUTPUT,0.3333333333333333,1.0,0.5,0.0
target,M2/F2T,noise,0.25,8601.0,LOAD,0.631578947368421,1.0,0.7741935483870968,0.0
target,M2/F2T,noise,0.25,8601.0,DOWNSTREAM,0.8,1.0,0.888888888888889,0.0
target,M2/F2T,noise,0.25,8602.0,INPUT,0.3829787234042553,1.0,0.5538461538461539,0.0
target,M2/F2T,noise,0.25,8602.0,OUTPUT,0.32727272727272727,1.0,0.4931506849315069,0.0
target,M2/F2T,noise,0.25,8602.0,LOAD,0.631578947368421,1.0,0.7741935483870968,0.0
target,M2/F2T,noise,0.25,8602.0,DOWNSTREAM,0.8,1.0,0.888888888888889,0.0
target,M2/F2T,noise,0.25,8603.0,INPUT,0.391304347826087,1.0,0.5625,0.0
target,M2/F2T,noise,0.25,8603.0,OUTPUT,0.3333333333333333,1.0,0.5,0.0
target,M2/F2T,noise,0.25,8603.0,LOAD,0.631578947368421,1.0,0.7741935483870968,0.0
target,M2/F2T,noise,0.25,8603.0,DOWNSTREAM,0.8,1.0,0.888888888888889,0.0
target,M2/F2T,noise,0.25,8604.0,INPUT,0.375,1.0,0.5454545454545454,0.0
target,M2/F2T,noise,0.25,8604.0,OUTPUT,0.33962264150943394,1.0,0.5070422535211268,0.0
target,M2/F2T,noise,0.25,8604.0,LOAD,0.631578947368421,1.0,0.7741935483870968,0.0
target,M2/F2T,noise,0.25,8604.0,DOWNSTREAM,0.8,1.0,0.888888888888889,0.0
target,M2/F2T,noise,0.25,8605.0,INPUT,0.3829787234042553,1.0,0.5538461538461539,0.0
target,M2/F2T,noise,0.25,8605.0,OUTPUT,0.3333333333333333,1.0,0.5,0.0
target,M2/F2T,noise,0.25,8605.0,LOAD,0.631578947368421,1.0,0.7741935483870968,0.0
target,M2/F2T,noise,0.25,8605.0,DOWNSTREAM,0.8,1.0,0.888888888888889,0.0
target,M2/F2T,noise,0.25,8606.0,INPUT,0.3829787234042553,1.0,0.5538461538461539,0.0
target,M2/F2T,noise,0.25,8606.0,OUTPUT,0.3333333333333333,1.0,0.5,0.0
target,M2/F2T,noise,0.25,8606.0,LOAD,0.631578947368421,1.0,0.7741935483870968,0.0
target,M2/F2T,noise,0.25,8606.0,DOWNSTREAM,0.8,1.0,0.888888888888889,0.0
target,M2/F2T,noise,0.25,8607.0,INPUT,0.391304347826087,1.0,0.5625,0.0
target,M2/F2T,noise,0.25,8607.0,OUTPUT,0.3333333333333333,1.0,0.5,0.0
target,M2/F2T,noise,0.25,8607.0,LOAD,0.631578947368421,1.0,0.7741935483870968,0.0
target,M2/F2T,noise,0.25,8607.0,DOWNSTREAM,0.8,1.0,0.888888888888889,0.0
target,M2/F2T,noise,0.25,8608.0,INPUT,0.4,1.0,0.5714285714285715,0.0
target,M2/F2T,noise,0.25,8608.0,OUTPUT,0.34615384615384615,1.0,0.5142857142857142,0.0
target,M2/F2T,noise,0.25,8608.0,LOAD,0.631578947368421,1.0,0.7741935483870968,0.0
target,M2/F2T,noise,0.25,8608.0,DOWNSTREAM,0.8,1.0,0.888888888888889,0.0
target,M2/F2T,noise,0.25,8609.0,INPUT,0.391304347826087,1.0,0.5625,0.0
target,M2/F2T,noise,0.25,8609.0,OUTPUT,0.32727272727272727,1.0,0.4931506849315069,0.0
target,M2/F2T,noise,0.25,8609.0,LOAD,0.631578947368421,1.0,0.7741935483870968,0.0
target,M2/F2T,noise,0.25,8609.0,DOWNSTREAM,0.8,1.0,0.888888888888889,0.0
target,M2/F2T,noise,0.25,8610.0,INPUT,0.3829787234042553,1.0,0.5538461538461539,0.0
target,M2/F2T,noise,0.25,8610.0,OUTPUT,0.33962264150943394,1.0,0.5070422535211268,0.0
target,M2/F2T,noise,0.25,8610.0,LOAD,0.631578947368421,1.0,0.7741935483870968,0.0
target,M2/F2T,noise,0.25,8610.0,DOWNSTREAM,0.8,1.0,0.888888888888889,0.0
target,M2/F2T,noise,0.5,8601.0,INPUT,0.391304347826087,1.0,0.5625,0.0
target,M2/F2T,noise,0.5,8601.0,OUTPUT,0.32727272727272727,1.0,0.4931506849315069,0.0
target,M2/F2T,noise,0.5,8601.0,LOAD,0.631578947368421,1.0,0.7741935483870968,0.0
target,M2/F2T,noise,0.5,8601.0,DOWNSTREAM,0.7741935483870968,1.0,0.8727272727272727,0.0
target,M2/F2T,noise,0.5,8602.0,INPUT,0.391304347826087,1.0,0.5625,0.0
target,M2/F2T,noise,0.5,8602.0,OUTPUT,0.32727272727272727,1.0,0.4931506849315069,0.0
target,M2/F2T,noise,0.5,8602.0,LOAD,0.6153846153846154,1.0,0.761904761904762,0.0
target,M2/F2T,noise,0.5,8602.0,DOWNSTREAM,0.7741935483870968,1.0,0.8727272727272727,0.0
target,M2/F2T,noise,0.5,8603.0,INPUT,0.4090909090909091,1.0,0.5806451612903226,0.0
target,M2/F2T,noise,0.5,8603.0,OUTPUT,0.34615384615384615,1.0,0.5142857142857142,0.0
target,M2/F2T,noise,0.5,8603.0,LOAD,0.631578947368421,1.0,0.7741935483870968,0.0
target,M2/F2T,noise,0.5,8603.0,DOWNSTREAM,0.8,1.0,0.888888888888889,0.0
target,M2/F2T,noise,0.5,8604.0,INPUT,0.4,1.0,0.5714285714285715,0.0
target,M2/F2T,noise,0.5,8604.0,OUTPUT,0.3333333333333333,1.0,0.5,0.0
target,M2/F2T,noise,0.5,8604.0,LOAD,0.6153846153846154,1.0,0.761904761904762,0.0
target,M2/F2T,noise,0.5,8604.0,DOWNSTREAM,0.7741935483870968,1.0,0.8727272727272727,0.0
target,M2/F2T,noise,0.5,8605.0,INPUT,0.3829787234042553,1.0,0.5538461538461539,0.0
target,M2/F2T,noise,0.5,8605.0,OUTPUT,0.32142857142857145,1.0,0.4864864864864865,0.0
target,M2/F2T,noise,0.5,8605.0,LOAD,0.6153846153846154,1.0,0.761904761904762,0.0
target,M2/F2T,noise,0.5,8605.0,DOWNSTREAM,0.7741935483870968,1.0,0.8727272727272727,0.0
target,M2/F2T,noise,0.5,8606.0,INPUT,0.375,1.0,0.5454545454545454,0.0
target,M2/F2T,noise,0.5,8606.0,OUTPUT,0.32727272727272727,1.0,0.4931506849315069,0.0
target,M2/F2T,noise,0.5,8606.0,LOAD,0.6153846153846154,1.0,0.761904761904762,0.0
target,M2/F2T,noise,0.5,8606.0,DOWNSTREAM,0.8,1.0,0.888888888888889,0.0
target,M2/F2T,noise,0.5,8607.0,INPUT,0.4,1.0,0.5714285714285715,0.0
target,M2/F2T,noise,0.5,8607.0,OUTPUT,0.33962264150943394,1.0,0.5070422535211268,0.0
target,M2/F2T,noise,0.5,8607.0,LOAD,0.631578947368421,1.0,0.7741935483870968,0.0
target,M2/F2T,noise,0.5,8607.0,DOWNSTREAM,0.8,1.0,0.888888888888889,0.0
target,M2/F2T,noise,0.5,8608.0,INPUT,0.4090909090909091,1.0,0.5806451612903226,0.0
target,M2/F2T,noise,0.5,8608.0,OUTPUT,0.33962264150943394,1.0,0.5070422535211268,0.0
target,M2/F2T,noise,0.5,8608.0,LOAD,0.6153846153846154,1.0,0.761904761904762,0.0
target,M2/F2T,noise,0.5,8608.0,DOWNSTREAM,0.8,1.0,0.888888888888889,0.0
target,M2/F2T,noise,0.5,8609.0,INPUT,0.4090909090909091,1.0,0.5806451612903226,0.0
target,M2/F2T,noise,0.5,8609.0,OUTPUT,0.33962264150943394,1.0,0.5070422535211268,0.0
target,M2/F2T,noise,0.5,8609.0,LOAD,0.6153846153846154,1.0,0.761904761904762,0.0
target,M2/F2T,noise,0.5,8609.0,DOWNSTREAM,0.8,1.0,0.888888888888889,0.0
target,M2/F2T,noise,0.5,8610.0,INPUT,0.3829787234042553,1.0,0.5538461538461539,0.0
target,M2/F2T,noise,0.5,8610.0,OUTPUT,0.32142857142857145,1.0,0.4864864864864865,0.0
target,M2/F2T,noise,0.5,8610.0,LOAD,0.6153846153846154,1.0,0.761904761904762,0.0
target,M2/F2T,noise,0.5,8610.0,DOWNSTREAM,0.75,1.0,0.8571428571428571,0.0
target,M2/F2T,delay,1,nan,INPUT,0.375,1.0,0.5454545454545454,0.0
target,M2/F2T,delay,1,nan,OUTPUT,0.3103448275862069,1.0,0.4736842105263158,0.0
target,M2/F2T,delay,1,nan,LOAD,0.631578947368421,1.0,0.7741935483870968,0.0
target,M2/F2T,delay,1,nan,DOWNSTREAM,0.8,1.0,0.888888888888889,0.0
target,M2/F2T,delay,3,nan,INPUT,0.1875,0.16666666666666666,0.17647058823529413,0.8333333333333334
target,M2/F2T,delay,3,nan,OUTPUT,0.35294117647058826,1.0,0.5217391304347826,0.0
target,M2/F2T,delay,3,nan,LOAD,0.631578947368421,1.0,0.7741935483870968,0.0
target,M2/F2T,delay,3,nan,DOWNSTREAM,1.0,1.0,1.0,0.0
target,M2/F2T,delay,5,nan,INPUT,0.0,0.0,0.0,1.0
target,M2/F2T,delay,5,nan,OUTPUT,0.33962264150943394,1.0,0.5070422535211268,0.0
target,M2/F2T,delay,5,nan,LOAD,0.631578947368421,1.0,0.7741935483870968,0.0
target,M2/F2T,delay,5,nan,DOWNSTREAM,1.0,1.0,1.0,0.0
target,M2/F2T,channel_loss,C1_HOST_CPU,nan,INPUT,0.4,1.0,0.5714285714285715,0.0
target,M2/F2T,channel_loss,C1_HOST_CPU,nan,OUTPUT,0.35294117647058826,1.0,0.5217391304347826,0.0
target,M2/F2T,channel_loss,C1_HOST_CPU,nan,LOAD,0.631578947368421,1.0,0.7741935483870968,0.0
target,M2/F2T,channel_loss,C1_HOST_CPU,nan,DOWNSTREAM,0.8,1.0,0.888888888888889,0.0
target,M2/F2T,channel_loss,C2_DEPENDENCY,nan,INPUT,0.3673469387755102,1.0,0.5373134328358209,0.0
target,M2/F2T,channel_loss,C2_DEPENDENCY,nan,OUTPUT,0.3333333333333333,1.0,0.5,0.0
target,M2/F2T,channel_loss,C2_DEPENDENCY,nan,LOAD,0.631578947368421,1.0,0.7741935483870968,0.0
target,M2/F2T,channel_loss,C2_DEPENDENCY,nan,DOWNSTREAM,0.7857142857142857,0.9166666666666666,0.8461538461538461,0.08333333333333337
target,M2/F2T,channel_loss,C3_TRACE_SPAN,nan,INPUT,0.3673469387755102,1.0,0.5373134328358209,0.0
target,M2/F2T,channel_loss,C3_TRACE_SPAN,nan,OUTPUT,0.42857142857142855,1.0,0.6,0.0
target,M2/F2T,channel_loss,C3_TRACE_SPAN,nan,LOAD,0.631578947368421,1.0,0.7741935483870968,0.0
target,M2/F2T,channel_loss,C3_TRACE_SPAN,nan,DOWNSTREAM,0.5714285714285714,1.0,0.7272727272727273,0.0
target,M2/F2T,channel_loss,C4_TEMPORAL_EVOLUTION,nan,INPUT,0.0,0.0,0.0,1.0
target,M2/F2T,channel_loss,C4_TEMPORAL_EVOLUTION,nan,OUTPUT,0.3,1.0,0.4615384615384615,0.0
target,M2/F2T,channel_loss,C4_TEMPORAL_EVOLUTION,nan,LOAD,0.6666666666666666,1.0,0.8,0.0
target,M2/F2T,channel_loss,C4_TEMPORAL_EVOLUTION,nan,DOWNSTREAM,0.9230769230769231,1.0,0.9600000000000001,0.0
target,M2/F2T,channel_loss,C5_THROUGHPUT_SCHEDULER,nan,INPUT,0.3829787234042553,1.0,0.5538461538461539,0.0
target,M2/F2T,channel_loss,C5_THROUGHPUT_SCHEDULER,nan,OUTPUT,0.35294117647058826,1.0,0.5217391304347826,0.0
target,M2/F2T,channel_loss,C5_THROUGHPUT_SCHEDULER,nan,LOAD,0.631578947368421,1.0,0.7741935483870968,0.0
target,M2/F2T,channel_loss,C5_THROUGHPUT_SCHEDULER,nan,DOWNSTREAM,0.8,1.0,0.888888888888889,0.0
target,M2/F2T,channel_loss,C6_LATENCY_P95,nan,INPUT,0.36,1.0,0.5294117647058824,0.0
target,M2/F2T,channel_loss,C6_LATENCY_P95,nan,OUTPUT,0.3103448275862069,1.0,0.4736842105263158,0.0
target,M2/F2T,channel_loss,C6_LATENCY_P95,nan,LOAD,0.631578947368421,1.0,0.7741935483870968,0.0
target,M2/F2T,channel_loss,C6_LATENCY_P95,nan,DOWNSTREAM,0.8,1.0,0.888888888888889,0.0
target,M2/F2T,channel_loss,C7_MEDIAN_LATENCY,nan,INPUT,0.3673469387755102,1.0,0.5373134328358209,0.0
target,M2/F2T,channel_loss,C7_MEDIAN_LATENCY,nan,OUTPUT,0.6,1.0,0.7499999999999999,0.0
target,M2/F2T,channel_loss,C7_MEDIAN_LATENCY,nan,LOAD,0.631578947368421,1.0,0.7741935483870968,0.0
target,M2/F2T,channel_loss,C7_MEDIAN_LATENCY,nan,DOWNSTREAM,1.0,1.0,1.0,0.0
target,D4-FULL,clean,0,nan,INPUT,0.0,0.0,0.0,0.0
target,D4-FULL,clean,0,nan,OUTPUT,0.4186046511627907,1.0,0.5901639344262295,0.0
target,D4-FULL,clean,0,nan,LOAD,0.5,1.0,0.6666666666666666,0.0
target,D4-FULL,clean,0,nan,DOWNSTREAM,1.0,0.9583333333333334,0.9787234042553191,0.0
target,D4-FULL,missingness,0.1,8201.0,INPUT,0.0,0.0,0.0,0.0
target,D4-FULL,missingness,0.1,8201.0,OUTPUT,0.38636363636363635,0.9444444444444444,0.5483870967741935,0.05555555555555558
target,D4-FULL,missingness,0.1,8201.0,LOAD,0.5217391304347826,1.0,0.6857142857142856,0.0
target,D4-FULL,missingness,0.1,8201.0,DOWNSTREAM,1.0,0.9583333333333334,0.9787234042553191,0.0
target,D4-FULL,missingness,0.1,8202.0,INPUT,0.0,0.0,0.0,0.0
target,D4-FULL,missingness,0.1,8202.0,OUTPUT,0.4090909090909091,1.0,0.5806451612903226,0.0
target,D4-FULL,missingness,0.1,8202.0,LOAD,0.5,1.0,0.6666666666666666,0.0
target,D4-FULL,missingness,0.1,8202.0,DOWNSTREAM,1.0,0.9583333333333334,0.9787234042553191,0.0
target,D4-FULL,missingness,0.1,8203.0,INPUT,0.0,0.0,0.0,0.0
target,D4-FULL,missingness,0.1,8203.0,OUTPUT,0.4,1.0,0.5714285714285715,0.0
target,D4-FULL,missingness,0.1,8203.0,LOAD,0.5106382978723404,1.0,0.676056338028169,0.0
target,D4-FULL,missingness,0.1,8203.0,DOWNSTREAM,1.0,0.9166666666666666,0.9565217391304348,0.04166666666666674
target,D4-FULL,missingness,0.1,8204.0,INPUT,0.0,0.0,0.0,0.0
target,D4-FULL,missingness,0.1,8204.0,OUTPUT,0.4186046511627907,1.0,0.5901639344262295,0.0
target,D4-FULL,missingness,0.1,8204.0,LOAD,0.5,1.0,0.6666666666666666,0.0
target,D4-FULL,missingness,0.1,8204.0,DOWNSTREAM,1.0,0.9583333333333334,0.9787234042553191,0.0
target,D4-FULL,missingness,0.1,8205.0,INPUT,0.0,0.0,0.0,0.0
target,D4-FULL,missingness,0.1,8205.0,OUTPUT,0.4186046511627907,1.0,0.5901639344262295,0.0
target,D4-FULL,missingness,0.1,8205.0,LOAD,0.5106382978723404,1.0,0.676056338028169,0.0
target,D4-FULL,missingness,0.1,8205.0,DOWNSTREAM,1.0,0.9583333333333334,0.9787234042553191,0.0
target,D4-FULL,missingness,0.1,8206.0,INPUT,0.0,0.0,0.0,0.0
target,D4-FULL,missingness,0.1,8206.0,OUTPUT,0.4090909090909091,1.0,0.5806451612903226,0.0
target,D4-FULL,missingness,0.1,8206.0,LOAD,0.5106382978723404,1.0,0.676056338028169,0.0
target,D4-FULL,missingness,0.1,8206.0,DOWNSTREAM,1.0,0.9583333333333334,0.9787234042553191,0.0
target,D4-FULL,missingness,0.1,8207.0,INPUT,0.0,0.0,0.0,0.0
target,D4-FULL,missingness,0.1,8207.0,OUTPUT,0.4186046511627907,1.0,0.5901639344262295,0.0
target,D4-FULL,missingness,0.1,8207.0,LOAD,0.4897959183673469,1.0,0.6575342465753424,0.0
target,D4-FULL,missingness,0.1,8207.0,DOWNSTREAM,1.0,0.9583333333333334,0.9787234042553191,0.0
target,D4-FULL,missingness,0.1,8208.0,INPUT,0.0,0.0,0.0,0.0
target,D4-FULL,missingness,0.1,8208.0,OUTPUT,0.4,1.0,0.5714285714285715,0.0
target,D4-FULL,missingness,0.1,8208.0,LOAD,0.5106382978723404,1.0,0.676056338028169,0.0
target,D4-FULL,missingness,0.1,8208.0,DOWNSTREAM,1.0,0.9166666666666666,0.9565217391304348,0.04166666666666674
target,D4-FULL,missingness,0.1,8209.0,INPUT,0.0,0.0,0.0,0.0
target,D4-FULL,missingness,0.1,8209.0,OUTPUT,0.4090909090909091,1.0,0.5806451612903226,0.0
target,D4-FULL,missingness,0.1,8209.0,LOAD,0.5106382978723404,1.0,0.676056338028169,0.0
target,D4-FULL,missingness,0.1,8209.0,DOWNSTREAM,1.0,0.9583333333333334,0.9787234042553191,0.0
target,D4-FULL,missingness,0.1,8210.0,INPUT,0.0,0.0,0.0,0.0
target,D4-FULL,missingness,0.1,8210.0,OUTPUT,0.4,1.0,0.5714285714285715,0.0
target,D4-FULL,missingness,0.1,8210.0,LOAD,0.5217391304347826,1.0,0.6857142857142856,0.0
target,D4-FULL,missingness,0.1,8210.0,DOWNSTREAM,1.0,0.9583333333333334,0.9787234042553191,0.0
target,D4-FULL,missingness,0.25,8201.0,INPUT,0.0,0.0,0.0,0.0
target,D4-FULL,missingness,0.25,8201.0,OUTPUT,0.3695652173913043,0.9444444444444444,0.53125,0.05555555555555558
target,D4-FULL,missingness,0.25,8201.0,LOAD,0.5106382978723404,1.0,0.676056338028169,0.0
target,D4-FULL,missingness,0.25,8201.0,DOWNSTREAM,1.0,0.9166666666666666,0.9565217391304348,0.04166666666666674
target,D4-FULL,missingness,0.25,8202.0,INPUT,0.0,0.0,0.0,0.0
target,D4-FULL,missingness,0.25,8202.0,OUTPUT,0.391304347826087,1.0,0.5625,0.0
target,D4-FULL,missingness,0.25,8202.0,LOAD,0.5227272727272727,0.9583333333333334,0.6764705882352942,0.04166666666666663
target,D4-FULL,missingness,0.25,8202.0,DOWNSTREAM,1.0,1.0,1.0,-0.04166666666666663
target,D4-FULL,missingness,0.25,8203.0,INPUT,0.0,0.0,0.0,0.0
target,D4-FULL,missingness,0.25,8203.0,OUTPUT,0.3673469387755102,1.0,0.5373134328358209,0.0
target,D4-FULL,missingness,0.25,8203.0,LOAD,0.5581395348837209,1.0,0.7164179104477612,0.0
target,D4-FULL,missingness,0.25,8203.0,DOWNSTREAM,1.0,0.875,0.9333333333333333,0.08333333333333337
target,D4-FULL,missingness,0.25,8204.0,INPUT,0.0,0.0,0.0,0.0
target,D4-FULL,missingness,0.25,8204.0,OUTPUT,0.37209302325581395,0.8888888888888888,0.5245901639344261,0.11111111111111116
target,D4-FULL,missingness,0.25,8204.0,LOAD,0.5106382978723404,1.0,0.676056338028169,0.0
target,D4-FULL,missingness,0.25,8204.0,DOWNSTREAM,1.0,0.9166666666666666,0.9565217391304348,0.04166666666666674
target,D4-FULL,missingness,0.25,8205.0,INPUT,0.0,0.0,0.0,0.0
target,D4-FULL,missingness,0.25,8205.0,OUTPUT,0.3695652173913043,0.9444444444444444,0.53125,0.05555555555555558
target,D4-FULL,missingness,0.25,8205.0,LOAD,0.5111111111111111,0.9583333333333334,0.6666666666666666,0.04166666666666663
target,D4-FULL,missingness,0.25,8205.0,DOWNSTREAM,1.0,0.9166666666666666,0.9565217391304348,0.04166666666666674
target,D4-FULL,missingness,0.25,8206.0,INPUT,0.0,0.0,0.0,0.0
target,D4-FULL,missingness,0.25,8206.0,OUTPUT,0.4090909090909091,1.0,0.5806451612903226,0.0
target,D4-FULL,missingness,0.25,8206.0,LOAD,0.5,1.0,0.6666666666666666,0.0
target,D4-FULL,missingness,0.25,8206.0,DOWNSTREAM,1.0,0.9583333333333334,0.9787234042553191,0.0
target,D4-FULL,missingness,0.25,8207.0,INPUT,0.0,0.0,0.0,0.0
target,D4-FULL,missingness,0.25,8207.0,OUTPUT,0.36585365853658536,0.8333333333333334,0.5084745762711864,0.16666666666666663
target,D4-FULL,missingness,0.25,8207.0,LOAD,0.4897959183673469,1.0,0.6575342465753424,0.0
target,D4-FULL,missingness,0.25,8207.0,DOWNSTREAM,1.0,0.9583333333333334,0.9787234042553191,0.0
target,D4-FULL,missingness,0.25,8208.0,INPUT,0.0,0.0,0.0,0.0
target,D4-FULL,missingness,0.25,8208.0,OUTPUT,0.37777777777777777,0.9444444444444444,0.5396825396825397,0.05555555555555558
target,D4-FULL,missingness,0.25,8208.0,LOAD,0.5106382978723404,1.0,0.676056338028169,0.0
target,D4-FULL,missingness,0.25,8208.0,DOWNSTREAM,1.0,0.9166666666666666,0.9565217391304348,0.04166666666666674
target,D4-FULL,missingness,0.25,8209.0,INPUT,0.0,0.0,0.0,0.0
target,D4-FULL,missingness,0.25,8209.0,OUTPUT,0.4,1.0,0.5714285714285715,0.0
target,D4-FULL,missingness,0.25,8209.0,LOAD,0.5106382978723404,1.0,0.676056338028169,0.0
target,D4-FULL,missingness,0.25,8209.0,DOWNSTREAM,1.0,0.9166666666666666,0.9565217391304348,0.04166666666666674
target,D4-FULL,missingness,0.25,8210.0,INPUT,0.0,0.0,0.0,0.0
target,D4-FULL,missingness,0.25,8210.0,OUTPUT,0.391304347826087,1.0,0.5625,0.0
target,D4-FULL,missingness,0.25,8210.0,LOAD,0.5454545454545454,1.0,0.7058823529411764,0.0
target,D4-FULL,missingness,0.25,8210.0,DOWNSTREAM,1.0,0.9583333333333334,0.9787234042553191,0.0
target,D4-FULL,missingness,0.5,8201.0,INPUT,0.0,0.0,0.0,0.0
target,D4-FULL,missingness,0.5,8201.0,OUTPUT,0.375,0.8333333333333334,0.5172413793103448,0.16666666666666663
target,D4-FULL,missingness,0.5,8201.0,LOAD,0.46938775510204084,0.9583333333333334,0.6301369863013699,0.04166666666666663
target,D4-FULL,missingness,0.5,8201.0,DOWNSTREAM,1.0,0.875,0.9333333333333333,0.08333333333333337
target,D4-FULL,missingness,0.5,8202.0,INPUT,0.0,0.0,0.0,0.0
target,D4-FULL,missingness,0.5,8202.0,OUTPUT,0.3488372093023256,0.8333333333333334,0.4918032786885246,0.16666666666666663
target,D4-FULL,missingness,0.5,8202.0,LOAD,0.5333333333333333,1.0,0.6956521739130436,0.0
target,D4-FULL,missingness,0.5,8202.0,DOWNSTREAM,1.0,0.9583333333333334,0.9787234042553191,0.0
target,D4-FULL,missingness,0.5,8203.0,INPUT,0.0,0.0,0.0,0.0
target,D4-FULL,missingness,0.5,8203.0,OUTPUT,0.3409090909090909,0.8333333333333334,0.4838709677419354,0.16666666666666663
target,D4-FULL,missingness,0.5,8203.0,LOAD,0.5454545454545454,1.0,0.7058823529411764,0.0
target,D4-FULL,missingness,0.5,8203.0,DOWNSTREAM,1.0,0.7916666666666666,0.8837209302325582,0.16666666666666674
target,D4-FULL,missingness,0.5,8204.0,INPUT,0.0,0.0,0.0,0.0
target,D4-FULL,missingness,0.5,8204.0,OUTPUT,0.375,0.8333333333333334,0.5172413793103448,0.16666666666666663
target,D4-FULL,missingness,0.5,8204.0,LOAD,0.4782608695652174,0.9166666666666666,0.6285714285714286,0.08333333333333337
target,D4-FULL,missingness,0.5,8204.0,DOWNSTREAM,1.0,0.9166666666666666,0.9565217391304348,0.04166666666666674
target,D4-FULL,missingness,0.5,8205.0,INPUT,0.0,0.0,0.0,0.0
target,D4-FULL,missingness,0.5,8205.0,OUTPUT,0.375,0.8333333333333334,0.5172413793103448,0.16666666666666663
target,D4-FULL,missingness,0.5,8205.0,LOAD,0.5217391304347826,1.0,0.6857142857142856,0.0
target,D4-FULL,missingness,0.5,8205.0,DOWNSTREAM,1.0,0.9166666666666666,0.9565217391304348,0.04166666666666674
target,D4-FULL,missingness,0.5,8206.0,INPUT,0.0,0.0,0.0,0.0
target,D4-FULL,missingness,0.5,8206.0,OUTPUT,0.32608695652173914,0.8333333333333334,0.46875000000000006,0.16666666666666663
target,D4-FULL,missingness,0.5,8206.0,LOAD,0.5111111111111111,0.9583333333333334,0.6666666666666666,0.04166666666666663
target,D4-FULL,missingness,0.5,8206.0,DOWNSTREAM,1.0,0.875,0.9333333333333333,0.08333333333333337
target,D4-FULL,missingness,0.5,8207.0,INPUT,0.0,0.0,0.0,0.0
target,D4-FULL,missingness,0.5,8207.0,OUTPUT,0.3783783783783784,0.7777777777777778,0.5090909090909091,0.2222222222222222
target,D4-FULL,missingness,0.5,8207.0,LOAD,0.5,0.9583333333333334,0.6571428571428571,0.04166666666666663
target,D4-FULL,missingness,0.5,8207.0,DOWNSTREAM,1.0,0.9583333333333334,0.9787234042553191,0.0
target,D4-FULL,missingness,0.5,8208.0,INPUT,0.0,0.0,0.0,0.0
target,D4-FULL,missingness,0.5,8208.0,OUTPUT,0.3488372093023256,0.8333333333333334,0.4918032786885246,0.16666666666666663
target,D4-FULL,missingness,0.5,8208.0,LOAD,0.5116279069767442,0.9166666666666666,0.6567164179104478,0.08333333333333337
target,D4-FULL,missingness,0.5,8208.0,DOWNSTREAM,1.0,0.9583333333333334,0.9787234042553191,0.0
target,D4-FULL,missingness,0.5,8209.0,INPUT,0.0,0.0,0.0,0.0
target,D4-FULL,missingness,0.5,8209.0,OUTPUT,0.3953488372093023,0.9444444444444444,0.5573770491803278,0.05555555555555558
target,D4-FULL,missingness,0.5,8209.0,LOAD,0.5106382978723404,1.0,0.676056338028169,0.0
target,D4-FULL,missingness,0.5,8209.0,DOWNSTREAM,1.0,0.9583333333333334,0.9787234042553191,0.0
target,D4-FULL,missingness,0.5,8210.0,INPUT,0.0,0.0,0.0,0.0
target,D4-FULL,missingness,0.5,8210.0,OUTPUT,0.4,0.8888888888888888,0.5517241379310346,0.11111111111111116
target,D4-FULL,missingness,0.5,8210.0,LOAD,0.4897959183673469,1.0,0.6575342465753424,0.0
target,D4-FULL,missingness,0.5,8210.0,DOWNSTREAM,1.0,0.9583333333333334,0.9787234042553191,0.0
target,D4-FULL,temporal_sampling,0.25,8401.0,INPUT,0.0,0.0,0.0,0.0
target,D4-FULL,temporal_sampling,0.25,8401.0,OUTPUT,0.35294117647058826,1.0,0.5217391304347826,0.0
target,D4-FULL,temporal_sampling,0.25,8401.0,LOAD,0.5238095238095238,0.9166666666666666,0.6666666666666667,0.08333333333333337
target,D4-FULL,temporal_sampling,0.25,8401.0,DOWNSTREAM,1.0,0.8333333333333334,0.9090909090909091,0.125
target,D4-FULL,temporal_sampling,0.25,8402.0,INPUT,0.0,0.0,0.0,0.0
target,D4-FULL,temporal_sampling,0.25,8402.0,OUTPUT,0.3829787234042553,1.0,0.5538461538461539,0.0
target,D4-FULL,temporal_sampling,0.25,8402.0,LOAD,0.5111111111111111,0.9583333333333334,0.6666666666666666,0.04166666666666663
target,D4-FULL,temporal_sampling,0.25,8402.0,DOWNSTREAM,1.0,0.9166666666666666,0.9565217391304348,0.04166666666666674
target,D4-FULL,temporal_sampling,0.25,8403.0,INPUT,0.0,0.0,0.0,0.0
target,D4-FULL,temporal_sampling,0.25,8403.0,OUTPUT,0.375,1.0,0.5454545454545454,0.0
target,D4-FULL,temporal_sampling,0.25,8403.0,LOAD,0.5853658536585366,1.0,0.7384615384615384,0.0
target,D4-FULL,temporal_sampling,0.25,8403.0,DOWNSTREAM,1.0,0.9166666666666666,0.9565217391304348,0.04166666666666674
target,D4-FULL,temporal_sampling,0.25,8404.0,INPUT,0.0,0.0,0.0,0.0
target,D4-FULL,temporal_sampling,0.25,8404.0,OUTPUT,0.4,1.0,0.5714285714285715,0.0
target,D4-FULL,temporal_sampling,0.25,8404.0,LOAD,0.5,1.0,0.6666666666666666,0.0
target,D4-FULL,temporal_sampling,0.25,8404.0,DOWNSTREAM,1.0,0.875,0.9333333333333333,0.08333333333333337
target,D4-FULL,temporal_sampling,0.25,8405.0,INPUT,0.0,0.0,0.0,0.0
target,D4-FULL,temporal_sampling,0.25,8405.0,OUTPUT,0.3829787234042553,1.0,0.5538461538461539,0.0
target,D4-FULL,temporal_sampling,0.25,8405.0,LOAD,0.5217391304347826,1.0,0.6857142857142856,0.0
target,D4-FULL,temporal_sampling,0.25,8405.0,DOWNSTREAM,1.0,0.875,0.9333333333333333,0.08333333333333337
target,D4-FULL,temporal_sampling,0.25,8406.0,INPUT,0.0,0.0,0.0,0.0
target,D4-FULL,temporal_sampling,0.25,8406.0,OUTPUT,0.391304347826087,1.0,0.5625,0.0
target,D4-FULL,temporal_sampling,0.25,8406.0,LOAD,0.5581395348837209,1.0,0.7164179104477612,0.0
target,D4-FULL,temporal_sampling,0.25,8406.0,DOWNSTREAM,1.0,0.9583333333333334,0.9787234042553191,0.0
target,D4-FULL,temporal_sampling,0.25,8407.0,INPUT,0.0,0.0,0.0,0.0
target,D4-FULL,temporal_sampling,0.25,8407.0,OUTPUT,0.3695652173913043,0.9444444444444444,0.53125,0.05555555555555558
target,D4-FULL,temporal_sampling,0.25,8407.0,LOAD,0.5476190476190477,0.9583333333333334,0.696969696969697,0.04166666666666663
target,D4-FULL,temporal_sampling,0.25,8407.0,DOWNSTREAM,1.0,0.9166666666666666,0.9565217391304348,0.04166666666666674
target,D4-FULL,temporal_sampling,0.25,8408.0,INPUT,0.0,0.0,0.0,0.0
target,D4-FULL,temporal_sampling,0.25,8408.0,OUTPUT,0.3829787234042553,1.0,0.5538461538461539,0.0
target,D4-FULL,temporal_sampling,0.25,8408.0,LOAD,0.5227272727272727,0.9583333333333334,0.6764705882352942,0.04166666666666663
target,D4-FULL,temporal_sampling,0.25,8408.0,DOWNSTREAM,1.0,0.9166666666666666,0.9565217391304348,0.04166666666666674
target,D4-FULL,temporal_sampling,0.25,8409.0,INPUT,0.0,0.0,0.0,0.0
target,D4-FULL,temporal_sampling,0.25,8409.0,OUTPUT,0.375,1.0,0.5454545454545454,0.0
target,D4-FULL,temporal_sampling,0.25,8409.0,LOAD,0.5238095238095238,0.9166666666666666,0.6666666666666667,0.08333333333333337
target,D4-FULL,temporal_sampling,0.25,8409.0,DOWNSTREAM,1.0,0.875,0.9333333333333333,0.08333333333333337
target,D4-FULL,temporal_sampling,0.25,8410.0,INPUT,0.0,0.0,0.0,0.0
target,D4-FULL,temporal_sampling,0.25,8410.0,OUTPUT,0.3695652173913043,0.9444444444444444,0.53125,0.05555555555555558
target,D4-FULL,temporal_sampling,0.25,8410.0,LOAD,0.5217391304347826,1.0,0.6857142857142856,0.0
target,D4-FULL,temporal_sampling,0.25,8410.0,DOWNSTREAM,1.0,0.8333333333333334,0.9090909090909091,0.125
target,D4-FULL,temporal_sampling,0.5,8401.0,INPUT,0.0,0.0,0.0,0.0
target,D4-FULL,temporal_sampling,0.5,8401.0,OUTPUT,0.36,1.0,0.5294117647058824,0.0
target,D4-FULL,temporal_sampling,0.5,8401.0,LOAD,0.5454545454545454,1.0,0.7058823529411764,0.0
target,D4-FULL,temporal_sampling,0.5,8401.0,DOWNSTREAM,1.0,0.7916666666666666,0.8837209302325582,0.16666666666666674
target,D4-FULL,temporal_sampling,0.5,8402.0,INPUT,0.0,0.0,0.0,0.0
target,D4-FULL,temporal_sampling,0.5,8402.0,OUTPUT,0.36,1.0,0.5294117647058824,0.0
target,D4-FULL,temporal_sampling,0.5,8402.0,LOAD,0.5581395348837209,1.0,0.7164179104477612,0.0
target,D4-FULL,temporal_sampling,0.5,8402.0,DOWNSTREAM,1.0,0.8333333333333334,0.9090909090909091,0.125
target,D4-FULL,temporal_sampling,0.5,8403.0,INPUT,0.0,0.0,0.0,0.0
target,D4-FULL,temporal_sampling,0.5,8403.0,OUTPUT,0.4,1.0,0.5714285714285715,0.0
target,D4-FULL,temporal_sampling,0.5,8403.0,LOAD,0.5217391304347826,1.0,0.6857142857142856,0.0
target,D4-FULL,temporal_sampling,0.5,8403.0,DOWNSTREAM,1.0,0.9583333333333334,0.9787234042553191,0.0
target,D4-FULL,temporal_sampling,0.5,8404.0,INPUT,0.0,0.0,0.0,0.0
target,D4-FULL,temporal_sampling,0.5,8404.0,OUTPUT,0.4,1.0,0.5714285714285715,0.0
target,D4-FULL,temporal_sampling,0.5,8404.0,LOAD,0.5333333333333333,1.0,0.6956521739130436,0.0
target,D4-FULL,temporal_sampling,0.5,8404.0,DOWNSTREAM,1.0,0.9583333333333334,0.9787234042553191,0.0
target,D4-FULL,temporal_sampling,0.5,8405.0,INPUT,0.0,0.0,0.0,0.0
target,D4-FULL,temporal_sampling,0.5,8405.0,OUTPUT,0.391304347826087,1.0,0.5625,0.0
target,D4-FULL,temporal_sampling,0.5,8405.0,LOAD,0.5227272727272727,0.9583333333333334,0.6764705882352942,0.04166666666666663
target,D4-FULL,temporal_sampling,0.5,8405.0,DOWNSTREAM,1.0,0.9583333333333334,0.9787234042553191,0.0
target,D4-FULL,temporal_sampling,0.5,8406.0,INPUT,0.0,0.0,0.0,0.0
target,D4-FULL,temporal_sampling,0.5,8406.0,OUTPUT,0.4,1.0,0.5714285714285715,0.0
target,D4-FULL,temporal_sampling,0.5,8406.0,LOAD,0.5217391304347826,1.0,0.6857142857142856,0.0
target,D4-FULL,temporal_sampling,0.5,8406.0,DOWNSTREAM,1.0,0.9583333333333334,0.9787234042553191,0.0
target,D4-FULL,temporal_sampling,0.5,8407.0,INPUT,0.0,0.0,0.0,0.0
target,D4-FULL,temporal_sampling,0.5,8407.0,OUTPUT,0.3829787234042553,1.0,0.5538461538461539,0.0
target,D4-FULL,temporal_sampling,0.5,8407.0,LOAD,0.5333333333333333,1.0,0.6956521739130436,0.0
target,D4-FULL,temporal_sampling,0.5,8407.0,DOWNSTREAM,1.0,0.8333333333333334,0.9090909090909091,0.125
target,D4-FULL,temporal_sampling,0.5,8408.0,INPUT,0.0,0.0,0.0,0.0
target,D4-FULL,temporal_sampling,0.5,8408.0,OUTPUT,0.375,1.0,0.5454545454545454,0.0
target,D4-FULL,temporal_sampling,0.5,8408.0,LOAD,0.5238095238095238,0.9166666666666666,0.6666666666666667,0.08333333333333337
target,D4-FULL,temporal_sampling,0.5,8408.0,DOWNSTREAM,1.0,0.9166666666666666,0.9565217391304348,0.04166666666666674
target,D4-FULL,temporal_sampling,0.5,8409.0,INPUT,0.0,0.0,0.0,0.0
target,D4-FULL,temporal_sampling,0.5,8409.0,OUTPUT,0.3673469387755102,1.0,0.5373134328358209,0.0
target,D4-FULL,temporal_sampling,0.5,8409.0,LOAD,0.5581395348837209,1.0,0.7164179104477612,0.0
target,D4-FULL,temporal_sampling,0.5,8409.0,DOWNSTREAM,1.0,0.875,0.9333333333333333,0.08333333333333337
target,D4-FULL,temporal_sampling,0.5,8410.0,INPUT,0.0,0.0,0.0,0.0
target,D4-FULL,temporal_sampling,0.5,8410.0,OUTPUT,0.391304347826087,1.0,0.5625,0.0
target,D4-FULL,temporal_sampling,0.5,8410.0,LOAD,0.5454545454545454,1.0,0.7058823529411764,0.0
target,D4-FULL,temporal_sampling,0.5,8410.0,DOWNSTREAM,1.0,0.9166666666666666,0.9565217391304348,0.04166666666666674
target,D4-FULL,temporal_sampling,0.75,8401.0,INPUT,0.0,0.0,0.0,0.0
target,D4-FULL,temporal_sampling,0.75,8401.0,OUTPUT,0.4090909090909091,1.0,0.5806451612903226,0.0
target,D4-FULL,temporal_sampling,0.75,8401.0,LOAD,0.5333333333333333,1.0,0.6956521739130436,0.0
target,D4-FULL,temporal_sampling,0.75,8401.0,DOWNSTREAM,1.0,1.0,1.0,-0.04166666666666663
target,D4-FULL,temporal_sampling,0.75,8402.0,INPUT,0.0,0.0,0.0,0.0
target,D4-FULL,temporal_sampling,0.75,8402.0,OUTPUT,0.391304347826087,1.0,0.5625,0.0
target,D4-FULL,temporal_sampling,0.75,8402.0,LOAD,0.5217391304347826,1.0,0.6857142857142856,0.0
target,D4-FULL,temporal_sampling,0.75,8402.0,DOWNSTREAM,1.0,0.875,0.9333333333333333,0.08333333333333337
target,D4-FULL,temporal_sampling,0.75,8403.0,INPUT,0.0,0.0,0.0,0.0
target,D4-FULL,temporal_sampling,0.75,8403.0,OUTPUT,0.4,1.0,0.5714285714285715,0.0
target,D4-FULL,temporal_sampling,0.75,8403.0,LOAD,0.5217391304347826,1.0,0.6857142857142856,0.0
target,D4-FULL,temporal_sampling,0.75,8403.0,DOWNSTREAM,1.0,0.9583333333333334,0.9787234042553191,0.0
target,D4-FULL,temporal_sampling,0.75,8404.0,INPUT,0.0,0.0,0.0,0.0
target,D4-FULL,temporal_sampling,0.75,8404.0,OUTPUT,0.391304347826087,1.0,0.5625,0.0
target,D4-FULL,temporal_sampling,0.75,8404.0,LOAD,0.5217391304347826,1.0,0.6857142857142856,0.0
target,D4-FULL,temporal_sampling,0.75,8404.0,DOWNSTREAM,1.0,0.9166666666666666,0.9565217391304348,0.04166666666666674
target,D4-FULL,temporal_sampling,0.75,8405.0,INPUT,0.0,0.0,0.0,0.0
target,D4-FULL,temporal_sampling,0.75,8405.0,OUTPUT,0.4186046511627907,1.0,0.5901639344262295,0.0
target,D4-FULL,temporal_sampling,0.75,8405.0,LOAD,0.5217391304347826,1.0,0.6857142857142856,0.0
target,D4-FULL,temporal_sampling,0.75,8405.0,DOWNSTREAM,1.0,1.0,1.0,-0.04166666666666663
target,D4-FULL,temporal_sampling,0.75,8406.0,INPUT,0.0,0.0,0.0,0.0
target,D4-FULL,temporal_sampling,0.75,8406.0,OUTPUT,0.3829787234042553,1.0,0.5538461538461539,0.0
target,D4-FULL,temporal_sampling,0.75,8406.0,LOAD,0.5454545454545454,1.0,0.7058823529411764,0.0
target,D4-FULL,temporal_sampling,0.75,8406.0,DOWNSTREAM,1.0,0.9166666666666666,0.9565217391304348,0.04166666666666674
target,D4-FULL,temporal_sampling,0.75,8407.0,INPUT,0.0,0.0,0.0,0.0
target,D4-FULL,temporal_sampling,0.75,8407.0,OUTPUT,0.4,1.0,0.5714285714285715,0.0
target,D4-FULL,temporal_sampling,0.75,8407.0,LOAD,0.5106382978723404,1.0,0.676056338028169,0.0
target,D4-FULL,temporal_sampling,0.75,8407.0,DOWNSTREAM,1.0,0.9166666666666666,0.9565217391304348,0.04166666666666674
target,D4-FULL,temporal_sampling,0.75,8408.0,INPUT,0.0,0.0,0.0,0.0
target,D4-FULL,temporal_sampling,0.75,8408.0,OUTPUT,0.391304347826087,1.0,0.5625,0.0
target,D4-FULL,temporal_sampling,0.75,8408.0,LOAD,0.5454545454545454,1.0,0.7058823529411764,0.0
target,D4-FULL,temporal_sampling,0.75,8408.0,DOWNSTREAM,1.0,0.9583333333333334,0.9787234042553191,0.0
target,D4-FULL,temporal_sampling,0.75,8409.0,INPUT,0.0,0.0,0.0,0.0
target,D4-FULL,temporal_sampling,0.75,8409.0,OUTPUT,0.4186046511627907,1.0,0.5901639344262295,0.0
target,D4-FULL,temporal_sampling,0.75,8409.0,LOAD,0.5106382978723404,1.0,0.676056338028169,0.0
target,D4-FULL,temporal_sampling,0.75,8409.0,DOWNSTREAM,1.0,1.0,1.0,-0.04166666666666663
target,D4-FULL,temporal_sampling,0.75,8410.0,INPUT,0.0,0.0,0.0,0.0
target,D4-FULL,temporal_sampling,0.75,8410.0,OUTPUT,0.4,1.0,0.5714285714285715,0.0
target,D4-FULL,temporal_sampling,0.75,8410.0,LOAD,0.5217391304347826,1.0,0.6857142857142856,0.0
target,D4-FULL,temporal_sampling,0.75,8410.0,DOWNSTREAM,1.0,0.9583333333333334,0.9787234042553191,0.0
target,D4-FULL,noise,0.1,8601.0,INPUT,0.0,0.0,0.0,0.0
target,D4-FULL,noise,0.1,8601.0,OUTPUT,0.4090909090909091,1.0,0.5806451612903226,0.0
target,D4-FULL,noise,0.1,8601.0,LOAD,0.4897959183673469,1.0,0.6575342465753424,0.0
target,D4-FULL,noise,0.1,8601.0,DOWNSTREAM,0.88,0.9166666666666666,0.8979591836734694,0.04166666666666674
target,D4-FULL,noise,0.1,8602.0,INPUT,0.0,0.0,0.0,0.0
target,D4-FULL,noise,0.1,8602.0,OUTPUT,0.3829787234042553,1.0,0.5538461538461539,0.0
target,D4-FULL,noise,0.1,8602.0,LOAD,0.5,1.0,0.6666666666666666,0.0
target,D4-FULL,noise,0.1,8602.0,DOWNSTREAM,0.9090909090909091,0.8333333333333334,0.8695652173913043,0.125
target,D4-FULL,noise,0.1,8603.0,INPUT,0.0,0.0,0.0,0.0
target,D4-FULL,noise,0.1,8603.0,OUTPUT,0.38636363636363635,0.9444444444444444,0.5483870967741935,0.05555555555555558
target,D4-FULL,noise,0.1,8603.0,LOAD,0.4897959183673469,1.0,0.6575342465753424,0.0
target,D4-FULL,noise,0.1,8603.0,DOWNSTREAM,0.9545454545454546,0.875,0.9130434782608695,0.08333333333333337
target,D4-FULL,noise,0.1,8604.0,INPUT,0.0,0.0,0.0,0.0
target,D4-FULL,noise,0.1,8604.0,OUTPUT,0.4090909090909091,1.0,0.5806451612903226,0.0
target,D4-FULL,noise,0.1,8604.0,LOAD,0.4897959183673469,1.0,0.6575342465753424,0.0
target,D4-FULL,noise,0.1,8604.0,DOWNSTREAM,0.9565217391304348,0.9166666666666666,0.9361702127659574,0.04166666666666674
target,D4-FULL,noise,0.1,8605.0,INPUT,0.0,0.0,0.0,0.0
target,D4-FULL,noise,0.1,8605.0,OUTPUT,0.4,1.0,0.5714285714285715,0.0
target,D4-FULL,noise,0.1,8605.0,LOAD,0.4897959183673469,1.0,0.6575342465753424,0.0
target,D4-FULL,noise,0.1,8605.0,DOWNSTREAM,1.0,0.875,0.9333333333333333,0.08333333333333337
target,D4-FULL,noise,0.1,8606.0,INPUT,0.0,0.0,0.0,0.0
target,D4-FULL,noise,0.1,8606.0,OUTPUT,0.391304347826087,1.0,0.5625,0.0
target,D4-FULL,noise,0.1,8606.0,LOAD,0.4897959183673469,1.0,0.6575342465753424,0.0
target,D4-FULL,noise,0.1,8606.0,DOWNSTREAM,0.9523809523809523,0.8333333333333334,0.888888888888889,0.125
target,D4-FULL,noise,0.1,8607.0,INPUT,0.0,0.0,0.0,0.0
target,D4-FULL,noise,0.1,8607.0,OUTPUT,0.3829787234042553,1.0,0.5538461538461539,0.0
target,D4-FULL,noise,0.1,8607.0,LOAD,0.5217391304347826,1.0,0.6857142857142856,0.0
target,D4-FULL,noise,0.1,8607.0,DOWNSTREAM,1.0,0.875,0.9333333333333333,0.08333333333333337
target,D4-FULL,noise,0.1,8608.0,INPUT,0.0,0.0,0.0,0.0
target,D4-FULL,noise,0.1,8608.0,OUTPUT,0.4,1.0,0.5714285714285715,0.0
target,D4-FULL,noise,0.1,8608.0,LOAD,0.48,1.0,0.6486486486486487,0.0
target,D4-FULL,noise,0.1,8608.0,DOWNSTREAM,1.0,0.875,0.9333333333333333,0.08333333333333337
target,D4-FULL,noise,0.1,8609.0,INPUT,0.0,0.0,0.0,0.0
target,D4-FULL,noise,0.1,8609.0,OUTPUT,0.4186046511627907,1.0,0.5901639344262295,0.0
target,D4-FULL,noise,0.1,8609.0,LOAD,0.5,1.0,0.6666666666666666,0.0
target,D4-FULL,noise,0.1,8609.0,DOWNSTREAM,0.8846153846153846,0.9583333333333334,0.9199999999999999,0.0
target,D4-FULL,noise,0.1,8610.0,INPUT,0.0,0.0,0.0,0.0
target,D4-FULL,noise,0.1,8610.0,OUTPUT,0.4,1.0,0.5714285714285715,0.0
target,D4-FULL,noise,0.1,8610.0,LOAD,0.4897959183673469,1.0,0.6575342465753424,0.0
target,D4-FULL,noise,0.1,8610.0,DOWNSTREAM,0.9565217391304348,0.9166666666666666,0.9361702127659574,0.04166666666666674
target,D4-FULL,noise,0.25,8601.0,INPUT,0.0,0.0,0.0,0.0
target,D4-FULL,noise,0.25,8601.0,OUTPUT,0.37777777777777777,0.9444444444444444,0.5396825396825397,0.05555555555555558
target,D4-FULL,noise,0.25,8601.0,LOAD,0.4528301886792453,1.0,0.6233766233766235,0.0
target,D4-FULL,noise,0.25,8601.0,DOWNSTREAM,0.8076923076923077,0.875,0.8400000000000001,0.08333333333333337
target,D4-FULL,noise,0.25,8602.0,INPUT,0.0,0.0,0.0,0.0
target,D4-FULL,noise,0.25,8602.0,OUTPUT,0.375,1.0,0.5454545454545454,0.0
target,D4-FULL,noise,0.25,8602.0,LOAD,0.4528301886792453,1.0,0.6233766233766235,0.0
target,D4-FULL,noise,0.25,8602.0,DOWNSTREAM,0.7391304347826086,0.7083333333333334,0.723404255319149,0.25
target,D4-FULL,noise,0.25,8603.0,INPUT,0.0,0.0,0.0,0.0
target,D4-FULL,noise,0.25,8603.0,OUTPUT,0.35555555555555557,0.8888888888888888,0.5079365079365079,0.11111111111111116
target,D4-FULL,noise,0.25,8603.0,LOAD,0.4528301886792453,1.0,0.6233766233766235,0.0
target,D4-FULL,noise,0.25,8603.0,DOWNSTREAM,0.782608695652174,0.75,0.7659574468085107,0.20833333333333337
target,D4-FULL,noise,0.25,8604.0,INPUT,0.0,0.0,0.0,0.0
target,D4-FULL,noise,0.25,8604.0,OUTPUT,0.41025641025641024,0.8888888888888888,0.5614035087719298,0.11111111111111116
target,D4-FULL,noise,0.25,8604.0,LOAD,0.4528301886792453,1.0,0.6233766233766235,0.0
target,D4-FULL,noise,0.25,8604.0,DOWNSTREAM,0.7857142857142857,0.9166666666666666,0.8461538461538461,0.04166666666666674
target,D4-FULL,noise,0.25,8605.0,INPUT,0.0,0.0,0.0,0.0
target,D4-FULL,noise,0.25,8605.0,OUTPUT,0.391304347826087,1.0,0.5625,0.0
target,D4-FULL,noise,0.25,8605.0,LOAD,0.47058823529411764,1.0,0.6399999999999999,0.0
target,D4-FULL,noise,0.25,8605.0,DOWNSTREAM,0.8695652173913043,0.8333333333333334,0.851063829787234,0.125
target,D4-FULL,noise,0.25,8606.0,INPUT,0.0,0.0,0.0,0.0
target,D4-FULL,noise,0.25,8606.0,OUTPUT,0.34782608695652173,0.8888888888888888,0.5,0.11111111111111116
target,D4-FULL,noise,0.25,8606.0,LOAD,0.42857142857142855,1.0,0.6,0.0
target,D4-FULL,noise,0.25,8606.0,DOWNSTREAM,0.8571428571428571,0.75,0.7999999999999999,0.20833333333333337
target,D4-FULL,noise,0.25,8607.0,INPUT,0.0,0.0,0.0,0.0
target,D4-FULL,noise,0.25,8607.0,OUTPUT,0.37777777777777777,0.9444444444444444,0.5396825396825397,0.05555555555555558
target,D4-FULL,noise,0.25,8607.0,LOAD,0.48,1.0,0.6486486486486487,0.0
target,D4-FULL,noise,0.25,8607.0,DOWNSTREAM,0.8695652173913043,0.8333333333333334,0.851063829787234,0.125
target,D4-FULL,noise,0.25,8608.0,INPUT,0.0,0.0,0.0,0.0
target,D4-FULL,noise,0.25,8608.0,OUTPUT,0.358974358974359,0.7777777777777778,0.49122807017543857,0.2222222222222222
target,D4-FULL,noise,0.25,8608.0,LOAD,0.42857142857142855,1.0,0.6,0.0
target,D4-FULL,noise,0.25,8608.0,DOWNSTREAM,0.7307692307692307,0.7916666666666666,0.76,0.16666666666666674
target,D4-FULL,noise,0.25,8609.0,INPUT,0.0,0.0,0.0,0.0
target,D4-FULL,noise,0.25,8609.0,OUTPUT,0.3829787234042553,1.0,0.5538461538461539,0.0
target,D4-FULL,noise,0.25,8609.0,LOAD,0.4528301886792453,1.0,0.6233766233766235,0.0
target,D4-FULL,noise,0.25,8609.0,DOWNSTREAM,0.8333333333333334,0.8333333333333334,0.8333333333333334,0.125
target,D4-FULL,noise,0.25,8610.0,INPUT,0.0,0.0,0.0,0.0
target,D4-FULL,noise,0.25,8610.0,OUTPUT,0.3695652173913043,0.9444444444444444,0.53125,0.05555555555555558
target,D4-FULL,noise,0.25,8610.0,LOAD,0.46153846153846156,1.0,0.631578947368421,0.0
target,D4-FULL,noise,0.25,8610.0,DOWNSTREAM,0.84,0.875,0.8571428571428572,0.08333333333333337
target,D4-FULL,noise,0.5,8601.0,INPUT,0.0,0.0,0.0,0.0
target,D4-FULL,noise,0.5,8601.0,OUTPUT,0.3170731707317073,0.7222222222222222,0.44067796610169496,0.2777777777777778
target,D4-FULL,noise,0.5,8601.0,LOAD,0.42857142857142855,1.0,0.6,0.0
target,D4-FULL,noise,0.5,8601.0,DOWNSTREAM,0.7037037037037037,0.7916666666666666,0.7450980392156864,0.16666666666666674
target,D4-FULL,noise,0.5,8602.0,INPUT,0.0,0.0,0.0,0.0
target,D4-FULL,noise,0.5,8602.0,OUTPUT,0.36363636363636365,0.8888888888888888,0.5161290322580644,0.11111111111111116
target,D4-FULL,noise,0.5,8602.0,LOAD,0.4444444444444444,1.0,0.6153846153846153,0.0
target,D4-FULL,noise,0.5,8602.0,DOWNSTREAM,0.6296296296296297,0.7083333333333334,0.6666666666666667,0.25
target,D4-FULL,noise,0.5,8603.0,INPUT,0.0,0.0,0.0,0.0
target,D4-FULL,noise,0.5,8603.0,OUTPUT,0.3409090909090909,0.8333333333333334,0.4838709677419354,0.16666666666666663
target,D4-FULL,noise,0.5,8603.0,LOAD,0.43636363636363634,1.0,0.6075949367088608,0.0
target,D4-FULL,noise,0.5,8603.0,DOWNSTREAM,0.68,0.7083333333333334,0.6938775510204083,0.25
target,D4-FULL,noise,0.5,8604.0,INPUT,0.0,0.0,0.0,0.0
target,D4-FULL,noise,0.5,8604.0,OUTPUT,0.34210526315789475,0.7222222222222222,0.46428571428571425,0.2777777777777778
target,D4-FULL,noise,0.5,8604.0,LOAD,0.4444444444444444,1.0,0.6153846153846153,0.0
target,D4-FULL,noise,0.5,8604.0,DOWNSTREAM,0.6451612903225806,0.8333333333333334,0.7272727272727272,0.125
target,D4-FULL,noise,0.5,8605.0,INPUT,0.0,0.0,0.0,0.0
target,D4-FULL,noise,0.5,8605.0,OUTPUT,0.3333333333333333,0.8333333333333334,0.47619047619047616,0.16666666666666663
target,D4-FULL,noise,0.5,8605.0,LOAD,0.41379310344827586,1.0,0.5853658536585366,0.0
target,D4-FULL,noise,0.5,8605.0,DOWNSTREAM,0.7619047619047619,0.6666666666666666,0.7111111111111111,0.29166666666666674
target,D4-FULL,noise,0.5,8606.0,INPUT,0.0,0.0,0.0,0.0
target,D4-FULL,noise,0.5,8606.0,OUTPUT,0.2926829268292683,0.6666666666666666,0.4067796610169492,0.33333333333333337
target,D4-FULL,noise,0.5,8606.0,LOAD,0.3870967741935484,1.0,0.5581395348837209,0.0
target,D4-FULL,noise,0.5,8606.0,DOWNSTREAM,0.6538461538461539,0.7083333333333334,0.68,0.25
target,D4-FULL,noise,0.5,8607.0,INPUT,0.0,0.0,0.0,0.0
target,D4-FULL,noise,0.5,8607.0,OUTPUT,0.36363636363636365,0.8888888888888888,0.5161290322580644,0.11111111111111116
target,D4-FULL,noise,0.5,8607.0,LOAD,0.4528301886792453,1.0,0.6233766233766235,0.0
target,D4-FULL,noise,0.5,8607.0,DOWNSTREAM,0.7692307692307693,0.8333333333333334,0.8,0.125
target,D4-FULL,noise,0.5,8608.0,INPUT,0.0,0.0,0.0,0.0
target,D4-FULL,noise,0.5,8608.0,OUTPUT,0.38461538461538464,0.8333333333333334,0.5263157894736842,0.16666666666666663
target,D4-FULL,noise,0.5,8608.0,LOAD,0.42105263157894735,1.0,0.5925925925925926,0.0
target,D4-FULL,noise,0.5,8608.0,DOWNSTREAM,0.6,0.75,0.6666666666666665,0.20833333333333337
target,D4-FULL,noise,0.5,8609.0,INPUT,0.0,0.0,0.0,0.0
target,D4-FULL,noise,0.5,8609.0,OUTPUT,0.36363636363636365,0.8888888888888888,0.5161290322580644,0.11111111111111116
target,D4-FULL,noise,0.5,8609.0,LOAD,0.4444444444444444,1.0,0.6153846153846153,0.0
target,D4-FULL,noise,0.5,8609.0,DOWNSTREAM,0.7407407407407407,0.8333333333333334,0.7843137254901961,0.125
target,D4-FULL,noise,0.5,8610.0,INPUT,0.0,0.0,0.0,0.0
target,D4-FULL,noise,0.5,8610.0,OUTPUT,0.3488372093023256,0.8333333333333334,0.4918032786885246,0.16666666666666663
target,D4-FULL,noise,0.5,8610.0,LOAD,0.4444444444444444,1.0,0.6153846153846153,0.0
target,D4-FULL,noise,0.5,8610.0,DOWNSTREAM,0.6785714285714286,0.7916666666666666,0.7307692307692307,0.16666666666666674
target,D4-FULL,delay,1,nan,INPUT,0.0,0.0,0.0,0.0
target,D4-FULL,delay,1,nan,OUTPUT,0.3673469387755102,1.0,0.5373134328358209,0.0
target,D4-FULL,delay,1,nan,LOAD,0.5217391304347826,1.0,0.6857142857142856,0.0
target,D4-FULL,delay,1,nan,DOWNSTREAM,1.0,0.7916666666666666,0.8837209302325582,0.16666666666666674
target,D4-FULL,delay,3,nan,INPUT,0.0,0.0,0.0,0.0
target,D4-FULL,delay,3,nan,OUTPUT,0.36,1.0,0.5294117647058824,0.0
target,D4-FULL,delay,3,nan,LOAD,0.5454545454545454,1.0,0.7058823529411764,0.0
target,D4-FULL,delay,3,nan,DOWNSTREAM,1.0,0.7916666666666666,0.8837209302325582,0.16666666666666674
target,D4-FULL,delay,5,nan,INPUT,0.0,0.0,0.0,0.0
target,D4-FULL,delay,5,nan,OUTPUT,0.36,1.0,0.5294117647058824,0.0
target,D4-FULL,delay,5,nan,LOAD,0.5454545454545454,1.0,0.7058823529411764,0.0
target,D4-FULL,delay,5,nan,DOWNSTREAM,1.0,0.7916666666666666,0.8837209302325582,0.16666666666666674
target,D4-FULL,channel_loss,C1_HOST_CPU,nan,INPUT,0.0,0.0,0.0,0.0
target,D4-FULL,channel_loss,C1_HOST_CPU,nan,OUTPUT,0.3829787234042553,1.0,0.5538461538461539,0.0
target,D4-FULL,channel_loss,C1_HOST_CPU,nan,LOAD,0.5106382978723404,1.0,0.676056338028169,0.0
target,D4-FULL,channel_loss,C1_HOST_CPU,nan,DOWNSTREAM,1.0,0.8333333333333334,0.9090909090909091,0.125
target,D4-FULL,channel_loss,C2_DEPENDENCY,nan,INPUT,0.0,0.0,0.0,0.0
target,D4-FULL,channel_loss,C2_DEPENDENCY,nan,OUTPUT,0.3,1.0,0.4615384615384615,0.0
target,D4-FULL,channel_loss,C2_DEPENDENCY,nan,LOAD,0.5,1.0,0.6666666666666666,0.0
target,D4-FULL,channel_loss,C2_DEPENDENCY,nan,DOWNSTREAM,0.0,0.0,0.0,0.9583333333333334
target,D4-FULL,channel_loss,C3_TRACE_SPAN,nan,INPUT,0.0,0.0,0.0,0.0
target,D4-FULL,channel_loss,C3_TRACE_SPAN,nan,OUTPUT,0.34615384615384615,1.0,0.5142857142857142,0.0
target,D4-FULL,channel_loss,C3_TRACE_SPAN,nan,LOAD,0.5454545454545454,1.0,0.7058823529411764,0.0
target,D4-FULL,channel_loss,C3_TRACE_SPAN,nan,DOWNSTREAM,1.0,1.0,1.0,-0.04166666666666663
target,D4-FULL,channel_loss,C4_TEMPORAL_EVOLUTION,nan,INPUT,0.0,0.0,0.0,0.0
target,D4-FULL,channel_loss,C4_TEMPORAL_EVOLUTION,nan,OUTPUT,0.3333333333333333,1.0,0.5,0.0
target,D4-FULL,channel_loss,C4_TEMPORAL_EVOLUTION,nan,LOAD,0.6,0.75,0.6666666666666665,0.25
target,D4-FULL,channel_loss,C4_TEMPORAL_EVOLUTION,nan,DOWNSTREAM,1.0,0.75,0.8571428571428571,0.20833333333333337
target,D4-FULL,channel_loss,C5_THROUGHPUT_SCHEDULER,nan,INPUT,0.0,0.0,0.0,0.0
target,D4-FULL,channel_loss,C5_THROUGHPUT_SCHEDULER,nan,OUTPUT,0.4090909090909091,1.0,0.5806451612903226,0.0
target,D4-FULL,channel_loss,C5_THROUGHPUT_SCHEDULER,nan,LOAD,0.47058823529411764,1.0,0.6399999999999999,0.0
target,D4-FULL,channel_loss,C5_THROUGHPUT_SCHEDULER,nan,DOWNSTREAM,1.0,0.9166666666666666,0.9565217391304348,0.04166666666666674
target,D4-FULL,channel_loss,C6_LATENCY_P95,nan,INPUT,0.0,0.0,0.0,0.0
target,D4-FULL,channel_loss,C6_LATENCY_P95,nan,OUTPUT,0.4186046511627907,1.0,0.5901639344262295,0.0
target,D4-FULL,channel_loss,C6_LATENCY_P95,nan,LOAD,0.5,1.0,0.6666666666666666,0.0
target,D4-FULL,channel_loss,C6_LATENCY_P95,nan,DOWNSTREAM,1.0,0.9583333333333334,0.9787234042553191,0.0
target,D4-FULL,channel_loss,C7_MEDIAN_LATENCY,nan,INPUT,0.0,0.0,0.0,0.0
target,D4-FULL,channel_loss,C7_MEDIAN_LATENCY,nan,OUTPUT,0.4,1.0,0.5714285714285715,0.0
target,D4-FULL,channel_loss,C7_MEDIAN_LATENCY,nan,LOAD,0.5333333333333333,1.0,0.6956521739130436,0.0
target,D4-FULL,channel_loss,C7_MEDIAN_LATENCY,nan,DOWNSTREAM,1.0,1.0,1.0,-0.04166666666666663
target,D4-FULL,channel_loss,C8_MECHANISM_ANCHOR,nan,INPUT,0.0,0.0,0.0,0.0
target,D4-FULL,channel_loss,C8_MECHANISM_ANCHOR,nan,OUTPUT,0.17647058823529413,0.3333333333333333,0.23076923076923078,0.6666666666666667
target,D4-FULL,channel_loss,C8_MECHANISM_ANCHOR,nan,LOAD,0.4,1.0,0.5714285714285715,0.0
target,D4-FULL,channel_loss,C8_MECHANISM_ANCHOR,nan,DOWNSTREAM,0.0,0.0,0.0,0.9583333333333334
target,D4-FULL-F3,clean,0,nan,INPUT,0.0,0.0,0.0,0.0
target,D4-FULL-F3,clean,0,nan,OUTPUT,0.4186046511627907,1.0,0.5901639344262295,0.0
target,D4-FULL-F3,clean,0,nan,LOAD,0.5,1.0,0.6666666666666666,0.0
target,D4-FULL-F3,clean,0,nan,DOWNSTREAM,1.0,0.9583333333333334,0.9787234042553191,0.0
target,D4-FULL-F3,missingness,0.1,8201.0,INPUT,0.0,0.0,0.0,0.0
target,D4-FULL-F3,missingness,0.1,8201.0,OUTPUT,0.4,1.0,0.5714285714285715,0.0
target,D4-FULL-F3,missingness,0.1,8201.0,LOAD,0.5217391304347826,1.0,0.6857142857142856,0.0
target,D4-FULL-F3,missingness,0.1,8201.0,DOWNSTREAM,1.0,0.9583333333333334,0.9787234042553191,0.0
target,D4-FULL-F3,missingness,0.1,8202.0,INPUT,0.0,0.0,0.0,0.0
target,D4-FULL-F3,missingness,0.1,8202.0,OUTPUT,0.4,1.0,0.5714285714285715,0.0
target,D4-FULL-F3,missingness,0.1,8202.0,LOAD,0.5,1.0,0.6666666666666666,0.0
target,D4-FULL-F3,missingness,0.1,8202.0,DOWNSTREAM,1.0,0.9166666666666666,0.9565217391304348,0.04166666666666674
target,D4-FULL-F3,missingness,0.1,8203.0,INPUT,0.0,0.0,0.0,0.0
target,D4-FULL-F3,missingness,0.1,8203.0,OUTPUT,0.391304347826087,1.0,0.5625,0.0
target,D4-FULL-F3,missingness,0.1,8203.0,LOAD,0.5217391304347826,1.0,0.6857142857142856,0.0
target,D4-FULL-F3,missingness,0.1,8203.0,DOWNSTREAM,1.0,0.9166666666666666,0.9565217391304348,0.04166666666666674
target,D4-FULL-F3,missingness,0.1,8204.0,INPUT,0.0,0.0,0.0,0.0
target,D4-FULL-F3,missingness,0.1,8204.0,OUTPUT,0.4186046511627907,1.0,0.5901639344262295,0.0
target,D4-FULL-F3,missingness,0.1,8204.0,LOAD,0.5,1.0,0.6666666666666666,0.0
target,D4-FULL-F3,missingness,0.1,8204.0,DOWNSTREAM,1.0,0.9583333333333334,0.9787234042553191,0.0
target,D4-FULL-F3,missingness,0.1,8205.0,INPUT,0.0,0.0,0.0,0.0
target,D4-FULL-F3,missingness,0.1,8205.0,OUTPUT,0.4090909090909091,1.0,0.5806451612903226,0.0
target,D4-FULL-F3,missingness,0.1,8205.0,LOAD,0.5217391304347826,1.0,0.6857142857142856,0.0
target,D4-FULL-F3,missingness,0.1,8205.0,DOWNSTREAM,1.0,0.9583333333333334,0.9787234042553191,0.0
target,D4-FULL-F3,missingness,0.1,8206.0,INPUT,0.0,0.0,0.0,0.0
target,D4-FULL-F3,missingness,0.1,8206.0,OUTPUT,0.4,1.0,0.5714285714285715,0.0
target,D4-FULL-F3,missingness,0.1,8206.0,LOAD,0.5106382978723404,1.0,0.676056338028169,0.0
target,D4-FULL-F3,missingness,0.1,8206.0,DOWNSTREAM,1.0,0.9166666666666666,0.9565217391304348,0.04166666666666674
target,D4-FULL-F3,missingness,0.1,8207.0,INPUT,0.0,0.0,0.0,0.0
target,D4-FULL-F3,missingness,0.1,8207.0,OUTPUT,0.4090909090909091,1.0,0.5806451612903226,0.0
target,D4-FULL-F3,missingness,0.1,8207.0,LOAD,0.5,1.0,0.6666666666666666,0.0
target,D4-FULL-F3,missingness,0.1,8207.0,DOWNSTREAM,1.0,0.9583333333333334,0.9787234042553191,0.0
target,D4-FULL-F3,missingness,0.1,8208.0,INPUT,0.0,0.0,0.0,0.0
target,D4-FULL-F3,missingness,0.1,8208.0,OUTPUT,0.4,1.0,0.5714285714285715,0.0
target,D4-FULL-F3,missingness,0.1,8208.0,LOAD,0.5106382978723404,1.0,0.676056338028169,0.0
target,D4-FULL-F3,missingness,0.1,8208.0,DOWNSTREAM,1.0,0.9166666666666666,0.9565217391304348,0.04166666666666674
target,D4-FULL-F3,missingness,0.1,8209.0,INPUT,0.0,0.0,0.0,0.0
target,D4-FULL-F3,missingness,0.1,8209.0,OUTPUT,0.4090909090909091,1.0,0.5806451612903226,0.0
target,D4-FULL-F3,missingness,0.1,8209.0,LOAD,0.5106382978723404,1.0,0.676056338028169,0.0
target,D4-FULL-F3,missingness,0.1,8209.0,DOWNSTREAM,1.0,0.9583333333333334,0.9787234042553191,0.0
target,D4-FULL-F3,missingness,0.1,8210.0,INPUT,0.0,0.0,0.0,0.0
target,D4-FULL-F3,missingness,0.1,8210.0,OUTPUT,0.4,1.0,0.5714285714285715,0.0
target,D4-FULL-F3,missingness,0.1,8210.0,LOAD,0.5217391304347826,1.0,0.6857142857142856,0.0
target,D4-FULL-F3,missingness,0.1,8210.0,DOWNSTREAM,1.0,0.9583333333333334,0.9787234042553191,0.0
target,D4-FULL-F3,missingness,0.25,8201.0,INPUT,0.0,0.0,0.0,0.0
target,D4-FULL-F3,missingness,0.25,8201.0,OUTPUT,0.3829787234042553,1.0,0.5538461538461539,0.0
target,D4-FULL-F3,missingness,0.25,8201.0,LOAD,0.5106382978723404,1.0,0.676056338028169,0.0
target,D4-FULL-F3,missingness,0.25,8201.0,DOWNSTREAM,1.0,0.9166666666666666,0.9565217391304348,0.04166666666666674
target,D4-FULL-F3,missingness,0.25,8202.0,INPUT,0.0,0.0,0.0,0.0
target,D4-FULL-F3,missingness,0.25,8202.0,OUTPUT,0.391304347826087,1.0,0.5625,0.0
target,D4-FULL-F3,missingness,0.25,8202.0,LOAD,0.5227272727272727,0.9583333333333334,0.6764705882352942,0.04166666666666663
target,D4-FULL-F3,missingness,0.25,8202.0,DOWNSTREAM,1.0,1.0,1.0,-0.04166666666666663
target,D4-FULL-F3,missingness,0.25,8203.0,INPUT,0.0,0.0,0.0,0.0
target,D4-FULL-F3,missingness,0.25,8203.0,OUTPUT,0.3673469387755102,1.0,0.5373134328358209,0.0
target,D4-FULL-F3,missingness,0.25,8203.0,LOAD,0.5581395348837209,1.0,0.7164179104477612,0.0
target,D4-FULL-F3,missingness,0.25,8203.0,DOWNSTREAM,1.0,0.875,0.9333333333333333,0.08333333333333337
target,D4-FULL-F3,missingness,0.25,8204.0,INPUT,0.0,0.0,0.0,0.0
target,D4-FULL-F3,missingness,0.25,8204.0,OUTPUT,0.37777777777777777,0.9444444444444444,0.5396825396825397,0.05555555555555558
target,D4-FULL-F3,missingness,0.25,8204.0,LOAD,0.5106382978723404,1.0,0.676056338028169,0.0
target,D4-FULL-F3,missingness,0.25,8204.0,DOWNSTREAM,1.0,0.875,0.9333333333333333,0.08333333333333337
target,D4-FULL-F3,missingness,0.25,8205.0,INPUT,0.0,0.0,0.0,0.0
target,D4-FULL-F3,missingness,0.25,8205.0,OUTPUT,0.3673469387755102,1.0,0.5373134328358209,0.0
target,D4-FULL-F3,missingness,0.25,8205.0,LOAD,0.5227272727272727,0.9583333333333334,0.6764705882352942,0.04166666666666663
target,D4-FULL-F3,missingness,0.25,8205.0,DOWNSTREAM,1.0,0.875,0.9333333333333333,0.08333333333333337
target,D4-FULL-F3,missingness,0.25,8206.0,INPUT,0.0,0.0,0.0,0.0
target,D4-FULL-F3,missingness,0.25,8206.0,OUTPUT,0.3829787234042553,1.0,0.5538461538461539,0.0
target,D4-FULL-F3,missingness,0.25,8206.0,LOAD,0.5106382978723404,1.0,0.676056338028169,0.0
target,D4-FULL-F3,missingness,0.25,8206.0,DOWNSTREAM,1.0,0.875,0.9333333333333333,0.08333333333333337
target,D4-FULL-F3,missingness,0.25,8207.0,INPUT,0.0,0.0,0.0,0.0
target,D4-FULL-F3,missingness,0.25,8207.0,OUTPUT,0.4,1.0,0.5714285714285715,0.0
target,D4-FULL-F3,missingness,0.25,8207.0,LOAD,0.5217391304347826,1.0,0.6857142857142856,0.0
target,D4-FULL-F3,missingness,0.25,8207.0,DOWNSTREAM,1.0,0.9583333333333334,0.9787234042553191,0.0
target,D4-FULL-F3,missingness,0.25,8208.0,INPUT,0.0,0.0,0.0,0.0
target,D4-FULL-F3,missingness,0.25,8208.0,OUTPUT,0.4,1.0,0.5714285714285715,0.0
target,D4-FULL-F3,missingness,0.25,8208.0,LOAD,0.5,1.0,0.6666666666666666,0.0
target,D4-FULL-F3,missingness,0.25,8208.0,DOWNSTREAM,1.0,0.9166666666666666,0.9565217391304348,0.04166666666666674
target,D4-FULL-F3,missingness,0.25,8209.0,INPUT,0.0,0.0,0.0,0.0
target,D4-FULL-F3,missingness,0.25,8209.0,OUTPUT,0.391304347826087,1.0,0.5625,0.0
target,D4-FULL-F3,missingness,0.25,8209.0,LOAD,0.5106382978723404,1.0,0.676056338028169,0.0
target,D4-FULL-F3,missingness,0.25,8209.0,DOWNSTREAM,1.0,0.9166666666666666,0.9565217391304348,0.04166666666666674
target,D4-FULL-F3,missingness,0.25,8210.0,INPUT,0.0,0.0,0.0,0.0
target,D4-FULL-F3,missingness,0.25,8210.0,OUTPUT,0.4,1.0,0.5714285714285715,0.0
target,D4-FULL-F3,missingness,0.25,8210.0,LOAD,0.5454545454545454,1.0,0.7058823529411764,0.0
target,D4-FULL-F3,missingness,0.25,8210.0,DOWNSTREAM,1.0,0.9583333333333334,0.9787234042553191,0.0
target,D4-FULL-F3,missingness,0.5,8201.0,INPUT,0.0,0.0,0.0,0.0
target,D4-FULL-F3,missingness,0.5,8201.0,OUTPUT,0.4090909090909091,1.0,0.5806451612903226,0.0
target,D4-FULL-F3,missingness,0.5,8201.0,LOAD,0.4791666666666667,0.9583333333333334,0.638888888888889,0.04166666666666663
target,D4-FULL-F3,missingness,0.5,8201.0,DOWNSTREAM,1.0,0.8333333333333334,0.9090909090909091,0.125
target,D4-FULL-F3,missingness,0.5,8202.0,INPUT,0.0,0.0,0.0,0.0
target,D4-FULL-F3,missingness,0.5,8202.0,OUTPUT,0.35555555555555557,0.8888888888888888,0.5079365079365079,0.11111111111111116
target,D4-FULL-F3,missingness,0.5,8202.0,LOAD,0.5333333333333333,1.0,0.6956521739130436,0.0
target,D4-FULL-F3,missingness,0.5,8202.0,DOWNSTREAM,1.0,0.9583333333333334,0.9787234042553191,0.0
target,D4-FULL-F3,missingness,0.5,8203.0,INPUT,0.0,0.0,0.0,0.0
target,D4-FULL-F3,missingness,0.5,8203.0,OUTPUT,0.36363636363636365,0.8888888888888888,0.5161290322580644,0.11111111111111116
target,D4-FULL-F3,missingness,0.5,8203.0,LOAD,0.5454545454545454,1.0,0.7058823529411764,0.0
target,D4-FULL-F3,missingness,0.5,8203.0,DOWNSTREAM,1.0,0.7916666666666666,0.8837209302325582,0.16666666666666674
target,D4-FULL-F3,missingness,0.5,8204.0,INPUT,0.0,0.0,0.0,0.0
target,D4-FULL-F3,missingness,0.5,8204.0,OUTPUT,0.375,1.0,0.5454545454545454,0.0
target,D4-FULL-F3,missingness,0.5,8204.0,LOAD,0.5,0.9166666666666666,0.6470588235294118,0.08333333333333337
target,D4-FULL-F3,missingness,0.5,8204.0,DOWNSTREAM,1.0,0.8333333333333334,0.9090909090909091,0.125
target,D4-FULL-F3,missingness,0.5,8205.0,INPUT,0.0,0.0,0.0,0.0
target,D4-FULL-F3,missingness,0.5,8205.0,OUTPUT,0.40476190476190477,0.9444444444444444,0.5666666666666667,0.05555555555555558
target,D4-FULL-F3,missingness,0.5,8205.0,LOAD,0.5333333333333333,1.0,0.6956521739130436,0.0
target,D4-FULL-F3,missingness,0.5,8205.0,DOWNSTREAM,1.0,0.9166666666666666,0.9565217391304348,0.04166666666666674
target,D4-FULL-F3,missingness,0.5,8206.0,INPUT,0.0,0.0,0.0,0.0
target,D4-FULL-F3,missingness,0.5,8206.0,OUTPUT,0.36,1.0,0.5294117647058824,0.0
target,D4-FULL-F3,missingness,0.5,8206.0,LOAD,0.5227272727272727,0.9583333333333334,0.6764705882352942,0.04166666666666663
target,D4-FULL-F3,missingness,0.5,8206.0,DOWNSTREAM,1.0,0.8333333333333334,0.9090909090909091,0.125
target,D4-FULL-F3,missingness,0.5,8207.0,INPUT,0.0,0.0,0.0,0.0
target,D4-FULL-F3,missingness,0.5,8207.0,OUTPUT,0.425,0.9444444444444444,0.5862068965517241,0.05555555555555558
target,D4-FULL-F3,missingness,0.5,8207.0,LOAD,0.5,0.9583333333333334,0.6571428571428571,0.04166666666666663
target,D4-FULL-F3,missingness,0.5,8207.0,DOWNSTREAM,1.0,0.9166666666666666,0.9565217391304348,0.04166666666666674
target,D4-FULL-F3,missingness,0.5,8208.0,INPUT,0.0,0.0,0.0,0.0
target,D4-FULL-F3,missingness,0.5,8208.0,OUTPUT,0.3617021276595745,0.9444444444444444,0.5230769230769231,0.05555555555555558
target,D4-FULL-F3,missingness,0.5,8208.0,LOAD,0.5116279069767442,0.9166666666666666,0.6567164179104478,0.08333333333333337
target,D4-FULL-F3,missingness,0.5,8208.0,DOWNSTREAM,1.0,0.9583333333333334,0.9787234042553191,0.0
target,D4-FULL-F3,missingness,0.5,8209.0,INPUT,0.0,0.0,0.0,0.0
target,D4-FULL-F3,missingness,0.5,8209.0,OUTPUT,0.3953488372093023,0.9444444444444444,0.5573770491803278,0.05555555555555558
target,D4-FULL-F3,missingness,0.5,8209.0,LOAD,0.5217391304347826,1.0,0.6857142857142856,0.0
target,D4-FULL-F3,missingness,0.5,8209.0,DOWNSTREAM,1.0,0.9583333333333334,0.9787234042553191,0.0
target,D4-FULL-F3,missingness,0.5,8210.0,INPUT,0.0,0.0,0.0,0.0
target,D4-FULL-F3,missingness,0.5,8210.0,OUTPUT,0.38095238095238093,0.8888888888888888,0.5333333333333333,0.11111111111111116
target,D4-FULL-F3,missingness,0.5,8210.0,LOAD,0.4897959183673469,1.0,0.6575342465753424,0.0
target,D4-FULL-F3,missingness,0.5,8210.0,DOWNSTREAM,1.0,0.9166666666666666,0.9565217391304348,0.04166666666666674
target,D4-FULL-F3,temporal_sampling,0.25,8401.0,INPUT,0.0,0.0,0.0,0.0
target,D4-FULL-F3,temporal_sampling,0.25,8401.0,OUTPUT,0.35294117647058826,1.0,0.5217391304347826,0.0
target,D4-FULL-F3,temporal_sampling,0.25,8401.0,LOAD,0.5238095238095238,0.9166666666666666,0.6666666666666667,0.08333333333333337
target,D4-FULL-F3,temporal_sampling,0.25,8401.0,DOWNSTREAM,1.0,0.8333333333333334,0.9090909090909091,0.125
target,D4-FULL-F3,temporal_sampling,0.25,8402.0,INPUT,0.0,0.0,0.0,0.0
target,D4-FULL-F3,temporal_sampling,0.25,8402.0,OUTPUT,0.3829787234042553,1.0,0.5538461538461539,0.0
target,D4-FULL-F3,temporal_sampling,0.25,8402.0,LOAD,0.5111111111111111,0.9583333333333334,0.6666666666666666,0.04166666666666663
target,D4-FULL-F3,temporal_sampling,0.25,8402.0,DOWNSTREAM,1.0,0.9166666666666666,0.9565217391304348,0.04166666666666674
target,D4-FULL-F3,temporal_sampling,0.25,8403.0,INPUT,0.0,0.0,0.0,0.0
target,D4-FULL-F3,temporal_sampling,0.25,8403.0,OUTPUT,0.375,1.0,0.5454545454545454,0.0
target,D4-FULL-F3,temporal_sampling,0.25,8403.0,LOAD,0.5853658536585366,1.0,0.7384615384615384,0.0
target,D4-FULL-F3,temporal_sampling,0.25,8403.0,DOWNSTREAM,1.0,0.9166666666666666,0.9565217391304348,0.04166666666666674
target,D4-FULL-F3,temporal_sampling,0.25,8404.0,INPUT,0.0,0.0,0.0,0.0
target,D4-FULL-F3,temporal_sampling,0.25,8404.0,OUTPUT,0.4,1.0,0.5714285714285715,0.0
target,D4-FULL-F3,temporal_sampling,0.25,8404.0,LOAD,0.5,1.0,0.6666666666666666,0.0
target,D4-FULL-F3,temporal_sampling,0.25,8404.0,DOWNSTREAM,1.0,0.875,0.9333333333333333,0.08333333333333337
target,D4-FULL-F3,temporal_sampling,0.25,8405.0,INPUT,0.0,0.0,0.0,0.0
target,D4-FULL-F3,temporal_sampling,0.25,8405.0,OUTPUT,0.3829787234042553,1.0,0.5538461538461539,0.0
target,D4-FULL-F3,temporal_sampling,0.25,8405.0,LOAD,0.5217391304347826,1.0,0.6857142857142856,0.0
target,D4-FULL-F3,temporal_sampling,0.25,8405.0,DOWNSTREAM,1.0,0.875,0.9333333333333333,0.08333333333333337
target,D4-FULL-F3,temporal_sampling,0.25,8406.0,INPUT,0.0,0.0,0.0,0.0
target,D4-FULL-F3,temporal_sampling,0.25,8406.0,OUTPUT,0.391304347826087,1.0,0.5625,0.0
target,D4-FULL-F3,temporal_sampling,0.25,8406.0,LOAD,0.5581395348837209,1.0,0.7164179104477612,0.0
target,D4-FULL-F3,temporal_sampling,0.25,8406.0,DOWNSTREAM,1.0,0.9583333333333334,0.9787234042553191,0.0
target,D4-FULL-F3,temporal_sampling,0.25,8407.0,INPUT,0.0,0.0,0.0,0.0
target,D4-FULL-F3,temporal_sampling,0.25,8407.0,OUTPUT,0.3829787234042553,1.0,0.5538461538461539,0.0
target,D4-FULL-F3,temporal_sampling,0.25,8407.0,LOAD,0.5609756097560976,0.9583333333333334,0.7076923076923077,0.04166666666666663
target,D4-FULL-F3,temporal_sampling,0.25,8407.0,DOWNSTREAM,1.0,0.9166666666666666,0.9565217391304348,0.04166666666666674
target,D4-FULL-F3,temporal_sampling,0.25,8408.0,INPUT,0.0,0.0,0.0,0.0
target,D4-FULL-F3,temporal_sampling,0.25,8408.0,OUTPUT,0.3829787234042553,1.0,0.5538461538461539,0.0
target,D4-FULL-F3,temporal_sampling,0.25,8408.0,LOAD,0.5227272727272727,0.9583333333333334,0.6764705882352942,0.04166666666666663
target,D4-FULL-F3,temporal_sampling,0.25,8408.0,DOWNSTREAM,1.0,0.9166666666666666,0.9565217391304348,0.04166666666666674
target,D4-FULL-F3,temporal_sampling,0.25,8409.0,INPUT,0.0,0.0,0.0,0.0
target,D4-FULL-F3,temporal_sampling,0.25,8409.0,OUTPUT,0.375,1.0,0.5454545454545454,0.0
target,D4-FULL-F3,temporal_sampling,0.25,8409.0,LOAD,0.5238095238095238,0.9166666666666666,0.6666666666666667,0.08333333333333337
target,D4-FULL-F3,temporal_sampling,0.25,8409.0,DOWNSTREAM,1.0,0.875,0.9333333333333333,0.08333333333333337
target,D4-FULL-F3,temporal_sampling,0.25,8410.0,INPUT,0.0,0.0,0.0,0.0
target,D4-FULL-F3,temporal_sampling,0.25,8410.0,OUTPUT,0.3829787234042553,1.0,0.5538461538461539,0.0
target,D4-FULL-F3,temporal_sampling,0.25,8410.0,LOAD,0.5333333333333333,1.0,0.6956521739130436,0.0
target,D4-FULL-F3,temporal_sampling,0.25,8410.0,DOWNSTREAM,1.0,0.8333333333333334,0.9090909090909091,0.125
target,D4-FULL-F3,temporal_sampling,0.5,8401.0,INPUT,0.0,0.0,0.0,0.0
target,D4-FULL-F3,temporal_sampling,0.5,8401.0,OUTPUT,0.36,1.0,0.5294117647058824,0.0
target,D4-FULL-F3,temporal_sampling,0.5,8401.0,LOAD,0.5454545454545454,1.0,0.7058823529411764,0.0
target,D4-FULL-F3,temporal_sampling,0.5,8401.0,DOWNSTREAM,1.0,0.7916666666666666,0.8837209302325582,0.16666666666666674
target,D4-FULL-F3,temporal_sampling,0.5,8402.0,INPUT,0.0,0.0,0.0,0.0
target,D4-FULL-F3,temporal_sampling,0.5,8402.0,OUTPUT,0.36,1.0,0.5294117647058824,0.0
target,D4-FULL-F3,temporal_sampling,0.5,8402.0,LOAD,0.5581395348837209,1.0,0.7164179104477612,0.0
target,D4-FULL-F3,temporal_sampling,0.5,8402.0,DOWNSTREAM,1.0,0.8333333333333334,0.9090909090909091,0.125
target,D4-FULL-F3,temporal_sampling,0.5,8403.0,INPUT,0.0,0.0,0.0,0.0
target,D4-FULL-F3,temporal_sampling,0.5,8403.0,OUTPUT,0.4,1.0,0.5714285714285715,0.0
target,D4-FULL-F3,temporal_sampling,0.5,8403.0,LOAD,0.5217391304347826,1.0,0.6857142857142856,0.0
target,D4-FULL-F3,temporal_sampling,0.5,8403.0,DOWNSTREAM,1.0,0.9583333333333334,0.9787234042553191,0.0
target,D4-FULL-F3,temporal_sampling,0.5,8404.0,INPUT,0.0,0.0,0.0,0.0
target,D4-FULL-F3,temporal_sampling,0.5,8404.0,OUTPUT,0.4,1.0,0.5714285714285715,0.0
target,D4-FULL-F3,temporal_sampling,0.5,8404.0,LOAD,0.5333333333333333,1.0,0.6956521739130436,0.0
target,D4-FULL-F3,temporal_sampling,0.5,8404.0,DOWNSTREAM,1.0,0.9583333333333334,0.9787234042553191,0.0
target,D4-FULL-F3,temporal_sampling,0.5,8405.0,INPUT,0.0,0.0,0.0,0.0
target,D4-FULL-F3,temporal_sampling,0.5,8405.0,OUTPUT,0.391304347826087,1.0,0.5625,0.0
target,D4-FULL-F3,temporal_sampling,0.5,8405.0,LOAD,0.5227272727272727,0.9583333333333334,0.6764705882352942,0.04166666666666663
target,D4-FULL-F3,temporal_sampling,0.5,8405.0,DOWNSTREAM,1.0,0.9583333333333334,0.9787234042553191,0.0
target,D4-FULL-F3,temporal_sampling,0.5,8406.0,INPUT,0.0,0.0,0.0,0.0
target,D4-FULL-F3,temporal_sampling,0.5,8406.0,OUTPUT,0.4,1.0,0.5714285714285715,0.0
target,D4-FULL-F3,temporal_sampling,0.5,8406.0,LOAD,0.5217391304347826,1.0,0.6857142857142856,0.0
target,D4-FULL-F3,temporal_sampling,0.5,8406.0,DOWNSTREAM,1.0,0.9583333333333334,0.9787234042553191,0.0
target,D4-FULL-F3,temporal_sampling,0.5,8407.0,INPUT,0.0,0.0,0.0,0.0
target,D4-FULL-F3,temporal_sampling,0.5,8407.0,OUTPUT,0.3829787234042553,1.0,0.5538461538461539,0.0
target,D4-FULL-F3,temporal_sampling,0.5,8407.0,LOAD,0.5333333333333333,1.0,0.6956521739130436,0.0
target,D4-FULL-F3,temporal_sampling,0.5,8407.0,DOWNSTREAM,1.0,0.8333333333333334,0.9090909090909091,0.125
target,D4-FULL-F3,temporal_sampling,0.5,8408.0,INPUT,0.0,0.0,0.0,0.0
target,D4-FULL-F3,temporal_sampling,0.5,8408.0,OUTPUT,0.375,1.0,0.5454545454545454,0.0
target,D4-FULL-F3,temporal_sampling,0.5,8408.0,LOAD,0.5238095238095238,0.9166666666666666,0.6666666666666667,0.08333333333333337
target,D4-FULL-F3,temporal_sampling,0.5,8408.0,DOWNSTREAM,1.0,0.9166666666666666,0.9565217391304348,0.04166666666666674
target,D4-FULL-F3,temporal_sampling,0.5,8409.0,INPUT,0.0,0.0,0.0,0.0
target,D4-FULL-F3,temporal_sampling,0.5,8409.0,OUTPUT,0.3673469387755102,1.0,0.5373134328358209,0.0
target,D4-FULL-F3,temporal_sampling,0.5,8409.0,LOAD,0.5581395348837209,1.0,0.7164179104477612,0.0
target,D4-FULL-F3,temporal_sampling,0.5,8409.0,DOWNSTREAM,1.0,0.875,0.9333333333333333,0.08333333333333337
target,D4-FULL-F3,temporal_sampling,0.5,8410.0,INPUT,0.0,0.0,0.0,0.0
target,D4-FULL-F3,temporal_sampling,0.5,8410.0,OUTPUT,0.391304347826087,1.0,0.5625,0.0
target,D4-FULL-F3,temporal_sampling,0.5,8410.0,LOAD,0.5454545454545454,1.0,0.7058823529411764,0.0
target,D4-FULL-F3,temporal_sampling,0.5,8410.0,DOWNSTREAM,1.0,0.9166666666666666,0.9565217391304348,0.04166666666666674
target,D4-FULL-F3,temporal_sampling,0.75,8401.0,INPUT,0.0,0.0,0.0,0.0
target,D4-FULL-F3,temporal_sampling,0.75,8401.0,OUTPUT,0.4090909090909091,1.0,0.5806451612903226,0.0
target,D4-FULL-F3,temporal_sampling,0.75,8401.0,LOAD,0.5333333333333333,1.0,0.6956521739130436,0.0
target,D4-FULL-F3,temporal_sampling,0.75,8401.0,DOWNSTREAM,1.0,1.0,1.0,-0.04166666666666663
target,D4-FULL-F3,temporal_sampling,0.75,8402.0,INPUT,0.0,0.0,0.0,0.0
target,D4-FULL-F3,temporal_sampling,0.75,8402.0,OUTPUT,0.391304347826087,1.0,0.5625,0.0
target,D4-FULL-F3,temporal_sampling,0.75,8402.0,LOAD,0.5217391304347826,1.0,0.6857142857142856,0.0
target,D4-FULL-F3,temporal_sampling,0.75,8402.0,DOWNSTREAM,1.0,0.875,0.9333333333333333,0.08333333333333337
target,D4-FULL-F3,temporal_sampling,0.75,8403.0,INPUT,0.0,0.0,0.0,0.0
target,D4-FULL-F3,temporal_sampling,0.75,8403.0,OUTPUT,0.4,1.0,0.5714285714285715,0.0
target,D4-FULL-F3,temporal_sampling,0.75,8403.0,LOAD,0.5217391304347826,1.0,0.6857142857142856,0.0
target,D4-FULL-F3,temporal_sampling,0.75,8403.0,DOWNSTREAM,1.0,0.9583333333333334,0.9787234042553191,0.0
target,D4-FULL-F3,temporal_sampling,0.75,8404.0,INPUT,0.0,0.0,0.0,0.0
target,D4-FULL-F3,temporal_sampling,0.75,8404.0,OUTPUT,0.391304347826087,1.0,0.5625,0.0
target,D4-FULL-F3,temporal_sampling,0.75,8404.0,LOAD,0.5217391304347826,1.0,0.6857142857142856,0.0
target,D4-FULL-F3,temporal_sampling,0.75,8404.0,DOWNSTREAM,1.0,0.9166666666666666,0.9565217391304348,0.04166666666666674
target,D4-FULL-F3,temporal_sampling,0.75,8405.0,INPUT,0.0,0.0,0.0,0.0
target,D4-FULL-F3,temporal_sampling,0.75,8405.0,OUTPUT,0.4186046511627907,1.0,0.5901639344262295,0.0
target,D4-FULL-F3,temporal_sampling,0.75,8405.0,LOAD,0.5217391304347826,1.0,0.6857142857142856,0.0
target,D4-FULL-F3,temporal_sampling,0.75,8405.0,DOWNSTREAM,1.0,1.0,1.0,-0.04166666666666663
target,D4-FULL-F3,temporal_sampling,0.75,8406.0,INPUT,0.0,0.0,0.0,0.0
target,D4-FULL-F3,temporal_sampling,0.75,8406.0,OUTPUT,0.3829787234042553,1.0,0.5538461538461539,0.0
target,D4-FULL-F3,temporal_sampling,0.75,8406.0,LOAD,0.5454545454545454,1.0,0.7058823529411764,0.0
target,D4-FULL-F3,temporal_sampling,0.75,8406.0,DOWNSTREAM,1.0,0.9166666666666666,0.9565217391304348,0.04166666666666674
target,D4-FULL-F3,temporal_sampling,0.75,8407.0,INPUT,0.0,0.0,0.0,0.0
target,D4-FULL-F3,temporal_sampling,0.75,8407.0,OUTPUT,0.4,1.0,0.5714285714285715,0.0
target,D4-FULL-F3,temporal_sampling,0.75,8407.0,LOAD,0.5106382978723404,1.0,0.676056338028169,0.0
target,D4-FULL-F3,temporal_sampling,0.75,8407.0,DOWNSTREAM,1.0,0.9166666666666666,0.9565217391304348,0.04166666666666674
target,D4-FULL-F3,temporal_sampling,0.75,8408.0,INPUT,0.0,0.0,0.0,0.0
target,D4-FULL-F3,temporal_sampling,0.75,8408.0,OUTPUT,0.391304347826087,1.0,0.5625,0.0
target,D4-FULL-F3,temporal_sampling,0.75,8408.0,LOAD,0.5454545454545454,1.0,0.7058823529411764,0.0
target,D4-FULL-F3,temporal_sampling,0.75,8408.0,DOWNSTREAM,1.0,0.9583333333333334,0.9787234042553191,0.0
target,D4-FULL-F3,temporal_sampling,0.75,8409.0,INPUT,0.0,0.0,0.0,0.0
target,D4-FULL-F3,temporal_sampling,0.75,8409.0,OUTPUT,0.4186046511627907,1.0,0.5901639344262295,0.0
target,D4-FULL-F3,temporal_sampling,0.75,8409.0,LOAD,0.5106382978723404,1.0,0.676056338028169,0.0
target,D4-FULL-F3,temporal_sampling,0.75,8409.0,DOWNSTREAM,1.0,1.0,1.0,-0.04166666666666663
target,D4-FULL-F3,temporal_sampling,0.75,8410.0,INPUT,0.0,0.0,0.0,0.0
target,D4-FULL-F3,temporal_sampling,0.75,8410.0,OUTPUT,0.4,1.0,0.5714285714285715,0.0
target,D4-FULL-F3,temporal_sampling,0.75,8410.0,LOAD,0.5217391304347826,1.0,0.6857142857142856,0.0
target,D4-FULL-F3,temporal_sampling,0.75,8410.0,DOWNSTREAM,1.0,0.9583333333333334,0.9787234042553191,0.0
target,D4-FULL-F3,noise,0.1,8601.0,INPUT,0.0,0.0,0.0,0.0
target,D4-FULL-F3,noise,0.1,8601.0,OUTPUT,0.45,1.0,0.6206896551724138,0.0
target,D4-FULL-F3,noise,0.1,8601.0,LOAD,0.4897959183673469,1.0,0.6575342465753424,0.0
target,D4-FULL-F3,noise,0.1,8601.0,DOWNSTREAM,0.8888888888888888,1.0,0.9411764705882353,-0.04166666666666663
target,D4-FULL-F3,noise,0.1,8602.0,INPUT,0.0,0.0,0.0,0.0
target,D4-FULL-F3,noise,0.1,8602.0,OUTPUT,0.43902439024390244,1.0,0.6101694915254238,0.0
target,D4-FULL-F3,noise,0.1,8602.0,LOAD,0.4897959183673469,1.0,0.6575342465753424,0.0
target,D4-FULL-F3,noise,0.1,8602.0,DOWNSTREAM,0.9130434782608695,0.875,0.8936170212765957,0.08333333333333337
target,D4-FULL-F3,noise,0.1,8603.0,INPUT,0.0,0.0,0.0,0.0
target,D4-FULL-F3,noise,0.1,8603.0,OUTPUT,0.4186046511627907,1.0,0.5901639344262295,0.0
target,D4-FULL-F3,noise,0.1,8603.0,LOAD,0.5,1.0,0.6666666666666666,0.0
target,D4-FULL-F3,noise,0.1,8603.0,DOWNSTREAM,0.9583333333333334,0.9583333333333334,0.9583333333333334,0.0
target,D4-FULL-F3,noise,0.1,8604.0,INPUT,0.0,0.0,0.0,0.0
target,D4-FULL-F3,noise,0.1,8604.0,OUTPUT,0.43902439024390244,1.0,0.6101694915254238,0.0
target,D4-FULL-F3,noise,0.1,8604.0,LOAD,0.4897959183673469,1.0,0.6575342465753424,0.0
target,D4-FULL-F3,noise,0.1,8604.0,DOWNSTREAM,0.9565217391304348,0.9166666666666666,0.9361702127659574,0.04166666666666674
target,D4-FULL-F3,noise,0.1,8605.0,INPUT,0.0,0.0,0.0,0.0
target,D4-FULL-F3,noise,0.1,8605.0,OUTPUT,0.45,1.0,0.6206896551724138,0.0
target,D4-FULL-F3,noise,0.1,8605.0,LOAD,0.4897959183673469,1.0,0.6575342465753424,0.0
target,D4-FULL-F3,noise,0.1,8605.0,DOWNSTREAM,1.0,0.9166666666666666,0.9565217391304348,0.04166666666666674
target,D4-FULL-F3,noise,0.1,8606.0,INPUT,0.0,0.0,0.0,0.0
target,D4-FULL-F3,noise,0.1,8606.0,OUTPUT,0.42857142857142855,1.0,0.6,0.0
target,D4-FULL-F3,noise,0.1,8606.0,LOAD,0.4897959183673469,1.0,0.6575342465753424,0.0
target,D4-FULL-F3,noise,0.1,8606.0,DOWNSTREAM,0.9545454545454546,0.875,0.9130434782608695,0.08333333333333337
target,D4-FULL-F3,noise,0.1,8607.0,INPUT,0.0,0.0,0.0,0.0
target,D4-FULL-F3,noise,0.1,8607.0,OUTPUT,0.4864864864864865,1.0,0.6545454545454547,0.0
target,D4-FULL-F3,noise,0.1,8607.0,LOAD,0.5,1.0,0.6666666666666666,0.0
target,D4-FULL-F3,noise,0.1,8607.0,DOWNSTREAM,0.9583333333333334,0.9583333333333334,0.9583333333333334,0.0
target,D4-FULL-F3,noise,0.1,8608.0,INPUT,0.0,0.0,0.0,0.0
target,D4-FULL-F3,noise,0.1,8608.0,OUTPUT,0.43902439024390244,1.0,0.6101694915254238,0.0
target,D4-FULL-F3,noise,0.1,8608.0,LOAD,0.48,1.0,0.6486486486486487,0.0
target,D4-FULL-F3,noise,0.1,8608.0,DOWNSTREAM,0.9166666666666666,0.9166666666666666,0.9166666666666666,0.04166666666666674
target,D4-FULL-F3,noise,0.1,8609.0,INPUT,0.0,0.0,0.0,0.0
target,D4-FULL-F3,noise,0.1,8609.0,OUTPUT,0.45,1.0,0.6206896551724138,0.0
target,D4-FULL-F3,noise,0.1,8609.0,LOAD,0.5,1.0,0.6666666666666666,0.0
target,D4-FULL-F3,noise,0.1,8609.0,DOWNSTREAM,0.8846153846153846,0.9583333333333334,0.9199999999999999,0.0
target,D4-FULL-F3,noise,0.1,8610.0,INPUT,0.0,0.0,0.0,0.0
target,D4-FULL-F3,noise,0.1,8610.0,OUTPUT,0.4,1.0,0.5714285714285715,0.0
target,D4-FULL-F3,noise,0.1,8610.0,LOAD,0.5106382978723404,1.0,0.676056338028169,0.0
target,D4-FULL-F3,noise,0.1,8610.0,DOWNSTREAM,0.9565217391304348,0.9166666666666666,0.9361702127659574,0.04166666666666674
target,D4-FULL-F3,noise,0.25,8601.0,INPUT,0.0,0.0,0.0,0.0
target,D4-FULL-F3,noise,0.25,8601.0,OUTPUT,0.46153846153846156,1.0,0.631578947368421,0.0
target,D4-FULL-F3,noise,0.25,8601.0,LOAD,0.46153846153846156,1.0,0.631578947368421,0.0
target,D4-FULL-F3,noise,0.25,8601.0,DOWNSTREAM,0.8148148148148148,0.9166666666666666,0.8627450980392156,0.04166666666666674
target,D4-FULL-F3,noise,0.25,8602.0,INPUT,0.0,0.0,0.0,0.0
target,D4-FULL-F3,noise,0.25,8602.0,OUTPUT,0.5142857142857142,1.0,0.6792452830188679,0.0
target,D4-FULL-F3,noise,0.25,8602.0,LOAD,0.4444444444444444,1.0,0.6153846153846153,0.0
target,D4-FULL-F3,noise,0.25,8602.0,DOWNSTREAM,0.6666666666666666,0.75,0.7058823529411765,0.20833333333333337
target,D4-FULL-F3,noise,0.25,8603.0,INPUT,0.0,0.0,0.0,0.0
target,D4-FULL-F3,noise,0.25,8603.0,OUTPUT,0.5,0.9444444444444444,0.6538461538461539,0.05555555555555558
target,D4-FULL-F3,noise,0.25,8603.0,LOAD,0.46153846153846156,1.0,0.631578947368421,0.0
target,D4-FULL-F3,noise,0.25,8603.0,DOWNSTREAM,0.7916666666666666,0.7916666666666666,0.7916666666666666,0.16666666666666674
target,D4-FULL-F3,noise,0.25,8604.0,INPUT,0.0,0.0,0.0,0.0
target,D4-FULL-F3,noise,0.25,8604.0,OUTPUT,0.5294117647058824,1.0,0.6923076923076924,0.0
target,D4-FULL-F3,noise,0.25,8604.0,LOAD,0.48,1.0,0.6486486486486487,0.0
target,D4-FULL-F3,noise,0.25,8604.0,DOWNSTREAM,0.7,0.875,0.7777777777777777,0.08333333333333337
target,D4-FULL-F3,noise,0.25,8605.0,INPUT,0.0,0.0,0.0,0.0
target,D4-FULL-F3,noise,0.25,8605.0,OUTPUT,0.5,1.0,0.6666666666666666,0.0
target,D4-FULL-F3,noise,0.25,8605.0,LOAD,0.47058823529411764,1.0,0.6399999999999999,0.0
target,D4-FULL-F3,noise,0.25,8605.0,DOWNSTREAM,0.8333333333333334,0.8333333333333334,0.8333333333333334,0.125
target,D4-FULL-F3,noise,0.25,8606.0,INPUT,0.0,0.0,0.0,0.0
target,D4-FULL-F3,noise,0.25,8606.0,OUTPUT,0.4594594594594595,0.9444444444444444,0.6181818181818182,0.05555555555555558
target,D4-FULL-F3,noise,0.25,8606.0,LOAD,0.43636363636363634,1.0,0.6075949367088608,0.0
target,D4-FULL-F3,noise,0.25,8606.0,DOWNSTREAM,0.782608695652174,0.75,0.7659574468085107,0.20833333333333337
target,D4-FULL-F3,noise,0.25,8607.0,INPUT,0.0,0.0,0.0,0.0
target,D4-FULL-F3,noise,0.25,8607.0,OUTPUT,0.5454545454545454,1.0,0.7058823529411764,0.0
target,D4-FULL-F3,noise,0.25,8607.0,LOAD,0.47058823529411764,1.0,0.6399999999999999,0.0
target,D4-FULL-F3,noise,0.25,8607.0,DOWNSTREAM,0.8333333333333334,0.8333333333333334,0.8333333333333334,0.125
target,D4-FULL-F3,noise,0.25,8608.0,INPUT,0.0,0.0,0.0,0.0
target,D4-FULL-F3,noise,0.25,8608.0,OUTPUT,0.45714285714285713,0.8888888888888888,0.6037735849056604,0.11111111111111116
target,D4-FULL-F3,noise,0.25,8608.0,LOAD,0.4444444444444444,1.0,0.6153846153846153,0.0
target,D4-FULL-F3,noise,0.25,8608.0,DOWNSTREAM,0.7692307692307693,0.8333333333333334,0.8,0.125
target,D4-FULL-F3,noise,0.25,8609.0,INPUT,0.0,0.0,0.0,0.0
target,D4-FULL-F3,noise,0.25,8609.0,OUTPUT,0.43902439024390244,1.0,0.6101694915254238,0.0
target,D4-FULL-F3,noise,0.25,8609.0,LOAD,0.4528301886792453,1.0,0.6233766233766235,0.0
target,D4-FULL-F3,noise,0.25,8609.0,DOWNSTREAM,0.8333333333333334,0.8333333333333334,0.8333333333333334,0.125
target,D4-FULL-F3,noise,0.25,8610.0,INPUT,0.0,0.0,0.0,0.0
target,D4-FULL-F3,noise,0.25,8610.0,OUTPUT,0.46153846153846156,1.0,0.631578947368421,0.0
target,D4-FULL-F3,noise,0.25,8610.0,LOAD,0.48,1.0,0.6486486486486487,0.0
target,D4-FULL-F3,noise,0.25,8610.0,DOWNSTREAM,0.7692307692307693,0.8333333333333334,0.8,0.125
target,D4-FULL-F3,noise,0.5,8601.0,INPUT,0.0,0.0,0.0,0.0
target,D4-FULL-F3,noise,0.5,8601.0,OUTPUT,0.5,0.9444444444444444,0.6538461538461539,0.05555555555555558
target,D4-FULL-F3,noise,0.5,8601.0,LOAD,0.46153846153846156,1.0,0.631578947368421,0.0
target,D4-FULL-F3,noise,0.5,8601.0,DOWNSTREAM,0.7142857142857143,0.8333333333333334,0.7692307692307692,0.125
target,D4-FULL-F3,noise,0.5,8602.0,INPUT,0.0,0.0,0.0,0.0
target,D4-FULL-F3,noise,0.5,8602.0,OUTPUT,0.5806451612903226,1.0,0.7346938775510204,0.0
target,D4-FULL-F3,noise,0.5,8602.0,LOAD,0.4528301886792453,1.0,0.6233766233766235,0.0
target,D4-FULL-F3,noise,0.5,8602.0,DOWNSTREAM,0.5625,0.75,0.6428571428571429,0.20833333333333337
target,D4-FULL-F3,noise,0.5,8603.0,INPUT,0.0,0.0,0.0,0.0
target,D4-FULL-F3,noise,0.5,8603.0,OUTPUT,0.5333333333333333,0.8888888888888888,0.6666666666666667,0.11111111111111116
target,D4-FULL-F3,noise,0.5,8603.0,LOAD,0.43636363636363634,1.0,0.6075949367088608,0.0
target,D4-FULL-F3,noise,0.5,8603.0,DOWNSTREAM,0.6296296296296297,0.7083333333333334,0.6666666666666667,0.25
target,D4-FULL-F3,noise,0.5,8604.0,INPUT,0.0,0.0,0.0,0.0
target,D4-FULL-F3,noise,0.5,8604.0,OUTPUT,0.4838709677419355,0.8333333333333334,0.6122448979591837,0.16666666666666663
target,D4-FULL-F3,noise,0.5,8604.0,LOAD,0.4444444444444444,1.0,0.6153846153846153,0.0
target,D4-FULL-F3,noise,0.5,8604.0,DOWNSTREAM,0.6060606060606061,0.8333333333333334,0.7017543859649124,0.125
target,D4-FULL-F3,noise,0.5,8605.0,INPUT,0.0,0.0,0.0,0.0
target,D4-FULL-F3,noise,0.5,8605.0,OUTPUT,0.45,1.0,0.6206896551724138,0.0
target,D4-FULL-F3,noise,0.5,8605.0,LOAD,0.4444444444444444,1.0,0.6153846153846153,0.0
target,D4-FULL-F3,noise,0.5,8605.0,DOWNSTREAM,0.7619047619047619,0.6666666666666666,0.7111111111111111,0.29166666666666674
target,D4-FULL-F3,noise,0.5,8606.0,INPUT,0.0,0.0,0.0,0.0
target,D4-FULL-F3,noise,0.5,8606.0,OUTPUT,0.5,0.8333333333333334,0.625,0.16666666666666663
target,D4-FULL-F3,noise,0.5,8606.0,LOAD,0.39344262295081966,1.0,0.5647058823529412,0.0
target,D4-FULL-F3,noise,0.5,8606.0,DOWNSTREAM,0.6296296296296297,0.7083333333333334,0.6666666666666667,0.25
target,D4-FULL-F3,noise,0.5,8607.0,INPUT,0.0,0.0,0.0,0.0
target,D4-FULL-F3,noise,0.5,8607.0,OUTPUT,0.5483870967741935,0.9444444444444444,0.6938775510204082,0.05555555555555558
target,D4-FULL-F3,noise,0.5,8607.0,LOAD,0.4444444444444444,1.0,0.6153846153846153,0.0
target,D4-FULL-F3,noise,0.5,8607.0,DOWNSTREAM,0.7407407407407407,0.8333333333333334,0.7843137254901961,0.125
target,D4-FULL-F3,noise,0.5,8608.0,INPUT,0.0,0.0,0.0,0.0
target,D4-FULL-F3,noise,0.5,8608.0,OUTPUT,0.45454545454545453,0.8333333333333334,0.5882352941176471,0.16666666666666663
target,D4-FULL-F3,noise,0.5,8608.0,LOAD,0.42857142857142855,1.0,0.6,0.0
target,D4-FULL-F3,noise,0.5,8608.0,DOWNSTREAM,0.5625,0.75,0.6428571428571429,0.20833333333333337
target,D4-FULL-F3,noise,0.5,8609.0,INPUT,0.0,0.0,0.0,0.0
target,D4-FULL-F3,noise,0.5,8609.0,OUTPUT,0.46153846153846156,1.0,0.631578947368421,0.0
target,D4-FULL-F3,noise,0.5,8609.0,LOAD,0.4528301886792453,1.0,0.6233766233766235,0.0
target,D4-FULL-F3,noise,0.5,8609.0,DOWNSTREAM,0.7692307692307693,0.8333333333333334,0.8,0.125
target,D4-FULL-F3,noise,0.5,8610.0,INPUT,0.0,0.0,0.0,0.0
target,D4-FULL-F3,noise,0.5,8610.0,OUTPUT,0.4722222222222222,0.9444444444444444,0.6296296296296297,0.05555555555555558
target,D4-FULL-F3,noise,0.5,8610.0,LOAD,0.47058823529411764,1.0,0.6399999999999999,0.0
target,D4-FULL-F3,noise,0.5,8610.0,DOWNSTREAM,0.6785714285714286,0.7916666666666666,0.7307692307692307,0.16666666666666674
target,D4-FULL-F3,delay,1,nan,INPUT,0.0,0.0,0.0,0.0
target,D4-FULL-F3,delay,1,nan,OUTPUT,0.3673469387755102,1.0,0.5373134328358209,0.0
target,D4-FULL-F3,delay,1,nan,LOAD,0.5217391304347826,1.0,0.6857142857142856,0.0
target,D4-FULL-F3,delay,1,nan,DOWNSTREAM,1.0,0.7916666666666666,0.8837209302325582,0.16666666666666674
target,D4-FULL-F3,delay,3,nan,INPUT,0.0,0.0,0.0,0.0
target,D4-FULL-F3,delay,3,nan,OUTPUT,0.36,1.0,0.5294117647058824,0.0
target,D4-FULL-F3,delay,3,nan,LOAD,0.5454545454545454,1.0,0.7058823529411764,0.0
target,D4-FULL-F3,delay,3,nan,DOWNSTREAM,1.0,0.7916666666666666,0.8837209302325582,0.16666666666666674
target,D4-FULL-F3,delay,5,nan,INPUT,0.0,0.0,0.0,0.0
target,D4-FULL-F3,delay,5,nan,OUTPUT,0.36,1.0,0.5294117647058824,0.0
target,D4-FULL-F3,delay,5,nan,LOAD,0.5454545454545454,1.0,0.7058823529411764,0.0
target,D4-FULL-F3,delay,5,nan,DOWNSTREAM,1.0,0.7916666666666666,0.8837209302325582,0.16666666666666674
target,D4-FULL-F3,channel_loss,C1_HOST_CPU,nan,INPUT,0.0,0.0,0.0,0.0
target,D4-FULL-F3,channel_loss,C1_HOST_CPU,nan,OUTPUT,0.3829787234042553,1.0,0.5538461538461539,0.0
target,D4-FULL-F3,channel_loss,C1_HOST_CPU,nan,LOAD,0.5106382978723404,1.0,0.676056338028169,0.0
target,D4-FULL-F3,channel_loss,C1_HOST_CPU,nan,DOWNSTREAM,1.0,0.8333333333333334,0.9090909090909091,0.125
target,D4-FULL-F3,channel_loss,C2_DEPENDENCY,nan,INPUT,0.0,0.0,0.0,0.0
target,D4-FULL-F3,channel_loss,C2_DEPENDENCY,nan,OUTPUT,0.3,1.0,0.4615384615384615,0.0
target,D4-FULL-F3,channel_loss,C2_DEPENDENCY,nan,LOAD,0.5,1.0,0.6666666666666666,0.0
target,D4-FULL-F3,channel_loss,C2_DEPENDENCY,nan,DOWNSTREAM,0.0,0.0,0.0,0.9583333333333334
target,D4-FULL-F3,channel_loss,C3_TRACE_SPAN,nan,INPUT,0.0,0.0,0.0,0.0
target,D4-FULL-F3,channel_loss,C3_TRACE_SPAN,nan,OUTPUT,0.36,1.0,0.5294117647058824,0.0
target,D4-FULL-F3,channel_loss,C3_TRACE_SPAN,nan,LOAD,0.5454545454545454,1.0,0.7058823529411764,0.0
target,D4-FULL-F3,channel_loss,C3_TRACE_SPAN,nan,DOWNSTREAM,1.0,1.0,1.0,-0.04166666666666663
target,D4-FULL-F3,channel_loss,C4_TEMPORAL_EVOLUTION,nan,INPUT,0.0,0.0,0.0,0.0
target,D4-FULL-F3,channel_loss,C4_TEMPORAL_EVOLUTION,nan,OUTPUT,0.3333333333333333,1.0,0.5,0.0
target,D4-FULL-F3,channel_loss,C4_TEMPORAL_EVOLUTION,nan,LOAD,0.6,0.75,0.6666666666666665,0.25
target,D4-FULL-F3,channel_loss,C4_TEMPORAL_EVOLUTION,nan,DOWNSTREAM,1.0,0.75,0.8571428571428571,0.20833333333333337
target,D4-FULL-F3,channel_loss,C5_THROUGHPUT_SCHEDULER,nan,INPUT,0.0,0.0,0.0,0.0
target,D4-FULL-F3,channel_loss,C5_THROUGHPUT_SCHEDULER,nan,OUTPUT,0.4090909090909091,1.0,0.5806451612903226,0.0
target,D4-FULL-F3,channel_loss,C5_THROUGHPUT_SCHEDULER,nan,LOAD,0.47058823529411764,1.0,0.6399999999999999,0.0
target,D4-FULL-F3,channel_loss,C5_THROUGHPUT_SCHEDULER,nan,DOWNSTREAM,1.0,0.9166666666666666,0.9565217391304348,0.04166666666666674
target,D4-FULL-F3,channel_loss,C6_LATENCY_P95,nan,INPUT,0.0,0.0,0.0,0.0
target,D4-FULL-F3,channel_loss,C6_LATENCY_P95,nan,OUTPUT,0.4186046511627907,1.0,0.5901639344262295,0.0
target,D4-FULL-F3,channel_loss,C6_LATENCY_P95,nan,LOAD,0.5,1.0,0.6666666666666666,0.0
target,D4-FULL-F3,channel_loss,C6_LATENCY_P95,nan,DOWNSTREAM,1.0,0.9583333333333334,0.9787234042553191,0.0
target,D4-FULL-F3,channel_loss,C7_MEDIAN_LATENCY,nan,INPUT,0.0,0.0,0.0,0.0
target,D4-FULL-F3,channel_loss,C7_MEDIAN_LATENCY,nan,OUTPUT,0.4,1.0,0.5714285714285715,0.0
target,D4-FULL-F3,channel_loss,C7_MEDIAN_LATENCY,nan,LOAD,0.5333333333333333,1.0,0.6956521739130436,0.0
target,D4-FULL-F3,channel_loss,C7_MEDIAN_LATENCY,nan,DOWNSTREAM,1.0,1.0,1.0,-0.04166666666666663
target,D4-FULL-F3,channel_loss,C8_MECHANISM_ANCHOR,nan,INPUT,0.0,0.0,0.0,0.0
target,D4-FULL-F3,channel_loss,C8_MECHANISM_ANCHOR,nan,OUTPUT,0.3333333333333333,1.0,0.5,0.0
target,D4-FULL-F3,channel_loss,C8_MECHANISM_ANCHOR,nan,LOAD,0.4,1.0,0.5714285714285715,0.0
target,D4-FULL-F3,channel_loss,C8_MECHANISM_ANCHOR,nan,DOWNSTREAM,0.0,0.0,0.0,0.9583333333333334
target,D4-FULL-F3,channel_loss,C9_PROMPT_OUTPUT_DIRECT,nan,INPUT,0.0,0.0,0.0,0.0
target,D4-FULL-F3,channel_loss,C9_PROMPT_OUTPUT_DIRECT,nan,OUTPUT,0.35294117647058826,1.0,0.5217391304347826,0.0
target,D4-FULL-F3,channel_loss,C9_PROMPT_OUTPUT_DIRECT,nan,LOAD,0.5454545454545454,1.0,0.7058823529411764,0.0
target,D4-FULL-F3,channel_loss,C9_PROMPT_OUTPUT_DIRECT,nan,DOWNSTREAM,1.0,0.7916666666666666,0.8837209302325582,0.16666666666666674
